/* File generated automatically by the QuickJS-ng compiler. */

#include <inttypes.h>

const uint32_t qjsc_fs_size = 55374;

const uint8_t qjsc_fs[55374] = {
 0x17, 0xa1, 0x03, 0x01, 0x40, 0x2f, 0x77, 0x6f,
 0x72, 0x6b, 0x73, 0x70, 0x61, 0x63, 0x65, 0x2f,
 0x71, 0x6a, 0x73, 0x2d, 0x6d, 0x6f, 0x64, 0x75,
 0x6c, 0x65, 0x73, 0x2f, 0x6c, 0x69, 0x62, 0x2f,
 0x66, 0x73, 0x2e, 0x6a, 0x73, 0x01, 0x0c, 0x65,
 0x76, 0x65, 0x6e, 0x74, 0x73, 0x01, 0x04, 0x6f,
 0x73, 0x01, 0x08, 0x70, 0x61, 0x74, 0x68, 0x01,
 0x08, 0x6d, 0x69, 0x73, 0x63, 0x01, 0x08, 0x6d,
 0x6d, 0x61, 0x70, 0x01, 0x06, 0x73, 0x74, 0x64,
 0x01, 0x18, 0x73, 0x79, 0x73, 0x63, 0x61, 0x6c,
 0x6c, 0x65, 0x72, 0x72, 0x6f, 0x72, 0x01, 0x10,
 0x74, 0x65, 0x78, 0x74, 0x63, 0x6f, 0x64, 0x65,
 0x01, 0x0a, 0x73, 0x74, 0x64, 0x69, 0x6e, 0x01,
 0x0c, 0x73, 0x74, 0x64, 0x6f, 0x75, 0x74, 0x01,
 0x0c, 0x73, 0x74, 0x64, 0x65, 0x72, 0x72, 0x01,
 0x12, 0x63, 0x6f, 0x6e, 0x73, 0x74, 0x61, 0x6e,
 0x74, 0x73, 0x01, 0x0a, 0x53, 0x74, 0x61, 0x74,
 0x73, 0x01, 0x14, 0x46, 0x69, 0x6c, 0x65, 0x48,
 0x61, 0x6e, 0x64, 0x6c, 0x65, 0x01, 0x14, 0x46,
 0x44, 0x5f, 0x43, 0x4c, 0x4f, 0x45, 0x58, 0x45,
 0x43, 0x01, 0x0e, 0x46, 0x5f, 0x44, 0x55, 0x50,
 0x46, 0x44, 0x01, 0x1e, 0x46, 0x5f, 0x44, 0x55,
 0x50, 0x46, 0x44, 0x5f, 0x43, 0x4c, 0x4f, 0x45,
 0x58, 0x45, 0x43, 0x01, 0x0e, 0x46, 0x5f, 0x47,
 0x45, 0x54, 0x46, 0x44, 0x01, 0x0e, 0x46, 0x5f,
 0x47, 0x45, 0x54, 0x46, 0x4c, 0x01, 0x0e, 0x46,
 0x5f, 0x47, 0x45, 0x54, 0x4c, 0x4b, 0x01, 0x0e,
 0x46, 0x5f, 0x52, 0x44, 0x4c, 0x43, 0x4b, 0x01,
 0x0e, 0x46, 0x5f, 0x53, 0x45, 0x54, 0x46, 0x44,
 0x01, 0x0e, 0x46, 0x5f, 0x53, 0x45, 0x54, 0x46,
 0x4c, 0x01, 0x0e, 0x46, 0x5f, 0x53, 0x45, 0x54,
 0x4c, 0x4b, 0x01, 0x10, 0x46, 0x5f, 0x53, 0x45,
 0x54, 0x4c, 0x4b, 0x57, 0x01, 0x0e, 0x46, 0x5f,
 0x55, 0x4e, 0x4c, 0x43, 0x4b, 0x01, 0x0e, 0x46,
 0x5f, 0x57, 0x52, 0x4c, 0x43, 0x4b, 0x01, 0x0e,
 0x4f, 0x5f, 0x41, 0x53, 0x59, 0x4e, 0x43, 0x01,
 0x12, 0x4f, 0x5f, 0x43, 0x4c, 0x4f, 0x45, 0x58,
 0x45, 0x43, 0x01, 0x0e, 0x4f, 0x5f, 0x44, 0x53,
 0x59, 0x4e, 0x43, 0x01, 0x10, 0x4f, 0x5f, 0x4e,
 0x4f, 0x43, 0x54, 0x54, 0x59, 0x01, 0x14, 0x4f,
 0x5f, 0x4e, 0x4f, 0x4e, 0x42, 0x4c, 0x4f, 0x43,
 0x4b, 0x01, 0x0c, 0x4f, 0x5f, 0x53, 0x59, 0x4e,
 0x43, 0x01, 0x0c, 0x62, 0x75, 0x66, 0x66, 0x65,
 0x72, 0x01, 0x14, 0x62, 0x75, 0x66, 0x66, 0x65,
 0x72, 0x46, 0x72, 0x6f, 0x6d, 0x01, 0x14, 0x62,
 0x75, 0x66, 0x66, 0x65, 0x72, 0x53, 0x69, 0x7a,
 0x65, 0x01, 0x1c, 0x62, 0x75, 0x66, 0x66, 0x65,
 0x72, 0x41, 0x72, 0x67, 0x75, 0x6d, 0x65, 0x6e,
 0x74, 0x01, 0x1e, 0x62, 0x75, 0x66, 0x66, 0x65,
 0x72, 0x41, 0x72, 0x67, 0x75, 0x6d, 0x65, 0x6e,
 0x74, 0x73, 0x01, 0x2e, 0x73, 0x74, 0x72, 0x69,
 0x6e, 0x67, 0x4f, 0x72, 0x42, 0x75, 0x66, 0x66,
 0x65, 0x72, 0x41, 0x72, 0x67, 0x75, 0x6d, 0x65,
 0x6e, 0x74, 0x73, 0x01, 0x16, 0x74, 0x68, 0x72,
 0x6f, 0x77, 0x49, 0x66, 0x4e, 0x75, 0x6c, 0x6c,
 0x01, 0x1c, 0x62, 0x75, 0x66, 0x66, 0x65, 0x72,
 0x54, 0x6f, 0x53, 0x74, 0x72, 0x69, 0x6e, 0x67,
 0x01, 0x14, 0x61, 0x63, 0x63, 0x65, 0x73, 0x73,
 0x53, 0x79, 0x6e, 0x63, 0x01, 0x12, 0x66, 0x6f,
 0x70, 0x65, 0x6e, 0x53, 0x79, 0x6e, 0x63, 0x01,
 0x14, 0x66, 0x64, 0x6f, 0x70, 0x65, 0x6e, 0x53,
 0x79, 0x6e, 0x63, 0x01, 0x10, 0x6f, 0x70, 0x65,
 0x6e, 0x53, 0x79, 0x6e, 0x63, 0x01, 0x08, 0x70,
 0x75, 0x74, 0x73, 0x01, 0x08, 0x67, 0x65, 0x74,
 0x73, 0x01, 0x08, 0x73, 0x65, 0x65, 0x6b, 0x01,
 0x08, 0x74, 0x65, 0x6c, 0x6c, 0x01, 0x10, 0x73,
 0x69, 0x7a, 0x65, 0x53, 0x79, 0x6e, 0x63, 0x01,
 0x10, 0x6e, 0x61, 0x6d, 0x65, 0x53, 0x79, 0x6e,
 0x63, 0x01, 0x0c, 0x67, 0x65, 0x74, 0x63, 0x77,
 0x64, 0x01, 0x0a, 0x63, 0x68, 0x64, 0x69, 0x72,
 0x01, 0x0c, 0x69, 0x73, 0x61, 0x74, 0x74, 0x79,
 0x01, 0x0c, 0x66, 0x69, 0x6c, 0x65, 0x6e, 0x6f,
 0x01, 0x18, 0x72, 0x65, 0x61, 0x64, 0x46, 0x69,
 0x6c, 0x65, 0x53, 0x79, 0x6e, 0x63, 0x01, 0x1a,
 0x77, 0x72, 0x69, 0x74, 0x65, 0x46, 0x69, 0x6c,
 0x65, 0x53, 0x79, 0x6e, 0x63, 0x01, 0x12, 0x63,
 0x6c, 0x6f, 0x73, 0x65, 0x53, 0x79, 0x6e, 0x63,
 0x01, 0x08, 0x6c, 0x69, 0x6e, 0x6b, 0x01, 0x10,
 0x6c, 0x69, 0x6e, 0x6b, 0x53, 0x79, 0x6e, 0x63,
 0x01, 0x18, 0x63, 0x6f, 0x70, 0x79, 0x46, 0x69,
 0x6c, 0x65, 0x53, 0x79, 0x6e, 0x63, 0x01, 0x14,
 0x65, 0x78, 0x69, 0x73, 0x74, 0x73, 0x53, 0x79,
 0x6e, 0x63, 0x01, 0x12, 0x6c, 0x73, 0x74, 0x61,
 0x74, 0x53, 0x79, 0x6e, 0x63, 0x01, 0x12, 0x6d,
 0x6b, 0x64, 0x69, 0x72, 0x53, 0x79, 0x6e, 0x63,
 0x01, 0x10, 0x72, 0x65, 0x61, 0x64, 0x53, 0x79,
 0x6e, 0x63, 0x01, 0x16, 0x72, 0x65, 0x61, 0x64,
 0x64, 0x69, 0x72, 0x53, 0x79, 0x6e, 0x63, 0x01,
 0x18, 0x72, 0x65, 0x61, 0x64, 0x6c, 0x69, 0x6e,
 0x6b, 0x53, 0x79, 0x6e, 0x63, 0x01, 0x18, 0x72,
 0x65, 0x61, 0x6c, 0x70, 0x61, 0x74, 0x68, 0x53,
 0x79, 0x6e, 0x63, 0x01, 0x14, 0x72, 0x65, 0x6e,
 0x61, 0x6d, 0x65, 0x53, 0x79, 0x6e, 0x63, 0x01,
 0x10, 0x73, 0x74, 0x61, 0x74, 0x53, 0x79, 0x6e,
 0x63, 0x01, 0x16, 0x73, 0x79, 0x6d, 0x6c, 0x69,
 0x6e, 0x6b, 0x53, 0x79, 0x6e, 0x63, 0x01, 0x16,
 0x74, 0x6d, 0x70, 0x66, 0x69, 0x6c, 0x65, 0x53,
 0x79, 0x6e, 0x63, 0x01, 0x16, 0x6d, 0x6b, 0x73,
 0x74, 0x65, 0x6d, 0x70, 0x53, 0x79, 0x6e, 0x63,
 0x01, 0x16, 0x74, 0x65, 0x6d, 0x70, 0x6e, 0x61,
 0x6d, 0x53, 0x79, 0x6e, 0x63, 0x01, 0x14, 0x75,
 0x6e, 0x6c, 0x69, 0x6e, 0x6b, 0x53, 0x79, 0x6e,
 0x63, 0x01, 0x12, 0x77, 0x72, 0x69, 0x74, 0x65,
 0x53, 0x79, 0x6e, 0x63, 0x01, 0x12, 0x66, 0x6c,
 0x75, 0x73, 0x68, 0x53, 0x79, 0x6e, 0x63, 0x01,
 0x08, 0x70, 0x69, 0x70, 0x65, 0x01, 0x0c, 0x6f,
 0x6e, 0x52, 0x65, 0x61, 0x64, 0x01, 0x10, 0x77,
 0x61, 0x69, 0x74, 0x52, 0x65, 0x61, 0x64, 0x01,
 0x0e, 0x6f, 0x6e, 0x57, 0x72, 0x69, 0x74, 0x65,
 0x01, 0x12, 0x77, 0x61, 0x69, 0x74, 0x57, 0x72,
 0x69, 0x74, 0x65, 0x01, 0x0c, 0x72, 0x65, 0x61,
 0x64, 0x65, 0x72, 0x01, 0x14, 0x72, 0x65, 0x61,
 0x64, 0x65, 0x72, 0x53, 0x79, 0x6e, 0x63, 0x01,
 0x16, 0x72, 0x65, 0x61, 0x64, 0x41, 0x6c, 0x6c,
 0x53, 0x79, 0x6e, 0x63, 0x01, 0x1a, 0x72, 0x65,
 0x61, 0x64, 0x46, 0x75, 0x6c, 0x6c, 0x79, 0x53,
 0x79, 0x6e, 0x63, 0x01, 0x12, 0x72, 0x65, 0x61,
 0x64, 0x46, 0x75, 0x6c, 0x6c, 0x79, 0x01, 0x08,
 0x6f, 0x70, 0x65, 0x6e, 0x01, 0x0a, 0x63, 0x6c,
 0x6f, 0x73, 0x65, 0x01, 0x10, 0x63, 0x6f, 0x70,
 0x79, 0x46, 0x69, 0x6c, 0x65, 0x01, 0x0c, 0x65,
 0x78, 0x69, 0x73, 0x74, 0x73, 0x01, 0x0a, 0x6c,
 0x73, 0x74, 0x61, 0x74, 0x01, 0x0a, 0x6d, 0x6b,
 0x64, 0x69, 0x72, 0x01, 0x08, 0x72, 0x65, 0x61,
 0x64, 0x01, 0x08, 0x73, 0x74, 0x61, 0x74, 0x01,
 0x0e, 0x73, 0x79, 0x6d, 0x6c, 0x69, 0x6e, 0x6b,
 0x01, 0x0e, 0x74, 0x6d, 0x70, 0x66, 0x69, 0x6c,
 0x65, 0x01, 0x0a, 0x77, 0x72, 0x69, 0x74, 0x65,
 0x01, 0x0e, 0x72, 0x65, 0x61, 0x64, 0x41, 0x6c,
 0x6c, 0x01, 0x1a, 0x69, 0x6e, 0x6f, 0x74, 0x69,
 0x66, 0x79, 0x5f, 0x65, 0x76, 0x65, 0x6e, 0x74,
 0x01, 0x0a, 0x77, 0x61, 0x74, 0x63, 0x68, 0x01,
 0x20, 0x63, 0x72, 0x65, 0x61, 0x74, 0x65, 0x52,
 0x65, 0x61, 0x64, 0x53, 0x74, 0x72, 0x65, 0x61,
 0x6d, 0x01, 0x22, 0x63, 0x72, 0x65, 0x61, 0x74,
 0x65, 0x57, 0x72, 0x69, 0x74, 0x65, 0x53, 0x74,
 0x72, 0x65, 0x61, 0x6d, 0x01, 0x18, 0x45, 0x76,
 0x65, 0x6e, 0x74, 0x45, 0x6d, 0x69, 0x74, 0x74,
 0x65, 0x72, 0x01, 0x10, 0x62, 0x61, 0x73, 0x65,
 0x6e, 0x61, 0x6d, 0x65, 0x01, 0x0e, 0x65, 0x78,
 0x74, 0x6e, 0x61, 0x6d, 0x65, 0x01, 0x0c, 0x61,
 0x63, 0x63, 0x65, 0x73, 0x73, 0x01, 0x0a, 0x65,
 0x72, 0x72, 0x6f, 0x72, 0x01, 0x0c, 0x66, 0x63,
 0x68, 0x6d, 0x6f, 0x64, 0x01, 0x0c, 0x66, 0x63,
 0x68, 0x6f, 0x77, 0x6e, 0x01, 0x12, 0x66, 0x64,
 0x61, 0x74, 0x61, 0x73, 0x79, 0x6e, 0x63, 0x01,
 0x0a, 0x66, 0x73, 0x74, 0x61, 0x74, 0x01, 0x0a,
 0x66, 0x73, 0x79, 0x6e, 0x63, 0x01, 0x12, 0x66,
 0x74, 0x72, 0x75, 0x6e, 0x63, 0x61, 0x74, 0x65,
 0x01, 0x0e, 0x66, 0x75, 0x74, 0x69, 0x6d, 0x65,
 0x73, 0x01, 0x12, 0x49, 0x4e, 0x5f, 0x41, 0x54,
 0x54, 0x52, 0x49, 0x42, 0x01, 0x1c, 0x49, 0x4e,
 0x5f, 0x43, 0x4c, 0x4f, 0x53, 0x45, 0x5f, 0x57,
 0x52, 0x49, 0x54, 0x45, 0x01, 0x12, 0x49, 0x4e,
 0x5f, 0x43, 0x52, 0x45, 0x41, 0x54, 0x45, 0x01,
 0x12, 0x49, 0x4e, 0x5f, 0x44, 0x45, 0x4c, 0x45,
 0x54, 0x45, 0x01, 0x1c, 0x49, 0x4e, 0x5f, 0x44,
 0x45, 0x4c, 0x45, 0x54, 0x45, 0x5f, 0x53, 0x45,
 0x4c, 0x46, 0x01, 0x12, 0x49, 0x4e, 0x5f, 0x4d,
 0x4f, 0x44, 0x49, 0x46, 0x59, 0x01, 0x18, 0x49,
 0x4e, 0x5f, 0x4d, 0x4f, 0x56, 0x45, 0x5f, 0x53,
 0x45, 0x4c, 0x46, 0x01, 0x16, 0x49, 0x4e, 0x5f,
 0x4d, 0x4f, 0x56, 0x45, 0x44, 0x5f, 0x54, 0x4f,
 0x01, 0x1a, 0x69, 0x73, 0x41, 0x72, 0x72, 0x61,
 0x79, 0x42, 0x75, 0x66, 0x66, 0x65, 0x72, 0x01,
 0x10, 0x69, 0x73, 0x4e, 0x75, 0x6d, 0x62, 0x65,
 0x72, 0x01, 0x10, 0x69, 0x73, 0x4f, 0x62, 0x6a,
 0x65, 0x63, 0x74, 0x01, 0x10, 0x69, 0x73, 0x53,
 0x74, 0x72, 0x69, 0x6e, 0x67, 0x01, 0x0e, 0x6d,
 0x6b, 0x73, 0x74, 0x65, 0x6d, 0x70, 0x01, 0x0e,
 0x74, 0x65, 0x6d, 0x70, 0x6e, 0x61, 0x6d, 0x01,
 0x1a, 0x74, 0x6f, 0x41, 0x72, 0x72, 0x61, 0x79,
 0x42, 0x75, 0x66, 0x66, 0x65, 0x72, 0x01, 0x10,
 0x66, 0x69, 0x6c, 0x65, 0x6e, 0x61, 0x6d, 0x65,
 0x01, 0x0c, 0x6d, 0x75, 0x6e, 0x6d, 0x61, 0x70,
 0x01, 0x18, 0x53, 0x79, 0x73, 0x63, 0x61, 0x6c,
 0x6c, 0x45, 0x72, 0x72, 0x6f, 0x72, 0x01, 0x16,
 0x54, 0x65, 0x78, 0x74, 0x44, 0x65, 0x63, 0x6f,
 0x64, 0x65, 0x72, 0x01, 0x08, 0x70, 0x72, 0x6f,
 0x70, 0x01, 0x22, 0x3c, 0x63, 0x6f, 0x6d, 0x70,
 0x75, 0x74, 0x65, 0x64, 0x5f, 0x66, 0x69, 0x65,
 0x6c, 0x64, 0x3e, 0x30, 0x01, 0x14, 0x73, 0x79,
 0x73, 0x5f, 0x61, 0x63, 0x63, 0x65, 0x73, 0x73,
 0x01, 0x12, 0x73, 0x79, 0x73, 0x5f, 0x65, 0x72,
 0x72, 0x6f, 0x72, 0x01, 0x14, 0x73, 0x79, 0x73,
 0x5f, 0x66, 0x63, 0x68, 0x6d, 0x6f, 0x64, 0x01,
 0x14, 0x73, 0x79, 0x73, 0x5f, 0x66, 0x63, 0x68,
 0x6f, 0x77, 0x6e, 0x01, 0x1a, 0x73, 0x79, 0x73,
 0x5f, 0x66, 0x64, 0x61, 0x74, 0x61, 0x73, 0x79,
 0x6e, 0x63, 0x01, 0x12, 0x73, 0x79, 0x73, 0x5f,
 0x66, 0x73, 0x74, 0x61, 0x74, 0x01, 0x12, 0x73,
 0x79, 0x73, 0x5f, 0x66, 0x73, 0x79, 0x6e, 0x63,
 0x01, 0x1a, 0x73, 0x79, 0x73, 0x5f, 0x66, 0x74,
 0x72, 0x75, 0x6e, 0x63, 0x61, 0x74, 0x65, 0x01,
 0x16, 0x73, 0x79, 0x73, 0x5f, 0x66, 0x75, 0x74,
 0x69, 0x6d, 0x65, 0x73, 0x01, 0x10, 0x73, 0x79,
 0x73, 0x5f, 0x6c, 0x69, 0x6e, 0x6b, 0x01, 0x16,
 0x73, 0x79, 0x73, 0x5f, 0x73, 0x79, 0x6d, 0x6c,
 0x69, 0x6e, 0x6b, 0x01, 0x0a, 0x65, 0x72, 0x72,
 0x6e, 0x6f, 0x01, 0x10, 0x4f, 0x5f, 0x52, 0x44,
 0x4f, 0x4e, 0x4c, 0x59, 0x01, 0x10, 0x4f, 0x5f,
 0x57, 0x52, 0x4f, 0x4e, 0x4c, 0x59, 0x01, 0x0c,
 0x4f, 0x5f, 0x52, 0x44, 0x57, 0x52, 0x01, 0x10,
 0x4f, 0x5f, 0x41, 0x50, 0x50, 0x45, 0x4e, 0x44,
 0x01, 0x0e, 0x4f, 0x5f, 0x43, 0x52, 0x45, 0x41,
 0x54, 0x01, 0x0c, 0x4f, 0x5f, 0x45, 0x58, 0x43,
 0x4c, 0x01, 0x0e, 0x4f, 0x5f, 0x54, 0x52, 0x55,
 0x4e, 0x43, 0x01, 0x0c, 0x45, 0x49, 0x4e, 0x56,
 0x41, 0x4c, 0x01, 0x06, 0x45, 0x49, 0x4f, 0x01,
 0x0c, 0x45, 0x41, 0x43, 0x43, 0x45, 0x53, 0x01,
 0x0c, 0x45, 0x45, 0x58, 0x49, 0x53, 0x54, 0x01,
 0x0c, 0x45, 0x4e, 0x4f, 0x53, 0x50, 0x43, 0x01,
 0x0c, 0x45, 0x4e, 0x4f, 0x53, 0x59, 0x53, 0x01,
 0x0a, 0x45, 0x42, 0x55, 0x53, 0x59, 0x01, 0x0c,
 0x45, 0x4e, 0x4f, 0x45, 0x4e, 0x54, 0x01, 0x0a,
 0x45, 0x50, 0x45, 0x52, 0x4d, 0x01, 0x0c, 0x45,
 0x41, 0x47, 0x41, 0x49, 0x4e, 0x01, 0x16, 0x45,
 0x57, 0x4f, 0x55, 0x4c, 0x44, 0x42, 0x4c, 0x4f,
 0x43, 0x4b, 0x01, 0x1a, 0x43, 0x4f, 0x50, 0x59,
 0x5f, 0x42, 0x55, 0x46, 0x5f, 0x53, 0x49, 0x5a,
 0x45, 0x01, 0x12, 0x4d, 0x61, 0x6b, 0x65, 0x45,
 0x72, 0x72, 0x6f, 0x72, 0x01, 0x1a, 0x49, 0x6e,
 0x76, 0x61, 0x6c, 0x69, 0x64, 0x42, 0x75, 0x66,
 0x66, 0x65, 0x72, 0x01, 0x14, 0x73, 0x79, 0x73,
 0x63, 0x61, 0x6c, 0x6c, 0x65, 0x72, 0x72, 0x01,
 0x16, 0x73, 0x74, 0x61, 0x74, 0x73, 0x46, 0x69,
 0x65, 0x6c, 0x64, 0x73, 0x01, 0x10, 0x66, 0x69,
 0x6c, 0x65, 0x4f, 0x62, 0x6a, 0x73, 0x01, 0x12,
 0x66, 0x69, 0x6c, 0x65, 0x50, 0x72, 0x6f, 0x74,
 0x6f, 0x01, 0x16, 0x76, 0x61, 0x6c, 0x69, 0x64,
 0x4e, 0x75, 0x6d, 0x62, 0x65, 0x72, 0x01, 0x0e,
 0x73, 0x61, 0x76, 0x65, 0x50, 0x6f, 0x73, 0x01,
 0x10, 0x74, 0x65, 0x6c, 0x6c, 0x44, 0x69, 0x66,
 0x66, 0x01, 0x12, 0x43, 0x68, 0x61, 0x72, 0x57,
 0x69, 0x64, 0x74, 0x68, 0x01, 0x1c, 0x45, 0x6e,
 0x63, 0x6f, 0x64, 0x69, 0x6e, 0x67, 0x32, 0x42,
 0x79, 0x74, 0x65, 0x73, 0x01, 0x06, 0x6d, 0x73,
 0x67, 0x01, 0x0e, 0x73, 0x79, 0x73, 0x63, 0x61,
 0x6c, 0x6c, 0x01, 0x06, 0x61, 0x62, 0x73, 0x01,
 0x0c, 0x61, 0x73, 0x73, 0x69, 0x67, 0x6e, 0x01,
 0x04, 0x3a, 0x20, 0x01, 0x10, 0x73, 0x74, 0x72,
 0x65, 0x72, 0x72, 0x6f, 0x72, 0x01, 0x06, 0x61,
 0x72, 0x67, 0x01, 0x12, 0x61, 0x72, 0x67, 0x75,
 0x6d, 0x65, 0x6e, 0x74, 0x20, 0x01, 0x6c, 0x20,
 0x6d, 0x75, 0x73, 0x74, 0x20, 0x62, 0x65, 0x20,
 0x41, 0x72, 0x72, 0x61, 0x79, 0x42, 0x75, 0x66,
 0x66, 0x65, 0x72, 0x2c, 0x20, 0x54, 0x79, 0x70,
 0x65, 0x64, 0x41, 0x72, 0x72, 0x61, 0x79, 0x20,
 0x6f, 0x72, 0x20, 0x44, 0x61, 0x74, 0x61, 0x56,
 0x69, 0x65, 0x77, 0x2c, 0x20, 0x62, 0x75, 0x74,
 0x20, 0x69, 0x73, 0x3a, 0x20, 0x01, 0x16, 0x67,
 0x65, 0x74, 0x54, 0x79, 0x70, 0x65, 0x4e, 0x61,
 0x6d, 0x65, 0x01, 0x0a, 0x70, 0x72, 0x6f, 0x74,
 0x6f, 0x01, 0x08, 0x61, 0x72, 0x67, 0x73, 0x01,
 0x08, 0x63, 0x61, 0x6c, 0x6c, 0x01, 0x0c, 0x77,
 0x72, 0x69, 0x74, 0x65, 0x62, 0x01, 0x0a, 0x69,
 0x73, 0x54, 0x54, 0x59, 0x01, 0x06, 0x72, 0x65,
 0x74, 0x01, 0x06, 0x73, 0x74, 0x72, 0x01, 0x06,
 0x65, 0x72, 0x72, 0x01, 0x0e, 0x69, 0x73, 0x41,
 0x72, 0x72, 0x61, 0x79, 0x01, 0x04, 0x73, 0x74,
 0x01, 0x08, 0x6d, 0x6f, 0x64, 0x65, 0x01, 0x10,
 0x65, 0x6e, 0x64, 0x73, 0x57, 0x69, 0x74, 0x68,
 0x01, 0x08, 0x74, 0x69, 0x6d, 0x65, 0x01, 0x04,
 0x4d, 0x73, 0x01, 0x0c, 0x53, 0x5f, 0x49, 0x46,
 0x4d, 0x54, 0x01, 0x0e, 0x53, 0x5f, 0x49, 0x46,
 0x44, 0x49, 0x52, 0x01, 0x0e, 0x53, 0x5f, 0x49,
 0x46, 0x43, 0x48, 0x52, 0x01, 0x0e, 0x53, 0x5f,
 0x49, 0x46, 0x42, 0x4c, 0x4b, 0x01, 0x0e, 0x53,
 0x5f, 0x49, 0x46, 0x52, 0x45, 0x47, 0x01, 0x0e,
 0x53, 0x5f, 0x49, 0x46, 0x49, 0x46, 0x4f, 0x01,
 0x0e, 0x53, 0x5f, 0x49, 0x46, 0x4c, 0x4e, 0x4b,
 0x01, 0x10, 0x53, 0x5f, 0x49, 0x46, 0x53, 0x4f,
 0x43, 0x4b, 0x01, 0x02, 0x66, 0x01, 0x02, 0x70,
 0x01, 0x12, 0x2f, 0x64, 0x65, 0x76, 0x2f, 0x6e,
 0x75, 0x6c, 0x6c, 0x01, 0x02, 0x72, 0x01, 0x08,
 0x64, 0x61, 0x74, 0x61, 0x01, 0x0e, 0x6f, 0x70,
 0x74, 0x69, 0x6f, 0x6e, 0x73, 0x01, 0x10, 0x65,
 0x6e, 0x63, 0x6f, 0x64, 0x69, 0x6e, 0x67, 0x01,
 0x08, 0x66, 0x69, 0x6c, 0x65, 0x01, 0x08, 0x75,
 0x74, 0x66, 0x38, 0x01, 0x14, 0x62, 0x79, 0x74,
 0x65, 0x4c, 0x65, 0x6e, 0x67, 0x74, 0x68, 0x01,
 0x0a, 0x66, 0x6c, 0x75, 0x73, 0x68, 0x01, 0x04,
 0x66, 0x64, 0x01, 0x0e, 0x66, 0x63, 0x68, 0x6d,
 0x6f, 0x64, 0x28, 0x01, 0x04, 0x2c, 0x20, 0x01,
 0x02, 0x29, 0x01, 0x06, 0x75, 0x69, 0x64, 0x01,
 0x06, 0x67, 0x69, 0x64, 0x01, 0x0e, 0x66, 0x63,
 0x68, 0x6f, 0x77, 0x6e, 0x28, 0x01, 0x14, 0x66,
 0x64, 0x61, 0x74, 0x61, 0x73, 0x79, 0x6e, 0x63,
 0x28, 0x01, 0x0c, 0x6f, 0x66, 0x66, 0x73, 0x65,
 0x74, 0x01, 0x10, 0x70, 0x6f, 0x73, 0x69, 0x74,
 0x69, 0x6f, 0x6e, 0x01, 0x12, 0x62, 0x79, 0x74,
 0x65, 0x73, 0x52, 0x65, 0x61, 0x64, 0x01, 0x0e,
 0x66, 0x69, 0x6c, 0x65, 0x50, 0x6f, 0x73, 0x01,
 0x08, 0x66, 0x6c, 0x61, 0x67, 0x01, 0x18, 0x72,
 0x65, 0x61, 0x64, 0x41, 0x73, 0x53, 0x74, 0x72,
 0x69, 0x6e, 0x67, 0x01, 0x10, 0x53, 0x45, 0x45,
 0x4b, 0x5f, 0x45, 0x4e, 0x44, 0x01, 0x10, 0x53,
 0x45, 0x45, 0x4b, 0x5f, 0x53, 0x45, 0x54, 0x01,
 0x0c, 0x66, 0x73, 0x74, 0x61, 0x74, 0x28, 0x01,
 0x0c, 0x2c, 0x20, 0x2e, 0x2e, 0x2e, 0x29, 0x01,
 0x0c, 0x66, 0x73, 0x79, 0x6e, 0x63, 0x28, 0x01,
 0x06, 0x6c, 0x65, 0x6e, 0x01, 0x14, 0x66, 0x74,
 0x72, 0x75, 0x6e, 0x63, 0x61, 0x74, 0x65, 0x28,
 0x01, 0x0a, 0x61, 0x74, 0x69, 0x6d, 0x65, 0x01,
 0x0a, 0x6d, 0x74, 0x69, 0x6d, 0x65, 0x01, 0x10,
 0x66, 0x75, 0x74, 0x69, 0x6d, 0x65, 0x73, 0x28,
 0x01, 0x06, 0x2c, 0x20, 0x5b, 0x01, 0x04, 0x5d,
 0x29, 0x01, 0x08, 0x61, 0x42, 0x75, 0x66, 0x01,
 0x18, 0x62, 0x79, 0x74, 0x65, 0x73, 0x57, 0x72,
 0x69, 0x74, 0x74, 0x65, 0x6e, 0x01, 0x02, 0x6e,
 0x01, 0x10, 0x69, 0x73, 0x46, 0x69, 0x6e, 0x69,
 0x74, 0x65, 0x01, 0x04, 0x66, 0x6e, 0x01, 0x10,
 0x73, 0x61, 0x76, 0x65, 0x64, 0x50, 0x6f, 0x73,
 0x01, 0x0c, 0x64, 0x6f, 0x53, 0x61, 0x76, 0x65,
 0x01, 0x12, 0x62, 0x65, 0x66, 0x6f, 0x72, 0x65,
 0x50, 0x6f, 0x73, 0x01, 0x0a, 0x63, 0x68, 0x75,
 0x6e, 0x6b, 0x01, 0x06, 0x62, 0x75, 0x66, 0x01,
 0x0a, 0x70, 0x72, 0x6f, 0x70, 0x73, 0x01, 0x02,
 0x69, 0x01, 0x10, 0x49, 0x6e, 0x66, 0x69, 0x6e,
 0x69, 0x74, 0x79, 0x01, 0x14, 0x62, 0x79, 0x74,
 0x65, 0x4f, 0x66, 0x66, 0x73, 0x65, 0x74, 0x01,
 0x06, 0x6d, 0x61, 0x70, 0x01, 0x10, 0x70, 0x61,
 0x74, 0x68, 0x6e, 0x61, 0x6d, 0x65, 0x01, 0x06,
 0x72, 0x65, 0x73, 0x01, 0x0a, 0x66, 0x6f, 0x70,
 0x65, 0x6e, 0x01, 0x0c, 0x66, 0x64, 0x6f, 0x70,
 0x65, 0x6e, 0x01, 0x04, 0x75, 0x38, 0x01, 0x06,
 0x64, 0x65, 0x63, 0x01, 0x06, 0x69, 0x64, 0x78,
 0x01, 0x02, 0x73, 0x01, 0x06, 0x74, 0x6d, 0x70,
 0x01, 0x0e, 0x67, 0x65, 0x74, 0x6c, 0x69, 0x6e,
 0x65, 0x01, 0x0a, 0x75, 0x74, 0x66, 0x2d, 0x38,
 0x01, 0x0c, 0x64, 0x65, 0x63, 0x6f, 0x64, 0x65,
 0x01, 0x0a, 0x73, 0x6c, 0x69, 0x63, 0x65, 0x01,
 0x02, 0x0a, 0x01, 0x34, 0x66, 0x73, 0x2e, 0x67,
 0x65, 0x74, 0x73, 0x28, 0x29, 0x20, 0x64, 0x65,
 0x63, 0x6f, 0x64, 0x69, 0x6e, 0x67, 0x20, 0x55,
 0x54, 0x46, 0x2d, 0x38, 0x3a, 0x20, 0x01, 0x02,
 0x20, 0x01, 0x0c, 0x77, 0x68, 0x65, 0x6e, 0x63,
 0x65, 0x01, 0x0a, 0x6c, 0x73, 0x65, 0x65, 0x6b,
 0x01, 0x0a, 0x66, 0x73, 0x65, 0x65, 0x6b, 0x01,
 0x0a, 0x74, 0x65, 0x6c, 0x6c, 0x6f, 0x01, 0x10,
 0x53, 0x45, 0x45, 0x4b, 0x5f, 0x43, 0x55, 0x52,
 0x01, 0x06, 0x70, 0x6f, 0x73, 0x01, 0x0a, 0x62,
 0x79, 0x74, 0x65, 0x73, 0x01, 0x02, 0x65, 0x01,
 0x1c, 0x2f, 0x70, 0x72, 0x6f, 0x63, 0x2f, 0x73,
 0x65, 0x6c, 0x66, 0x2f, 0x66, 0x64, 0x2f, 0x01,
 0x0a, 0x45, 0x42, 0x41, 0x44, 0x46, 0x01, 0x06,
 0x6d, 0x61, 0x78, 0x01, 0x10, 0x6c, 0x6f, 0x61,
 0x64, 0x46, 0x69, 0x6c, 0x65, 0x01, 0x12, 0x6f,
 0x76, 0x65, 0x72, 0x77, 0x72, 0x69, 0x74, 0x65,
 0x01, 0x02, 0x77, 0x01, 0x02, 0x2b, 0x01, 0x18,
 0x65, 0x78, 0x69, 0x73, 0x74, 0x69, 0x6e, 0x67,
 0x50, 0x61, 0x74, 0x68, 0x01, 0x0e, 0x6e, 0x65,
 0x77, 0x50, 0x61, 0x74, 0x68, 0x01, 0x06, 0x73,
 0x72, 0x63, 0x01, 0x08, 0x64, 0x65, 0x73, 0x74,
 0x01, 0x1a, 0x43, 0x4f, 0x50, 0x59, 0x46, 0x49,
 0x4c, 0x45, 0x5f, 0x45, 0x58, 0x43, 0x4c, 0x01,
 0x20, 0x43, 0x4f, 0x50, 0x59, 0x46, 0x49, 0x4c,
 0x45, 0x5f, 0x46, 0x49, 0x43, 0x4c, 0x4f, 0x4e,
 0x45, 0x01, 0x2c, 0x43, 0x4f, 0x50, 0x59, 0x46,
 0x49, 0x4c, 0x45, 0x5f, 0x46, 0x49, 0x43, 0x4c,
 0x4f, 0x4e, 0x45, 0x5f, 0x46, 0x4f, 0x52, 0x43,
 0x45, 0x01, 0x06, 0x72, 0x65, 0x6d, 0x01, 0x06,
 0x6f, 0x66, 0x73, 0x01, 0x20, 0x55, 0x6e, 0x61,
 0x62, 0x6c, 0x65, 0x20, 0x74, 0x6f, 0x20, 0x6c,
 0x69, 0x6e, 0x6b, 0x20, 0x27, 0x01, 0x0c, 0x27,
 0x20, 0x74, 0x6f, 0x20, 0x27, 0x01, 0x02, 0x27,
 0x01, 0x04, 0x72, 0x62, 0x01, 0x02, 0x78, 0x01,
 0x02, 0x62, 0x01, 0x0e, 0x72, 0x65, 0x61, 0x64,
 0x64, 0x69, 0x72, 0x01, 0x10, 0x72, 0x65, 0x61,
 0x64, 0x6c, 0x69, 0x6e, 0x6b, 0x01, 0x10, 0x72,
 0x65, 0x61, 0x6c, 0x70, 0x61, 0x74, 0x68, 0x01,
 0x0e, 0x6f, 0x6c, 0x64, 0x6e, 0x61, 0x6d, 0x65,
 0x01, 0x0e, 0x6e, 0x65, 0x77, 0x6e, 0x61, 0x6d,
 0x65, 0x01, 0x0c, 0x72, 0x65, 0x6e, 0x61, 0x6d,
 0x65, 0x01, 0x10, 0x74, 0x65, 0x6d, 0x70, 0x6c,
 0x61, 0x74, 0x65, 0x01, 0x06, 0x64, 0x69, 0x72,
 0x01, 0x06, 0x70, 0x66, 0x78, 0x01, 0x08, 0x62,
 0x61, 0x73, 0x65, 0x01, 0x0e, 0x70, 0x72, 0x6f,
 0x63, 0x65, 0x73, 0x73, 0x01, 0x08, 0x61, 0x72,
 0x67, 0x76, 0x01, 0x02, 0x2d, 0x01, 0x0c, 0x75,
 0x6e, 0x6c, 0x69, 0x6e, 0x6b, 0x01, 0x0c, 0x72,
 0x65, 0x6d, 0x6f, 0x76, 0x65, 0x01, 0x04, 0x72,
 0x64, 0x01, 0x04, 0x77, 0x72, 0x01, 0x0e, 0x68,
 0x61, 0x6e, 0x64, 0x6c, 0x65, 0x72, 0x01, 0x1c,
 0x73, 0x65, 0x74, 0x52, 0x65, 0x61, 0x64, 0x48,
 0x61, 0x6e, 0x64, 0x6c, 0x65, 0x72, 0x01, 0x1e,
 0x73, 0x65, 0x74, 0x57, 0x72, 0x69, 0x74, 0x65,
 0x48, 0x61, 0x6e, 0x64, 0x6c, 0x65, 0x72, 0x01,
 0x1e, 0x62, 0x75, 0x66, 0x66, 0x65, 0x72, 0x4f,
 0x72, 0x42, 0x75, 0x66, 0x53, 0x69, 0x7a, 0x65,
 0x01, 0x10, 0x6e, 0x75, 0x6d, 0x42, 0x79, 0x74,
 0x65, 0x73, 0x01, 0x10, 0x72, 0x65, 0x63, 0x65,
 0x69, 0x76, 0x65, 0x64, 0x01, 0x06, 0x6d, 0x69,
 0x6e, 0x01, 0x1a, 0x61, 0x73, 0x79, 0x6e, 0x63,
 0x49, 0x74, 0x65, 0x72, 0x61, 0x74, 0x6f, 0x72,
 0x01, 0x0e, 0x62, 0x75, 0x66, 0x53, 0x69, 0x7a,
 0x65, 0x01, 0x0a, 0x73, 0x74, 0x61, 0x72, 0x74,
 0x01, 0x0c, 0x69, 0x6e, 0x70, 0x75, 0x74, 0x20,
 0x01, 0x0c, 0x63, 0x6c, 0x6f, 0x73, 0x65, 0x64,
 0x01, 0x08, 0x20, 0x6f, 0x66, 0x20, 0x01, 0x16,
 0x20, 0x62, 0x79, 0x74, 0x65, 0x73, 0x20, 0x72,
 0x65, 0x61, 0x64, 0x01, 0x10, 0x65, 0x72, 0x72,
 0x6f, 0x72, 0x4f, 0x62, 0x6a, 0x01, 0x1e, 0x45,
 0x72, 0x72, 0x6f, 0x72, 0x20, 0x6f, 0x70, 0x65,
 0x6e, 0x69, 0x6e, 0x67, 0x20, 0x27, 0x01, 0x06,
 0x27, 0x20, 0x28, 0x01, 0x10, 0x73, 0x79, 0x73,
 0x5f, 0x73, 0x74, 0x61, 0x74, 0x01, 0x04, 0x77,
 0x62, 0x01, 0x06, 0x6f, 0x62, 0x6a, 0x01, 0x12,
 0x74, 0x6f, 0x50, 0x6f, 0x69, 0x6e, 0x74, 0x65,
 0x72, 0x01, 0x0e, 0x61, 0x64, 0x64, 0x72, 0x65,
 0x73, 0x73, 0x01, 0x04, 0x77, 0x64, 0x01, 0x08,
 0x6d, 0x61, 0x73, 0x6b, 0x01, 0x0c, 0x63, 0x6f,
 0x6f, 0x6b, 0x69, 0x65, 0x01, 0x2e, 0x69, 0x6e,
 0x6f, 0x74, 0x69, 0x66, 0x79, 0x5f, 0x65, 0x76,
 0x65, 0x6e, 0x74, 0x20, 0x7b, 0x0a, 0x09, 0x2e,
 0x77, 0x64, 0x20, 0x3d, 0x20, 0x01, 0x16, 0x2c,
 0x0a, 0x09, 0x2e, 0x6d, 0x61, 0x73, 0x6b, 0x20,
 0x3d, 0x20, 0x01, 0x1a, 0x2c, 0x0a, 0x09, 0x2e,
 0x63, 0x6f, 0x6f, 0x6b, 0x69, 0x65, 0x20, 0x3d,
 0x20, 0x01, 0x14, 0x2c, 0x0a, 0x09, 0x2e, 0x6c,
 0x65, 0x6e, 0x20, 0x3d, 0x20, 0x01, 0x16, 0x2c,
 0x0a, 0x09, 0x2e, 0x6e, 0x61, 0x6d, 0x65, 0x20,
 0x3d, 0x20, 0x01, 0x04, 0x0a, 0x7d, 0x01, 0x10,
 0x63, 0x61, 0x6c, 0x6c, 0x62, 0x61, 0x63, 0x6b,
 0x01, 0x06, 0x61, 0x72, 0x72, 0x01, 0x12, 0x65,
 0x76, 0x65, 0x6e, 0x74, 0x54, 0x79, 0x70, 0x65,
 0x01, 0x0c, 0x63, 0x68, 0x61, 0x6e, 0x67, 0x65,
 0x01, 0x0a, 0x65, 0x76, 0x65, 0x6e, 0x74, 0x01,
 0x08, 0x65, 0x6d, 0x69, 0x74, 0x01, 0x04, 0x6f,
 0x6e, 0x01, 0x06, 0x65, 0x6e, 0x64, 0x01, 0x0e,
 0x64, 0x65, 0x63, 0x6f, 0x64, 0x65, 0x72, 0x01,
 0x0e, 0x65, 0x6e, 0x63, 0x6f, 0x64, 0x65, 0x72,
 0x01, 0x04, 0x72, 0x2b, 0x01, 0x16, 0x74, 0x6f,
 0x4c, 0x6f, 0x77, 0x65, 0x72, 0x43, 0x61, 0x73,
 0x65, 0x01, 0x0a, 0x75, 0x74, 0x66, 0x31, 0x36,
 0x01, 0x0c, 0x75, 0x74, 0x66, 0x2d, 0x31, 0x36,
 0x01, 0x0a, 0x75, 0x74, 0x66, 0x33, 0x32, 0x01,
 0x0c, 0x75, 0x74, 0x66, 0x2d, 0x33, 0x32, 0x01,
 0x06, 0x6f, 0x75, 0x74, 0x01, 0x08, 0x46, 0x5f,
 0x4f, 0x4b, 0x01, 0x08, 0x58, 0x5f, 0x4f, 0x4b,
 0x01, 0x08, 0x57, 0x5f, 0x4f, 0x4b, 0x01, 0x08,
 0x52, 0x5f, 0x4f, 0x4b, 0x01, 0x10, 0x4f, 0x5f,
 0x44, 0x49, 0x52, 0x45, 0x43, 0x54, 0x01, 0x16,
 0x4f, 0x5f, 0x44, 0x49, 0x52, 0x45, 0x43, 0x54,
 0x4f, 0x52, 0x59, 0x01, 0x12, 0x4f, 0x5f, 0x4e,
 0x4f, 0x41, 0x54, 0x49, 0x4d, 0x45, 0x01, 0x14,
 0x4f, 0x5f, 0x4e, 0x4f, 0x46, 0x4f, 0x4c, 0x4c,
 0x4f, 0x57, 0x01, 0x0e, 0x53, 0x5f, 0x49, 0x52,
 0x47, 0x52, 0x50, 0x01, 0x0e, 0x53, 0x5f, 0x49,
 0x52, 0x4f, 0x54, 0x48, 0x01, 0x0e, 0x53, 0x5f,
 0x49, 0x52, 0x55, 0x53, 0x52, 0x01, 0x0e, 0x53,
 0x5f, 0x49, 0x52, 0x57, 0x58, 0x47, 0x01, 0x0e,
 0x53, 0x5f, 0x49, 0x52, 0x57, 0x58, 0x4f, 0x01,
 0x0e, 0x53, 0x5f, 0x49, 0x52, 0x57, 0x58, 0x55,
 0x01, 0x0e, 0x53, 0x5f, 0x49, 0x57, 0x47, 0x52,
 0x50, 0x01, 0x0e, 0x53, 0x5f, 0x49, 0x57, 0x4f,
 0x54, 0x48, 0x01, 0x0e, 0x53, 0x5f, 0x49, 0x57,
 0x55, 0x53, 0x52, 0x01, 0x0e, 0x53, 0x5f, 0x49,
 0x58, 0x47, 0x52, 0x50, 0x01, 0x0e, 0x53, 0x5f,
 0x49, 0x58, 0x4f, 0x54, 0x48, 0x01, 0x0e, 0x53,
 0x5f, 0x49, 0x58, 0x55, 0x53, 0x52, 0x01, 0x06,
 0x64, 0x65, 0x76, 0x01, 0x06, 0x69, 0x6e, 0x6f,
 0x01, 0x0a, 0x6e, 0x6c, 0x69, 0x6e, 0x6b, 0x01,
 0x08, 0x72, 0x64, 0x65, 0x76, 0x01, 0x0c, 0x62,
 0x6c, 0x6f, 0x63, 0x6b, 0x73, 0x01, 0x0a, 0x63,
 0x74, 0x69, 0x6d, 0x65, 0x01, 0x16, 0x69, 0x73,
 0x44, 0x69, 0x72, 0x65, 0x63, 0x74, 0x6f, 0x72,
 0x79, 0x01, 0x22, 0x69, 0x73, 0x43, 0x68, 0x61,
 0x72, 0x61, 0x63, 0x74, 0x65, 0x72, 0x44, 0x65,
 0x76, 0x69, 0x63, 0x65, 0x01, 0x1a, 0x69, 0x73,
 0x42, 0x6c, 0x6f, 0x63, 0x6b, 0x44, 0x65, 0x76,
 0x69, 0x63, 0x65, 0x01, 0x0c, 0x69, 0x73, 0x46,
 0x69, 0x6c, 0x65, 0x01, 0x0c, 0x69, 0x73, 0x46,
 0x49, 0x46, 0x4f, 0x01, 0x1c, 0x69, 0x73, 0x53,
 0x79, 0x6d, 0x62, 0x6f, 0x6c, 0x69, 0x63, 0x4c,
 0x69, 0x6e, 0x6b, 0x01, 0x10, 0x69, 0x73, 0x53,
 0x6f, 0x63, 0x6b, 0x65, 0x74, 0x01, 0x16, 0x74,
 0x6f, 0x53, 0x74, 0x72, 0x69, 0x6e, 0x67, 0x54,
 0x61, 0x67, 0x01, 0x14, 0x61, 0x70, 0x70, 0x65,
 0x6e, 0x64, 0x46, 0x69, 0x6c, 0x65, 0x01, 0x0a,
 0x63, 0x68, 0x6d, 0x6f, 0x64, 0x01, 0x0a, 0x63,
 0x68, 0x6f, 0x77, 0x6e, 0x01, 0x10, 0x64, 0x61,
 0x74, 0x61, 0x73, 0x79, 0x6e, 0x63, 0x01, 0x10,
 0x72, 0x65, 0x61, 0x64, 0x46, 0x69, 0x6c, 0x65,
 0x01, 0x08, 0x73, 0x79, 0x6e, 0x63, 0x01, 0x10,
 0x74, 0x72, 0x75, 0x6e, 0x63, 0x61, 0x74, 0x65,
 0x01, 0x0c, 0x75, 0x74, 0x69, 0x6d, 0x65, 0x73,
 0x01, 0x12, 0x77, 0x72, 0x69, 0x74, 0x65, 0x46,
 0x69, 0x6c, 0x65, 0x0d, 0xca, 0x03, 0x08, 0xcc,
 0x03, 0xce, 0x03, 0xd0, 0x03, 0xd2, 0x03, 0xd4,
 0x03, 0xd6, 0x03, 0xd8, 0x03, 0xda, 0x03, 0x60,
 0x00, 0x3a, 0xdc, 0x03, 0x00, 0x3b, 0xde, 0x03,
 0x00, 0x3c, 0xe0, 0x03, 0x00, 0x3e, 0xe2, 0x03,
 0x00, 0x42, 0xe4, 0x03, 0x00, 0x45, 0xe6, 0x03,
 0x00, 0x49, 0xe8, 0x03, 0x00, 0x4a, 0xea, 0x03,
 0x00, 0x4b, 0xec, 0x03, 0x00, 0x4c, 0xee, 0x03,
 0x00, 0x4d, 0xf0, 0x03, 0x00, 0x4e, 0xf2, 0x03,
 0x00, 0x4f, 0xf4, 0x03, 0x00, 0x50, 0xf6, 0x03,
 0x00, 0x51, 0xf8, 0x03, 0x00, 0x52, 0xfa, 0x03,
 0x00, 0x53, 0xfc, 0x03, 0x00, 0x54, 0xfe, 0x03,
 0x00, 0x55, 0x80, 0x04, 0x00, 0x56, 0x82, 0x04,
 0x00, 0x57, 0x84, 0x04, 0x00, 0x58, 0x86, 0x04,
 0x00, 0x59, 0x88, 0x04, 0x00, 0x5a, 0x8a, 0x04,
 0x00, 0x5b, 0x8c, 0x04, 0x00, 0x5c, 0x8e, 0x04,
 0x00, 0x5d, 0x90, 0x04, 0x00, 0x5e, 0x92, 0x04,
 0x00, 0x5f, 0x94, 0x04, 0x00, 0x60, 0x96, 0x04,
 0x00, 0x61, 0x98, 0x04, 0x00, 0x62, 0x9a, 0x04,
 0x00, 0x63, 0x9c, 0x04, 0x00, 0x64, 0x9e, 0x04,
 0x00, 0x65, 0xa0, 0x04, 0x00, 0x66, 0xa2, 0x04,
 0x00, 0x67, 0xa4, 0x04, 0x00, 0x68, 0xa6, 0x04,
 0x00, 0x69, 0xa8, 0x04, 0x00, 0x6a, 0xaa, 0x04,
 0x00, 0x6b, 0xac, 0x04, 0x00, 0x6c, 0xae, 0x04,
 0x00, 0x6d, 0xb0, 0x04, 0x00, 0x6e, 0xb2, 0x04,
 0x00, 0x6f, 0xb4, 0x04, 0x00, 0x70, 0xb6, 0x04,
 0x00, 0x71, 0xb8, 0x04, 0x00, 0x72, 0xba, 0x04,
 0x00, 0x73, 0xbc, 0x04, 0x00, 0x74, 0xbe, 0x04,
 0x00, 0x75, 0xc0, 0x04, 0x00, 0x76, 0xc2, 0x04,
 0x00, 0x77, 0xc4, 0x04, 0x00, 0x78, 0xc6, 0x04,
 0x00, 0x79, 0xc8, 0x04, 0x00, 0x7a, 0xca, 0x04,
 0x00, 0x7b, 0xcc, 0x04, 0x00, 0x7c, 0xce, 0x04,
 0x00, 0x7d, 0xd0, 0x04, 0x00, 0x7e, 0xd2, 0x04,
 0x00, 0x7f, 0xd4, 0x04, 0x00, 0x80, 0x01, 0xd6,
 0x04, 0x00, 0x81, 0x01, 0xd8, 0x04, 0x00, 0x82,
 0x01, 0xda, 0x04, 0x00, 0x83, 0x01, 0xdc, 0x04,
 0x00, 0x84, 0x01, 0xde, 0x04, 0x00, 0x85, 0x01,
 0xe0, 0x04, 0x00, 0x86, 0x01, 0xe2, 0x04, 0x00,
 0x87, 0x01, 0xe4, 0x04, 0x00, 0x88, 0x01, 0xe6,
 0x04, 0x00, 0x89, 0x01, 0xe8, 0x04, 0x00, 0x8a,
 0x01, 0xea, 0x04, 0x00, 0x8b, 0x01, 0xec, 0x04,
 0x00, 0x8c, 0x01, 0xee, 0x04, 0x00, 0x8d, 0x01,
 0xf0, 0x04, 0x00, 0x8e, 0x01, 0xf2, 0x04, 0x00,
 0x8f, 0x01, 0xf4, 0x04, 0x00, 0x90, 0x01, 0xf6,
 0x04, 0x00, 0x91, 0x01, 0xf8, 0x04, 0x00, 0x92,
 0x01, 0xfa, 0x04, 0x00, 0x93, 0x01, 0xfc, 0x04,
 0x00, 0x94, 0x01, 0xfe, 0x04, 0x00, 0x95, 0x01,
 0x80, 0x05, 0x00, 0x96, 0x01, 0x82, 0x05, 0x00,
 0x97, 0x01, 0x84, 0x05, 0x00, 0x98, 0x01, 0x86,
 0x05, 0x00, 0x99, 0x01, 0x88, 0x05, 0x00, 0x9a,
 0x01, 0x8a, 0x05, 0x00, 0x9b, 0x01, 0x8c, 0x05,
 0x00, 0x9c, 0x01, 0x8e, 0x05, 0x00, 0x9d, 0x01,
 0x90, 0x05, 0x00, 0x9e, 0x01, 0x92, 0x05, 0x00,
 0x1f, 0x94, 0x05, 0x00, 0xa0, 0x01, 0x96, 0x05,
 0x00, 0xa1, 0x01, 0x98, 0x05, 0x00, 0xa4, 0x01,
 0x2c, 0x00, 0x26, 0x00, 0x9a, 0x05, 0x00, 0x01,
 0xfe, 0x01, 0x01, 0x02, 0x9c, 0x05, 0x02, 0x03,
 0x9e, 0x05, 0x02, 0x04, 0xa0, 0x05, 0x03, 0x05,
 0xa2, 0x05, 0x03, 0x06, 0xa4, 0x05, 0x03, 0x07,
 0xa6, 0x05, 0x03, 0x08, 0xa8, 0x05, 0x03, 0x09,
 0xaa, 0x05, 0x03, 0x0a, 0xac, 0x05, 0x03, 0x0b,
 0xae, 0x05, 0x03, 0x0c, 0xb0, 0x05, 0x03, 0x0d,
 0xb2, 0x05, 0x03, 0x0e, 0xb4, 0x05, 0x03, 0x0f,
 0xb6, 0x05, 0x03, 0x10, 0xb8, 0x05, 0x03, 0x11,
 0xba, 0x05, 0x03, 0x12, 0xbc, 0x05, 0x03, 0x13,
 0xbe, 0x05, 0x03, 0x14, 0xc0, 0x05, 0x03, 0x15,
 0xc2, 0x05, 0x03, 0x16, 0xc4, 0x05, 0x03, 0x17,
 0xc6, 0x05, 0x03, 0x18, 0xc8, 0x05, 0x03, 0x19,
 0xc0, 0x04, 0x03, 0x1a, 0xca, 0x05, 0x03, 0x1b,
 0x8a, 0x05, 0x03, 0x1c, 0xcc, 0x05, 0x03, 0x1d,
 0xce, 0x05, 0x03, 0x1e, 0x70, 0x03, 0x1f, 0x94,
 0x05, 0x03, 0x20, 0xd0, 0x05, 0x04, 0x21, 0xd4,
 0x03, 0x04, 0x22, 0xd2, 0x05, 0x04, 0x23, 0xfe,
 0x01, 0x05, 0x24, 0xd4, 0x05, 0x06, 0x25, 0xd6,
 0x05, 0x07, 0x00, 0x0c, 0x20, 0x0a, 0x01, 0xa2,
 0x01, 0x00, 0x08, 0x00, 0x07, 0x05, 0xa5, 0x01,
 0x73, 0xa0, 0x15, 0x08, 0xe4, 0x03, 0x02, 0x00,
 0x30, 0xee, 0x01, 0x03, 0x01, 0x70, 0x00, 0xd8,
 0x05, 0x04, 0x00, 0x30, 0xe6, 0x03, 0x05, 0x00,
 0x30, 0xee, 0x01, 0x06, 0x04, 0x70, 0x01, 0x92,
 0x05, 0x07, 0x00, 0x70, 0x03, 0xda, 0x05, 0x08,
 0x06, 0x70, 0x04, 0xee, 0x01, 0x08, 0x07, 0x70,
 0x02, 0x9a, 0x05, 0x00, 0x1f, 0xce, 0x03, 0x01,
 0x1e, 0x9c, 0x05, 0x02, 0x1f, 0x9e, 0x05, 0x03,
 0x1f, 0xdc, 0x05, 0x04, 0x1f, 0xde, 0x05, 0x05,
 0x1f, 0xe0, 0x05, 0x06, 0x1f, 0xe2, 0x05, 0x07,
 0x1f, 0xe4, 0x05, 0x08, 0x1f, 0xe6, 0x05, 0x09,
 0x1f, 0xe8, 0x05, 0x0a, 0x1f, 0xea, 0x05, 0x0b,
 0x1f, 0xec, 0x05, 0x0c, 0x1f, 0xb2, 0x05, 0x0d,
 0x1f, 0xb4, 0x05, 0x0e, 0x1f, 0xb6, 0x05, 0x0f,
 0x1f, 0xb8, 0x05, 0x10, 0x1f, 0xba, 0x05, 0x11,
 0x1f, 0xbc, 0x05, 0x12, 0x1f, 0xbe, 0x05, 0x13,
 0x1f, 0xc0, 0x05, 0x14, 0x1f, 0xc2, 0x05, 0x15,
 0x1f, 0xc4, 0x05, 0x16, 0x1f, 0xc6, 0x05, 0x17,
 0x1f, 0xc8, 0x05, 0x18, 0x1f, 0xee, 0x05, 0x19,
 0x1f, 0xca, 0x05, 0x1a, 0x1f, 0xf0, 0x05, 0x1b,
 0x1f, 0xcc, 0x05, 0x1c, 0x1f, 0xce, 0x05, 0x1d,
 0x1f, 0x70, 0x1e, 0x1f, 0x94, 0x05, 0x1f, 0x1f,
 0xd0, 0x05, 0x20, 0x1f, 0xd4, 0x03, 0x21, 0x1f,
 0xd2, 0x05, 0x22, 0x1f, 0xd6, 0x03, 0x23, 0x1e,
 0xd4, 0x05, 0x24, 0x1f, 0xd6, 0x05, 0x25, 0x1f,
 0xf2, 0x05, 0x00, 0x16, 0xf4, 0x05, 0x01, 0x1e,
 0xf6, 0x05, 0x02, 0x1e, 0xf8, 0x05, 0x03, 0x1e,
 0xfa, 0x05, 0x04, 0x1e, 0xfc, 0x05, 0x05, 0x1e,
 0xfe, 0x05, 0x06, 0x1e, 0x80, 0x06, 0x07, 0x1e,
 0x82, 0x06, 0x08, 0x1e, 0x84, 0x06, 0x09, 0x1e,
 0x86, 0x06, 0x0a, 0x1e, 0x88, 0x06, 0x0b, 0x1e,
 0x8a, 0x06, 0x0c, 0x1e, 0x8c, 0x06, 0x0d, 0x1e,
 0x8e, 0x06, 0x0e, 0x1e, 0x90, 0x06, 0x0f, 0x1e,
 0x92, 0x06, 0x10, 0x1e, 0x94, 0x06, 0x11, 0x1e,
 0x96, 0x06, 0x12, 0x1e, 0x98, 0x06, 0x13, 0x1e,
 0xdc, 0x03, 0x14, 0x1e, 0xde, 0x03, 0x15, 0x1e,
 0xe0, 0x03, 0x16, 0x1e, 0x9a, 0x06, 0x17, 0x06,
 0xe2, 0x03, 0x18, 0x1e, 0x9c, 0x06, 0x19, 0x1e,
 0x9e, 0x06, 0x1a, 0x06, 0xa0, 0x06, 0x1b, 0x1e,
 0xe4, 0x03, 0x1c, 0x16, 0xa2, 0x06, 0x1d, 0x1e,
 0xa4, 0x06, 0x1e, 0x1e, 0xe6, 0x03, 0x1f, 0x16,
 0xa6, 0x06, 0x20, 0x06, 0xa8, 0x06, 0x21, 0x06,
 0xaa, 0x06, 0x22, 0x06, 0xe8, 0x03, 0x23, 0x1e,
 0xea, 0x03, 0x24, 0x1e, 0xec, 0x03, 0x25, 0x1e,
 0xee, 0x03, 0x26, 0x1e, 0xf0, 0x03, 0x27, 0x1e,
 0xf2, 0x03, 0x28, 0x1e, 0xf4, 0x03, 0x29, 0x1e,
 0xf6, 0x03, 0x2a, 0x1e, 0xf8, 0x03, 0x2b, 0x1e,
 0xfa, 0x03, 0x2c, 0x1e, 0xfc, 0x03, 0x2d, 0x1e,
 0xfe, 0x03, 0x2e, 0x1e, 0x80, 0x04, 0x2f, 0x1e,
 0x82, 0x04, 0x30, 0x1e, 0x84, 0x04, 0x31, 0x1e,
 0x86, 0x04, 0x32, 0x1e, 0x88, 0x04, 0x33, 0x1e,
 0x8a, 0x04, 0x34, 0x1e, 0x8c, 0x04, 0x35, 0x1e,
 0x8e, 0x04, 0x36, 0x06, 0x90, 0x04, 0x37, 0x06,
 0x92, 0x04, 0x38, 0x06, 0x94, 0x04, 0x39, 0x06,
 0x96, 0x04, 0x3a, 0x06, 0x98, 0x04, 0x3b, 0x06,
 0x9a, 0x04, 0x3c, 0x06, 0x9c, 0x04, 0x3d, 0x06,
 0x9e, 0x04, 0x3e, 0x06, 0xa0, 0x04, 0x3f, 0x06,
 0xa2, 0x04, 0x40, 0x06, 0xa4, 0x04, 0x41, 0x06,
 0xa6, 0x04, 0x42, 0x06, 0xa8, 0x04, 0x43, 0x06,
 0xaa, 0x04, 0x44, 0x06, 0xac, 0x04, 0x45, 0x06,
 0xae, 0x04, 0x46, 0x06, 0xb0, 0x04, 0x47, 0x06,
 0xb2, 0x04, 0x48, 0x06, 0xb4, 0x04, 0x49, 0x06,
 0xb6, 0x04, 0x4a, 0x06, 0xb8, 0x04, 0x4b, 0x06,
 0xba, 0x04, 0x4c, 0x06, 0xbc, 0x04, 0x4d, 0x06,
 0xbe, 0x04, 0x4e, 0x06, 0xc0, 0x04, 0x4f, 0x06,
 0xc2, 0x04, 0x50, 0x06, 0xc4, 0x04, 0x51, 0x06,
 0xc6, 0x04, 0x52, 0x06, 0xc8, 0x04, 0x53, 0x06,
 0xca, 0x04, 0x54, 0x06, 0xcc, 0x04, 0x55, 0x06,
 0xce, 0x04, 0x56, 0x06, 0xd0, 0x04, 0x57, 0x06,
 0xd2, 0x04, 0x58, 0x06, 0xd4, 0x04, 0x59, 0x06,
 0xd6, 0x04, 0x5a, 0x06, 0xd8, 0x04, 0x5b, 0x06,
 0xda, 0x04, 0x5c, 0x06, 0xdc, 0x04, 0x5d, 0x06,
 0xde, 0x04, 0x5e, 0x06, 0xe0, 0x04, 0x5f, 0x06,
 0xe2, 0x04, 0x60, 0x06, 0xe4, 0x04, 0x61, 0x06,
 0xe6, 0x04, 0x62, 0x06, 0xe8, 0x04, 0x63, 0x06,
 0xea, 0x04, 0x64, 0x06, 0xec, 0x04, 0x65, 0x06,
 0xee, 0x04, 0x66, 0x06, 0xf0, 0x04, 0x67, 0x06,
 0xf2, 0x04, 0x68, 0x06, 0xf4, 0x04, 0x69, 0x06,
 0xf6, 0x04, 0x6a, 0x06, 0xf8, 0x04, 0x6b, 0x06,
 0xfa, 0x04, 0x6c, 0x06, 0xfc, 0x04, 0x6d, 0x06,
 0xfe, 0x04, 0x6e, 0x06, 0x80, 0x05, 0x6f, 0x06,
 0x82, 0x05, 0x70, 0x06, 0x84, 0x05, 0x71, 0x06,
 0x86, 0x05, 0x72, 0x06, 0x88, 0x05, 0x73, 0x06,
 0x8a, 0x05, 0x74, 0x06, 0x8c, 0x05, 0x75, 0x06,
 0x8e, 0x05, 0x76, 0x06, 0x90, 0x05, 0x77, 0x06,
 0x92, 0x05, 0x78, 0x16, 0x94, 0x05, 0x79, 0x06,
 0x96, 0x05, 0x7a, 0x06, 0x98, 0x05, 0x7b, 0x06,
 0xac, 0x06, 0x7c, 0x1e, 0xae, 0x06, 0x7d, 0x06,
 0xfc, 0x01, 0x7e, 0x16, 0x0c, 0x43, 0x0a, 0x01,
 0x9a, 0x06, 0x04, 0x00, 0x04, 0x09, 0x00, 0x01,
 0x00, 0x53, 0x04, 0xb0, 0x06, 0x00, 0x01, 0x00,
 0xf2, 0x05, 0x00, 0x01, 0x00, 0xd0, 0x03, 0x00,
 0x01, 0x00, 0xb2, 0x06, 0x00, 0x01, 0x00, 0xd6,
 0x03, 0x23, 0x1a, 0x38, 0x9e, 0x00, 0x00, 0x00,
 0x41, 0x9a, 0x01, 0x00, 0x00, 0xd2, 0x24, 0x01,
 0x00, 0xd6, 0x38, 0x96, 0x00, 0x00, 0x00, 0x41,
 0x9b, 0x01, 0x00, 0x00, 0x38, 0x98, 0x00, 0x00,
 0x00, 0x11, 0xd1, 0xd2, 0xea, 0x15, 0x04, 0x9c,
 0x01, 0x00, 0x00, 0x64, 0x00, 0x00, 0x41, 0x9d,
 0x01, 0x00, 0x00, 0xd2, 0x24, 0x01, 0x00, 0x9c,
 0xec, 0x02, 0xc0, 0x9c, 0x21, 0x01, 0x00, 0x0b,
 0xd2, 0x8b, 0x4b, 0x79, 0x01, 0x00, 0x00, 0xd3,
 0x4b, 0xe8, 0x00, 0x00, 0x00, 0xd4, 0x4b, 0x99,
 0x01, 0x00, 0x00, 0x25, 0x02, 0x00, 0xca, 0x03,
 0x40, 0x01, 0x0c, 0x03, 0x04, 0x34, 0x22, 0x4e,
 0x10, 0x25, 0x18, 0x2a, 0x20, 0x2a, 0x1a, 0xc2,
 0x01, 0x66, 0x75, 0x6e, 0x63, 0x74, 0x69, 0x6f,
 0x6e, 0x20, 0x4d, 0x61, 0x6b, 0x65, 0x45, 0x72,
 0x72, 0x6f, 0x72, 0x28, 0x6d, 0x73, 0x67, 0x2c,
 0x20, 0x65, 0x72, 0x72, 0x6e, 0x6f, 0x2c, 0x20,
 0x70, 0x61, 0x74, 0x68, 0x2c, 0x20, 0x73, 0x79,
 0x73, 0x63, 0x61, 0x6c, 0x6c, 0x29, 0x20, 0x7b,
 0x0a, 0x20, 0x20, 0x65, 0x72, 0x72, 0x6e, 0x6f,
 0x20, 0x3d, 0x20, 0x4d, 0x61, 0x74, 0x68, 0x2e,
 0x61, 0x62, 0x73, 0x28, 0x65, 0x72, 0x72, 0x6e,
 0x6f, 0x29, 0x3b, 0x0a, 0x20, 0x20, 0x72, 0x65,
 0x74, 0x75, 0x72, 0x6e, 0x20, 0x4f, 0x62, 0x6a,
 0x65, 0x63, 0x74, 0x2e, 0x61, 0x73, 0x73, 0x69,
 0x67, 0x6e, 0x28, 0x6e, 0x65, 0x77, 0x20, 0x45,
 0x72, 0x72, 0x6f, 0x72, 0x28, 0x6d, 0x73, 0x67,
 0x20, 0x2b, 0x20, 0x28, 0x65, 0x72, 0x72, 0x6e,
 0x6f, 0x20, 0x3f, 0x20, 0x27, 0x3a, 0x20, 0x27,
 0x20, 0x2b, 0x20, 0x73, 0x74, 0x64, 0x2e, 0x73,
 0x74, 0x72, 0x65, 0x72, 0x72, 0x6f, 0x72, 0x28,
 0x65, 0x72, 0x72, 0x6e, 0x6f, 0x29, 0x20, 0x3a,
 0x20, 0x27, 0x27, 0x29, 0x29, 0x2c, 0x20, 0x7b,
 0x20, 0x65, 0x72, 0x72, 0x6e, 0x6f, 0x3a, 0x20,
 0x2d, 0x65, 0x72, 0x72, 0x6e, 0x6f, 0x2c, 0x20,
 0x70, 0x61, 0x74, 0x68, 0x2c, 0x20, 0x73, 0x79,
 0x73, 0x63, 0x61, 0x6c, 0x6c, 0x20, 0x7d, 0x29,
 0x3b, 0x0a, 0x7d, 0x0c, 0x02, 0x0a, 0x01, 0x00,
 0x01, 0x00, 0x01, 0x01, 0x01, 0x00, 0x01, 0x03,
 0x01, 0xb0, 0x01, 0x00, 0x01, 0x40, 0x00, 0x0c,
 0x02, 0x0a, 0x01, 0x00, 0x01, 0x00, 0x01, 0x08,
 0x00, 0x01, 0x00, 0x24, 0x01, 0xbc, 0x06, 0x00,
 0x01, 0x00, 0xb0, 0x01, 0x00, 0x01, 0x38, 0xd2,
 0x00, 0x00, 0x00, 0x11, 0x04, 0x9f, 0x01, 0x00,
 0x00, 0x41, 0x5d, 0x00, 0x00, 0x00, 0xdd, 0x04,
 0xa0, 0x01, 0x00, 0x00, 0x38, 0xa1, 0x01, 0x00,
 0x00, 0xd1, 0xef, 0x24, 0x03, 0x00, 0x21, 0x01,
 0x00, 0x28, 0xca, 0x03, 0x71, 0x20, 0x05, 0x02,
 0x16, 0x89, 0xc0, 0x01, 0x72, 0x61, 0x72, 0x67,
 0x20, 0x3d, 0x3e, 0x20, 0x6e, 0x65, 0x77, 0x20,
 0x54, 0x79, 0x70, 0x65, 0x45, 0x72, 0x72, 0x6f,
 0x72, 0x28, 0x60, 0x61, 0x72, 0x67, 0x75, 0x6d,
 0x65, 0x6e, 0x74, 0x20, 0x24, 0x7b, 0x69, 0x6e,
 0x64, 0x65, 0x78, 0x7d, 0x20, 0x6d, 0x75, 0x73,
 0x74, 0x20, 0x62, 0x65, 0x20, 0x41, 0x72, 0x72,
 0x61, 0x79, 0x42, 0x75, 0x66, 0x66, 0x65, 0x72,
 0x2c, 0x20, 0x54, 0x79, 0x70, 0x65, 0x64, 0x41,
 0x72, 0x72, 0x61, 0x79, 0x20, 0x6f, 0x72, 0x20,
 0x44, 0x61, 0x74, 0x61, 0x56, 0x69, 0x65, 0x77,
 0x2c, 0x20, 0x62, 0x75, 0x74, 0x20, 0x69, 0x73,
 0x3a, 0x20, 0x24, 0x7b, 0x67, 0x65, 0x74, 0x54,
 0x79, 0x70, 0x65, 0x4e, 0x61, 0x6d, 0x65, 0x28,
 0x61, 0x72, 0x67, 0x29, 0x7d, 0x60, 0x29, 0xbf,
 0x00, 0x28, 0xca, 0x03, 0x71, 0x17, 0x00, 0x7b,
 0x69, 0x6e, 0x64, 0x65, 0x78, 0x20, 0x3d, 0x3e,
 0x20, 0x61, 0x72, 0x67, 0x20, 0x3d, 0x3e, 0x20,
 0x6e, 0x65, 0x77, 0x20, 0x54, 0x79, 0x70, 0x65,
 0x45, 0x72, 0x72, 0x6f, 0x72, 0x28, 0x60, 0x61,
 0x72, 0x67, 0x75, 0x6d, 0x65, 0x6e, 0x74, 0x20,
 0x24, 0x7b, 0x69, 0x6e, 0x64, 0x65, 0x78, 0x7d,
 0x20, 0x6d, 0x75, 0x73, 0x74, 0x20, 0x62, 0x65,
 0x20, 0x41, 0x72, 0x72, 0x61, 0x79, 0x42, 0x75,
 0x66, 0x66, 0x65, 0x72, 0x2c, 0x20, 0x54, 0x79,
 0x70, 0x65, 0x64, 0x41, 0x72, 0x72, 0x61, 0x79,
 0x20, 0x6f, 0x72, 0x20, 0x44, 0x61, 0x74, 0x61,
 0x56, 0x69, 0x65, 0x77, 0x2c, 0x20, 0x62, 0x75,
 0x74, 0x20, 0x69, 0x73, 0x3a, 0x20, 0x24, 0x7b,
 0x67, 0x65, 0x74, 0x54, 0x79, 0x70, 0x65, 0x4e,
 0x61, 0x6d, 0x65, 0x28, 0x61, 0x72, 0x67, 0x29,
 0x7d, 0x60, 0x29, 0x0c, 0x02, 0x0a, 0x01, 0x00,
 0x01, 0x02, 0x01, 0x06, 0x02, 0x02, 0x02, 0x76,
 0x03, 0xc4, 0x06, 0x00, 0x01, 0x00, 0x8e, 0x05,
 0x01, 0x00, 0x70, 0x01, 0xa6, 0x04, 0x01, 0x01,
 0x70, 0x00, 0xc8, 0x05, 0x18, 0x1a, 0xce, 0x03,
 0x01, 0x1a, 0x0c, 0x40, 0x0b, 0x01, 0x00, 0x01,
 0x01, 0x00, 0x05, 0x00, 0x03, 0x00, 0x29, 0x02,
 0xc6, 0x06, 0x00, 0x01, 0x00, 0x10, 0x00, 0x01,
 0x00, 0xc8, 0x05, 0x00, 0x1a, 0xa6, 0x04, 0x01,
 0x18, 0x8e, 0x05, 0x00, 0x18, 0x08, 0xc9, 0x0d,
 0x00, 0x00, 0xd5, 0x64, 0x00, 0x00, 0xd1, 0xb4,
 0x46, 0xef, 0xea, 0x06, 0x64, 0x01, 0x00, 0xec,
 0x04, 0x64, 0x02, 0x00, 0x41, 0xa4, 0x01, 0x00,
 0x00, 0xc5, 0x26, 0x01, 0x00, 0xb5, 0xd1, 0x51,
 0x0e, 0x18, 0x27, 0x00, 0x00, 0x28, 0xca, 0x03,
 0x7a, 0x09, 0x04, 0x30, 0x26, 0x61, 0x3c, 0x63,
 0x76, 0x61, 0x6c, 0x75, 0x65, 0x28, 0x2e, 0x2e,
 0x2e, 0x61, 0x72, 0x67, 0x73, 0x29, 0x20, 0x7b,
 0x0a, 0x20, 0x20, 0x20, 0x20, 0x20, 0x20, 0x20,
 0x20, 0x20, 0x20, 0x72, 0x65, 0x74, 0x75, 0x72,
 0x6e, 0x20, 0x28, 0x69, 0x73, 0x53, 0x74, 0x72,
 0x69, 0x6e, 0x67, 0x28, 0x61, 0x72, 0x67, 0x73,
 0x5b, 0x30, 0x5d, 0x29, 0x20, 0x3f, 0x20, 0x70,
 0x75, 0x74, 0x73, 0x20, 0x3a, 0x20, 0x77, 0x72,
 0x69, 0x74, 0x65, 0x29, 0x2e, 0x63, 0x61, 0x6c,
 0x6c, 0x28, 0x74, 0x68, 0x69, 0x73, 0x2c, 0x20,
 0x2e, 0x2e, 0x2e, 0x61, 0x72, 0x67, 0x73, 0x29,
 0x3b, 0x0a, 0x20, 0x20, 0x20, 0x20, 0x20, 0x20,
 0x20, 0x20, 0x7d, 0x0c, 0x42, 0x0b, 0x01, 0x00,
 0x00, 0x01, 0x00, 0x04, 0x00, 0x01, 0x00, 0x16,
 0x01, 0x10, 0x00, 0x01, 0x00, 0xce, 0x03, 0x01,
 0x1a, 0x08, 0xc9, 0x64, 0x00, 0x00, 0x41, 0x1b,
 0x01, 0x00, 0x00, 0xc5, 0x41, 0x1c, 0x01, 0x00,
 0x00, 0x24, 0x00, 0x00, 0x25, 0x01, 0x00, 0xca,
 0x03, 0x80, 0x01, 0x09, 0x04, 0x35, 0x26, 0x20,
 0x0a, 0x3c, 0x67, 0x65, 0x74, 0x28, 0x29, 0x20,
 0x7b, 0x0a, 0x20, 0x20, 0x20, 0x20, 0x20, 0x20,
 0x20, 0x20, 0x20, 0x20, 0x72, 0x65, 0x74, 0x75,
 0x72, 0x6e, 0x20, 0x6f, 0x73, 0x2e, 0x69, 0x73,
 0x61, 0x74, 0x74, 0x79, 0x28, 0x74, 0x68, 0x69,
 0x73, 0x2e, 0x66, 0x69, 0x6c, 0x65, 0x6e, 0x6f,
 0x28, 0x29, 0x29, 0x3b, 0x0a, 0x20, 0x20, 0x20,
 0x20, 0x20, 0x20, 0x20, 0x20, 0x7d, 0x60, 0x01,
 0x00, 0x60, 0x00, 0x00, 0x06, 0x11, 0xf2, 0xeb,
 0x11, 0x6f, 0x41, 0x47, 0x01, 0x00, 0x00, 0xc9,
 0x41, 0x13, 0x01, 0x00, 0x00, 0xca, 0x0e, 0xec,
 0x05, 0x0e, 0xd1, 0xec, 0xed, 0x04, 0xa5, 0x01,
 0x00, 0x00, 0xd1, 0xaa, 0x95, 0xea, 0x4d, 0x38,
 0x96, 0x00, 0x00, 0x00, 0x41, 0x5a, 0x00, 0x00,
 0x00, 0xd1, 0x0b, 0x0b, 0x61, 0x00, 0x00, 0x4b,
 0x41, 0x00, 0x00, 0x00, 0x0a, 0x4b, 0x3e, 0x00,
 0x00, 0x00, 0x4b, 0xa5, 0x01, 0x00, 0x00, 0x0b,
 0xbf, 0x00, 0x53, 0x41, 0x00, 0x00, 0x00, 0x04,
 0x0a, 0x4b, 0x3e, 0x00, 0x00, 0x00, 0x4b, 0x47,
 0x01, 0x00, 0x00, 0x0b, 0xbf, 0x01, 0x53, 0x42,
 0x00, 0x00, 0x00, 0x04, 0x0a, 0x4b, 0x3e, 0x00,
 0x00, 0x00, 0x4b, 0xa6, 0x01, 0x00, 0x00, 0x24,
 0x02, 0x00, 0x0e, 0x29, 0xca, 0x03, 0x73, 0x02,
 0x06, 0xb9, 0x24, 0x1c, 0x1d, 0x34, 0x30, 0xcb,
 0x03, 0x70, 0x72, 0x6f, 0x74, 0x6f, 0x20, 0x3d,
 0x3e, 0x20, 0x7b, 0x0a, 0x20, 0x20, 0x63, 0x6f,
 0x6e, 0x73, 0x74, 0x20, 0x7b, 0x20, 0x77, 0x72,
 0x69, 0x74, 0x65, 0x2c, 0x20, 0x70, 0x75, 0x74,
 0x73, 0x20, 0x7d, 0x20, 0x3d, 0x20, 0x70, 0x72,
 0x6f, 0x74, 0x6f, 0x3b, 0x0a, 0x0a, 0x20, 0x20,
 0x69, 0x66, 0x28, 0x21, 0x28, 0x27, 0x77, 0x72,
 0x69, 0x74, 0x65, 0x62, 0x27, 0x20, 0x69, 0x6e,
 0x20, 0x70, 0x72, 0x6f, 0x74, 0x6f, 0x29, 0x29,
 0x20, 0x7b, 0x0a, 0x20, 0x20, 0x20, 0x20, 0x4f,
 0x62, 0x6a, 0x65, 0x63, 0x74, 0x2e, 0x64, 0x65,
 0x66, 0x69, 0x6e, 0x65, 0x50, 0x72, 0x6f, 0x70,
 0x65, 0x72, 0x74, 0x69, 0x65, 0x73, 0x28, 0x70,
 0x72, 0x6f, 0x74, 0x6f, 0x2c, 0x20, 0x7b, 0x0a,
 0x20, 0x20, 0x20, 0x20, 0x20, 0x20, 0x77, 0x72,
 0x69, 0x74, 0x65, 0x62, 0x3a, 0x20, 0x7b, 0x20,
 0x76, 0x61, 0x6c, 0x75, 0x65, 0x3a, 0x20, 0x77,
 0x72, 0x69, 0x74, 0x65, 0x2c, 0x20, 0x63, 0x6f,
 0x6e, 0x66, 0x69, 0x67, 0x75, 0x72, 0x61, 0x62,
 0x6c, 0x65, 0x3a, 0x20, 0x74, 0x72, 0x75, 0x65,
 0x20, 0x7d, 0x2c, 0x0a, 0x20, 0x20, 0x20, 0x20,
 0x20, 0x20, 0x77, 0x72, 0x69, 0x74, 0x65, 0x3a,
 0x20, 0x7b, 0x0a, 0x20, 0x20, 0x20, 0x20, 0x20,
 0x20, 0x20, 0x20, 0x76, 0x61, 0x6c, 0x75, 0x65,
 0x28, 0x2e, 0x2e, 0x2e, 0x61, 0x72, 0x67, 0x73,
 0x29, 0x20, 0x7b, 0x0a, 0x20, 0x20, 0x20, 0x20,
 0x20, 0x20, 0x20, 0x20, 0x20, 0x20, 0x72, 0x65,
 0x74, 0x75, 0x72, 0x6e, 0x20, 0x28, 0x69, 0x73,
 0x53, 0x74, 0x72, 0x69, 0x6e, 0x67, 0x28, 0x61,
 0x72, 0x67, 0x73, 0x5b, 0x30, 0x5d, 0x29, 0x20,
 0x3f, 0x20, 0x70, 0x75, 0x74, 0x73, 0x20, 0x3a,
 0x20, 0x77, 0x72, 0x69, 0x74, 0x65, 0x29, 0x2e,
 0x63, 0x61, 0x6c, 0x6c, 0x28, 0x74, 0x68, 0x69,
 0x73, 0x2c, 0x20, 0x2e, 0x2e, 0x2e, 0x61, 0x72,
 0x67, 0x73, 0x29, 0x3b, 0x0a, 0x20, 0x20, 0x20,
 0x20, 0x20, 0x20, 0x20, 0x20, 0x7d, 0x2c, 0x0a,
 0x20, 0x20, 0x20, 0x20, 0x20, 0x20, 0x20, 0x20,
 0x63, 0x6f, 0x6e, 0x66, 0x69, 0x67, 0x75, 0x72,
 0x61, 0x62, 0x6c, 0x65, 0x3a, 0x20, 0x74, 0x72,
 0x75, 0x65, 0x2c, 0x0a, 0x20, 0x20, 0x20, 0x20,
 0x20, 0x20, 0x7d, 0x2c, 0x0a, 0x20, 0x20, 0x20,
 0x20, 0x20, 0x20, 0x69, 0x73, 0x54, 0x54, 0x59,
 0x3a, 0x20, 0x7b, 0x0a, 0x20, 0x20, 0x20, 0x20,
 0x20, 0x20, 0x20, 0x20, 0x67, 0x65, 0x74, 0x28,
 0x29, 0x20, 0x7b, 0x0a, 0x20, 0x20, 0x20, 0x20,
 0x20, 0x20, 0x20, 0x20, 0x20, 0x20, 0x72, 0x65,
 0x74, 0x75, 0x72, 0x6e, 0x20, 0x6f, 0x73, 0x2e,
 0x69, 0x73, 0x61, 0x74, 0x74, 0x79, 0x28, 0x74,
 0x68, 0x69, 0x73, 0x2e, 0x66, 0x69, 0x6c, 0x65,
 0x6e, 0x6f, 0x28, 0x29, 0x29, 0x3b, 0x0a, 0x20,
 0x20, 0x20, 0x20, 0x20, 0x20, 0x20, 0x20, 0x7d,
 0x2c, 0x0a, 0x20, 0x20, 0x20, 0x20, 0x20, 0x20,
 0x20, 0x20, 0x63, 0x6f, 0x6e, 0x66, 0x69, 0x67,
 0x75, 0x72, 0x61, 0x62, 0x6c, 0x65, 0x3a, 0x20,
 0x74, 0x72, 0x75, 0x65, 0x2c, 0x0a, 0x20, 0x20,
 0x20, 0x20, 0x20, 0x20, 0x7d, 0x2c, 0x0a, 0x20,
 0x20, 0x20, 0x20, 0x7d, 0x29, 0x3b, 0x0a, 0x20,
 0x20, 0x7d, 0x0a, 0x7d, 0x0c, 0x43, 0x0a, 0x01,
 0x9e, 0x06, 0x02, 0x03, 0x02, 0x05, 0x00, 0x02,
 0x00, 0xa1, 0x01, 0x05, 0x6e, 0x00, 0x01, 0x00,
 0xce, 0x06, 0x00, 0x01, 0x00, 0xf2, 0x05, 0x01,
 0x00, 0x30, 0xd0, 0x06, 0x06, 0x01, 0x30, 0xd2,
 0x06, 0x06, 0x02, 0x30, 0xde, 0x05, 0x05, 0x1a,
 0xd4, 0x05, 0x24, 0x1a, 0x60, 0x00, 0x00, 0x06,
 0x11, 0xf2, 0xeb, 0x0b, 0x6f, 0x41, 0x79, 0x01,
 0x00, 0x00, 0xc9, 0x0e, 0xec, 0x08, 0x0e, 0x64,
 0x00, 0x00, 0xee, 0xec, 0xf0, 0xd2, 0x96, 0x04,
 0x47, 0x00, 0x00, 0x00, 0xab, 0xea, 0x25, 0xd2,
 0xb4, 0xa5, 0xea, 0x19, 0x64, 0x01, 0x00, 0x11,
 0xd1, 0x61, 0x00, 0x00, 0xd2, 0x8b, 0xab, 0xea,
 0x05, 0xd2, 0x8b, 0xec, 0x04, 0x61, 0x00, 0x00,
 0x21, 0x02, 0x00, 0x30, 0xd2, 0x11, 0xeb, 0x03,
 0x0e, 0xb4, 0x28, 0x38, 0x97, 0x00, 0x00, 0x00,
 0x41, 0xaa, 0x01, 0x00, 0x00, 0xd2, 0x24, 0x01,
 0x00, 0xea, 0x3f, 0x60, 0x02, 0x00, 0x60, 0x01,
 0x00, 0x06, 0x11, 0xf2, 0xeb, 0x0d, 0x7d, 0x80,
 0x00, 0x0e, 0xca, 0x80, 0x00, 0x0e, 0xcb, 0x83,
 0xec, 0x05, 0x0e, 0xd2, 0xec, 0xf1, 0x61, 0x02,
 0x00, 0xea, 0x1b, 0x64, 0x01, 0x00, 0x11, 0xd1,
 0x61, 0x00, 0x00, 0x61, 0x02, 0x00, 0xab, 0xea,
 0x06, 0x61, 0x02, 0x00, 0xec, 0x04, 0x61, 0x00,
 0x00, 0x21, 0x02, 0x00, 0x30, 0x61, 0x01, 0x00,
 0x28, 0x64, 0x01, 0x00, 0x11, 0xd1, 0x61, 0x00,
 0x00, 0x21, 0x02, 0x00, 0x30, 0xca, 0x03, 0x89,
 0x01, 0x01, 0x14, 0x71, 0x28, 0x18, 0x01, 0x35,
 0x0b, 0x16, 0x1a, 0x2a, 0x38, 0xaa, 0x37, 0xc3,
 0x07, 0x2a, 0x38, 0x00, 0x16, 0x0a, 0x4b, 0x87,
 0x03, 0x66, 0x75, 0x6e, 0x63, 0x74, 0x69, 0x6f,
 0x6e, 0x20, 0x73, 0x79, 0x73, 0x63, 0x61, 0x6c,
 0x6c, 0x65, 0x72, 0x72, 0x28, 0x6e, 0x61, 0x6d,
 0x65, 0x2c, 0x20, 0x72, 0x65, 0x74, 0x29, 0x20,
 0x7b, 0x0a, 0x20, 0x20, 0x63, 0x6f, 0x6e, 0x73,
 0x74, 0x20, 0x7b, 0x20, 0x65, 0x72, 0x72, 0x6e,
 0x6f, 0x20, 0x7d, 0x20, 0x3d, 0x20, 0x73, 0x79,
 0x73, 0x5f, 0x65, 0x72, 0x72, 0x6f, 0x72, 0x28,
 0x29, 0x3b, 0x0a, 0x0a, 0x20, 0x20, 0x69, 0x66,
 0x28, 0x74, 0x79, 0x70, 0x65, 0x6f, 0x66, 0x20,
 0x72, 0x65, 0x74, 0x20, 0x3d, 0x3d, 0x20, 0x27,
 0x6e, 0x75, 0x6d, 0x62, 0x65, 0x72, 0x27, 0x29,
 0x20, 0x7b, 0x0a, 0x20, 0x20, 0x20, 0x20, 0x69,
 0x66, 0x28, 0x72, 0x65, 0x74, 0x20, 0x3c, 0x20,
 0x30, 0x29, 0x20, 0x74, 0x68, 0x72, 0x6f, 0x77,
 0x20, 0x6e, 0x65, 0x77, 0x20, 0x53, 0x79, 0x73,
 0x63, 0x61, 0x6c, 0x6c, 0x45, 0x72, 0x72, 0x6f,
 0x72, 0x28, 0x6e, 0x61, 0x6d, 0x65, 0x2c, 0x20,
 0x65, 0x72, 0x72, 0x6e, 0x6f, 0x20, 0x3d, 0x3d,
 0x20, 0x2d, 0x72, 0x65, 0x74, 0x20, 0x3f, 0x20,
 0x2d, 0x72, 0x65, 0x74, 0x20, 0x3a, 0x20, 0x65,
 0x72, 0x72, 0x6e, 0x6f, 0x29, 0x3b, 0x0a, 0x0a,
 0x20, 0x20, 0x20, 0x20, 0x72, 0x65, 0x74, 0x75,
 0x72, 0x6e, 0x20, 0x72, 0x65, 0x74, 0x20, 0x7c,
 0x7c, 0x20, 0x30, 0x3b, 0x0a, 0x20, 0x20, 0x7d,
 0x20, 0x65, 0x6c, 0x73, 0x65, 0x20, 0x69, 0x66,
 0x28, 0x41, 0x72, 0x72, 0x61, 0x79, 0x2e, 0x69,
 0x73, 0x41, 0x72, 0x72, 0x61, 0x79, 0x28, 0x72,
 0x65, 0x74, 0x29, 0x29, 0x20, 0x7b, 0x0a, 0x20,
 0x20, 0x20, 0x20, 0x63, 0x6f, 0x6e, 0x73, 0x74,
 0x20, 0x5b, 0x73, 0x74, 0x72, 0x2c, 0x20, 0x65,
 0x72, 0x72, 0x5d, 0x20, 0x3d, 0x20, 0x72, 0x65,
 0x74, 0x3b, 0x0a, 0x0a, 0x20, 0x20, 0x20, 0x20,
 0x69, 0x66, 0x28, 0x65, 0x72, 0x72, 0x29, 0x20,
 0x74, 0x68, 0x72, 0x6f, 0x77, 0x20, 0x6e, 0x65,
 0x77, 0x20, 0x53, 0x79, 0x73, 0x63, 0x61, 0x6c,
 0x6c, 0x45, 0x72, 0x72, 0x6f, 0x72, 0x28, 0x6e,
 0x61, 0x6d, 0x65, 0x2c, 0x20, 0x65, 0x72, 0x72,
 0x6e, 0x6f, 0x20, 0x3d, 0x3d, 0x20, 0x65, 0x72,
 0x72, 0x20, 0x3f, 0x20, 0x65, 0x72, 0x72, 0x20,
 0x3a, 0x20, 0x65, 0x72, 0x72, 0x6e, 0x6f, 0x29,
 0x3b, 0x0a, 0x0a, 0x20, 0x20, 0x20, 0x20, 0x72,
 0x65, 0x74, 0x75, 0x72, 0x6e, 0x20, 0x73, 0x74,
 0x72, 0x3b, 0x0a, 0x20, 0x20, 0x7d, 0x0a, 0x0a,
 0x20, 0x20, 0x74, 0x68, 0x72, 0x6f, 0x77, 0x20,
 0x6e, 0x65, 0x77, 0x20, 0x53, 0x79, 0x73, 0x63,
 0x61, 0x6c, 0x6c, 0x45, 0x72, 0x72, 0x6f, 0x72,
 0x28, 0x6e, 0x61, 0x6d, 0x65, 0x2c, 0x20, 0x65,
 0x72, 0x72, 0x6e, 0x6f, 0x29, 0x3b, 0x0a, 0x7d,
 0x0c, 0x42, 0x0b, 0x01, 0x00, 0x01, 0x04, 0x01,
 0x08, 0x00, 0x02, 0x00, 0xba, 0x01, 0x05, 0xd6,
 0x06, 0x00, 0x01, 0x00, 0xd8, 0x05, 0x02, 0x00,
 0x20, 0x82, 0x01, 0x04, 0x01, 0x30, 0xd8, 0x05,
 0x06, 0x00, 0x30, 0x10, 0x00, 0x01, 0x00, 0xee,
 0x01, 0x01, 0x18, 0xa0, 0x06, 0x41, 0x1a, 0x08,
 0xcc, 0x2b, 0x64, 0x00, 0x00, 0x11, 0xea, 0x06,
 0xc8, 0x1b, 0x24, 0x00, 0x00, 0x0e, 0xc8, 0xd1,
 0x40, 0xac, 0x01, 0x00, 0x00, 0x42, 0xac, 0x01,
 0x00, 0x00, 0x60, 0x00, 0x00, 0x64, 0x01, 0x00,
 0x7c, 0xec, 0x4c, 0xc9, 0xd1, 0x61, 0x00, 0x00,
 0x46, 0x38, 0x46, 0x00, 0x00, 0x00, 0xae, 0xea,
 0x3e, 0x60, 0x01, 0x00, 0xd1, 0x61, 0x00, 0x00,
 0x46, 0xca, 0x61, 0x00, 0x00, 0x41, 0xad, 0x01,
 0x00, 0x00, 0x04, 0xae, 0x01, 0x00, 0x00, 0x24,
 0x01, 0x00, 0xea, 0x0f, 0x61, 0x00, 0x00, 0x04,
 0xaf, 0x01, 0x00, 0x00, 0x9c, 0x11, 0x62, 0x00,
 0x00, 0x0e, 0xc8, 0x61, 0x00, 0x00, 0x1b, 0x11,
 0xaf, 0xeb, 0x04, 0x1b, 0x70, 0x1b, 0x1b, 0x61,
 0x01, 0x00, 0x1b, 0x70, 0x1b, 0x48, 0x7f, 0xea,
 0xb3, 0x0e, 0x0e, 0x60, 0x02, 0x00, 0x64, 0x01,
 0x00, 0x7c, 0xec, 0x39, 0xcb, 0x61, 0x02, 0x00,
 0x41, 0xad, 0x01, 0x00, 0x00, 0x04, 0xae, 0x01,
 0x00, 0x00, 0x24, 0x01, 0x00, 0xea, 0x26, 0xc8,
 0x61, 0x02, 0x00, 0x1b, 0x11, 0xaf, 0xeb, 0x04,
 0x1b, 0x70, 0x1b, 0x1b, 0x38, 0xa0, 0x00, 0x00,
 0x00, 0x11, 0xc8, 0x61, 0x02, 0x00, 0x04, 0xaf,
 0x01, 0x00, 0x00, 0x9c, 0x46, 0x21, 0x01, 0x00,
 0x1b, 0x70, 0x1b, 0x48, 0x7f, 0xea, 0xc6, 0x0e,
 0x29, 0xca, 0x03, 0xb0, 0x01, 0x03, 0x14, 0x4e,
 0x04, 0x8c, 0x24, 0x82, 0x0b, 0x34, 0x24, 0x4a,
 0x33, 0x00, 0x2b, 0x08, 0x0c, 0x34, 0x24, 0x43,
 0x22, 0x34, 0x22, 0xd9, 0x07, 0x63, 0x6c, 0x61,
 0x73, 0x73, 0x20, 0x53, 0x74, 0x61, 0x74, 0x73,
 0x20, 0x7b, 0x0a, 0x20, 0x20, 0x63, 0x6f, 0x6e,
 0x73, 0x74, 0x72, 0x75, 0x63, 0x74, 0x6f, 0x72,
 0x28, 0x73, 0x74, 0x29, 0x20, 0x7b, 0x0a, 0x20,
 0x20, 0x20, 0x20, 0x74, 0x68, 0x69, 0x73, 0x2e,
 0x6d, 0x6f, 0x64, 0x65, 0x20, 0x3d, 0x20, 0x73,
 0x74, 0x2e, 0x6d, 0x6f, 0x64, 0x65, 0x3b, 0x0a,
 0x0a, 0x20, 0x20, 0x20, 0x20, 0x66, 0x6f, 0x72,
 0x28, 0x6c, 0x65, 0x74, 0x20, 0x70, 0x72, 0x6f,
 0x70, 0x20, 0x69, 0x6e, 0x20, 0x73, 0x74, 0x61,
 0x74, 0x73, 0x46, 0x69, 0x65, 0x6c, 0x64, 0x73,
 0x29, 0x0a, 0x20, 0x20, 0x20, 0x20, 0x20, 0x20,
 0x69, 0x66, 0x28, 0x73, 0x74, 0x5b, 0x70, 0x72,
 0x6f, 0x70, 0x5d, 0x20, 0x21, 0x3d, 0x3d, 0x20,
 0x75, 0x6e, 0x64, 0x65, 0x66, 0x69, 0x6e, 0x65,
 0x64, 0x29, 0x20, 0x7b, 0x0a, 0x20, 0x20, 0x20,
 0x20, 0x20, 0x20, 0x20, 0x20, 0x63, 0x6f, 0x6e,
 0x73, 0x74, 0x20, 0x76, 0x61, 0x6c, 0x75, 0x65,
 0x20, 0x3d, 0x20, 0x73, 0x74, 0x5b, 0x70, 0x72,
 0x6f, 0x70, 0x5d, 0x3b, 0x0a, 0x0a, 0x20, 0x20,
 0x20, 0x20, 0x20, 0x20, 0x20, 0x20, 0x69, 0x66,
 0x28, 0x70, 0x72, 0x6f, 0x70, 0x2e, 0x65, 0x6e,
 0x64, 0x73, 0x57, 0x69, 0x74, 0x68, 0x28, 0x27,
 0x74, 0x69, 0x6d, 0x65, 0x27, 0x29, 0x29, 0x20,
 0x70, 0x72, 0x6f, 0x70, 0x20, 0x2b, 0x3d, 0x20,
 0x27, 0x4d, 0x73, 0x27, 0x3b, 0x0a, 0x0a, 0x20,
 0x20, 0x20, 0x20, 0x20, 0x20, 0x20, 0x20, 0x74,
 0x68, 0x69, 0x73, 0x5b, 0x70, 0x72, 0x6f, 0x70,
 0x5d, 0x20, 0x3d, 0x20, 0x76, 0x61, 0x6c, 0x75,
 0x65, 0x3b, 0x0a, 0x20, 0x20, 0x20, 0x20, 0x20,
 0x20, 0x7d, 0x0a, 0x0a, 0x20, 0x20, 0x20, 0x20,
 0x66, 0x6f, 0x72, 0x28, 0x63, 0x6f, 0x6e, 0x73,
 0x74, 0x20, 0x70, 0x72, 0x6f, 0x70, 0x20, 0x69,
 0x6e, 0x20, 0x73, 0x74, 0x61, 0x74, 0x73, 0x46,
 0x69, 0x65, 0x6c, 0x64, 0x73, 0x29, 0x20, 0x7b,
 0x0a, 0x20, 0x20, 0x20, 0x20, 0x20, 0x20, 0x69,
 0x66, 0x28, 0x70, 0x72, 0x6f, 0x70, 0x2e, 0x65,
 0x6e, 0x64, 0x73, 0x57, 0x69, 0x74, 0x68, 0x28,
 0x27, 0x74, 0x69, 0x6d, 0x65, 0x27, 0x29, 0x29,
 0x20, 0x74, 0x68, 0x69, 0x73, 0x5b, 0x70, 0x72,
 0x6f, 0x70, 0x5d, 0x20, 0x3d, 0x20, 0x6e, 0x65,
 0x77, 0x20, 0x44, 0x61, 0x74, 0x65, 0x28, 0x74,
 0x68, 0x69, 0x73, 0x5b, 0x70, 0x72, 0x6f, 0x70,
 0x20, 0x2b, 0x20, 0x27, 0x4d, 0x73, 0x27, 0x5d,
 0x29, 0x3b, 0x0a, 0x20, 0x20, 0x20, 0x20, 0x7d,
 0x0a, 0x20, 0x20, 0x7d, 0x0a, 0x0a, 0x20, 0x20,
 0x2f, 0x2a, 0x20, 0x70, 0x72, 0x65, 0x74, 0x74,
 0x69, 0x65, 0x72, 0x2d, 0x69, 0x67, 0x6e, 0x6f,
 0x72, 0x65, 0x20, 0x2a, 0x2f, 0x20, 0x69, 0x73,
 0x44, 0x69, 0x72, 0x65, 0x63, 0x74, 0x6f, 0x72,
 0x79, 0x28, 0x29, 0x20, 0x7b, 0x20, 0x72, 0x65,
 0x74, 0x75, 0x72, 0x6e, 0x20, 0x28, 0x74, 0x68,
 0x69, 0x73, 0x2e, 0x6d, 0x6f, 0x64, 0x65, 0x20,
 0x26, 0x20, 0x6f, 0x73, 0x2e, 0x53, 0x5f, 0x49,
 0x46, 0x4d, 0x54, 0x29, 0x20, 0x3d, 0x3d, 0x20,
 0x6f, 0x73, 0x2e, 0x53, 0x5f, 0x49, 0x46, 0x44,
 0x49, 0x52, 0x3b, 0x20, 0x7d, 0x0a, 0x20, 0x20,
 0x2f, 0x2a, 0x20, 0x70, 0x72, 0x65, 0x74, 0x74,
 0x69, 0x65, 0x72, 0x2d, 0x69, 0x67, 0x6e, 0x6f,
 0x72, 0x65, 0x20, 0x2a, 0x2f, 0x20, 0x69, 0x73,
 0x43, 0x68, 0x61, 0x72, 0x61, 0x63, 0x74, 0x65,
 0x72, 0x44, 0x65, 0x76, 0x69, 0x63, 0x65, 0x28,
 0x29, 0x20, 0x7b, 0x20, 0x72, 0x65, 0x74, 0x75,
 0x72, 0x6e, 0x20, 0x28, 0x74, 0x68, 0x69, 0x73,
 0x2e, 0x6d, 0x6f, 0x64, 0x65, 0x20, 0x26, 0x20,
 0x6f, 0x73, 0x2e, 0x53, 0x5f, 0x49, 0x46, 0x4d,
 0x54, 0x29, 0x20, 0x3d, 0x3d, 0x20, 0x6f, 0x73,
 0x2e, 0x53, 0x5f, 0x49, 0x46, 0x43, 0x48, 0x52,
 0x3b, 0x20, 0x7d, 0x0a, 0x20, 0x20, 0x2f, 0x2a,
 0x20, 0x70, 0x72, 0x65, 0x74, 0x74, 0x69, 0x65,
 0x72, 0x2d, 0x69, 0x67, 0x6e, 0x6f, 0x72, 0x65,
 0x20, 0x2a, 0x2f, 0x20, 0x69, 0x73, 0x42, 0x6c,
 0x6f, 0x63, 0x6b, 0x44, 0x65, 0x76, 0x69, 0x63,
 0x65, 0x28, 0x29, 0x20, 0x7b, 0x20, 0x72, 0x65,
 0x74, 0x75, 0x72, 0x6e, 0x20, 0x28, 0x74, 0x68,
 0x69, 0x73, 0x2e, 0x6d, 0x6f, 0x64, 0x65, 0x20,
 0x26, 0x20, 0x6f, 0x73, 0x2e, 0x53, 0x5f, 0x49,
 0x46, 0x4d, 0x54, 0x29, 0x20, 0x3d, 0x3d, 0x20,
 0x6f, 0x73, 0x2e, 0x53, 0x5f, 0x49, 0x46, 0x42,
 0x4c, 0x4b, 0x3b, 0x20, 0x7d, 0x0a, 0x20, 0x20,
 0x2f, 0x2a, 0x20, 0x70, 0x72, 0x65, 0x74, 0x74,
 0x69, 0x65, 0x72, 0x2d, 0x69, 0x67, 0x6e, 0x6f,
 0x72, 0x65, 0x20, 0x2a, 0x2f, 0x20, 0x69, 0x73,
 0x46, 0x69, 0x6c, 0x65, 0x28, 0x29, 0x20, 0x7b,
 0x20, 0x72, 0x65, 0x74, 0x75, 0x72, 0x6e, 0x20,
 0x28, 0x74, 0x68, 0x69, 0x73, 0x2e, 0x6d, 0x6f,
 0x64, 0x65, 0x20, 0x26, 0x20, 0x6f, 0x73, 0x2e,
 0x53, 0x5f, 0x49, 0x46, 0x4d, 0x54, 0x29, 0x20,
 0x3d, 0x3d, 0x20, 0x6f, 0x73, 0x2e, 0x53, 0x5f,
 0x49, 0x46, 0x52, 0x45, 0x47, 0x3b, 0x20, 0x7d,
 0x0a, 0x20, 0x20, 0x2f, 0x2a, 0x20, 0x70, 0x72,
 0x65, 0x74, 0x74, 0x69, 0x65, 0x72, 0x2d, 0x69,
 0x67, 0x6e, 0x6f, 0x72, 0x65, 0x20, 0x2a, 0x2f,
 0x20, 0x69, 0x73, 0x46, 0x49, 0x46, 0x4f, 0x28,
 0x29, 0x20, 0x7b, 0x20, 0x72, 0x65, 0x74, 0x75,
 0x72, 0x6e, 0x20, 0x28, 0x74, 0x68, 0x69, 0x73,
 0x2e, 0x6d, 0x6f, 0x64, 0x65, 0x20, 0x26, 0x20,
 0x6f, 0x73, 0x2e, 0x53, 0x5f, 0x49, 0x46, 0x4d,
 0x54, 0x29, 0x20, 0x3d, 0x3d, 0x20, 0x6f, 0x73,
 0x2e, 0x53, 0x5f, 0x49, 0x46, 0x49, 0x46, 0x4f,
 0x3b, 0x20, 0x7d, 0x0a, 0x20, 0x20, 0x2f, 0x2a,
 0x20, 0x70, 0x72, 0x65, 0x74, 0x74, 0x69, 0x65,
 0x72, 0x2d, 0x69, 0x67, 0x6e, 0x6f, 0x72, 0x65,
 0x20, 0x2a, 0x2f, 0x20, 0x69, 0x73, 0x53, 0x79,
 0x6d, 0x62, 0x6f, 0x6c, 0x69, 0x63, 0x4c, 0x69,
 0x6e, 0x6b, 0x28, 0x29, 0x20, 0x7b, 0x20, 0x72,
 0x65, 0x74, 0x75, 0x72, 0x6e, 0x20, 0x28, 0x74,
 0x68, 0x69, 0x73, 0x2e, 0x6d, 0x6f, 0x64, 0x65,
 0x20, 0x26, 0x20, 0x6f, 0x73, 0x2e, 0x53, 0x5f,
 0x49, 0x46, 0x4d, 0x54, 0x29, 0x20, 0x3d, 0x3d,
 0x20, 0x6f, 0x73, 0x2e, 0x53, 0x5f, 0x49, 0x46,
 0x4c, 0x4e, 0x4b, 0x3b, 0x20, 0x7d, 0x0a, 0x20,
 0x20, 0x2f, 0x2a, 0x20, 0x70, 0x72, 0x65, 0x74,
 0x74, 0x69, 0x65, 0x72, 0x2d, 0x69, 0x67, 0x6e,
 0x6f, 0x72, 0x65, 0x20, 0x2a, 0x2f, 0x20, 0x69,
 0x73, 0x53, 0x6f, 0x63, 0x6b, 0x65, 0x74, 0x28,
 0x29, 0x20, 0x7b, 0x20, 0x72, 0x65, 0x74, 0x75,
 0x72, 0x6e, 0x20, 0x28, 0x74, 0x68, 0x69, 0x73,
 0x2e, 0x6d, 0x6f, 0x64, 0x65, 0x20, 0x26, 0x20,
 0x6f, 0x73, 0x2e, 0x53, 0x5f, 0x49, 0x46, 0x4d,
 0x54, 0x29, 0x20, 0x3d, 0x3d, 0x20, 0x6f, 0x73,
 0x2e, 0x53, 0x5f, 0x49, 0x46, 0x53, 0x4f, 0x43,
 0x4b, 0x3b, 0x20, 0x7d, 0x0a, 0x7d, 0x0c, 0x42,
 0x0b, 0x01, 0x00, 0x00, 0x01, 0x00, 0x02, 0x00,
 0x01, 0x00, 0x1b, 0x01, 0x10, 0x00, 0x01, 0x00,
 0xce, 0x03, 0x01, 0x1a, 0x08, 0xc9, 0xc5, 0x40,
 0xac, 0x01, 0x00, 0x00, 0x64, 0x00, 0x00, 0x40,
 0xb0, 0x01, 0x00, 0x00, 0xa1, 0x64, 0x00, 0x00,
 0x40, 0xb1, 0x01, 0x00, 0x00, 0xab, 0x28, 0xca,
 0x03, 0xc1, 0x01, 0x19, 0x04, 0x2a, 0x48, 0x2f,
 0x1c, 0x3f, 0x69, 0x73, 0x44, 0x69, 0x72, 0x65,
 0x63, 0x74, 0x6f, 0x72, 0x79, 0x28, 0x29, 0x20,
 0x7b, 0x20, 0x72, 0x65, 0x74, 0x75, 0x72, 0x6e,
 0x20, 0x28, 0x74, 0x68, 0x69, 0x73, 0x2e, 0x6d,
 0x6f, 0x64, 0x65, 0x20, 0x26, 0x20, 0x6f, 0x73,
 0x2e, 0x53, 0x5f, 0x49, 0x46, 0x4d, 0x54, 0x29,
 0x20, 0x3d, 0x3d, 0x20, 0x6f, 0x73, 0x2e, 0x53,
 0x5f, 0x49, 0x46, 0x44, 0x49, 0x52, 0x3b, 0x20,
 0x7d, 0x0c, 0x42, 0x0b, 0x01, 0x00, 0x00, 0x01,
 0x00, 0x02, 0x00, 0x01, 0x00, 0x1b, 0x01, 0x10,
 0x00, 0x01, 0x00, 0xce, 0x03, 0x01, 0x1a, 0x08,
 0xc9, 0xc5, 0x40, 0xac, 0x01, 0x00, 0x00, 0x64,
 0x00, 0x00, 0x40, 0xb0, 0x01, 0x00, 0x00, 0xa1,
 0x64, 0x00, 0x00, 0x40, 0xb2, 0x01, 0x00, 0x00,
 0xab, 0x28, 0xca, 0x03, 0xc2, 0x01, 0x19, 0x04,
 0x2a, 0x54, 0x2f, 0x1c, 0x45, 0x69, 0x73, 0x43,
 0x68, 0x61, 0x72, 0x61, 0x63, 0x74, 0x65, 0x72,
 0x44, 0x65, 0x76, 0x69, 0x63, 0x65, 0x28, 0x29,
 0x20, 0x7b, 0x20, 0x72, 0x65, 0x74, 0x75, 0x72,
 0x6e, 0x20, 0x28, 0x74, 0x68, 0x69, 0x73, 0x2e,
 0x6d, 0x6f, 0x64, 0x65, 0x20, 0x26, 0x20, 0x6f,
 0x73, 0x2e, 0x53, 0x5f, 0x49, 0x46, 0x4d, 0x54,
 0x29, 0x20, 0x3d, 0x3d, 0x20, 0x6f, 0x73, 0x2e,
 0x53, 0x5f, 0x49, 0x46, 0x43, 0x48, 0x52, 0x3b,
 0x20, 0x7d, 0x0c, 0x42, 0x0b, 0x01, 0x00, 0x00,
 0x01, 0x00, 0x02, 0x00, 0x01, 0x00, 0x1b, 0x01,
 0x10, 0x00, 0x01, 0x00, 0xce, 0x03, 0x01, 0x1a,
 0x08, 0xc9, 0xc5, 0x40, 0xac, 0x01, 0x00, 0x00,
 0x64, 0x00, 0x00, 0x40, 0xb0, 0x01, 0x00, 0x00,
 0xa1, 0x64, 0x00, 0x00, 0x40, 0xb3, 0x01, 0x00,
 0x00, 0xab, 0x28, 0xca, 0x03, 0xc3, 0x01, 0x19,
 0x04, 0x2a, 0x4c, 0x2f, 0x1c, 0x41, 0x69, 0x73,
 0x42, 0x6c, 0x6f, 0x63, 0x6b, 0x44, 0x65, 0x76,
 0x69, 0x63, 0x65, 0x28, 0x29, 0x20, 0x7b, 0x20,
 0x72, 0x65, 0x74, 0x75, 0x72, 0x6e, 0x20, 0x28,
 0x74, 0x68, 0x69, 0x73, 0x2e, 0x6d, 0x6f, 0x64,
 0x65, 0x20, 0x26, 0x20, 0x6f, 0x73, 0x2e, 0x53,
 0x5f, 0x49, 0x46, 0x4d, 0x54, 0x29, 0x20, 0x3d,
 0x3d, 0x20, 0x6f, 0x73, 0x2e, 0x53, 0x5f, 0x49,
 0x46, 0x42, 0x4c, 0x4b, 0x3b, 0x20, 0x7d, 0x0c,
 0x42, 0x0b, 0x01, 0x00, 0x00, 0x01, 0x00, 0x02,
 0x00, 0x01, 0x00, 0x1b, 0x01, 0x10, 0x00, 0x01,
 0x00, 0xce, 0x03, 0x01, 0x1a, 0x08, 0xc9, 0xc5,
 0x40, 0xac, 0x01, 0x00, 0x00, 0x64, 0x00, 0x00,
 0x40, 0xb0, 0x01, 0x00, 0x00, 0xa1, 0x64, 0x00,
 0x00, 0x40, 0xb4, 0x01, 0x00, 0x00, 0xab, 0x28,
 0xca, 0x03, 0xc4, 0x01, 0x19, 0x04, 0x2a, 0x3e,
 0x2f, 0x1c, 0x3a, 0x69, 0x73, 0x46, 0x69, 0x6c,
 0x65, 0x28, 0x29, 0x20, 0x7b, 0x20, 0x72, 0x65,
 0x74, 0x75, 0x72, 0x6e, 0x20, 0x28, 0x74, 0x68,
 0x69, 0x73, 0x2e, 0x6d, 0x6f, 0x64, 0x65, 0x20,
 0x26, 0x20, 0x6f, 0x73, 0x2e, 0x53, 0x5f, 0x49,
 0x46, 0x4d, 0x54, 0x29, 0x20, 0x3d, 0x3d, 0x20,
 0x6f, 0x73, 0x2e, 0x53, 0x5f, 0x49, 0x46, 0x52,
 0x45, 0x47, 0x3b, 0x20, 0x7d, 0x0c, 0x42, 0x0b,
 0x01, 0x00, 0x00, 0x01, 0x00, 0x02, 0x00, 0x01,
 0x00, 0x1b, 0x01, 0x10, 0x00, 0x01, 0x00, 0xce,
 0x03, 0x01, 0x1a, 0x08, 0xc9, 0xc5, 0x40, 0xac,
 0x01, 0x00, 0x00, 0x64, 0x00, 0x00, 0x40, 0xb0,
 0x01, 0x00, 0x00, 0xa1, 0x64, 0x00, 0x00, 0x40,
 0xb5, 0x01, 0x00, 0x00, 0xab, 0x28, 0xca, 0x03,
 0xc5, 0x01, 0x19, 0x04, 0x2a, 0x3e, 0x2f, 0x1c,
 0x3a, 0x69, 0x73, 0x46, 0x49, 0x46, 0x4f, 0x28,
 0x29, 0x20, 0x7b, 0x20, 0x72, 0x65, 0x74, 0x75,
 0x72, 0x6e, 0x20, 0x28, 0x74, 0x68, 0x69, 0x73,
 0x2e, 0x6d, 0x6f, 0x64, 0x65, 0x20, 0x26, 0x20,
 0x6f, 0x73, 0x2e, 0x53, 0x5f, 0x49, 0x46, 0x4d,
 0x54, 0x29, 0x20, 0x3d, 0x3d, 0x20, 0x6f, 0x73,
 0x2e, 0x53, 0x5f, 0x49, 0x46, 0x49, 0x46, 0x4f,
 0x3b, 0x20, 0x7d, 0x0c, 0x42, 0x0b, 0x01, 0x00,
 0x00, 0x01, 0x00, 0x02, 0x00, 0x01, 0x00, 0x1b,
 0x01, 0x10, 0x00, 0x01, 0x00, 0xce, 0x03, 0x01,
 0x1a, 0x08, 0xc9, 0xc5, 0x40, 0xac, 0x01, 0x00,
 0x00, 0x64, 0x00, 0x00, 0x40, 0xb0, 0x01, 0x00,
 0x00, 0xa1, 0x64, 0x00, 0x00, 0x40, 0xb6, 0x01,
 0x00, 0x00, 0xab, 0x28, 0xca, 0x03, 0xc6, 0x01,
 0x19, 0x04, 0x2a, 0x4e, 0x2f, 0x1c, 0x42, 0x69,
 0x73, 0x53, 0x79, 0x6d, 0x62, 0x6f, 0x6c, 0x69,
 0x63, 0x4c, 0x69, 0x6e, 0x6b, 0x28, 0x29, 0x20,
 0x7b, 0x20, 0x72, 0x65, 0x74, 0x75, 0x72, 0x6e,
 0x20, 0x28, 0x74, 0x68, 0x69, 0x73, 0x2e, 0x6d,
 0x6f, 0x64, 0x65, 0x20, 0x26, 0x20, 0x6f, 0x73,
 0x2e, 0x53, 0x5f, 0x49, 0x46, 0x4d, 0x54, 0x29,
 0x20, 0x3d, 0x3d, 0x20, 0x6f, 0x73, 0x2e, 0x53,
 0x5f, 0x49, 0x46, 0x4c, 0x4e, 0x4b, 0x3b, 0x20,
 0x7d, 0x0c, 0x42, 0x0b, 0x01, 0x00, 0x00, 0x01,
 0x00, 0x02, 0x00, 0x01, 0x00, 0x1b, 0x01, 0x10,
 0x00, 0x01, 0x00, 0xce, 0x03, 0x01, 0x1a, 0x08,
 0xc9, 0xc5, 0x40, 0xac, 0x01, 0x00, 0x00, 0x64,
 0x00, 0x00, 0x40, 0xb0, 0x01, 0x00, 0x00, 0xa1,
 0x64, 0x00, 0x00, 0x40, 0xb7, 0x01, 0x00, 0x00,
 0xab, 0x28, 0xca, 0x03, 0xc7, 0x01, 0x19, 0x04,
 0x2a, 0x42, 0x2f, 0x1c, 0x3d, 0x69, 0x73, 0x53,
 0x6f, 0x63, 0x6b, 0x65, 0x74, 0x28, 0x29, 0x20,
 0x7b, 0x20, 0x72, 0x65, 0x74, 0x75, 0x72, 0x6e,
 0x20, 0x28, 0x74, 0x68, 0x69, 0x73, 0x2e, 0x6d,
 0x6f, 0x64, 0x65, 0x20, 0x26, 0x20, 0x6f, 0x73,
 0x2e, 0x53, 0x5f, 0x49, 0x46, 0x4d, 0x54, 0x29,
 0x20, 0x3d, 0x3d, 0x20, 0x6f, 0x73, 0x2e, 0x53,
 0x5f, 0x49, 0x46, 0x53, 0x4f, 0x43, 0x4b, 0x3b,
 0x20, 0x7d, 0x0c, 0x02, 0x0a, 0x01, 0x00, 0x00,
 0x02, 0x00, 0x04, 0x00, 0x01, 0x00, 0x3d, 0x02,
 0xf0, 0x06, 0x01, 0x00, 0x30, 0xf2, 0x06, 0x01,
 0x01, 0x30, 0xd6, 0x03, 0x23, 0x1a, 0x60, 0x01,
 0x00, 0x60, 0x00, 0x00, 0x64, 0x00, 0x00, 0x41,
 0x3d, 0x01, 0x00, 0x00, 0x04, 0xba, 0x01, 0x00,
 0x00, 0x04, 0xbb, 0x01, 0x00, 0x00, 0x24, 0x02,
 0x00, 0xc9, 0x38, 0x96, 0x00, 0x00, 0x00, 0x41,
 0x60, 0x00, 0x00, 0x00, 0x61, 0x00, 0x00, 0x24,
 0x01, 0x00, 0xca, 0x61, 0x00, 0x00, 0x41, 0x3e,
 0x01, 0x00, 0x00, 0x24, 0x00, 0x00, 0x0e, 0x61,
 0x01, 0x00, 0x28, 0xca, 0x03, 0xe4, 0x01, 0x13,
 0x08, 0x49, 0x03, 0x7b, 0x24, 0x26, 0x3f, 0x2a,
 0x04, 0x70, 0x28, 0x29, 0x20, 0x3d, 0x3e, 0x20,
 0x7b, 0x0a, 0x20, 0x20, 0x63, 0x6f, 0x6e, 0x73,
 0x74, 0x20, 0x66, 0x20, 0x3d, 0x20, 0x73, 0x74,
 0x64, 0x2e, 0x6f, 0x70, 0x65, 0x6e, 0x28, 0x27,
 0x2f, 0x64, 0x65, 0x76, 0x2f, 0x6e, 0x75, 0x6c,
 0x6c, 0x27, 0x2c, 0x20, 0x27, 0x72, 0x27, 0x29,
 0x3b, 0x0a, 0x20, 0x20, 0x63, 0x6f, 0x6e, 0x73,
 0x74, 0x20, 0x70, 0x20, 0x3d, 0x20, 0x4f, 0x62,
 0x6a, 0x65, 0x63, 0x74, 0x2e, 0x67, 0x65, 0x74,
 0x50, 0x72, 0x6f, 0x74, 0x6f, 0x74, 0x79, 0x70,
 0x65, 0x4f, 0x66, 0x28, 0x66, 0x29, 0x3b, 0x0a,
 0x20, 0x20, 0x66, 0x2e, 0x63, 0x6c, 0x6f, 0x73,
 0x65, 0x28, 0x29, 0x3b, 0x0a, 0x20, 0x20, 0x72,
 0x65, 0x74, 0x75, 0x72, 0x6e, 0x20, 0x70, 0x3b,
 0x0a, 0x7d, 0x0c, 0x42, 0x0b, 0x01, 0x00, 0x01,
 0x01, 0x01, 0x04, 0x00, 0x02, 0x00, 0x1d, 0x02,
 0xf0, 0x06, 0x00, 0x01, 0x00, 0x10, 0x00, 0x01,
 0x00, 0xee, 0x01, 0x04, 0x18, 0xa2, 0x06, 0x43,
 0x1a, 0x08, 0xc9, 0x2b, 0x64, 0x00, 0x00, 0x11,
 0xea, 0x06, 0xc5, 0x1b, 0x24, 0x00, 0x00, 0x0e,
 0x64, 0x01, 0x00, 0x41, 0x43, 0x00, 0x00, 0x00,
 0xc5, 0xd1, 0x24, 0x02, 0x00, 0x29, 0xca, 0x03,
 0xec, 0x01, 0x03, 0x04, 0x4e, 0x04, 0x2a, 0x1a,
 0x92, 0x1a, 0x63, 0x6c, 0x61, 0x73, 0x73, 0x20,
 0x46, 0x69, 0x6c, 0x65, 0x48, 0x61, 0x6e, 0x64,
 0x6c, 0x65, 0x20, 0x7b, 0x0a, 0x20, 0x20, 0x63,
 0x6f, 0x6e, 0x73, 0x74, 0x72, 0x75, 0x63, 0x74,
 0x6f, 0x72, 0x28, 0x66, 0x29, 0x20, 0x7b, 0x0a,
 0x20, 0x20, 0x20, 0x20, 0x66, 0x69, 0x6c, 0x65,
 0x4f, 0x62, 0x6a, 0x73, 0x2e, 0x73, 0x65, 0x74,
 0x28, 0x74, 0x68, 0x69, 0x73, 0x2c, 0x20, 0x66,
 0x29, 0x3b, 0x0a, 0x20, 0x20, 0x7d, 0x0a, 0x0a,
 0x20, 0x20, 0x67, 0x65, 0x74, 0x20, 0x66, 0x64,
 0x28, 0x29, 0x20, 0x7b, 0x0a, 0x20, 0x20, 0x20,
 0x20, 0x72, 0x65, 0x74, 0x75, 0x72, 0x6e, 0x20,
 0x66, 0x69, 0x6c, 0x65, 0x6e, 0x6f, 0x28, 0x66,
 0x69, 0x6c, 0x65, 0x4f, 0x62, 0x6a, 0x73, 0x2e,
 0x67, 0x65, 0x74, 0x28, 0x74, 0x68, 0x69, 0x73,
 0x29, 0x29, 0x3b, 0x0a, 0x20, 0x20, 0x7d, 0x0a,
 0x0a, 0x20, 0x20, 0x61, 0x70, 0x70, 0x65, 0x6e,
 0x64, 0x46, 0x69, 0x6c, 0x65, 0x28, 0x64, 0x61,
 0x74, 0x61, 0x2c, 0x20, 0x6f, 0x70, 0x74, 0x69,
 0x6f, 0x6e, 0x73, 0x20, 0x3d, 0x20, 0x7b, 0x20,
 0x65, 0x6e, 0x63, 0x6f, 0x64, 0x69, 0x6e, 0x67,
 0x3a, 0x20, 0x27, 0x75, 0x74, 0x66, 0x38, 0x27,
 0x20, 0x7d, 0x29, 0x20, 0x7b, 0x0a, 0x20, 0x20,
 0x20, 0x20, 0x63, 0x6f, 0x6e, 0x73, 0x74, 0x20,
 0x65, 0x6e, 0x63, 0x6f, 0x64, 0x69, 0x6e, 0x67,
 0x20, 0x3d, 0x20, 0x69, 0x73, 0x53, 0x74, 0x72,
 0x69, 0x6e, 0x67, 0x28, 0x6f, 0x70, 0x74, 0x69,
 0x6f, 0x6e, 0x73, 0x29, 0x20, 0x3f, 0x20, 0x6f,
 0x70, 0x74, 0x69, 0x6f, 0x6e, 0x73, 0x20, 0x3a,
 0x20, 0x6f, 0x70, 0x74, 0x69, 0x6f, 0x6e, 0x73,
 0x2e, 0x65, 0x6e, 0x63, 0x6f, 0x64, 0x69, 0x6e,
 0x67, 0x3b, 0x0a, 0x20, 0x20, 0x20, 0x20, 0x63,
 0x6f, 0x6e, 0x73, 0x74, 0x20, 0x66, 0x69, 0x6c,
 0x65, 0x20, 0x3d, 0x20, 0x66, 0x69, 0x6c, 0x65,
 0x4f, 0x62, 0x6a, 0x73, 0x2e, 0x67, 0x65, 0x74,
 0x28, 0x74, 0x68, 0x69, 0x73, 0x29, 0x3b, 0x0a,
 0x0a, 0x20, 0x20, 0x20, 0x20, 0x69, 0x66, 0x28,
 0x69, 0x73, 0x53, 0x74, 0x72, 0x69, 0x6e, 0x67,
 0x28, 0x64, 0x61, 0x74, 0x61, 0x29, 0x29, 0x20,
 0x66, 0x69, 0x6c, 0x65, 0x2e, 0x70, 0x75, 0x74,
 0x73, 0x28, 0x64, 0x61, 0x74, 0x61, 0x29, 0x3b,
 0x0a, 0x20, 0x20, 0x20, 0x20, 0x65, 0x6c, 0x73,
 0x65, 0x20, 0x66, 0x69, 0x6c, 0x65, 0x2e, 0x77,
 0x72, 0x69, 0x74, 0x65, 0x28, 0x64, 0x61, 0x74,
 0x61, 0x2c, 0x20, 0x30, 0x2c, 0x20, 0x64, 0x61,
 0x74, 0x61, 0x2e, 0x62, 0x79, 0x74, 0x65, 0x4c,
 0x65, 0x6e, 0x67, 0x74, 0x68, 0x29, 0x3b, 0x0a,
 0x0a, 0x20, 0x20, 0x20, 0x20, 0x66, 0x69, 0x6c,
 0x65, 0x2e, 0x66, 0x6c, 0x75, 0x73, 0x68, 0x28,
 0x29, 0x3b, 0x0a, 0x20, 0x20, 0x7d, 0x0a, 0x0a,
 0x20, 0x20, 0x63, 0x68, 0x6d, 0x6f, 0x64, 0x28,
 0x6d, 0x6f, 0x64, 0x65, 0x29, 0x20, 0x7b, 0x0a,
 0x20, 0x20, 0x20, 0x20, 0x69, 0x66, 0x28, 0x73,
 0x79, 0x73, 0x5f, 0x66, 0x63, 0x68, 0x6d, 0x6f,
 0x64, 0x28, 0x74, 0x68, 0x69, 0x73, 0x2e, 0x66,
 0x64, 0x2c, 0x20, 0x6d, 0x6f, 0x64, 0x65, 0x29,
 0x20, 0x3c, 0x20, 0x30, 0x29, 0x20, 0x7b, 0x0a,
 0x20, 0x20, 0x20, 0x20, 0x20, 0x20, 0x74, 0x68,
 0x72, 0x6f, 0x77, 0x20, 0x4d, 0x61, 0x6b, 0x65,
 0x45, 0x72, 0x72, 0x6f, 0x72, 0x28, 0x60, 0x66,
 0x63, 0x68, 0x6d, 0x6f, 0x64, 0x28, 0x24, 0x7b,
 0x74, 0x68, 0x69, 0x73, 0x2e, 0x66, 0x64, 0x7d,
 0x2c, 0x20, 0x24, 0x7b, 0x6d, 0x6f, 0x64, 0x65,
 0x7d, 0x29, 0x60, 0x2c, 0x20, 0x73, 0x79, 0x73,
 0x5f, 0x65, 0x72, 0x72, 0x6f, 0x72, 0x28, 0x29,
 0x2e, 0x65, 0x72, 0x72, 0x6e, 0x6f, 0x2c, 0x20,
 0x75, 0x6e, 0x64, 0x65, 0x66, 0x69, 0x6e, 0x65,
 0x64, 0x2c, 0x20, 0x27, 0x66, 0x63, 0x68, 0x6d,
 0x6f, 0x64, 0x27, 0x29, 0x3b, 0x0a, 0x20, 0x20,
 0x20, 0x20, 0x7d, 0x0a, 0x20, 0x20, 0x7d, 0x0a,
 0x0a, 0x20, 0x20, 0x63, 0x68, 0x6f, 0x77, 0x6e,
 0x28, 0x75, 0x69, 0x64, 0x2c, 0x20, 0x67, 0x69,
 0x64, 0x29, 0x20, 0x7b, 0x0a, 0x20, 0x20, 0x20,
 0x20, 0x69, 0x66, 0x28, 0x73, 0x79, 0x73, 0x5f,
 0x66, 0x63, 0x68, 0x6f, 0x77, 0x6e, 0x28, 0x74,
 0x68, 0x69, 0x73, 0x2e, 0x66, 0x64, 0x2c, 0x20,
 0x75, 0x69, 0x64, 0x2c, 0x20, 0x67, 0x69, 0x64,
 0x29, 0x20, 0x3c, 0x20, 0x30, 0x29, 0x20, 0x7b,
 0x0a, 0x20, 0x20, 0x20, 0x20, 0x20, 0x20, 0x74,
 0x68, 0x72, 0x6f, 0x77, 0x20, 0x4d, 0x61, 0x6b,
 0x65, 0x45, 0x72, 0x72, 0x6f, 0x72, 0x28, 0x60,
 0x66, 0x63, 0x68, 0x6f, 0x77, 0x6e, 0x28, 0x24,
 0x7b, 0x74, 0x68, 0x69, 0x73, 0x2e, 0x66, 0x64,
 0x7d, 0x2c, 0x20, 0x24, 0x7b, 0x75, 0x69, 0x64,
 0x7d, 0x2c, 0x20, 0x24, 0x7b, 0x67, 0x69, 0x64,
 0x7d, 0x29, 0x60, 0x2c, 0x20, 0x73, 0x79, 0x73,
 0x5f, 0x65, 0x72, 0x72, 0x6f, 0x72, 0x28, 0x29,
 0x2e, 0x65, 0x72, 0x72, 0x6e, 0x6f, 0x2c, 0x20,
 0x75, 0x6e, 0x64, 0x65, 0x66, 0x69, 0x6e, 0x65,
 0x64, 0x2c, 0x20, 0x27, 0x66, 0x63, 0x68, 0x6f,
 0x77, 0x6e, 0x27, 0x29, 0x3b, 0x0a, 0x20, 0x20,
 0x20, 0x20, 0x7d, 0x0a, 0x20, 0x20, 0x7d, 0x0a,
 0x0a, 0x20, 0x20, 0x63, 0x6c, 0x6f, 0x73, 0x65,
 0x28, 0x29, 0x20, 0x7b, 0x0a, 0x20, 0x20, 0x20,
 0x20, 0x66, 0x69, 0x6c, 0x65, 0x4f, 0x62, 0x6a,
 0x73, 0x2e, 0x67, 0x65, 0x74, 0x28, 0x74, 0x68,
 0x69, 0x73, 0x29, 0x2e, 0x63, 0x6c, 0x6f, 0x73,
 0x65, 0x28, 0x29, 0x3b, 0x0a, 0x20, 0x20, 0x7d,
 0x0a, 0x0a, 0x20, 0x20, 0x64, 0x61, 0x74, 0x61,
 0x73, 0x79, 0x6e, 0x63, 0x28, 0x29, 0x20, 0x7b,
 0x0a, 0x20, 0x20, 0x20, 0x20, 0x66, 0x69, 0x6c,
 0x65, 0x4f, 0x62, 0x6a, 0x73, 0x2e, 0x67, 0x65,
 0x74, 0x28, 0x74, 0x68, 0x69, 0x73, 0x29, 0x2e,
 0x66, 0x6c, 0x75, 0x73, 0x68, 0x28, 0x29, 0x3b,
 0x0a, 0x0a, 0x20, 0x20, 0x20, 0x20, 0x69, 0x66,
 0x28, 0x73, 0x79, 0x73, 0x5f, 0x66, 0x64, 0x61,
 0x74, 0x61, 0x73, 0x79, 0x6e, 0x63, 0x28, 0x74,
 0x68, 0x69, 0x73, 0x2e, 0x66, 0x64, 0x29, 0x20,
 0x3c, 0x20, 0x30, 0x29, 0x20, 0x7b, 0x0a, 0x20,
 0x20, 0x20, 0x20, 0x20, 0x20, 0x74, 0x68, 0x72,
 0x6f, 0x77, 0x20, 0x4d, 0x61, 0x6b, 0x65, 0x45,
 0x72, 0x72, 0x6f, 0x72, 0x28, 0x60, 0x66, 0x64,
 0x61, 0x74, 0x61, 0x73, 0x79, 0x6e, 0x63, 0x28,
 0x24, 0x7b, 0x74, 0x68, 0x69, 0x73, 0x2e, 0x66,
 0x64, 0x7d, 0x29, 0x60, 0x2c, 0x20, 0x73, 0x79,
 0x73, 0x5f, 0x65, 0x72, 0x72, 0x6f, 0x72, 0x28,
 0x29, 0x2e, 0x65, 0x72, 0x72, 0x6e, 0x6f, 0x2c,
 0x20, 0x75, 0x6e, 0x64, 0x65, 0x66, 0x69, 0x6e,
 0x65, 0x64, 0x2c, 0x20, 0x27, 0x66, 0x64, 0x61,
 0x74, 0x61, 0x73, 0x79, 0x6e, 0x63, 0x27, 0x29,
 0x3b, 0x0a, 0x20, 0x20, 0x20, 0x20, 0x7d, 0x0a,
 0x20, 0x20, 0x7d, 0x0a, 0x0a, 0x20, 0x20, 0x72,
 0x65, 0x61, 0x64, 0x28, 0x62, 0x75, 0x66, 0x66,
 0x65, 0x72, 0x2c, 0x20, 0x6f, 0x66, 0x66, 0x73,
 0x65, 0x74, 0x2c, 0x20, 0x6c, 0x65, 0x6e, 0x67,
 0x74, 0x68, 0x2c, 0x20, 0x70, 0x6f, 0x73, 0x69,
 0x74, 0x69, 0x6f, 0x6e, 0x29, 0x20, 0x7b, 0x0a,
 0x20, 0x20, 0x20, 0x20, 0x63, 0x6f, 0x6e, 0x73,
 0x74, 0x20, 0x61, 0x72, 0x67, 0x73, 0x20, 0x3d,
 0x20, 0x74, 0x68, 0x72, 0x6f, 0x77, 0x49, 0x66,
 0x4e, 0x75, 0x6c, 0x6c, 0x28, 0x49, 0x6e, 0x76,
 0x61, 0x6c, 0x69, 0x64, 0x42, 0x75, 0x66, 0x66,
 0x65, 0x72, 0x28, 0x31, 0x29, 0x2c, 0x20, 0x62,
 0x75, 0x66, 0x66, 0x65, 0x72, 0x41, 0x72, 0x67,
 0x75, 0x6d, 0x65, 0x6e, 0x74, 0x73, 0x2c, 0x20,
 0x62, 0x75, 0x66, 0x66, 0x65, 0x72, 0x2c, 0x20,
 0x6f, 0x66, 0x66, 0x73, 0x65, 0x74, 0x2c, 0x20,
 0x6c, 0x65, 0x6e, 0x67, 0x74, 0x68, 0x29, 0x3b,
 0x0a, 0x0a, 0x20, 0x20, 0x20, 0x20, 0x63, 0x6f,
 0x6e, 0x73, 0x74, 0x20, 0x66, 0x69, 0x6c, 0x65,
 0x20, 0x3d, 0x20, 0x66, 0x69, 0x6c, 0x65, 0x4f,
 0x62, 0x6a, 0x73, 0x2e, 0x67, 0x65, 0x74, 0x28,
 0x74, 0x68, 0x69, 0x73, 0x29, 0x3b, 0x0a, 0x20,
 0x20, 0x20, 0x20, 0x72, 0x65, 0x74, 0x75, 0x72,
 0x6e, 0x20, 0x7b, 0x20, 0x62, 0x79, 0x74, 0x65,
 0x73, 0x52, 0x65, 0x61, 0x64, 0x3a, 0x20, 0x73,
 0x61, 0x76, 0x65, 0x50, 0x6f, 0x73, 0x28, 0x66,
 0x69, 0x6c, 0x65, 0x2c, 0x20, 0x28, 0x29, 0x20,
 0x3d, 0x3e, 0x20, 0x72, 0x65, 0x61, 0x64, 0x53,
 0x79, 0x6e, 0x63, 0x28, 0x66, 0x69, 0x6c, 0x65,
 0x2c, 0x20, 0x2e, 0x2e, 0x2e, 0x61, 0x72, 0x67,
 0x73, 0x29, 0x2c, 0x20, 0x70, 0x6f, 0x73, 0x69,
 0x74, 0x69, 0x6f, 0x6e, 0x29, 0x2c, 0x20, 0x62,
 0x75, 0x66, 0x66, 0x65, 0x72, 0x3a, 0x20, 0x61,
 0x72, 0x67, 0x73, 0x5b, 0x30, 0x5d, 0x20, 0x7d,
 0x3b, 0x0a, 0x20, 0x20, 0x7d, 0x0a, 0x0a, 0x20,
 0x20, 0x72, 0x65, 0x61, 0x64, 0x46, 0x69, 0x6c,
 0x65, 0x28, 0x6f, 0x70, 0x74, 0x69, 0x6f, 0x6e,
 0x73, 0x20, 0x3d, 0x20, 0x7b, 0x20, 0x65, 0x6e,
 0x63, 0x6f, 0x64, 0x69, 0x6e, 0x67, 0x3a, 0x20,
 0x6e, 0x75, 0x6c, 0x6c, 0x2c, 0x20, 0x66, 0x6c,
 0x61, 0x67, 0x3a, 0x20, 0x27, 0x72, 0x27, 0x20,
 0x7d, 0x29, 0x20, 0x7b, 0x0a, 0x20, 0x20, 0x20,
 0x20, 0x63, 0x6f, 0x6e, 0x73, 0x74, 0x20, 0x65,
 0x6e, 0x63, 0x6f, 0x64, 0x69, 0x6e, 0x67, 0x20,
 0x3d, 0x20, 0x69, 0x73, 0x53, 0x74, 0x72, 0x69,
 0x6e, 0x67, 0x28, 0x6f, 0x70, 0x74, 0x69, 0x6f,
 0x6e, 0x73, 0x29, 0x20, 0x3f, 0x20, 0x6f, 0x70,
 0x74, 0x69, 0x6f, 0x6e, 0x73, 0x20, 0x3a, 0x20,
 0x6f, 0x70, 0x74, 0x69, 0x6f, 0x6e, 0x73, 0x2e,
 0x65, 0x6e, 0x63, 0x6f, 0x64, 0x69, 0x6e, 0x67,
 0x3b, 0x0a, 0x20, 0x20, 0x20, 0x20, 0x63, 0x6f,
 0x6e, 0x73, 0x74, 0x20, 0x66, 0x69, 0x6c, 0x65,
 0x20, 0x3d, 0x20, 0x66, 0x69, 0x6c, 0x65, 0x4f,
 0x62, 0x6a, 0x73, 0x2e, 0x67, 0x65, 0x74, 0x28,
 0x74, 0x68, 0x69, 0x73, 0x29, 0x3b, 0x0a, 0x0a,
 0x20, 0x20, 0x20, 0x20, 0x69, 0x66, 0x28, 0x65,
 0x6e, 0x63, 0x6f, 0x64, 0x69, 0x6e, 0x67, 0x20,
 0x3d, 0x3d, 0x20, 0x27, 0x75, 0x74, 0x66, 0x38,
 0x27, 0x29, 0x20, 0x72, 0x65, 0x74, 0x75, 0x72,
 0x6e, 0x20, 0x66, 0x69, 0x6c, 0x65, 0x2e, 0x72,
 0x65, 0x61, 0x64, 0x41, 0x73, 0x53, 0x74, 0x72,
 0x69, 0x6e, 0x67, 0x28, 0x29, 0x3b, 0x0a, 0x0a,
 0x20, 0x20, 0x20, 0x20, 0x63, 0x6f, 0x6e, 0x73,
 0x74, 0x20, 0x66, 0x69, 0x6c, 0x65, 0x50, 0x6f,
 0x73, 0x20, 0x3d, 0x20, 0x66, 0x69, 0x6c, 0x65,
 0x2e, 0x74, 0x65, 0x6c, 0x6c, 0x28, 0x29, 0x3b,
 0x0a, 0x20, 0x20, 0x20, 0x20, 0x66, 0x69, 0x6c,
 0x65, 0x2e, 0x73, 0x65, 0x65, 0x6b, 0x28, 0x30,
 0x2c, 0x20, 0x73, 0x74, 0x64, 0x2e, 0x53, 0x45,
 0x45, 0x4b, 0x5f, 0x45, 0x4e, 0x44, 0x29, 0x3b,
 0x0a, 0x20, 0x20, 0x20, 0x20, 0x63, 0x6f, 0x6e,
 0x73, 0x74, 0x20, 0x73, 0x69, 0x7a, 0x65, 0x20,
 0x3d, 0x20, 0x66, 0x69, 0x6c, 0x65, 0x2e, 0x74,
 0x65, 0x6c, 0x6c, 0x28, 0x29, 0x3b, 0x0a, 0x20,
 0x20, 0x20, 0x20, 0x66, 0x69, 0x6c, 0x65, 0x2e,
 0x73, 0x65, 0x65, 0x6b, 0x28, 0x66, 0x69, 0x6c,
 0x65, 0x50, 0x6f, 0x73, 0x2c, 0x20, 0x73, 0x74,
 0x64, 0x2e, 0x53, 0x45, 0x45, 0x4b, 0x5f, 0x53,
 0x45, 0x54, 0x29, 0x3b, 0x0a, 0x0a, 0x20, 0x20,
 0x20, 0x20, 0x63, 0x6f, 0x6e, 0x73, 0x74, 0x20,
 0x62, 0x75, 0x66, 0x66, 0x65, 0x72, 0x20, 0x3d,
 0x20, 0x6e, 0x65, 0x77, 0x20, 0x41, 0x72, 0x72,
 0x61, 0x79, 0x42, 0x75, 0x66, 0x66, 0x65, 0x72,
 0x28, 0x73, 0x69, 0x7a, 0x65, 0x29, 0x3b, 0x0a,
 0x20, 0x20, 0x20, 0x20, 0x63, 0x6f, 0x6e, 0x73,
 0x74, 0x20, 0x62, 0x79, 0x74, 0x65, 0x73, 0x52,
 0x65, 0x61, 0x64, 0x20, 0x3d, 0x20, 0x66, 0x69,
 0x6c, 0x65, 0x2e, 0x72, 0x65, 0x61, 0x64, 0x28,
 0x62, 0x75, 0x66, 0x66, 0x65, 0x72, 0x2c, 0x20,
 0x30, 0x2c, 0x20, 0x73, 0x69, 0x7a, 0x65, 0x29,
 0x3b, 0x0a, 0x0a, 0x20, 0x20, 0x20, 0x20, 0x69,
 0x66, 0x28, 0x62, 0x79, 0x74, 0x65, 0x73, 0x52,
 0x65, 0x61, 0x64, 0x20, 0x3d, 0x3d, 0x20, 0x73,
 0x69, 0x7a, 0x65, 0x29, 0x20, 0x72, 0x65, 0x74,
 0x75, 0x72, 0x6e, 0x20, 0x62, 0x75, 0x66, 0x66,
 0x65, 0x72, 0x3b, 0x0a, 0x20, 0x20, 0x7d, 0x0a,
 0x0a, 0x20, 0x20, 0x73, 0x74, 0x61, 0x74, 0x28,
 0x6f, 0x70, 0x74, 0x69, 0x6f, 0x6e, 0x73, 0x20,
 0x3d, 0x20, 0x7b, 0x20, 0x62, 0x69, 0x67, 0x69,
 0x6e, 0x74, 0x3a, 0x20, 0x66, 0x61, 0x6c, 0x73,
 0x65, 0x20, 0x7d, 0x29, 0x20, 0x7b, 0x0a, 0x20,
 0x20, 0x20, 0x20, 0x63, 0x6f, 0x6e, 0x73, 0x74,
 0x20, 0x5b, 0x73, 0x74, 0x2c, 0x20, 0x65, 0x72,
 0x72, 0x6e, 0x6f, 0x5d, 0x20, 0x3d, 0x20, 0x73,
 0x79, 0x73, 0x5f, 0x66, 0x73, 0x74, 0x61, 0x74,
 0x28, 0x74, 0x68, 0x69, 0x73, 0x2e, 0x66, 0x64,
 0x2c, 0x20, 0x6f, 0x70, 0x74, 0x69, 0x6f, 0x6e,
 0x73, 0x29, 0x3b, 0x0a, 0x0a, 0x20, 0x20, 0x20,
 0x20, 0x69, 0x66, 0x28, 0x21, 0x73, 0x74, 0x20,
 0x7c, 0x7c, 0x20, 0x65, 0x72, 0x72, 0x6e, 0x6f,
 0x29, 0x20, 0x7b, 0x0a, 0x20, 0x20, 0x20, 0x20,
 0x20, 0x20, 0x74, 0x68, 0x72, 0x6f, 0x77, 0x20,
 0x4d, 0x61, 0x6b, 0x65, 0x45, 0x72, 0x72, 0x6f,
 0x72, 0x28, 0x60, 0x66, 0x73, 0x74, 0x61, 0x74,
 0x28, 0x24, 0x7b, 0x74, 0x68, 0x69, 0x73, 0x2e,
 0x66, 0x64, 0x7d, 0x2c, 0x20, 0x2e, 0x2e, 0x2e,
 0x29, 0x60, 0x2c, 0x20, 0x65, 0x72, 0x72, 0x6e,
 0x6f, 0x2c, 0x20, 0x75, 0x6e, 0x64, 0x65, 0x66,
 0x69, 0x6e, 0x65, 0x64, 0x2c, 0x20, 0x27, 0x66,
 0x73, 0x74, 0x61, 0x74, 0x27, 0x29, 0x3b, 0x0a,
 0x20, 0x20, 0x20, 0x20, 0x7d, 0x0a, 0x0a, 0x20,
 0x20, 0x20, 0x20, 0x72, 0x65, 0x74, 0x75, 0x72,
 0x6e, 0x20, 0x73, 0x74, 0x3b, 0x0a, 0x20, 0x20,
 0x7d, 0x0a, 0x0a, 0x20, 0x20, 0x73, 0x79, 0x6e,
 0x63, 0x28, 0x29, 0x20, 0x7b, 0x0a, 0x20, 0x20,
 0x20, 0x20, 0x66, 0x69, 0x6c, 0x65, 0x4f, 0x62,
 0x6a, 0x73, 0x2e, 0x67, 0x65, 0x74, 0x28, 0x74,
 0x68, 0x69, 0x73, 0x29, 0x2e, 0x66, 0x6c, 0x75,
 0x73, 0x68, 0x28, 0x29, 0x3b, 0x0a, 0x0a, 0x20,
 0x20, 0x20, 0x20, 0x69, 0x66, 0x28, 0x73, 0x79,
 0x73, 0x5f, 0x66, 0x73, 0x79, 0x6e, 0x63, 0x28,
 0x74, 0x68, 0x69, 0x73, 0x2e, 0x66, 0x64, 0x29,
 0x20, 0x3c, 0x20, 0x30, 0x29, 0x20, 0x7b, 0x0a,
 0x20, 0x20, 0x20, 0x20, 0x20, 0x20, 0x74, 0x68,
 0x72, 0x6f, 0x77, 0x20, 0x4d, 0x61, 0x6b, 0x65,
 0x45, 0x72, 0x72, 0x6f, 0x72, 0x28, 0x60, 0x66,
 0x73, 0x79, 0x6e, 0x63, 0x28, 0x24, 0x7b, 0x74,
 0x68, 0x69, 0x73, 0x2e, 0x66, 0x64, 0x7d, 0x29,
 0x60, 0x2c, 0x20, 0x73, 0x79, 0x73, 0x5f, 0x65,
 0x72, 0x72, 0x6f, 0x72, 0x28, 0x29, 0x2e, 0x65,
 0x72, 0x72, 0x6e, 0x6f, 0x2c, 0x20, 0x75, 0x6e,
 0x64, 0x65, 0x66, 0x69, 0x6e, 0x65, 0x64, 0x2c,
 0x20, 0x27, 0x66, 0x73, 0x79, 0x6e, 0x63, 0x27,
 0x29, 0x3b, 0x0a, 0x20, 0x20, 0x20, 0x20, 0x7d,
 0x0a, 0x20, 0x20, 0x7d, 0x0a, 0x0a, 0x20, 0x20,
 0x74, 0x72, 0x75, 0x6e, 0x63, 0x61, 0x74, 0x65,
 0x28, 0x6c, 0x65, 0x6e, 0x29, 0x20, 0x7b, 0x0a,
 0x20, 0x20, 0x20, 0x20, 0x69, 0x66, 0x28, 0x73,
 0x79, 0x73, 0x5f, 0x66, 0x74, 0x72, 0x75, 0x6e,
 0x63, 0x61, 0x74, 0x65, 0x28, 0x74, 0x68, 0x69,
 0x73, 0x2e, 0x66, 0x64, 0x2c, 0x20, 0x6c, 0x65,
 0x6e, 0x29, 0x20, 0x3c, 0x20, 0x30, 0x29, 0x20,
 0x7b, 0x0a, 0x20, 0x20, 0x20, 0x20, 0x20, 0x20,
 0x74, 0x68, 0x72, 0x6f, 0x77, 0x20, 0x4d, 0x61,
 0x6b, 0x65, 0x45, 0x72, 0x72, 0x6f, 0x72, 0x28,
 0x60, 0x66, 0x74, 0x72, 0x75, 0x6e, 0x63, 0x61,
 0x74, 0x65, 0x28, 0x24, 0x7b, 0x74, 0x68, 0x69,
 0x73, 0x2e, 0x66, 0x64, 0x7d, 0x2c, 0x20, 0x24,
 0x7b, 0x6c, 0x65, 0x6e, 0x7d, 0x29, 0x60, 0x2c,
 0x20, 0x73, 0x79, 0x73, 0x5f, 0x65, 0x72, 0x72,
 0x6f, 0x72, 0x28, 0x29, 0x2e, 0x65, 0x72, 0x72,
 0x6e, 0x6f, 0x2c, 0x20, 0x75, 0x6e, 0x64, 0x65,
 0x66, 0x69, 0x6e, 0x65, 0x64, 0x2c, 0x20, 0x27,
 0x66, 0x74, 0x72, 0x75, 0x6e, 0x63, 0x61, 0x74,
 0x65, 0x27, 0x29, 0x3b, 0x0a, 0x20, 0x20, 0x20,
 0x20, 0x7d, 0x0a, 0x20, 0x20, 0x7d, 0x0a, 0x0a,
 0x20, 0x20, 0x75, 0x74, 0x69, 0x6d, 0x65, 0x73,
 0x28, 0x61, 0x74, 0x69, 0x6d, 0x65, 0x2c, 0x20,
 0x6d, 0x74, 0x69, 0x6d, 0x65, 0x29, 0x20, 0x7b,
 0x0a, 0x20, 0x20, 0x20, 0x20, 0x69, 0x66, 0x28,
 0x73, 0x79, 0x73, 0x5f, 0x66, 0x75, 0x74, 0x69,
 0x6d, 0x65, 0x73, 0x28, 0x74, 0x68, 0x69, 0x73,
 0x2e, 0x66, 0x64, 0x2c, 0x20, 0x5b, 0x61, 0x74,
 0x69, 0x6d, 0x65, 0x2c, 0x20, 0x6d, 0x74, 0x69,
 0x6d, 0x65, 0x5d, 0x29, 0x20, 0x3c, 0x20, 0x30,
 0x29, 0x20, 0x7b, 0x0a, 0x20, 0x20, 0x20, 0x20,
 0x20, 0x20, 0x74, 0x68, 0x72, 0x6f, 0x77, 0x20,
 0x4d, 0x61, 0x6b, 0x65, 0x45, 0x72, 0x72, 0x6f,
 0x72, 0x28, 0x60, 0x66, 0x75, 0x74, 0x69, 0x6d,
 0x65, 0x73, 0x28, 0x24, 0x7b, 0x74, 0x68, 0x69,
 0x73, 0x2e, 0x66, 0x64, 0x7d, 0x2c, 0x20, 0x5b,
 0x24, 0x7b, 0x61, 0x74, 0x69, 0x6d, 0x65, 0x7d,
 0x2c, 0x20, 0x24, 0x7b, 0x6d, 0x74, 0x69, 0x6d,
 0x65, 0x7d, 0x5d, 0x29, 0x60, 0x2c, 0x20, 0x73,
 0x79, 0x73, 0x5f, 0x65, 0x72, 0x72, 0x6f, 0x72,
 0x28, 0x29, 0x2e, 0x65, 0x72, 0x72, 0x6e, 0x6f,
 0x2c, 0x20, 0x75, 0x6e, 0x64, 0x65, 0x66, 0x69,
 0x6e, 0x65, 0x64, 0x2c, 0x20, 0x27, 0x66, 0x75,
 0x74, 0x69, 0x6d, 0x65, 0x73, 0x27, 0x29, 0x3b,
 0x0a, 0x20, 0x20, 0x20, 0x20, 0x7d, 0x0a, 0x20,
 0x20, 0x7d, 0x0a, 0x0a, 0x20, 0x20, 0x77, 0x72,
 0x69, 0x74, 0x65, 0x28, 0x62, 0x75, 0x66, 0x66,
 0x65, 0x72, 0x2c, 0x20, 0x6f, 0x66, 0x66, 0x73,
 0x65, 0x74, 0x2c, 0x20, 0x6c, 0x65, 0x6e, 0x67,
 0x74, 0x68, 0x2c, 0x20, 0x70, 0x6f, 0x73, 0x69,
 0x74, 0x69, 0x6f, 0x6e, 0x29, 0x20, 0x7b, 0x0a,
 0x20, 0x20, 0x20, 0x20, 0x63, 0x6f, 0x6e, 0x73,
 0x74, 0x20, 0x66, 0x69, 0x6c, 0x65, 0x20, 0x3d,
 0x20, 0x66, 0x69, 0x6c, 0x65, 0x4f, 0x62, 0x6a,
 0x73, 0x2e, 0x67, 0x65, 0x74, 0x28, 0x74, 0x68,
 0x69, 0x73, 0x29, 0x3b, 0x0a, 0x20, 0x20, 0x20,
 0x20, 0x63, 0x6f, 0x6e, 0x73, 0x74, 0x20, 0x61,
 0x42, 0x75, 0x66, 0x20, 0x3d, 0x20, 0x76, 0x61,
 0x6c, 0x69, 0x64, 0x4e, 0x75, 0x6d, 0x62, 0x65,
 0x72, 0x28, 0x6f, 0x66, 0x66, 0x73, 0x65, 0x74,
 0x29, 0x20, 0x26, 0x26, 0x20, 0x76, 0x61, 0x6c,
 0x69, 0x64, 0x4e, 0x75, 0x6d, 0x62, 0x65, 0x72,
 0x28, 0x6c, 0x65, 0x6e, 0x67, 0x74, 0x68, 0x29,
 0x3b, 0x0a, 0x0a, 0x20, 0x20, 0x20, 0x20, 0x69,
 0x66, 0x28, 0x21, 0x61, 0x42, 0x75, 0x66, 0x20,
 0x26, 0x26, 0x20, 0x69, 0x73, 0x53, 0x74, 0x72,
 0x69, 0x6e, 0x67, 0x28, 0x62, 0x75, 0x66, 0x66,
 0x65, 0x72, 0x29, 0x29, 0x20, 0x7b, 0x0a, 0x20,
 0x20, 0x20, 0x20, 0x20, 0x20, 0x70, 0x6f, 0x73,
 0x69, 0x74, 0x69, 0x6f, 0x6e, 0x20, 0x3d, 0x20,
 0x6f, 0x66, 0x66, 0x73, 0x65, 0x74, 0x3b, 0x0a,
 0x20, 0x20, 0x20, 0x20, 0x20, 0x20, 0x72, 0x65,
 0x74, 0x75, 0x72, 0x6e, 0x20, 0x7b, 0x0a, 0x20,
 0x20, 0x20, 0x20, 0x20, 0x20, 0x20, 0x20, 0x62,
 0x79, 0x74, 0x65, 0x73, 0x57, 0x72, 0x69, 0x74,
 0x74, 0x65, 0x6e, 0x3a, 0x20, 0x73, 0x61, 0x76,
 0x65, 0x50, 0x6f, 0x73, 0x28, 0x0a, 0x20, 0x20,
 0x20, 0x20, 0x20, 0x20, 0x20, 0x20, 0x20, 0x20,
 0x66, 0x69, 0x6c, 0x65, 0x2c, 0x0a, 0x20, 0x20,
 0x20, 0x20, 0x20, 0x20, 0x20, 0x20, 0x20, 0x20,
 0x74, 0x65, 0x6c, 0x6c, 0x44, 0x69, 0x66, 0x66,
 0x28, 0x66, 0x69, 0x6c, 0x65, 0x2c, 0x20, 0x28,
 0x29, 0x20, 0x3d, 0x3e, 0x20, 0x66, 0x69, 0x6c,
 0x65, 0x2e, 0x70, 0x75, 0x74, 0x73, 0x28, 0x62,
 0x75, 0x66, 0x66, 0x65, 0x72, 0x29, 0x29, 0x2c,
 0x0a, 0x20, 0x20, 0x20, 0x20, 0x20, 0x20, 0x20,
 0x20, 0x20, 0x20, 0x70, 0x6f, 0x73, 0x69, 0x74,
 0x69, 0x6f, 0x6e, 0x2c, 0x0a, 0x20, 0x20, 0x20,
 0x20, 0x20, 0x20, 0x20, 0x20, 0x29, 0x2c, 0x0a,
 0x20, 0x20, 0x20, 0x20, 0x20, 0x20, 0x20, 0x20,
 0x62, 0x75, 0x66, 0x66, 0x65, 0x72, 0x2c, 0x0a,
 0x20, 0x20, 0x20, 0x20, 0x20, 0x20, 0x7d, 0x3b,
 0x0a, 0x20, 0x20, 0x20, 0x20, 0x7d, 0x0a, 0x0a,
 0x20, 0x20, 0x20, 0x20, 0x63, 0x6f, 0x6e, 0x73,
 0x74, 0x20, 0x61, 0x72, 0x67, 0x73, 0x20, 0x3d,
 0x20, 0x74, 0x68, 0x72, 0x6f, 0x77, 0x49, 0x66,
 0x4e, 0x75, 0x6c, 0x6c, 0x28, 0x49, 0x6e, 0x76,
 0x61, 0x6c, 0x69, 0x64, 0x42, 0x75, 0x66, 0x66,
 0x65, 0x72, 0x28, 0x31, 0x29, 0x2c, 0x20, 0x73,
 0x74, 0x72, 0x69, 0x6e, 0x67, 0x4f, 0x72, 0x42,
 0x75, 0x66, 0x66, 0x65, 0x72, 0x41, 0x72, 0x67,
 0x75, 0x6d, 0x65, 0x6e, 0x74, 0x73, 0x2c, 0x20,
 0x62, 0x75, 0x66, 0x66, 0x65, 0x72, 0x2c, 0x20,
 0x6f, 0x66, 0x66, 0x73, 0x65, 0x74, 0x2c, 0x20,
 0x6c, 0x65, 0x6e, 0x67, 0x74, 0x68, 0x29, 0x3b,
 0x0a, 0x0a, 0x20, 0x20, 0x20, 0x20, 0x72, 0x65,
 0x74, 0x75, 0x72, 0x6e, 0x20, 0x7b, 0x20, 0x62,
 0x79, 0x74, 0x65, 0x73, 0x57, 0x72, 0x69, 0x74,
 0x74, 0x65, 0x6e, 0x3a, 0x20, 0x73, 0x61, 0x76,
 0x65, 0x50, 0x6f, 0x73, 0x28, 0x66, 0x69, 0x6c,
 0x65, 0x2c, 0x20, 0x28, 0x29, 0x20, 0x3d, 0x3e,
 0x20, 0x77, 0x72, 0x69, 0x74, 0x65, 0x53, 0x79,
 0x6e, 0x63, 0x28, 0x66, 0x69, 0x6c, 0x65, 0x2c,
 0x20, 0x2e, 0x2e, 0x2e, 0x61, 0x72, 0x67, 0x73,
 0x29, 0x2c, 0x20, 0x70, 0x6f, 0x73, 0x69, 0x74,
 0x69, 0x6f, 0x6e, 0x29, 0x2c, 0x20, 0x62, 0x75,
 0x66, 0x66, 0x65, 0x72, 0x3a, 0x20, 0x61, 0x72,
 0x67, 0x73, 0x5b, 0x30, 0x5d, 0x20, 0x7d, 0x3b,
 0x0a, 0x20, 0x20, 0x7d, 0x0a, 0x0a, 0x20, 0x20,
 0x77, 0x72, 0x69, 0x74, 0x65, 0x46, 0x69, 0x6c,
 0x65, 0x28, 0x64, 0x61, 0x74, 0x61, 0x2c, 0x20,
 0x6f, 0x70, 0x74, 0x69, 0x6f, 0x6e, 0x73, 0x20,
 0x3d, 0x20, 0x7b, 0x20, 0x65, 0x6e, 0x63, 0x6f,
 0x64, 0x69, 0x6e, 0x67, 0x3a, 0x20, 0x27, 0x75,
 0x74, 0x66, 0x38, 0x27, 0x20, 0x7d, 0x29, 0x20,
 0x7b, 0x0a, 0x20, 0x20, 0x20, 0x20, 0x63, 0x6f,
 0x6e, 0x73, 0x74, 0x20, 0x65, 0x6e, 0x63, 0x6f,
 0x64, 0x69, 0x6e, 0x67, 0x20, 0x3d, 0x20, 0x69,
 0x73, 0x53, 0x74, 0x72, 0x69, 0x6e, 0x67, 0x28,
 0x6f, 0x70, 0x74, 0x69, 0x6f, 0x6e, 0x73, 0x29,
 0x20, 0x3f, 0x20, 0x6f, 0x70, 0x74, 0x69, 0x6f,
 0x6e, 0x73, 0x20, 0x3a, 0x20, 0x6f, 0x70, 0x74,
 0x69, 0x6f, 0x6e, 0x73, 0x2e, 0x65, 0x6e, 0x63,
 0x6f, 0x64, 0x69, 0x6e, 0x67, 0x3b, 0x0a, 0x20,
 0x20, 0x20, 0x20, 0x63, 0x6f, 0x6e, 0x73, 0x74,
 0x20, 0x66, 0x69, 0x6c, 0x65, 0x20, 0x3d, 0x20,
 0x66, 0x69, 0x6c, 0x65, 0x4f, 0x62, 0x6a, 0x73,
 0x2e, 0x67, 0x65, 0x74, 0x28, 0x74, 0x68, 0x69,
 0x73, 0x29, 0x3b, 0x0a, 0x0a, 0x20, 0x20, 0x20,
 0x20, 0x69, 0x66, 0x28, 0x69, 0x73, 0x53, 0x74,
 0x72, 0x69, 0x6e, 0x67, 0x28, 0x64, 0x61, 0x74,
 0x61, 0x29, 0x29, 0x20, 0x66, 0x69, 0x6c, 0x65,
 0x2e, 0x70, 0x75, 0x74, 0x73, 0x28, 0x64, 0x61,
 0x74, 0x61, 0x29, 0x3b, 0x0a, 0x20, 0x20, 0x20,
 0x20, 0x65, 0x6c, 0x73, 0x65, 0x20, 0x66, 0x69,
 0x6c, 0x65, 0x2e, 0x77, 0x72, 0x69, 0x74, 0x65,
 0x28, 0x64, 0x61, 0x74, 0x61, 0x2c, 0x20, 0x30,
 0x2c, 0x20, 0x64, 0x61, 0x74, 0x61, 0x2e, 0x62,
 0x79, 0x74, 0x65, 0x4c, 0x65, 0x6e, 0x67, 0x74,
 0x68, 0x29, 0x3b, 0x0a, 0x0a, 0x20, 0x20, 0x20,
 0x20, 0x66, 0x69, 0x6c, 0x65, 0x2e, 0x66, 0x6c,
 0x75, 0x73, 0x68, 0x28, 0x29, 0x3b, 0x0a, 0x20,
 0x20, 0x7d, 0x0a, 0x7d, 0x0c, 0x42, 0x0b, 0x01,
 0x00, 0x00, 0x01, 0x00, 0x04, 0x00, 0x02, 0x00,
 0x12, 0x01, 0x10, 0x00, 0x01, 0x00, 0xb8, 0x04,
 0x71, 0x02, 0xa2, 0x06, 0x43, 0x1a, 0x08, 0xc9,
 0xdd, 0x64, 0x01, 0x00, 0x41, 0x42, 0x00, 0x00,
 0x00, 0xc5, 0x24, 0x01, 0x00, 0x23, 0x01, 0x00,
 0xca, 0x03, 0xf0, 0x01, 0x07, 0x04, 0x12, 0x18,
 0x2a, 0x1a, 0x35, 0x67, 0x65, 0x74, 0x20, 0x66,
 0x64, 0x28, 0x29, 0x20, 0x7b, 0x0a, 0x20, 0x20,
 0x20, 0x20, 0x72, 0x65, 0x74, 0x75, 0x72, 0x6e,
 0x20, 0x66, 0x69, 0x6c, 0x65, 0x6e, 0x6f, 0x28,
 0x66, 0x69, 0x6c, 0x65, 0x4f, 0x62, 0x6a, 0x73,
 0x2e, 0x67, 0x65, 0x74, 0x28, 0x74, 0x68, 0x69,
 0x73, 0x29, 0x29, 0x3b, 0x0a, 0x20, 0x20, 0x7d,
 0x0c, 0x40, 0x0b, 0x01, 0x00, 0x02, 0x05, 0x01,
 0x05, 0x00, 0x02, 0x00, 0x79, 0x07, 0xf8, 0x06,
 0x00, 0x01, 0x00, 0xfa, 0x06, 0x00, 0x01, 0x00,
 0xf8, 0x06, 0x01, 0xff, 0xff, 0xff, 0xff, 0x0f,
 0x20, 0xfa, 0x06, 0x01, 0x01, 0x20, 0xfc, 0x06,
 0x02, 0x00, 0x30, 0xfe, 0x06, 0x02, 0x03, 0x30,
 0x10, 0x00, 0x01, 0x00, 0xc8, 0x05, 0x18, 0x1a,
 0xa2, 0x06, 0x43, 0x1a, 0x08, 0xc2, 0x04, 0x60,
 0x01, 0x00, 0x60, 0x00, 0x00, 0xd1, 0xc9, 0xd2,
 0x11, 0xf2, 0xea, 0x0e, 0x0e, 0x0b, 0x04, 0xc0,
 0x01, 0x00, 0x00, 0x4b, 0xbe, 0x01, 0x00, 0x00,
 0xda, 0xca, 0x60, 0x03, 0x00, 0x60, 0x02, 0x00,
 0x64, 0x00, 0x00, 0xd2, 0xef, 0xea, 0x04, 0xd2,
 0xec, 0x07, 0xd2, 0x40, 0xbe, 0x01, 0x00, 0x00,
 0xcb, 0x64, 0x01, 0x00, 0x41, 0x42, 0x00, 0x00,
 0x00, 0xc1, 0x04, 0x24, 0x01, 0x00, 0xcc, 0x64,
 0x00, 0x00, 0xd1, 0xef, 0xea, 0x10, 0x61, 0x03,
 0x00, 0x41, 0x13, 0x01, 0x00, 0x00, 0xd1, 0x24,
 0x01, 0x00, 0x0e, 0xec, 0x15, 0x61, 0x03, 0x00,
 0x41, 0x47, 0x01, 0x00, 0x00, 0xd1, 0xb4, 0xd1,
 0x40, 0xc1, 0x01, 0x00, 0x00, 0x24, 0x03, 0x00,
 0x0e, 0x61, 0x03, 0x00, 0x41, 0xc2, 0x01, 0x00,
 0x00, 0x24, 0x00, 0x00, 0x29, 0xca, 0x03, 0xf4,
 0x01, 0x03, 0x12, 0xc6, 0x38, 0x71, 0x00, 0x31,
 0x1b, 0x16, 0x0e, 0x2a, 0x14, 0x26, 0x2f, 0x2a,
 0x16, 0x40, 0x1f, 0x2a, 0x0a, 0x8b, 0x02, 0x61,
 0x70, 0x70, 0x65, 0x6e, 0x64, 0x46, 0x69, 0x6c,
 0x65, 0x28, 0x64, 0x61, 0x74, 0x61, 0x2c, 0x20,
 0x6f, 0x70, 0x74, 0x69, 0x6f, 0x6e, 0x73, 0x20,
 0x3d, 0x20, 0x7b, 0x20, 0x65, 0x6e, 0x63, 0x6f,
 0x64, 0x69, 0x6e, 0x67, 0x3a, 0x20, 0x27, 0x75,
 0x74, 0x66, 0x38, 0x27, 0x20, 0x7d, 0x29, 0x20,
 0x7b, 0x0a, 0x20, 0x20, 0x20, 0x20, 0x63, 0x6f,
 0x6e, 0x73, 0x74, 0x20, 0x65, 0x6e, 0x63, 0x6f,
 0x64, 0x69, 0x6e, 0x67, 0x20, 0x3d, 0x20, 0x69,
 0x73, 0x53, 0x74, 0x72, 0x69, 0x6e, 0x67, 0x28,
 0x6f, 0x70, 0x74, 0x69, 0x6f, 0x6e, 0x73, 0x29,
 0x20, 0x3f, 0x20, 0x6f, 0x70, 0x74, 0x69, 0x6f,
 0x6e, 0x73, 0x20, 0x3a, 0x20, 0x6f, 0x70, 0x74,
 0x69, 0x6f, 0x6e, 0x73, 0x2e, 0x65, 0x6e, 0x63,
 0x6f, 0x64, 0x69, 0x6e, 0x67, 0x3b, 0x0a, 0x20,
 0x20, 0x20, 0x20, 0x63, 0x6f, 0x6e, 0x73, 0x74,
 0x20, 0x66, 0x69, 0x6c, 0x65, 0x20, 0x3d, 0x20,
 0x66, 0x69, 0x6c, 0x65, 0x4f, 0x62, 0x6a, 0x73,
 0x2e, 0x67, 0x65, 0x74, 0x28, 0x74, 0x68, 0x69,
 0x73, 0x29, 0x3b, 0x0a, 0x0a, 0x20, 0x20, 0x20,
 0x20, 0x69, 0x66, 0x28, 0x69, 0x73, 0x53, 0x74,
 0x72, 0x69, 0x6e, 0x67, 0x28, 0x64, 0x61, 0x74,
 0x61, 0x29, 0x29, 0x20, 0x66, 0x69, 0x6c, 0x65,
 0x2e, 0x70, 0x75, 0x74, 0x73, 0x28, 0x64, 0x61,
 0x74, 0x61, 0x29, 0x3b, 0x0a, 0x20, 0x20, 0x20,
 0x20, 0x65, 0x6c, 0x73, 0x65, 0x20, 0x66, 0x69,
 0x6c, 0x65, 0x2e, 0x77, 0x72, 0x69, 0x74, 0x65,
 0x28, 0x64, 0x61, 0x74, 0x61, 0x2c, 0x20, 0x30,
 0x2c, 0x20, 0x64, 0x61, 0x74, 0x61, 0x2e, 0x62,
 0x79, 0x74, 0x65, 0x4c, 0x65, 0x6e, 0x67, 0x74,
 0x68, 0x29, 0x3b, 0x0a, 0x0a, 0x20, 0x20, 0x20,
 0x20, 0x66, 0x69, 0x6c, 0x65, 0x2e, 0x66, 0x6c,
 0x75, 0x73, 0x68, 0x28, 0x29, 0x3b, 0x0a, 0x20,
 0x20, 0x7d, 0x0c, 0x42, 0x0b, 0x01, 0x00, 0x01,
 0x01, 0x01, 0x07, 0x00, 0x03, 0x00, 0x48, 0x02,
 0xd8, 0x06, 0x00, 0x01, 0x00, 0x10, 0x00, 0x01,
 0x00, 0xe0, 0x05, 0x06, 0x1a, 0x9a, 0x06, 0x3d,
 0x02, 0xde, 0x05, 0x05, 0x1a, 0x08, 0xc9, 0x64,
 0x00, 0x00, 0xc5, 0x40, 0xc3, 0x01, 0x00, 0x00,
 0xd1, 0xf0, 0xb4, 0xa5, 0xea, 0x37, 0xde, 0x04,
 0xc4, 0x01, 0x00, 0x00, 0x41, 0x5d, 0x00, 0x00,
 0x00, 0xc5, 0x40, 0xc3, 0x01, 0x00, 0x00, 0x04,
 0xc5, 0x01, 0x00, 0x00, 0xd1, 0x04, 0xc6, 0x01,
 0x00, 0x00, 0x24, 0x04, 0x00, 0x64, 0x02, 0x00,
 0xee, 0x40, 0x79, 0x01, 0x00, 0x00, 0x38, 0x46,
 0x00, 0x00, 0x00, 0x04, 0x52, 0x01, 0x00, 0x00,
 0x22, 0x04, 0x00, 0x30, 0x29, 0xca, 0x03, 0xfe,
 0x01, 0x03, 0x08, 0x1c, 0x20, 0x2a, 0x22, 0x17,
 0x2d, 0xac, 0x52, 0x9d, 0x01, 0x63, 0x68, 0x6d,
 0x6f, 0x64, 0x28, 0x6d, 0x6f, 0x64, 0x65, 0x29,
 0x20, 0x7b, 0x0a, 0x20, 0x20, 0x20, 0x20, 0x69,
 0x66, 0x28, 0x73, 0x79, 0x73, 0x5f, 0x66, 0x63,
 0x68, 0x6d, 0x6f, 0x64, 0x28, 0x74, 0x68, 0x69,
 0x73, 0x2e, 0x66, 0x64, 0x2c, 0x20, 0x6d, 0x6f,
 0x64, 0x65, 0x29, 0x20, 0x3c, 0x20, 0x30, 0x29,
 0x20, 0x7b, 0x0a, 0x20, 0x20, 0x20, 0x20, 0x20,
 0x20, 0x74, 0x68, 0x72, 0x6f, 0x77, 0x20, 0x4d,
 0x61, 0x6b, 0x65, 0x45, 0x72, 0x72, 0x6f, 0x72,
 0x28, 0x60, 0x66, 0x63, 0x68, 0x6d, 0x6f, 0x64,
 0x28, 0x24, 0x7b, 0x74, 0x68, 0x69, 0x73, 0x2e,
 0x66, 0x64, 0x7d, 0x2c, 0x20, 0x24, 0x7b, 0x6d,
 0x6f, 0x64, 0x65, 0x7d, 0x29, 0x60, 0x2c, 0x20,
 0x73, 0x79, 0x73, 0x5f, 0x65, 0x72, 0x72, 0x6f,
 0x72, 0x28, 0x29, 0x2e, 0x65, 0x72, 0x72, 0x6e,
 0x6f, 0x2c, 0x20, 0x75, 0x6e, 0x64, 0x65, 0x66,
 0x69, 0x6e, 0x65, 0x64, 0x2c, 0x20, 0x27, 0x66,
 0x63, 0x68, 0x6d, 0x6f, 0x64, 0x27, 0x29, 0x3b,
 0x0a, 0x20, 0x20, 0x20, 0x20, 0x7d, 0x0a, 0x20,
 0x20, 0x7d, 0x0c, 0x42, 0x0b, 0x01, 0x00, 0x02,
 0x01, 0x02, 0x09, 0x00, 0x03, 0x00, 0x4f, 0x03,
 0x8e, 0x07, 0x00, 0x01, 0x00, 0x90, 0x07, 0x00,
 0x01, 0x00, 0x10, 0x00, 0x01, 0x00, 0xe2, 0x05,
 0x07, 0x1a, 0x9a, 0x06, 0x3d, 0x02, 0xde, 0x05,
 0x05, 0x1a, 0x08, 0xc9, 0x64, 0x00, 0x00, 0xc5,
 0x40, 0xc3, 0x01, 0x00, 0x00, 0xd1, 0xd2, 0xf1,
 0xb4, 0xa5, 0xea, 0x3d, 0xde, 0x04, 0xc9, 0x01,
 0x00, 0x00, 0x41, 0x5d, 0x00, 0x00, 0x00, 0xc5,
 0x40, 0xc3, 0x01, 0x00, 0x00, 0x04, 0xc5, 0x01,
 0x00, 0x00, 0xd1, 0x04, 0xc5, 0x01, 0x00, 0x00,
 0xd2, 0x04, 0xc6, 0x01, 0x00, 0x00, 0x24, 0x06,
 0x00, 0x64, 0x02, 0x00, 0xee, 0x40, 0x79, 0x01,
 0x00, 0x00, 0x38, 0x46, 0x00, 0x00, 0x00, 0x04,
 0x53, 0x01, 0x00, 0x00, 0x22, 0x04, 0x00, 0x30,
 0x29, 0xca, 0x03, 0x84, 0x02, 0x03, 0x08, 0x1c,
 0x20, 0x2f, 0x2a, 0x17, 0x35, 0xca, 0x60, 0xac,
 0x01, 0x63, 0x68, 0x6f, 0x77, 0x6e, 0x28, 0x75,
 0x69, 0x64, 0x2c, 0x20, 0x67, 0x69, 0x64, 0x29,
 0x20, 0x7b, 0x0a, 0x20, 0x20, 0x20, 0x20, 0x69,
 0x66, 0x28, 0x73, 0x79, 0x73, 0x5f, 0x66, 0x63,
 0x68, 0x6f, 0x77, 0x6e, 0x28, 0x74, 0x68, 0x69,
 0x73, 0x2e, 0x66, 0x64, 0x2c, 0x20, 0x75, 0x69,
 0x64, 0x2c, 0x20, 0x67, 0x69, 0x64, 0x29, 0x20,
 0x3c, 0x20, 0x30, 0x29, 0x20, 0x7b, 0x0a, 0x20,
 0x20, 0x20, 0x20, 0x20, 0x20, 0x74, 0x68, 0x72,
 0x6f, 0x77, 0x20, 0x4d, 0x61, 0x6b, 0x65, 0x45,
 0x72, 0x72, 0x6f, 0x72, 0x28, 0x60, 0x66, 0x63,
 0x68, 0x6f, 0x77, 0x6e, 0x28, 0x24, 0x7b, 0x74,
 0x68, 0x69, 0x73, 0x2e, 0x66, 0x64, 0x7d, 0x2c,
 0x20, 0x24, 0x7b, 0x75, 0x69, 0x64, 0x7d, 0x2c,
 0x20, 0x24, 0x7b, 0x67, 0x69, 0x64, 0x7d, 0x29,
 0x60, 0x2c, 0x20, 0x73, 0x79, 0x73, 0x5f, 0x65,
 0x72, 0x72, 0x6f, 0x72, 0x28, 0x29, 0x2e, 0x65,
 0x72, 0x72, 0x6e, 0x6f, 0x2c, 0x20, 0x75, 0x6e,
 0x64, 0x65, 0x66, 0x69, 0x6e, 0x65, 0x64, 0x2c,
 0x20, 0x27, 0x66, 0x63, 0x68, 0x6f, 0x77, 0x6e,
 0x27, 0x29, 0x3b, 0x0a, 0x20, 0x20, 0x20, 0x20,
 0x7d, 0x0a, 0x20, 0x20, 0x7d, 0x0c, 0x42, 0x0b,
 0x01, 0x00, 0x00, 0x01, 0x00, 0x03, 0x00, 0x01,
 0x00, 0x17, 0x01, 0x10, 0x00, 0x01, 0x00, 0xa2,
 0x06, 0x43, 0x1a, 0x08, 0xc9, 0x64, 0x00, 0x00,
 0x41, 0x42, 0x00, 0x00, 0x00, 0xc5, 0x24, 0x01,
 0x00, 0x41, 0x3e, 0x01, 0x00, 0x00, 0x24, 0x00,
 0x00, 0x29, 0xca, 0x03, 0x8a, 0x02, 0x03, 0x06,
 0x0d, 0x04, 0x2a, 0x1a, 0x2f, 0x0c, 0x2d, 0x63,
 0x6c, 0x6f, 0x73, 0x65, 0x28, 0x29, 0x20, 0x7b,
 0x0a, 0x20, 0x20, 0x20, 0x20, 0x66, 0x69, 0x6c,
 0x65, 0x4f, 0x62, 0x6a, 0x73, 0x2e, 0x67, 0x65,
 0x74, 0x28, 0x74, 0x68, 0x69, 0x73, 0x29, 0x2e,
 0x63, 0x6c, 0x6f, 0x73, 0x65, 0x28, 0x29, 0x3b,
 0x0a, 0x20, 0x20, 0x7d, 0x0c, 0x42, 0x0b, 0x01,
 0x00, 0x00, 0x01, 0x00, 0x05, 0x00, 0x04, 0x00,
 0x56, 0x01, 0x10, 0x00, 0x01, 0x00, 0xa2, 0x06,
 0x43, 0x1a, 0xe4, 0x05, 0x08, 0x1a, 0x9a, 0x06,
 0x3d, 0x02, 0xde, 0x05, 0x05, 0x1a, 0x08, 0xc9,
 0x64, 0x00, 0x00, 0x41, 0x42, 0x00, 0x00, 0x00,
 0xc5, 0x24, 0x01, 0x00, 0x41, 0xc2, 0x01, 0x00,
 0x00, 0x24, 0x00, 0x00, 0x0e, 0x64, 0x01, 0x00,
 0xc5, 0x40, 0xc3, 0x01, 0x00, 0x00, 0xef, 0xb4,
 0xa5, 0xea, 0x31, 0xdf, 0x04, 0xca, 0x01, 0x00,
 0x00, 0x41, 0x5d, 0x00, 0x00, 0x00, 0xc5, 0x40,
 0xc3, 0x01, 0x00, 0x00, 0x04, 0xc6, 0x01, 0x00,
 0x00, 0x24, 0x02, 0x00, 0x64, 0x03, 0x00, 0xee,
 0x40, 0x79, 0x01, 0x00, 0x00, 0x38, 0x46, 0x00,
 0x00, 0x00, 0x04, 0x54, 0x01, 0x00, 0x00, 0x22,
 0x04, 0x00, 0x30, 0x29, 0xca, 0x03, 0x8e, 0x02,
 0x03, 0x0e, 0x0d, 0x04, 0x2a, 0x1a, 0x2f, 0x0c,
 0x27, 0x03, 0x25, 0x16, 0x17, 0x27, 0x8e, 0x46,
 0xb7, 0x01, 0x64, 0x61, 0x74, 0x61, 0x73, 0x79,
 0x6e, 0x63, 0x28, 0x29, 0x20, 0x7b, 0x0a, 0x20,
 0x20, 0x20, 0x20, 0x66, 0x69, 0x6c, 0x65, 0x4f,
 0x62, 0x6a, 0x73, 0x2e, 0x67, 0x65, 0x74, 0x28,
 0x74, 0x68, 0x69, 0x73, 0x29, 0x2e, 0x66, 0x6c,
 0x75, 0x73, 0x68, 0x28, 0x29, 0x3b, 0x0a, 0x0a,
 0x20, 0x20, 0x20, 0x20, 0x69, 0x66, 0x28, 0x73,
 0x79, 0x73, 0x5f, 0x66, 0x64, 0x61, 0x74, 0x61,
 0x73, 0x79, 0x6e, 0x63, 0x28, 0x74, 0x68, 0x69,
 0x73, 0x2e, 0x66, 0x64, 0x29, 0x20, 0x3c, 0x20,
 0x30, 0x29, 0x20, 0x7b, 0x0a, 0x20, 0x20, 0x20,
 0x20, 0x20, 0x20, 0x74, 0x68, 0x72, 0x6f, 0x77,
 0x20, 0x4d, 0x61, 0x6b, 0x65, 0x45, 0x72, 0x72,
 0x6f, 0x72, 0x28, 0x60, 0x66, 0x64, 0x61, 0x74,
 0x61, 0x73, 0x79, 0x6e, 0x63, 0x28, 0x24, 0x7b,
 0x74, 0x68, 0x69, 0x73, 0x2e, 0x66, 0x64, 0x7d,
 0x29, 0x60, 0x2c, 0x20, 0x73, 0x79, 0x73, 0x5f,
 0x65, 0x72, 0x72, 0x6f, 0x72, 0x28, 0x29, 0x2e,
 0x65, 0x72, 0x72, 0x6e, 0x6f, 0x2c, 0x20, 0x75,
 0x6e, 0x64, 0x65, 0x66, 0x69, 0x6e, 0x65, 0x64,
 0x2c, 0x20, 0x27, 0x66, 0x64, 0x61, 0x74, 0x61,
 0x73, 0x79, 0x6e, 0x63, 0x27, 0x29, 0x3b, 0x0a,
 0x20, 0x20, 0x20, 0x20, 0x7d, 0x0a, 0x20, 0x20,
 0x7d, 0x0c, 0x42, 0x0b, 0x01, 0x00, 0x04, 0x03,
 0x04, 0x06, 0x02, 0x06, 0x01, 0x3e, 0x07, 0x8e,
 0x04, 0x00, 0x01, 0x00, 0x96, 0x07, 0x00, 0x01,
 0x00, 0x64, 0x00, 0x01, 0x00, 0x98, 0x07, 0x00,
 0x01, 0x00, 0xc6, 0x06, 0x01, 0x00, 0x70, 0x01,
 0xfe, 0x06, 0x01, 0x01, 0x70, 0x00, 0x10, 0x00,
 0x01, 0x00, 0xcc, 0x04, 0x7b, 0x02, 0x9a, 0x04,
 0x62, 0x02, 0x9c, 0x06, 0x3f, 0x1a, 0x96, 0x04,
 0x60, 0x02, 0xa2, 0x06, 0x43, 0x1a, 0xa8, 0x06,
 0x47, 0x02, 0x0c, 0x42, 0x0b, 0x01, 0x00, 0x00,
 0x00, 0x00, 0x04, 0x00, 0x03, 0x00, 0x13, 0x00,
 0xcc, 0x04, 0x00, 0x02, 0xfe, 0x06, 0x01, 0x18,
 0xc6, 0x06, 0x00, 0x18, 0xdd, 0x64, 0x01, 0x00,
 0x26, 0x01, 0x00, 0xb5, 0x64, 0x02, 0x00, 0x51,
 0x0e, 0x06, 0x1b, 0x27, 0x00, 0x00, 0x28, 0xca,
 0x03, 0x9a, 0x02, 0x27, 0x02, 0x07, 0x1e, 0x1d,
 0x28, 0x29, 0x20, 0x3d, 0x3e, 0x20, 0x72, 0x65,
 0x61, 0x64, 0x53, 0x79, 0x6e, 0x63, 0x28, 0x66,
 0x69, 0x6c, 0x65, 0x2c, 0x20, 0x2e, 0x2e, 0x2e,
 0x61, 0x72, 0x67, 0x73, 0x29, 0x08, 0xcb, 0x60,
 0x01, 0x00, 0x60, 0x00, 0x00, 0xde, 0x64, 0x02,
 0x00, 0xb5, 0xef, 0xe0, 0xd1, 0xd2, 0xd3, 0x22,
 0x05, 0x00, 0xc9, 0x64, 0x04, 0x00, 0x41, 0x42,
 0x00, 0x00, 0x00, 0xc7, 0x24, 0x01, 0x00, 0xca,
 0x0b, 0x5d, 0x05, 0x00, 0x61, 0x01, 0x00, 0xbf,
 0x00, 0xd4, 0xf1, 0x4b, 0xcd, 0x01, 0x00, 0x00,
 0x61, 0x00, 0x00, 0xb4, 0x46, 0x4b, 0x07, 0x01,
 0x00, 0x00, 0x28, 0xca, 0x03, 0x96, 0x02, 0x03,
 0x06, 0x30, 0x36, 0x6d, 0x02, 0x30, 0x04, 0x8e,
 0x02, 0x72, 0x65, 0x61, 0x64, 0x28, 0x62, 0x75,
 0x66, 0x66, 0x65, 0x72, 0x2c, 0x20, 0x6f, 0x66,
 0x66, 0x73, 0x65, 0x74, 0x2c, 0x20, 0x6c, 0x65,
 0x6e, 0x67, 0x74, 0x68, 0x2c, 0x20, 0x70, 0x6f,
 0x73, 0x69, 0x74, 0x69, 0x6f, 0x6e, 0x29, 0x20,
 0x7b, 0x0a, 0x20, 0x20, 0x20, 0x20, 0x63, 0x6f,
 0x6e, 0x73, 0x74, 0x20, 0x61, 0x72, 0x67, 0x73,
 0x20, 0x3d, 0x20, 0x74, 0x68, 0x72, 0x6f, 0x77,
 0x49, 0x66, 0x4e, 0x75, 0x6c, 0x6c, 0x28, 0x49,
 0x6e, 0x76, 0x61, 0x6c, 0x69, 0x64, 0x42, 0x75,
 0x66, 0x66, 0x65, 0x72, 0x28, 0x31, 0x29, 0x2c,
 0x20, 0x62, 0x75, 0x66, 0x66, 0x65, 0x72, 0x41,
 0x72, 0x67, 0x75, 0x6d, 0x65, 0x6e, 0x74, 0x73,
 0x2c, 0x20, 0x62, 0x75, 0x66, 0x66, 0x65, 0x72,
 0x2c, 0x20, 0x6f, 0x66, 0x66, 0x73, 0x65, 0x74,
 0x2c, 0x20, 0x6c, 0x65, 0x6e, 0x67, 0x74, 0x68,
 0x29, 0x3b, 0x0a, 0x0a, 0x20, 0x20, 0x20, 0x20,
 0x63, 0x6f, 0x6e, 0x73, 0x74, 0x20, 0x66, 0x69,
 0x6c, 0x65, 0x20, 0x3d, 0x20, 0x66, 0x69, 0x6c,
 0x65, 0x4f, 0x62, 0x6a, 0x73, 0x2e, 0x67, 0x65,
 0x74, 0x28, 0x74, 0x68, 0x69, 0x73, 0x29, 0x3b,
 0x0a, 0x20, 0x20, 0x20, 0x20, 0x72, 0x65, 0x74,
 0x75, 0x72, 0x6e, 0x20, 0x7b, 0x20, 0x62, 0x79,
 0x74, 0x65, 0x73, 0x52, 0x65, 0x61, 0x64, 0x3a,
 0x20, 0x73, 0x61, 0x76, 0x65, 0x50, 0x6f, 0x73,
 0x28, 0x66, 0x69, 0x6c, 0x65, 0x2c, 0x20, 0x28,
 0x29, 0x20, 0x3d, 0x3e, 0x20, 0x72, 0x65, 0x61,
 0x64, 0x53, 0x79, 0x6e, 0x63, 0x28, 0x66, 0x69,
 0x6c, 0x65, 0x2c, 0x20, 0x2e, 0x2e, 0x2e, 0x61,
 0x72, 0x67, 0x73, 0x29, 0x2c, 0x20, 0x70, 0x6f,
 0x73, 0x69, 0x74, 0x69, 0x6f, 0x6e, 0x29, 0x2c,
 0x20, 0x62, 0x75, 0x66, 0x66, 0x65, 0x72, 0x3a,
 0x20, 0x61, 0x72, 0x67, 0x73, 0x5b, 0x30, 0x5d,
 0x20, 0x7d, 0x3b, 0x0a, 0x20, 0x20, 0x7d, 0x0c,
 0x40, 0x0b, 0x01, 0x00, 0x01, 0x08, 0x00, 0x05,
 0x00, 0x03, 0x00, 0xdb, 0x01, 0x09, 0xfa, 0x06,
 0x00, 0x01, 0x00, 0xfa, 0x06, 0x01, 0xff, 0xff,
 0xff, 0xff, 0x0f, 0x20, 0xfc, 0x06, 0x02, 0x00,
 0x30, 0xfe, 0x06, 0x02, 0x02, 0x30, 0x9c, 0x07,
 0x02, 0x03, 0x30, 0x62, 0x02, 0x04, 0x30, 0x8e,
 0x04, 0x02, 0x05, 0x30, 0x9a, 0x07, 0x02, 0x06,
 0x30, 0x10, 0x00, 0x01, 0x00, 0xc8, 0x05, 0x18,
 0x1a, 0xa2, 0x06, 0x43, 0x1a, 0xd6, 0x03, 0x23,
 0x1a, 0x08, 0xc2, 0x07, 0x60, 0x00, 0x00, 0xd1,
 0x11, 0xf2, 0xea, 0x14, 0x0e, 0x0b, 0x07, 0x4b,
 0xbe, 0x01, 0x00, 0x00, 0x04, 0xbb, 0x01, 0x00,
 0x00, 0x4b, 0xcf, 0x01, 0x00, 0x00, 0xd9, 0xc9,
 0x60, 0x06, 0x00, 0x60, 0x05, 0x00, 0x60, 0x04,
 0x00, 0x60, 0x03, 0x00, 0x60, 0x02, 0x00, 0x60,
 0x01, 0x00, 0x64, 0x00, 0x00, 0xd1, 0xef, 0xea,
 0x04, 0xd1, 0xec, 0x07, 0xd1, 0x40, 0xbe, 0x01,
 0x00, 0x00, 0xca, 0x64, 0x01, 0x00, 0x41, 0x42,
 0x00, 0x00, 0x00, 0xc1, 0x07, 0x24, 0x01, 0x00,
 0xcb, 0x61, 0x01, 0x00, 0x04, 0xc0, 0x01, 0x00,
 0x00, 0xab, 0xea, 0x0c, 0x61, 0x02, 0x00, 0x41,
 0xd0, 0x01, 0x00, 0x00, 0x25, 0x00, 0x00, 0x61,
 0x02, 0x00, 0x41, 0x16, 0x01, 0x00, 0x00, 0x24,
 0x00, 0x00, 0xcc, 0x61, 0x02, 0x00, 0x41, 0x15,
 0x01, 0x00, 0x00, 0xb4, 0x64, 0x02, 0x00, 0x40,
 0xd1, 0x01, 0x00, 0x00, 0x24, 0x02, 0x00, 0x0e,
 0x61, 0x02, 0x00, 0x41, 0x16, 0x01, 0x00, 0x00,
 0x24, 0x00, 0x00, 0xc2, 0x04, 0x61, 0x02, 0x00,
 0x41, 0x15, 0x01, 0x00, 0x00, 0x61, 0x03, 0x00,
 0x64, 0x02, 0x00, 0x40, 0xd2, 0x01, 0x00, 0x00,
 0x24, 0x02, 0x00, 0x0e, 0x38, 0xa5, 0x00, 0x00,
 0x00, 0x11, 0x61, 0x04, 0x00, 0x21, 0x01, 0x00,
 0xc2, 0x05, 0x61, 0x02, 0x00, 0x41, 0x43, 0x01,
 0x00, 0x00, 0x61, 0x05, 0x00, 0xb4, 0x61, 0x04,
 0x00, 0x24, 0x03, 0x00, 0xc2, 0x06, 0x61, 0x06,
 0x00, 0x61, 0x04, 0x00, 0xab, 0xea, 0x05, 0x61,
 0x05, 0x00, 0x28, 0x29, 0xca, 0x03, 0x9d, 0x02,
 0x03, 0x1c, 0x00, 0x34, 0x02, 0x38, 0x71, 0x00,
 0x31, 0x15, 0x52, 0x28, 0x3b, 0x1b, 0x17, 0x29,
 0x2a, 0x0a, 0x6c, 0x1a, 0x1c, 0x23, 0x2a, 0x14,
 0x4f, 0x12, 0x71, 0x12, 0x4f, 0x17, 0xe6, 0x03,
 0x72, 0x65, 0x61, 0x64, 0x46, 0x69, 0x6c, 0x65,
 0x28, 0x6f, 0x70, 0x74, 0x69, 0x6f, 0x6e, 0x73,
 0x20, 0x3d, 0x20, 0x7b, 0x20, 0x65, 0x6e, 0x63,
 0x6f, 0x64, 0x69, 0x6e, 0x67, 0x3a, 0x20, 0x6e,
 0x75, 0x6c, 0x6c, 0x2c, 0x20, 0x66, 0x6c, 0x61,
 0x67, 0x3a, 0x20, 0x27, 0x72, 0x27, 0x20, 0x7d,
 0x29, 0x20, 0x7b, 0x0a, 0x20, 0x20, 0x20, 0x20,
 0x63, 0x6f, 0x6e, 0x73, 0x74, 0x20, 0x65, 0x6e,
 0x63, 0x6f, 0x64, 0x69, 0x6e, 0x67, 0x20, 0x3d,
 0x20, 0x69, 0x73, 0x53, 0x74, 0x72, 0x69, 0x6e,
 0x67, 0x28, 0x6f, 0x70, 0x74, 0x69, 0x6f, 0x6e,
 0x73, 0x29, 0x20, 0x3f, 0x20, 0x6f, 0x70, 0x74,
 0x69, 0x6f, 0x6e, 0x73, 0x20, 0x3a, 0x20, 0x6f,
 0x70, 0x74, 0x69, 0x6f, 0x6e, 0x73, 0x2e, 0x65,
 0x6e, 0x63, 0x6f, 0x64, 0x69, 0x6e, 0x67, 0x3b,
 0x0a, 0x20, 0x20, 0x20, 0x20, 0x63, 0x6f, 0x6e,
 0x73, 0x74, 0x20, 0x66, 0x69, 0x6c, 0x65, 0x20,
 0x3d, 0x20, 0x66, 0x69, 0x6c, 0x65, 0x4f, 0x62,
 0x6a, 0x73, 0x2e, 0x67, 0x65, 0x74, 0x28, 0x74,
 0x68, 0x69, 0x73, 0x29, 0x3b, 0x0a, 0x0a, 0x20,
 0x20, 0x20, 0x20, 0x69, 0x66, 0x28, 0x65, 0x6e,
 0x63, 0x6f, 0x64, 0x69, 0x6e, 0x67, 0x20, 0x3d,
 0x3d, 0x20, 0x27, 0x75, 0x74, 0x66, 0x38, 0x27,
 0x29, 0x20, 0x72, 0x65, 0x74, 0x75, 0x72, 0x6e,
 0x20, 0x66, 0x69, 0x6c, 0x65, 0x2e, 0x72, 0x65,
 0x61, 0x64, 0x41, 0x73, 0x53, 0x74, 0x72, 0x69,
 0x6e, 0x67, 0x28, 0x29, 0x3b, 0x0a, 0x0a, 0x20,
 0x20, 0x20, 0x20, 0x63, 0x6f, 0x6e, 0x73, 0x74,
 0x20, 0x66, 0x69, 0x6c, 0x65, 0x50, 0x6f, 0x73,
 0x20, 0x3d, 0x20, 0x66, 0x69, 0x6c, 0x65, 0x2e,
 0x74, 0x65, 0x6c, 0x6c, 0x28, 0x29, 0x3b, 0x0a,
 0x20, 0x20, 0x20, 0x20, 0x66, 0x69, 0x6c, 0x65,
 0x2e, 0x73, 0x65, 0x65, 0x6b, 0x28, 0x30, 0x2c,
 0x20, 0x73, 0x74, 0x64, 0x2e, 0x53, 0x45, 0x45,
 0x4b, 0x5f, 0x45, 0x4e, 0x44, 0x29, 0x3b, 0x0a,
 0x20, 0x20, 0x20, 0x20, 0x63, 0x6f, 0x6e, 0x73,
 0x74, 0x20, 0x73, 0x69, 0x7a, 0x65, 0x20, 0x3d,
 0x20, 0x66, 0x69, 0x6c, 0x65, 0x2e, 0x74, 0x65,
 0x6c, 0x6c, 0x28, 0x29, 0x3b, 0x0a, 0x20, 0x20,
 0x20, 0x20, 0x66, 0x69, 0x6c, 0x65, 0x2e, 0x73,
 0x65, 0x65, 0x6b, 0x28, 0x66, 0x69, 0x6c, 0x65,
 0x50, 0x6f, 0x73, 0x2c, 0x20, 0x73, 0x74, 0x64,
 0x2e, 0x53, 0x45, 0x45, 0x4b, 0x5f, 0x53, 0x45,
 0x54, 0x29, 0x3b, 0x0a, 0x0a, 0x20, 0x20, 0x20,
 0x20, 0x63, 0x6f, 0x6e, 0x73, 0x74, 0x20, 0x62,
 0x75, 0x66, 0x66, 0x65, 0x72, 0x20, 0x3d, 0x20,
 0x6e, 0x65, 0x77, 0x20, 0x41, 0x72, 0x72, 0x61,
 0x79, 0x42, 0x75, 0x66, 0x66, 0x65, 0x72, 0x28,
 0x73, 0x69, 0x7a, 0x65, 0x29, 0x3b, 0x0a, 0x20,
 0x20, 0x20, 0x20, 0x63, 0x6f, 0x6e, 0x73, 0x74,
 0x20, 0x62, 0x79, 0x74, 0x65, 0x73, 0x52, 0x65,
 0x61, 0x64, 0x20, 0x3d, 0x20, 0x66, 0x69, 0x6c,
 0x65, 0x2e, 0x72, 0x65, 0x61, 0x64, 0x28, 0x62,
 0x75, 0x66, 0x66, 0x65, 0x72, 0x2c, 0x20, 0x30,
 0x2c, 0x20, 0x73, 0x69, 0x7a, 0x65, 0x29, 0x3b,
 0x0a, 0x0a, 0x20, 0x20, 0x20, 0x20, 0x69, 0x66,
 0x28, 0x62, 0x79, 0x74, 0x65, 0x73, 0x52, 0x65,
 0x61, 0x64, 0x20, 0x3d, 0x3d, 0x20, 0x73, 0x69,
 0x7a, 0x65, 0x29, 0x20, 0x72, 0x65, 0x74, 0x75,
 0x72, 0x6e, 0x20, 0x62, 0x75, 0x66, 0x66, 0x65,
 0x72, 0x3b, 0x0a, 0x20, 0x20, 0x7d, 0x0c, 0x40,
 0x0b, 0x01, 0x00, 0x01, 0x04, 0x00, 0x05, 0x00,
 0x02, 0x00, 0x74, 0x05, 0xfa, 0x06, 0x00, 0x01,
 0x00, 0xfa, 0x06, 0x01, 0xff, 0xff, 0xff, 0xff,
 0x0f, 0x20, 0xd6, 0x06, 0x02, 0x00, 0x30, 0xf2,
 0x05, 0x02, 0x02, 0x30, 0x10, 0x00, 0x01, 0x00,
 0xe6, 0x05, 0x09, 0x1a, 0x9a, 0x06, 0x3d, 0x02,
 0x08, 0xcc, 0x60, 0x00, 0x00, 0xd1, 0x11, 0xf2,
 0xea, 0x0a, 0x0e, 0x0b, 0x09, 0x4b, 0x8e, 0x00,
 0x00, 0x00, 0xd9, 0xc9, 0x60, 0x02, 0x00, 0x60,
 0x01, 0x00, 0x06, 0x11, 0xf2, 0xeb, 0x0d, 0x7d,
 0x80, 0x00, 0x0e, 0xca, 0x80, 0x00, 0x0e, 0xcb,
 0x83, 0xec, 0x0f, 0x0e, 0x64, 0x00, 0x00, 0xc8,
 0x40, 0xc3, 0x01, 0x00, 0x00, 0xd1, 0xf0, 0xec,
 0xe7, 0x61, 0x01, 0x00, 0x95, 0x11, 0xeb, 0x05,
 0x0e, 0x61, 0x02, 0x00, 0xea, 0x2b, 0xde, 0x04,
 0xd3, 0x01, 0x00, 0x00, 0x41, 0x5d, 0x00, 0x00,
 0x00, 0xc8, 0x40, 0xc3, 0x01, 0x00, 0x00, 0x04,
 0xd4, 0x01, 0x00, 0x00, 0x24, 0x02, 0x00, 0x61,
 0x02, 0x00, 0x38, 0x46, 0x00, 0x00, 0x00, 0x04,
 0x55, 0x01, 0x00, 0x00, 0x22, 0x04, 0x00, 0x30,
 0x61, 0x01, 0x00, 0x28, 0xca, 0x03, 0xae, 0x02,
 0x03, 0x04, 0xee, 0x40, 0x78, 0x2b, 0xd6, 0x01,
 0x73, 0x74, 0x61, 0x74, 0x28, 0x6f, 0x70, 0x74,
 0x69, 0x6f, 0x6e, 0x73, 0x20, 0x3d, 0x20, 0x7b,
 0x20, 0x62, 0x69, 0x67, 0x69, 0x6e, 0x74, 0x3a,
 0x20, 0x66, 0x61, 0x6c, 0x73, 0x65, 0x20, 0x7d,
 0x29, 0x20, 0x7b, 0x0a, 0x20, 0x20, 0x20, 0x20,
 0x63, 0x6f, 0x6e, 0x73, 0x74, 0x20, 0x5b, 0x73,
 0x74, 0x2c, 0x20, 0x65, 0x72, 0x72, 0x6e, 0x6f,
 0x5d, 0x20, 0x3d, 0x20, 0x73, 0x79, 0x73, 0x5f,
 0x66, 0x73, 0x74, 0x61, 0x74, 0x28, 0x74, 0x68,
 0x69, 0x73, 0x2e, 0x66, 0x64, 0x2c, 0x20, 0x6f,
 0x70, 0x74, 0x69, 0x6f, 0x6e, 0x73, 0x29, 0x3b,
 0x0a, 0x0a, 0x20, 0x20, 0x20, 0x20, 0x69, 0x66,
 0x28, 0x21, 0x73, 0x74, 0x20, 0x7c, 0x7c, 0x20,
 0x65, 0x72, 0x72, 0x6e, 0x6f, 0x29, 0x20, 0x7b,
 0x0a, 0x20, 0x20, 0x20, 0x20, 0x20, 0x20, 0x74,
 0x68, 0x72, 0x6f, 0x77, 0x20, 0x4d, 0x61, 0x6b,
 0x65, 0x45, 0x72, 0x72, 0x6f, 0x72, 0x28, 0x60,
 0x66, 0x73, 0x74, 0x61, 0x74, 0x28, 0x24, 0x7b,
 0x74, 0x68, 0x69, 0x73, 0x2e, 0x66, 0x64, 0x7d,
 0x2c, 0x20, 0x2e, 0x2e, 0x2e, 0x29, 0x60, 0x2c,
 0x20, 0x65, 0x72, 0x72, 0x6e, 0x6f, 0x2c, 0x20,
 0x75, 0x6e, 0x64, 0x65, 0x66, 0x69, 0x6e, 0x65,
 0x64, 0x2c, 0x20, 0x27, 0x66, 0x73, 0x74, 0x61,
 0x74, 0x27, 0x29, 0x3b, 0x0a, 0x20, 0x20, 0x20,
 0x20, 0x7d, 0x0a, 0x0a, 0x20, 0x20, 0x20, 0x20,
 0x72, 0x65, 0x74, 0x75, 0x72, 0x6e, 0x20, 0x73,
 0x74, 0x3b, 0x0a, 0x20, 0x20, 0x7d, 0x0c, 0x42,
 0x0b, 0x01, 0x00, 0x00, 0x01, 0x00, 0x05, 0x00,
 0x04, 0x00, 0x56, 0x01, 0x10, 0x00, 0x01, 0x00,
 0xa2, 0x06, 0x43, 0x1a, 0xe8, 0x05, 0x0a, 0x1a,
 0x9a, 0x06, 0x3d, 0x02, 0xde, 0x05, 0x05, 0x1a,
 0x08, 0xc9, 0x64, 0x00, 0x00, 0x41, 0x42, 0x00,
 0x00, 0x00, 0xc5, 0x24, 0x01, 0x00, 0x41, 0xc2,
 0x01, 0x00, 0x00, 0x24, 0x00, 0x00, 0x0e, 0x64,
 0x01, 0x00, 0xc5, 0x40, 0xc3, 0x01, 0x00, 0x00,
 0xef, 0xb4, 0xa5, 0xea, 0x31, 0xdf, 0x04, 0xd5,
 0x01, 0x00, 0x00, 0x41, 0x5d, 0x00, 0x00, 0x00,
 0xc5, 0x40, 0xc3, 0x01, 0x00, 0x00, 0x04, 0xc6,
 0x01, 0x00, 0x00, 0x24, 0x02, 0x00, 0x64, 0x03,
 0x00, 0xee, 0x40, 0x79, 0x01, 0x00, 0x00, 0x38,
 0x46, 0x00, 0x00, 0x00, 0x04, 0x56, 0x01, 0x00,
 0x00, 0x22, 0x04, 0x00, 0x30, 0x29, 0xca, 0x03,
 0xb8, 0x02, 0x03, 0x0e, 0x0d, 0x04, 0x2a, 0x1a,
 0x2f, 0x0c, 0x27, 0x0b, 0x25, 0x16, 0x17, 0x1f,
 0x8e, 0x3e, 0xa7, 0x01, 0x73, 0x79, 0x6e, 0x63,
 0x28, 0x29, 0x20, 0x7b, 0x0a, 0x20, 0x20, 0x20,
 0x20, 0x66, 0x69, 0x6c, 0x65, 0x4f, 0x62, 0x6a,
 0x73, 0x2e, 0x67, 0x65, 0x74, 0x28, 0x74, 0x68,
 0x69, 0x73, 0x29, 0x2e, 0x66, 0x6c, 0x75, 0x73,
 0x68, 0x28, 0x29, 0x3b, 0x0a, 0x0a, 0x20, 0x20,
 0x20, 0x20, 0x69, 0x66, 0x28, 0x73, 0x79, 0x73,
 0x5f, 0x66, 0x73, 0x79, 0x6e, 0x63, 0x28, 0x74,
 0x68, 0x69, 0x73, 0x2e, 0x66, 0x64, 0x29, 0x20,
 0x3c, 0x20, 0x30, 0x29, 0x20, 0x7b, 0x0a, 0x20,
 0x20, 0x20, 0x20, 0x20, 0x20, 0x74, 0x68, 0x72,
 0x6f, 0x77, 0x20, 0x4d, 0x61, 0x6b, 0x65, 0x45,
 0x72, 0x72, 0x6f, 0x72, 0x28, 0x60, 0x66, 0x73,
 0x79, 0x6e, 0x63, 0x28, 0x24, 0x7b, 0x74, 0x68,
 0x69, 0x73, 0x2e, 0x66, 0x64, 0x7d, 0x29, 0x60,
 0x2c, 0x20, 0x73, 0x79, 0x73, 0x5f, 0x65, 0x72,
 0x72, 0x6f, 0x72, 0x28, 0x29, 0x2e, 0x65, 0x72,
 0x72, 0x6e, 0x6f, 0x2c, 0x20, 0x75, 0x6e, 0x64,
 0x65, 0x66, 0x69, 0x6e, 0x65, 0x64, 0x2c, 0x20,
 0x27, 0x66, 0x73, 0x79, 0x6e, 0x63, 0x27, 0x29,
 0x3b, 0x0a, 0x20, 0x20, 0x20, 0x20, 0x7d, 0x0a,
 0x20, 0x20, 0x7d, 0x0c, 0x42, 0x0b, 0x01, 0x00,
 0x01, 0x01, 0x01, 0x07, 0x00, 0x03, 0x00, 0x48,
 0x02, 0xac, 0x07, 0x00, 0x01, 0x00, 0x10, 0x00,
 0x01, 0x00, 0xea, 0x05, 0x0b, 0x1a, 0x9a, 0x06,
 0x3d, 0x02, 0xde, 0x05, 0x05, 0x1a, 0x08, 0xc9,
 0x64, 0x00, 0x00, 0xc5, 0x40, 0xc3, 0x01, 0x00,
 0x00, 0xd1, 0xf0, 0xb4, 0xa5, 0xea, 0x37, 0xde,
 0x04, 0xd7, 0x01, 0x00, 0x00, 0x41, 0x5d, 0x00,
 0x00, 0x00, 0xc5, 0x40, 0xc3, 0x01, 0x00, 0x00,
 0x04, 0xc5, 0x01, 0x00, 0x00, 0xd1, 0x04, 0xc6,
 0x01, 0x00, 0x00, 0x24, 0x04, 0x00, 0x64, 0x02,
 0x00, 0xee, 0x40, 0x79, 0x01, 0x00, 0x00, 0x38,
 0x46, 0x00, 0x00, 0x00, 0x04, 0x57, 0x01, 0x00,
 0x00, 0x22, 0x04, 0x00, 0x30, 0x29, 0xca, 0x03,
 0xc0, 0x02, 0x03, 0x08, 0x1c, 0x26, 0x2a, 0x20,
 0x17, 0x31, 0xac, 0x56, 0xa6, 0x01, 0x74, 0x72,
 0x75, 0x6e, 0x63, 0x61, 0x74, 0x65, 0x28, 0x6c,
 0x65, 0x6e, 0x29, 0x20, 0x7b, 0x0a, 0x20, 0x20,
 0x20, 0x20, 0x69, 0x66, 0x28, 0x73, 0x79, 0x73,
 0x5f, 0x66, 0x74, 0x72, 0x75, 0x6e, 0x63, 0x61,
 0x74, 0x65, 0x28, 0x74, 0x68, 0x69, 0x73, 0x2e,
 0x66, 0x64, 0x2c, 0x20, 0x6c, 0x65, 0x6e, 0x29,
 0x20, 0x3c, 0x20, 0x30, 0x29, 0x20, 0x7b, 0x0a,
 0x20, 0x20, 0x20, 0x20, 0x20, 0x20, 0x74, 0x68,
 0x72, 0x6f, 0x77, 0x20, 0x4d, 0x61, 0x6b, 0x65,
 0x45, 0x72, 0x72, 0x6f, 0x72, 0x28, 0x60, 0x66,
 0x74, 0x72, 0x75, 0x6e, 0x63, 0x61, 0x74, 0x65,
 0x28, 0x24, 0x7b, 0x74, 0x68, 0x69, 0x73, 0x2e,
 0x66, 0x64, 0x7d, 0x2c, 0x20, 0x24, 0x7b, 0x6c,
 0x65, 0x6e, 0x7d, 0x29, 0x60, 0x2c, 0x20, 0x73,
 0x79, 0x73, 0x5f, 0x65, 0x72, 0x72, 0x6f, 0x72,
 0x28, 0x29, 0x2e, 0x65, 0x72, 0x72, 0x6e, 0x6f,
 0x2c, 0x20, 0x75, 0x6e, 0x64, 0x65, 0x66, 0x69,
 0x6e, 0x65, 0x64, 0x2c, 0x20, 0x27, 0x66, 0x74,
 0x72, 0x75, 0x6e, 0x63, 0x61, 0x74, 0x65, 0x27,
 0x29, 0x3b, 0x0a, 0x20, 0x20, 0x20, 0x20, 0x7d,
 0x0a, 0x20, 0x20, 0x7d, 0x0c, 0x42, 0x0b, 0x01,
 0x00, 0x02, 0x01, 0x02, 0x09, 0x00, 0x03, 0x00,
 0x52, 0x03, 0xb0, 0x07, 0x00, 0x01, 0x00, 0xb2,
 0x07, 0x00, 0x01, 0x00, 0x10, 0x00, 0x01, 0x00,
 0xec, 0x05, 0x0c, 0x1a, 0x9a, 0x06, 0x3d, 0x02,
 0xde, 0x05, 0x05, 0x1a, 0x08, 0xc9, 0x64, 0x00,
 0x00, 0xc5, 0x40, 0xc3, 0x01, 0x00, 0x00, 0xd1,
 0xd2, 0x26, 0x02, 0x00, 0xf0, 0xb4, 0xa5, 0xea,
 0x3d, 0xde, 0x04, 0xda, 0x01, 0x00, 0x00, 0x41,
 0x5d, 0x00, 0x00, 0x00, 0xc5, 0x40, 0xc3, 0x01,
 0x00, 0x00, 0x04, 0xdb, 0x01, 0x00, 0x00, 0xd1,
 0x04, 0xc5, 0x01, 0x00, 0x00, 0xd2, 0x04, 0xdc,
 0x01, 0x00, 0x00, 0x24, 0x06, 0x00, 0x64, 0x02,
 0x00, 0xee, 0x40, 0x79, 0x01, 0x00, 0x00, 0x38,
 0x46, 0x00, 0x00, 0x00, 0x04, 0x58, 0x01, 0x00,
 0x00, 0x22, 0x04, 0x00, 0x30, 0x29, 0xca, 0x03,
 0xc6, 0x02, 0x03, 0x08, 0x1c, 0x22, 0x3e, 0x36,
 0x17, 0x43, 0xca, 0x6e, 0xc0, 0x01, 0x75, 0x74,
 0x69, 0x6d, 0x65, 0x73, 0x28, 0x61, 0x74, 0x69,
 0x6d, 0x65, 0x2c, 0x20, 0x6d, 0x74, 0x69, 0x6d,
 0x65, 0x29, 0x20, 0x7b, 0x0a, 0x20, 0x20, 0x20,
 0x20, 0x69, 0x66, 0x28, 0x73, 0x79, 0x73, 0x5f,
 0x66, 0x75, 0x74, 0x69, 0x6d, 0x65, 0x73, 0x28,
 0x74, 0x68, 0x69, 0x73, 0x2e, 0x66, 0x64, 0x2c,
 0x20, 0x5b, 0x61, 0x74, 0x69, 0x6d, 0x65, 0x2c,
 0x20, 0x6d, 0x74, 0x69, 0x6d, 0x65, 0x5d, 0x29,
 0x20, 0x3c, 0x20, 0x30, 0x29, 0x20, 0x7b, 0x0a,
 0x20, 0x20, 0x20, 0x20, 0x20, 0x20, 0x74, 0x68,
 0x72, 0x6f, 0x77, 0x20, 0x4d, 0x61, 0x6b, 0x65,
 0x45, 0x72, 0x72, 0x6f, 0x72, 0x28, 0x60, 0x66,
 0x75, 0x74, 0x69, 0x6d, 0x65, 0x73, 0x28, 0x24,
 0x7b, 0x74, 0x68, 0x69, 0x73, 0x2e, 0x66, 0x64,
 0x7d, 0x2c, 0x20, 0x5b, 0x24, 0x7b, 0x61, 0x74,
 0x69, 0x6d, 0x65, 0x7d, 0x2c, 0x20, 0x24, 0x7b,
 0x6d, 0x74, 0x69, 0x6d, 0x65, 0x7d, 0x5d, 0x29,
 0x60, 0x2c, 0x20, 0x73, 0x79, 0x73, 0x5f, 0x65,
 0x72, 0x72, 0x6f, 0x72, 0x28, 0x29, 0x2e, 0x65,
 0x72, 0x72, 0x6e, 0x6f, 0x2c, 0x20, 0x75, 0x6e,
 0x64, 0x65, 0x66, 0x69, 0x6e, 0x65, 0x64, 0x2c,
 0x20, 0x27, 0x66, 0x75, 0x74, 0x69, 0x6d, 0x65,
 0x73, 0x27, 0x29, 0x3b, 0x0a, 0x20, 0x20, 0x20,
 0x20, 0x7d, 0x0a, 0x20, 0x20, 0x7d, 0x0c, 0x42,
 0x0b, 0x01, 0x00, 0x04, 0x04, 0x04, 0x06, 0x03,
 0x09, 0x02, 0x7d, 0x08, 0x8e, 0x04, 0x00, 0x01,
 0x40, 0x01, 0x96, 0x07, 0x00, 0x01, 0x00, 0x64,
 0x00, 0x01, 0x00, 0x98, 0x07, 0x00, 0x01, 0x00,
 0xfe, 0x06, 0x01, 0x00, 0x70, 0x00, 0xba, 0x07,
 0x01, 0x01, 0x30, 0xc6, 0x06, 0x01, 0x02, 0x70,
 0x02, 0x10, 0x00, 0x01, 0x00, 0xe2, 0x04, 0x86,
 0x01, 0x02, 0xa2, 0x06, 0x43, 0x1a, 0xa6, 0x06,
 0x46, 0x02, 0xc8, 0x05, 0x18, 0x1a, 0xa8, 0x06,
 0x47, 0x02, 0xaa, 0x06, 0x48, 0x02, 0x9a, 0x04,
 0x62, 0x02, 0x9c, 0x06, 0x3f, 0x1a, 0x98, 0x04,
 0x61, 0x02, 0x0c, 0x42, 0x0b, 0x01, 0x00, 0x00,
 0x00, 0x00, 0x03, 0x00, 0x02, 0x00, 0x0c, 0x00,
 0xfe, 0x06, 0x00, 0x18, 0x8e, 0x04, 0x00, 0x01,
 0x64, 0x00, 0x00, 0x41, 0x13, 0x01, 0x00, 0x00,
 0xde, 0x25, 0x01, 0x00, 0xca, 0x03, 0xd5, 0x02,
 0x1a, 0x02, 0x2a, 0x20, 0x17, 0x28, 0x29, 0x20,
 0x3d, 0x3e, 0x20, 0x66, 0x69, 0x6c, 0x65, 0x2e,
 0x70, 0x75, 0x74, 0x73, 0x28, 0x62, 0x75, 0x66,
 0x66, 0x65, 0x72, 0x29, 0x0c, 0x42, 0x0b, 0x01,
 0x00, 0x00, 0x00, 0x00, 0x04, 0x00, 0x03, 0x00,
 0x13, 0x00, 0xe2, 0x04, 0x00, 0x02, 0xfe, 0x06,
 0x00, 0x18, 0xc6, 0x06, 0x02, 0x18, 0xdd, 0x64,
 0x01, 0x00, 0x26, 0x01, 0x00, 0xb5, 0x64, 0x02,
 0x00, 0x51, 0x0e, 0x06, 0x1b, 0x27, 0x00, 0x00,
 0x28, 0xca, 0x03, 0xde, 0x02, 0x2a, 0x02, 0x07,
 0x20, 0x1e, 0x28, 0x29, 0x20, 0x3d, 0x3e, 0x20,
 0x77, 0x72, 0x69, 0x74, 0x65, 0x53, 0x79, 0x6e,
 0x63, 0x28, 0x66, 0x69, 0x6c, 0x65, 0x2c, 0x20,
 0x2e, 0x2e, 0x2e, 0x61, 0x72, 0x67, 0x73, 0x29,
 0x08, 0xcc, 0x60, 0x02, 0x00, 0x60, 0x01, 0x00,
 0x60, 0x00, 0x00, 0x64, 0x01, 0x00, 0x41, 0x42,
 0x00, 0x00, 0x00, 0xc8, 0x24, 0x01, 0x00, 0xc9,
 0xdf, 0xd2, 0xef, 0x11, 0xea, 0x05, 0x0e, 0xdf,
 0xd3, 0xef, 0xca, 0x61, 0x01, 0x00, 0x95, 0xea,
 0x28, 0x64, 0x03, 0x00, 0xd1, 0xef, 0xea, 0x21,
 0xd2, 0xd8, 0x0b, 0x5d, 0x04, 0x00, 0x61, 0x00,
 0x00, 0x5d, 0x05, 0x00, 0x61, 0x00, 0x00, 0xbf,
 0x00, 0xf0, 0xd4, 0xf1, 0x4b, 0xde, 0x01, 0x00,
 0x00, 0xd1, 0x4b, 0x07, 0x01, 0x00, 0x00, 0x28,
 0x5d, 0x06, 0x00, 0x64, 0x07, 0x00, 0xb5, 0xef,
 0x5d, 0x08, 0x00, 0xd1, 0xd2, 0xd3, 0x22, 0x05,
 0x00, 0xcb, 0x0b, 0x5d, 0x04, 0x00, 0x61, 0x00,
 0x00, 0xbf, 0x01, 0xd4, 0xf1, 0x4b, 0xde, 0x01,
 0x00, 0x00, 0x61, 0x02, 0x00, 0xb4, 0x46, 0x4b,
 0x07, 0x01, 0x00, 0x00, 0x28, 0xca, 0x03, 0xcc,
 0x02, 0x03, 0x14, 0x62, 0x38, 0x21, 0x01, 0x25,
 0x2e, 0x40, 0x35, 0x17, 0x25, 0x23, 0x08, 0x21,
 0x12, 0x00, 0x17, 0x0e, 0x14, 0x63, 0x0c, 0xc6,
 0x04, 0x77, 0x72, 0x69, 0x74, 0x65, 0x28, 0x62,
 0x75, 0x66, 0x66, 0x65, 0x72, 0x2c, 0x20, 0x6f,
 0x66, 0x66, 0x73, 0x65, 0x74, 0x2c, 0x20, 0x6c,
 0x65, 0x6e, 0x67, 0x74, 0x68, 0x2c, 0x20, 0x70,
 0x6f, 0x73, 0x69, 0x74, 0x69, 0x6f, 0x6e, 0x29,
 0x20, 0x7b, 0x0a, 0x20, 0x20, 0x20, 0x20, 0x63,
 0x6f, 0x6e, 0x73, 0x74, 0x20, 0x66, 0x69, 0x6c,
 0x65, 0x20, 0x3d, 0x20, 0x66, 0x69, 0x6c, 0x65,
 0x4f, 0x62, 0x6a, 0x73, 0x2e, 0x67, 0x65, 0x74,
 0x28, 0x74, 0x68, 0x69, 0x73, 0x29, 0x3b, 0x0a,
 0x20, 0x20, 0x20, 0x20, 0x63, 0x6f, 0x6e, 0x73,
 0x74, 0x20, 0x61, 0x42, 0x75, 0x66, 0x20, 0x3d,
 0x20, 0x76, 0x61, 0x6c, 0x69, 0x64, 0x4e, 0x75,
 0x6d, 0x62, 0x65, 0x72, 0x28, 0x6f, 0x66, 0x66,
 0x73, 0x65, 0x74, 0x29, 0x20, 0x26, 0x26, 0x20,
 0x76, 0x61, 0x6c, 0x69, 0x64, 0x4e, 0x75, 0x6d,
 0x62, 0x65, 0x72, 0x28, 0x6c, 0x65, 0x6e, 0x67,
 0x74, 0x68, 0x29, 0x3b, 0x0a, 0x0a, 0x20, 0x20,
 0x20, 0x20, 0x69, 0x66, 0x28, 0x21, 0x61, 0x42,
 0x75, 0x66, 0x20, 0x26, 0x26, 0x20, 0x69, 0x73,
 0x53, 0x74, 0x72, 0x69, 0x6e, 0x67, 0x28, 0x62,
 0x75, 0x66, 0x66, 0x65, 0x72, 0x29, 0x29, 0x20,
 0x7b, 0x0a, 0x20, 0x20, 0x20, 0x20, 0x20, 0x20,
 0x70, 0x6f, 0x73, 0x69, 0x74, 0x69, 0x6f, 0x6e,
 0x20, 0x3d, 0x20, 0x6f, 0x66, 0x66, 0x73, 0x65,
 0x74, 0x3b, 0x0a, 0x20, 0x20, 0x20, 0x20, 0x20,
 0x20, 0x72, 0x65, 0x74, 0x75, 0x72, 0x6e, 0x20,
 0x7b, 0x0a, 0x20, 0x20, 0x20, 0x20, 0x20, 0x20,
 0x20, 0x20, 0x62, 0x79, 0x74, 0x65, 0x73, 0x57,
 0x72, 0x69, 0x74, 0x74, 0x65, 0x6e, 0x3a, 0x20,
 0x73, 0x61, 0x76, 0x65, 0x50, 0x6f, 0x73, 0x28,
 0x0a, 0x20, 0x20, 0x20, 0x20, 0x20, 0x20, 0x20,
 0x20, 0x20, 0x20, 0x66, 0x69, 0x6c, 0x65, 0x2c,
 0x0a, 0x20, 0x20, 0x20, 0x20, 0x20, 0x20, 0x20,
 0x20, 0x20, 0x20, 0x74, 0x65, 0x6c, 0x6c, 0x44,
 0x69, 0x66, 0x66, 0x28, 0x66, 0x69, 0x6c, 0x65,
 0x2c, 0x20, 0x28, 0x29, 0x20, 0x3d, 0x3e, 0x20,
 0x66, 0x69, 0x6c, 0x65, 0x2e, 0x70, 0x75, 0x74,
 0x73, 0x28, 0x62, 0x75, 0x66, 0x66, 0x65, 0x72,
 0x29, 0x29, 0x2c, 0x0a, 0x20, 0x20, 0x20, 0x20,
 0x20, 0x20, 0x20, 0x20, 0x20, 0x20, 0x70, 0x6f,
 0x73, 0x69, 0x74, 0x69, 0x6f, 0x6e, 0x2c, 0x0a,
 0x20, 0x20, 0x20, 0x20, 0x20, 0x20, 0x20, 0x20,
 0x29, 0x2c, 0x0a, 0x20, 0x20, 0x20, 0x20, 0x20,
 0x20, 0x20, 0x20, 0x62, 0x75, 0x66, 0x66, 0x65,
 0x72, 0x2c, 0x0a, 0x20, 0x20, 0x20, 0x20, 0x20,
 0x20, 0x7d, 0x3b, 0x0a, 0x20, 0x20, 0x20, 0x20,
 0x7d, 0x0a, 0x0a, 0x20, 0x20, 0x20, 0x20, 0x63,
 0x6f, 0x6e, 0x73, 0x74, 0x20, 0x61, 0x72, 0x67,
 0x73, 0x20, 0x3d, 0x20, 0x74, 0x68, 0x72, 0x6f,
 0x77, 0x49, 0x66, 0x4e, 0x75, 0x6c, 0x6c, 0x28,
 0x49, 0x6e, 0x76, 0x61, 0x6c, 0x69, 0x64, 0x42,
 0x75, 0x66, 0x66, 0x65, 0x72, 0x28, 0x31, 0x29,
 0x2c, 0x20, 0x73, 0x74, 0x72, 0x69, 0x6e, 0x67,
 0x4f, 0x72, 0x42, 0x75, 0x66, 0x66, 0x65, 0x72,
 0x41, 0x72, 0x67, 0x75, 0x6d, 0x65, 0x6e, 0x74,
 0x73, 0x2c, 0x20, 0x62, 0x75, 0x66, 0x66, 0x65,
 0x72, 0x2c, 0x20, 0x6f, 0x66, 0x66, 0x73, 0x65,
 0x74, 0x2c, 0x20, 0x6c, 0x65, 0x6e, 0x67, 0x74,
 0x68, 0x29, 0x3b, 0x0a, 0x0a, 0x20, 0x20, 0x20,
 0x20, 0x72, 0x65, 0x74, 0x75, 0x72, 0x6e, 0x20,
 0x7b, 0x20, 0x62, 0x79, 0x74, 0x65, 0x73, 0x57,
 0x72, 0x69, 0x74, 0x74, 0x65, 0x6e, 0x3a, 0x20,
 0x73, 0x61, 0x76, 0x65, 0x50, 0x6f, 0x73, 0x28,
 0x66, 0x69, 0x6c, 0x65, 0x2c, 0x20, 0x28, 0x29,
 0x20, 0x3d, 0x3e, 0x20, 0x77, 0x72, 0x69, 0x74,
 0x65, 0x53, 0x79, 0x6e, 0x63, 0x28, 0x66, 0x69,
 0x6c, 0x65, 0x2c, 0x20, 0x2e, 0x2e, 0x2e, 0x61,
 0x72, 0x67, 0x73, 0x29, 0x2c, 0x20, 0x70, 0x6f,
 0x73, 0x69, 0x74, 0x69, 0x6f, 0x6e, 0x29, 0x2c,
 0x20, 0x62, 0x75, 0x66, 0x66, 0x65, 0x72, 0x3a,
 0x20, 0x61, 0x72, 0x67, 0x73, 0x5b, 0x30, 0x5d,
 0x20, 0x7d, 0x3b, 0x0a, 0x20, 0x20, 0x7d, 0x0c,
 0x40, 0x0b, 0x01, 0x00, 0x02, 0x05, 0x01, 0x05,
 0x00, 0x02, 0x00, 0x79, 0x07, 0xf8, 0x06, 0x00,
 0x01, 0x00, 0xfa, 0x06, 0x00, 0x01, 0x00, 0xf8,
 0x06, 0x01, 0xff, 0xff, 0xff, 0xff, 0x0f, 0x20,
 0xfa, 0x06, 0x01, 0x01, 0x20, 0xfc, 0x06, 0x02,
 0x00, 0x30, 0xfe, 0x06, 0x02, 0x03, 0x30, 0x10,
 0x00, 0x01, 0x00, 0xc8, 0x05, 0x18, 0x1a, 0xa2,
 0x06, 0x43, 0x1a, 0x08, 0xc2, 0x04, 0x60, 0x01,
 0x00, 0x60, 0x00, 0x00, 0xd1, 0xc9, 0xd2, 0x11,
 0xf2, 0xea, 0x0e, 0x0e, 0x0b, 0x04, 0xc0, 0x01,
 0x00, 0x00, 0x4b, 0xbe, 0x01, 0x00, 0x00, 0xda,
 0xca, 0x60, 0x03, 0x00, 0x60, 0x02, 0x00, 0x64,
 0x00, 0x00, 0xd2, 0xef, 0xea, 0x04, 0xd2, 0xec,
 0x07, 0xd2, 0x40, 0xbe, 0x01, 0x00, 0x00, 0xcb,
 0x64, 0x01, 0x00, 0x41, 0x42, 0x00, 0x00, 0x00,
 0xc1, 0x04, 0x24, 0x01, 0x00, 0xcc, 0x64, 0x00,
 0x00, 0xd1, 0xef, 0xea, 0x10, 0x61, 0x03, 0x00,
 0x41, 0x13, 0x01, 0x00, 0x00, 0xd1, 0x24, 0x01,
 0x00, 0x0e, 0xec, 0x15, 0x61, 0x03, 0x00, 0x41,
 0x47, 0x01, 0x00, 0x00, 0xd1, 0xb4, 0xd1, 0x40,
 0xc1, 0x01, 0x00, 0x00, 0x24, 0x03, 0x00, 0x0e,
 0x61, 0x03, 0x00, 0x41, 0xc2, 0x01, 0x00, 0x00,
 0x24, 0x00, 0x00, 0x29, 0xca, 0x03, 0xe1, 0x02,
 0x03, 0x12, 0xc6, 0x38, 0x71, 0x00, 0x31, 0x1b,
 0x16, 0x0e, 0x2a, 0x14, 0x26, 0x2f, 0x2a, 0x16,
 0x40, 0x1f, 0x2a, 0x0a, 0x8a, 0x02, 0x77, 0x72,
 0x69, 0x74, 0x65, 0x46, 0x69, 0x6c, 0x65, 0x28,
 0x64, 0x61, 0x74, 0x61, 0x2c, 0x20, 0x6f, 0x70,
 0x74, 0x69, 0x6f, 0x6e, 0x73, 0x20, 0x3d, 0x20,
 0x7b, 0x20, 0x65, 0x6e, 0x63, 0x6f, 0x64, 0x69,
 0x6e, 0x67, 0x3a, 0x20, 0x27, 0x75, 0x74, 0x66,
 0x38, 0x27, 0x20, 0x7d, 0x29, 0x20, 0x7b, 0x0a,
 0x20, 0x20, 0x20, 0x20, 0x63, 0x6f, 0x6e, 0x73,
 0x74, 0x20, 0x65, 0x6e, 0x63, 0x6f, 0x64, 0x69,
 0x6e, 0x67, 0x20, 0x3d, 0x20, 0x69, 0x73, 0x53,
 0x74, 0x72, 0x69, 0x6e, 0x67, 0x28, 0x6f, 0x70,
 0x74, 0x69, 0x6f, 0x6e, 0x73, 0x29, 0x20, 0x3f,
 0x20, 0x6f, 0x70, 0x74, 0x69, 0x6f, 0x6e, 0x73,
 0x20, 0x3a, 0x20, 0x6f, 0x70, 0x74, 0x69, 0x6f,
 0x6e, 0x73, 0x2e, 0x65, 0x6e, 0x63, 0x6f, 0x64,
 0x69, 0x6e, 0x67, 0x3b, 0x0a, 0x20, 0x20, 0x20,
 0x20, 0x63, 0x6f, 0x6e, 0x73, 0x74, 0x20, 0x66,
 0x69, 0x6c, 0x65, 0x20, 0x3d, 0x20, 0x66, 0x69,
 0x6c, 0x65, 0x4f, 0x62, 0x6a, 0x73, 0x2e, 0x67,
 0x65, 0x74, 0x28, 0x74, 0x68, 0x69, 0x73, 0x29,
 0x3b, 0x0a, 0x0a, 0x20, 0x20, 0x20, 0x20, 0x69,
 0x66, 0x28, 0x69, 0x73, 0x53, 0x74, 0x72, 0x69,
 0x6e, 0x67, 0x28, 0x64, 0x61, 0x74, 0x61, 0x29,
 0x29, 0x20, 0x66, 0x69, 0x6c, 0x65, 0x2e, 0x70,
 0x75, 0x74, 0x73, 0x28, 0x64, 0x61, 0x74, 0x61,
 0x29, 0x3b, 0x0a, 0x20, 0x20, 0x20, 0x20, 0x65,
 0x6c, 0x73, 0x65, 0x20, 0x66, 0x69, 0x6c, 0x65,
 0x2e, 0x77, 0x72, 0x69, 0x74, 0x65, 0x28, 0x64,
 0x61, 0x74, 0x61, 0x2c, 0x20, 0x30, 0x2c, 0x20,
 0x64, 0x61, 0x74, 0x61, 0x2e, 0x62, 0x79, 0x74,
 0x65, 0x4c, 0x65, 0x6e, 0x67, 0x74, 0x68, 0x29,
 0x3b, 0x0a, 0x0a, 0x20, 0x20, 0x20, 0x20, 0x66,
 0x69, 0x6c, 0x65, 0x2e, 0x66, 0x6c, 0x75, 0x73,
 0x68, 0x28, 0x29, 0x3b, 0x0a, 0x20, 0x20, 0x7d,
 0x0c, 0x43, 0x0a, 0x01, 0xa6, 0x06, 0x01, 0x00,
 0x01, 0x04, 0x00, 0x00, 0x00, 0x14, 0x01, 0xbe,
 0x07, 0x00, 0x01, 0x00, 0x38, 0x99, 0x00, 0x00,
 0x00, 0x41, 0xe0, 0x01, 0x00, 0x00, 0x38, 0x99,
 0x00, 0x00, 0x00, 0xd1, 0xef, 0x25, 0x01, 0x00,
 0xca, 0x03, 0xf2, 0x02, 0x01, 0x04, 0x35, 0x32,
 0x1b, 0x0e, 0x40, 0x66, 0x75, 0x6e, 0x63, 0x74,
 0x69, 0x6f, 0x6e, 0x20, 0x76, 0x61, 0x6c, 0x69,
 0x64, 0x4e, 0x75, 0x6d, 0x62, 0x65, 0x72, 0x28,
 0x6e, 0x29, 0x20, 0x7b, 0x0a, 0x20, 0x20, 0x72,
 0x65, 0x74, 0x75, 0x72, 0x6e, 0x20, 0x4e, 0x75,
 0x6d, 0x62, 0x65, 0x72, 0x2e, 0x69, 0x73, 0x46,
 0x69, 0x6e, 0x69, 0x74, 0x65, 0x28, 0x4e, 0x75,
 0x6d, 0x62, 0x65, 0x72, 0x28, 0x6e, 0x29, 0x29,
 0x3b, 0x0a, 0x7d, 0x0c, 0x43, 0x0a, 0x01, 0xa8,
 0x06, 0x03, 0x03, 0x03, 0x04, 0x00, 0x02, 0x00,
 0x56, 0x06, 0xfe, 0x06, 0x00, 0x01, 0x00, 0xc2,
 0x07, 0x00, 0x01, 0x00, 0x98, 0x07, 0x00, 0x01,
 0x00, 0xc4, 0x07, 0x01, 0x00, 0x20, 0xc6, 0x07,
 0x01, 0x01, 0x30, 0xce, 0x06, 0x01, 0x02, 0x30,
 0xa6, 0x06, 0x46, 0x02, 0xd6, 0x03, 0x23, 0x1a,
 0x60, 0x02, 0x00, 0x60, 0x01, 0x00, 0x60, 0x00,
 0x00, 0x06, 0xc9, 0xdd, 0xd3, 0xef, 0xca, 0x61,
 0x01, 0x00, 0xea, 0x22, 0xd1, 0x41, 0x16, 0x01,
 0x00, 0x00, 0x24, 0x00, 0x00, 0x11, 0x62, 0x00,
 0x00, 0x0e, 0xd1, 0x41, 0x15, 0x01, 0x00, 0x00,
 0xd3, 0x64, 0x01, 0x00, 0x40, 0xd2, 0x01, 0x00,
 0x00, 0x24, 0x02, 0x00, 0x0e, 0xd2, 0xee, 0xcb,
 0x61, 0x01, 0x00, 0xea, 0x16, 0xd1, 0x41, 0x15,
 0x01, 0x00, 0x00, 0x61, 0x00, 0x00, 0x64, 0x01,
 0x00, 0x40, 0xd2, 0x01, 0x00, 0x00, 0x24, 0x02,
 0x00, 0x0e, 0x61, 0x02, 0x00, 0x28, 0xca, 0x03,
 0xf6, 0x02, 0x01, 0x10, 0x40, 0x3a, 0x2c, 0x31,
 0x20, 0x20, 0x2b, 0x1f, 0x20, 0x14, 0x4a, 0x00,
 0x26, 0x01, 0x20, 0x14, 0x88, 0x02, 0x66, 0x75,
 0x6e, 0x63, 0x74, 0x69, 0x6f, 0x6e, 0x20, 0x73,
 0x61, 0x76, 0x65, 0x50, 0x6f, 0x73, 0x28, 0x66,
 0x69, 0x6c, 0x65, 0x2c, 0x20, 0x66, 0x6e, 0x2c,
 0x20, 0x70, 0x6f, 0x73, 0x69, 0x74, 0x69, 0x6f,
 0x6e, 0x29, 0x20, 0x7b, 0x0a, 0x20, 0x20, 0x6c,
 0x65, 0x74, 0x20, 0x73, 0x61, 0x76, 0x65, 0x64,
 0x50, 0x6f, 0x73, 0x3b, 0x0a, 0x20, 0x20, 0x63,
 0x6f, 0x6e, 0x73, 0x74, 0x20, 0x64, 0x6f, 0x53,
 0x61, 0x76, 0x65, 0x20, 0x3d, 0x20, 0x76, 0x61,
 0x6c, 0x69, 0x64, 0x4e, 0x75, 0x6d, 0x62, 0x65,
 0x72, 0x28, 0x70, 0x6f, 0x73, 0x69, 0x74, 0x69,
 0x6f, 0x6e, 0x29, 0x3b, 0x0a, 0x20, 0x20, 0x69,
 0x66, 0x28, 0x64, 0x6f, 0x53, 0x61, 0x76, 0x65,
 0x29, 0x20, 0x7b, 0x0a, 0x20, 0x20, 0x20, 0x20,
 0x73, 0x61, 0x76, 0x65, 0x64, 0x50, 0x6f, 0x73,
 0x20, 0x3d, 0x20, 0x66, 0x69, 0x6c, 0x65, 0x2e,
 0x74, 0x65, 0x6c, 0x6c, 0x28, 0x29, 0x3b, 0x0a,
 0x20, 0x20, 0x20, 0x20, 0x66, 0x69, 0x6c, 0x65,
 0x2e, 0x73, 0x65, 0x65, 0x6b, 0x28, 0x70, 0x6f,
 0x73, 0x69, 0x74, 0x69, 0x6f, 0x6e, 0x2c, 0x20,
 0x73, 0x74, 0x64, 0x2e, 0x53, 0x45, 0x45, 0x4b,
 0x5f, 0x53, 0x45, 0x54, 0x29, 0x3b, 0x0a, 0x20,
 0x20, 0x7d, 0x0a, 0x20, 0x20, 0x63, 0x6f, 0x6e,
 0x73, 0x74, 0x20, 0x72, 0x65, 0x74, 0x20, 0x3d,
 0x20, 0x66, 0x6e, 0x28, 0x29, 0x3b, 0x0a, 0x20,
 0x20, 0x69, 0x66, 0x28, 0x64, 0x6f, 0x53, 0x61,
 0x76, 0x65, 0x29, 0x20, 0x66, 0x69, 0x6c, 0x65,
 0x2e, 0x73, 0x65, 0x65, 0x6b, 0x28, 0x73, 0x61,
 0x76, 0x65, 0x64, 0x50, 0x6f, 0x73, 0x2c, 0x20,
 0x73, 0x74, 0x64, 0x2e, 0x53, 0x45, 0x45, 0x4b,
 0x5f, 0x53, 0x45, 0x54, 0x29, 0x3b, 0x0a, 0x20,
 0x20, 0x72, 0x65, 0x74, 0x75, 0x72, 0x6e, 0x20,
 0x72, 0x65, 0x74, 0x3b, 0x0a, 0x7d, 0x0c, 0x43,
 0x0a, 0x01, 0xaa, 0x06, 0x02, 0x00, 0x02, 0x01,
 0x02, 0x00, 0x01, 0x03, 0x02, 0xfe, 0x06, 0x00,
 0x01, 0x40, 0x00, 0xc2, 0x07, 0x00, 0x01, 0x40,
 0x01, 0x0c, 0x42, 0x0a, 0x01, 0x00, 0x00, 0x01,
 0x00, 0x02, 0x00, 0x02, 0x00, 0x1e, 0x01, 0xc8,
 0x07, 0x01, 0x00, 0x30, 0xfe, 0x06, 0x00, 0x01,
 0xc2, 0x07, 0x01, 0x01, 0x60, 0x00, 0x00, 0xdd,
 0x41, 0x16, 0x01, 0x00, 0x00, 0x24, 0x00, 0x00,
 0xc9, 0xde, 0xee, 0x0e, 0xdd, 0x41, 0x16, 0x01,
 0x00, 0x00, 0x24, 0x00, 0x00, 0x61, 0x00, 0x00,
 0x9d, 0x28, 0xca, 0x03, 0x83, 0x03, 0x0a, 0x08,
 0x30, 0x24, 0x17, 0x2d, 0x30, 0x18, 0x11, 0x12,
 0x5c, 0x28, 0x29, 0x20, 0x3d, 0x3e, 0x20, 0x7b,
 0x0a, 0x20, 0x20, 0x20, 0x20, 0x63, 0x6f, 0x6e,
 0x73, 0x74, 0x20, 0x62, 0x65, 0x66, 0x6f, 0x72,
 0x65, 0x50, 0x6f, 0x73, 0x20, 0x3d, 0x20, 0x66,
 0x69, 0x6c, 0x65, 0x2e, 0x74, 0x65, 0x6c, 0x6c,
 0x28, 0x29, 0x3b, 0x0a, 0x20, 0x20, 0x20, 0x20,
 0x66, 0x6e, 0x28, 0x29, 0x3b, 0x0a, 0x20, 0x20,
 0x20, 0x20, 0x72, 0x65, 0x74, 0x75, 0x72, 0x6e,
 0x20, 0x66, 0x69, 0x6c, 0x65, 0x2e, 0x74, 0x65,
 0x6c, 0x6c, 0x28, 0x29, 0x20, 0x2d, 0x20, 0x62,
 0x65, 0x66, 0x6f, 0x72, 0x65, 0x50, 0x6f, 0x73,
 0x3b, 0x0a, 0x20, 0x20, 0x7d, 0xbf, 0x00, 0x28,
 0xca, 0x03, 0x82, 0x03, 0x01, 0x00, 0x86, 0x01,
 0x66, 0x75, 0x6e, 0x63, 0x74, 0x69, 0x6f, 0x6e,
 0x20, 0x74, 0x65, 0x6c, 0x6c, 0x44, 0x69, 0x66,
 0x66, 0x28, 0x66, 0x69, 0x6c, 0x65, 0x2c, 0x20,
 0x66, 0x6e, 0x29, 0x20, 0x7b, 0x0a, 0x20, 0x20,
 0x72, 0x65, 0x74, 0x75, 0x72, 0x6e, 0x20, 0x28,
 0x29, 0x20, 0x3d, 0x3e, 0x20, 0x7b, 0x0a, 0x20,
 0x20, 0x20, 0x20, 0x63, 0x6f, 0x6e, 0x73, 0x74,
 0x20, 0x62, 0x65, 0x66, 0x6f, 0x72, 0x65, 0x50,
 0x6f, 0x73, 0x20, 0x3d, 0x20, 0x66, 0x69, 0x6c,
 0x65, 0x2e, 0x74, 0x65, 0x6c, 0x6c, 0x28, 0x29,
 0x3b, 0x0a, 0x20, 0x20, 0x20, 0x20, 0x66, 0x6e,
 0x28, 0x29, 0x3b, 0x0a, 0x20, 0x20, 0x20, 0x20,
 0x72, 0x65, 0x74, 0x75, 0x72, 0x6e, 0x20, 0x66,
 0x69, 0x6c, 0x65, 0x2e, 0x74, 0x65, 0x6c, 0x6c,
 0x28, 0x29, 0x20, 0x2d, 0x20, 0x62, 0x65, 0x66,
 0x6f, 0x72, 0x65, 0x50, 0x6f, 0x73, 0x3b, 0x0a,
 0x20, 0x20, 0x7d, 0x3b, 0x0a, 0x7d, 0x0c, 0x43,
 0x0a, 0x01, 0x8e, 0x04, 0x01, 0x00, 0x01, 0x03,
 0x00, 0x00, 0x00, 0x0b, 0x01, 0x64, 0x00, 0x01,
 0x00, 0x38, 0xa5, 0x00, 0x00, 0x00, 0x11, 0xd1,
 0x21, 0x01, 0x00, 0x28, 0xca, 0x03, 0xa4, 0x03,
 0x08, 0x02, 0x03, 0x0c, 0x3d, 0x66, 0x75, 0x6e,
 0x63, 0x74, 0x69, 0x6f, 0x6e, 0x20, 0x62, 0x75,
 0x66, 0x66, 0x65, 0x72, 0x28, 0x6c, 0x65, 0x6e,
 0x67, 0x74, 0x68, 0x29, 0x20, 0x7b, 0x0a, 0x20,
 0x20, 0x72, 0x65, 0x74, 0x75, 0x72, 0x6e, 0x20,
 0x6e, 0x65, 0x77, 0x20, 0x41, 0x72, 0x72, 0x61,
 0x79, 0x42, 0x75, 0x66, 0x66, 0x65, 0x72, 0x28,
 0x6c, 0x65, 0x6e, 0x67, 0x74, 0x68, 0x29, 0x3b,
 0x0a, 0x7d, 0x0c, 0x43, 0x0a, 0x01, 0x90, 0x04,
 0x03, 0x00, 0x03, 0x04, 0x00, 0x01, 0x00, 0x09,
 0x03, 0xca, 0x07, 0x00, 0x01, 0x00, 0x96, 0x07,
 0x00, 0x01, 0x00, 0x64, 0x00, 0x01, 0x00, 0xce,
 0x05, 0x1d, 0x1a, 0x64, 0x00, 0x00, 0xd1, 0xd2,
 0xd3, 0x23, 0x03, 0x00, 0xca, 0x03, 0xb0, 0x03,
 0x08, 0x02, 0x12, 0x20, 0x5d, 0x66, 0x75, 0x6e,
 0x63, 0x74, 0x69, 0x6f, 0x6e, 0x20, 0x62, 0x75,
 0x66, 0x66, 0x65, 0x72, 0x46, 0x72, 0x6f, 0x6d,
 0x28, 0x63, 0x68, 0x75, 0x6e, 0x6b, 0x2c, 0x20,
 0x6f, 0x66, 0x66, 0x73, 0x65, 0x74, 0x2c, 0x20,
 0x6c, 0x65, 0x6e, 0x67, 0x74, 0x68, 0x29, 0x20,
 0x7b, 0x0a, 0x20, 0x20, 0x72, 0x65, 0x74, 0x75,
 0x72, 0x6e, 0x20, 0x74, 0x6f, 0x41, 0x72, 0x72,
 0x61, 0x79, 0x42, 0x75, 0x66, 0x66, 0x65, 0x72,
 0x28, 0x63, 0x68, 0x75, 0x6e, 0x6b, 0x2c, 0x20,
 0x6f, 0x66, 0x66, 0x73, 0x65, 0x74, 0x2c, 0x20,
 0x6c, 0x65, 0x6e, 0x67, 0x74, 0x68, 0x29, 0x3b,
 0x0a, 0x7d, 0x0c, 0x43, 0x0a, 0x01, 0x92, 0x04,
 0x01, 0x00, 0x01, 0x01, 0x00, 0x00, 0x00, 0x07,
 0x01, 0xcc, 0x07, 0x00, 0x01, 0x00, 0xd1, 0x40,
 0xc1, 0x01, 0x00, 0x00, 0x28, 0xca, 0x03, 0xba,
 0x03, 0x08, 0x00, 0x35, 0x66, 0x75, 0x6e, 0x63,
 0x74, 0x69, 0x6f, 0x6e, 0x20, 0x62, 0x75, 0x66,
 0x66, 0x65, 0x72, 0x53, 0x69, 0x7a, 0x65, 0x28,
 0x62, 0x75, 0x66, 0x29, 0x20, 0x7b, 0x0a, 0x20,
 0x20, 0x72, 0x65, 0x74, 0x75, 0x72, 0x6e, 0x20,
 0x62, 0x75, 0x66, 0x2e, 0x62, 0x79, 0x74, 0x65,
 0x4c, 0x65, 0x6e, 0x67, 0x74, 0x68, 0x3b, 0x0a,
 0x7d, 0x0c, 0x43, 0x0a, 0x01, 0x94, 0x04, 0x01,
 0x02, 0x01, 0x03, 0x01, 0x02, 0x01, 0x66, 0x03,
 0xbc, 0x06, 0x00, 0x01, 0x40, 0x00, 0xc6, 0x06,
 0x01, 0x00, 0x20, 0xce, 0x07, 0x03, 0x01, 0x30,
 0xc6, 0x05, 0x17, 0x1a, 0xc2, 0x05, 0x15, 0x1a,
 0x0c, 0x42, 0x0a, 0x01, 0x00, 0x02, 0x00, 0x02,
 0x03, 0x00, 0x01, 0x00, 0x15, 0x02, 0xf2, 0x06,
 0x00, 0x01, 0x00, 0xd0, 0x07, 0x00, 0x01, 0x00,
 0xbc, 0x06, 0x00, 0x01, 0xdd, 0xd1, 0x46, 0x11,
 0xaf, 0xea, 0x0e, 0x0e, 0x07, 0xb4, 0x38, 0xe9,
 0x01, 0x00, 0x00, 0x26, 0x03, 0x00, 0xd2, 0x46,
 0x28, 0xca, 0x03, 0xca, 0x03, 0x43, 0x00, 0x2a,
 0x28, 0x70, 0x2c, 0x20, 0x69, 0x29, 0x20, 0x3d,
 0x3e, 0x20, 0x61, 0x72, 0x67, 0x5b, 0x70, 0x5d,
 0x20, 0x3f, 0x3f, 0x20, 0x5b, 0x6e, 0x75, 0x6c,
 0x6c, 0x2c, 0x20, 0x30, 0x2c, 0x20, 0x49, 0x6e,
 0x66, 0x69, 0x6e, 0x69, 0x74, 0x79, 0x5d, 0x5b,
 0x69, 0x5d, 0x60, 0x00, 0x00, 0x07, 0xc9, 0x64,
 0x00, 0x00, 0xd1, 0xef, 0xea, 0x57, 0x60, 0x01,
 0x00, 0x04, 0x07, 0x01, 0x00, 0x00, 0x04, 0xea,
 0x01, 0x00, 0x00, 0x04, 0xc1, 0x01, 0x00, 0x00,
 0x26, 0x03, 0x00, 0xca, 0x04, 0x07, 0x01, 0x00,
 0x00, 0xd1, 0xaa, 0xea, 0x21, 0x64, 0x01, 0x00,
 0xd1, 0x40, 0x07, 0x01, 0x00, 0x00, 0xef, 0xea,
 0x15, 0x61, 0x01, 0x00, 0x41, 0xeb, 0x01, 0x00,
 0x00, 0xbf, 0x00, 0x24, 0x01, 0x00, 0x11, 0x62,
 0x00, 0x00, 0x0e, 0xec, 0x18, 0x64, 0x01, 0x00,
 0xd1, 0xef, 0xea, 0x11, 0xd1, 0xb4, 0xd1, 0x40,
 0xc1, 0x01, 0x00, 0x00, 0x26, 0x03, 0x00, 0x11,
 0x62, 0x00, 0x00, 0x0e, 0x61, 0x00, 0x00, 0x28,
 0xca, 0x03, 0xc4, 0x03, 0x08, 0x0e, 0x2d, 0x0e,
 0xa0, 0x0a, 0x25, 0x2a, 0x2f, 0x1a, 0x2a, 0x1a,
 0x4e, 0x4f, 0x16, 0x0c, 0xcd, 0x02, 0x66, 0x75,
 0x6e, 0x63, 0x74, 0x69, 0x6f, 0x6e, 0x20, 0x62,
 0x75, 0x66, 0x66, 0x65, 0x72, 0x41, 0x72, 0x67,
 0x75, 0x6d, 0x65, 0x6e, 0x74, 0x28, 0x61, 0x72,
 0x67, 0x29, 0x20, 0x7b, 0x0a, 0x20, 0x20, 0x6c,
 0x65, 0x74, 0x20, 0x61, 0x72, 0x67, 0x73, 0x20,
 0x3d, 0x20, 0x6e, 0x75, 0x6c, 0x6c, 0x3b, 0x0a,
 0x0a, 0x20, 0x20, 0x69, 0x66, 0x28, 0x69, 0x73,
 0x4f, 0x62, 0x6a, 0x65, 0x63, 0x74, 0x28, 0x61,
 0x72, 0x67, 0x29, 0x29, 0x20, 0x7b, 0x0a, 0x20,
 0x20, 0x20, 0x20, 0x63, 0x6f, 0x6e, 0x73, 0x74,
 0x20, 0x70, 0x72, 0x6f, 0x70, 0x73, 0x20, 0x3d,
 0x20, 0x5b, 0x27, 0x62, 0x75, 0x66, 0x66, 0x65,
 0x72, 0x27, 0x2c, 0x20, 0x27, 0x62, 0x79, 0x74,
 0x65, 0x4f, 0x66, 0x66, 0x73, 0x65, 0x74, 0x27,
 0x2c, 0x20, 0x27, 0x62, 0x79, 0x74, 0x65, 0x4c,
 0x65, 0x6e, 0x67, 0x74, 0x68, 0x27, 0x5d, 0x3b,
 0x0a, 0x0a, 0x20, 0x20, 0x20, 0x20, 0x69, 0x66,
 0x28, 0x27, 0x62, 0x75, 0x66, 0x66, 0x65, 0x72,
 0x27, 0x20, 0x69, 0x6e, 0x20, 0x61, 0x72, 0x67,
 0x20, 0x26, 0x26, 0x20, 0x69, 0x73, 0x41, 0x72,
 0x72, 0x61, 0x79, 0x42, 0x75, 0x66, 0x66, 0x65,
 0x72, 0x28, 0x61, 0x72, 0x67, 0x2e, 0x62, 0x75,
 0x66, 0x66, 0x65, 0x72, 0x29, 0x29, 0x20, 0x61,
 0x72, 0x67, 0x73, 0x20, 0x3d, 0x20, 0x70, 0x72,
 0x6f, 0x70, 0x73, 0x2e, 0x6d, 0x61, 0x70, 0x28,
 0x28, 0x70, 0x2c, 0x20, 0x69, 0x29, 0x20, 0x3d,
 0x3e, 0x20, 0x61, 0x72, 0x67, 0x5b, 0x70, 0x5d,
 0x20, 0x3f, 0x3f, 0x20, 0x5b, 0x6e, 0x75, 0x6c,
 0x6c, 0x2c, 0x20, 0x30, 0x2c, 0x20, 0x49, 0x6e,
 0x66, 0x69, 0x6e, 0x69, 0x74, 0x79, 0x5d, 0x5b,
 0x69, 0x5d, 0x29, 0x3b, 0x0a, 0x20, 0x20, 0x20,
 0x20, 0x65, 0x6c, 0x73, 0x65, 0x20, 0x69, 0x66,
 0x28, 0x69, 0x73, 0x41, 0x72, 0x72, 0x61, 0x79,
 0x42, 0x75, 0x66, 0x66, 0x65, 0x72, 0x28, 0x61,
 0x72, 0x67, 0x29, 0x29, 0x20, 0x61, 0x72, 0x67,
 0x73, 0x20, 0x3d, 0x20, 0x5b, 0x61, 0x72, 0x67,
 0x2c, 0x20, 0x30, 0x2c, 0x20, 0x61, 0x72, 0x67,
 0x2e, 0x62, 0x79, 0x74, 0x65, 0x4c, 0x65, 0x6e,
 0x67, 0x74, 0x68, 0x5d, 0x3b, 0x0a, 0x20, 0x20,
 0x7d, 0x0a, 0x0a, 0x20, 0x20, 0x72, 0x65, 0x74,
 0x75, 0x72, 0x6e, 0x20, 0x61, 0x72, 0x67, 0x73,
 0x3b, 0x0a, 0x7d, 0x0c, 0x41, 0x0a, 0x01, 0x96,
 0x04, 0x03, 0x04, 0x01, 0x04, 0x00, 0x03, 0x00,
 0x8d, 0x01, 0x07, 0xbc, 0x06, 0x00, 0x01, 0x00,
 0x96, 0x07, 0x00, 0x01, 0x00, 0x64, 0x00, 0x01,
 0x00, 0xbc, 0x06, 0x01, 0xff, 0xff, 0xff, 0xff,
 0x0f, 0x20, 0x96, 0x07, 0x01, 0x01, 0x20, 0x64,
 0x01, 0x02, 0x20, 0xc6, 0x06, 0x02, 0x00, 0x30,
 0x94, 0x04, 0x5f, 0x02, 0xa6, 0x06, 0x46, 0x02,
 0xc2, 0x05, 0x15, 0x1a, 0x60, 0x02, 0x00, 0x60,
 0x01, 0x00, 0x60, 0x00, 0x00, 0xd1, 0xc9, 0xd2,
 0x11, 0xf2, 0xea, 0x04, 0x0e, 0xb4, 0xda, 0xca,
 0xd3, 0x11, 0xf2, 0xea, 0x08, 0x0e, 0x38, 0xe9,
 0x01, 0x00, 0x00, 0xdb, 0xcb, 0x60, 0x03, 0x00,
 0xdd, 0xd1, 0xef, 0xcc, 0x61, 0x03, 0x00, 0xea,
 0x5d, 0xde, 0xd2, 0xef, 0xea, 0x24, 0xd2, 0x61,
 0x03, 0x00, 0xb6, 0x46, 0xa7, 0xea, 0x07, 0x61,
 0x03, 0x00, 0xb6, 0x46, 0xd6, 0x61, 0x03, 0x00,
 0xb5, 0x71, 0x13, 0x46, 0xd2, 0x9c, 0x48, 0x61,
 0x03, 0x00, 0xb6, 0x71, 0x13, 0x46, 0xd2, 0x9d,
 0x48, 0xde, 0xd3, 0xef, 0xea, 0x1c, 0x61, 0x03,
 0x00, 0xb6, 0x46, 0xd3, 0xa7, 0xea, 0x13, 0x61,
 0x03, 0x00, 0xb6, 0x1b, 0x11, 0xaf, 0xeb, 0x04,
 0x1b, 0x70, 0x1b, 0x1b, 0xd3, 0x1b, 0x70, 0x1b,
 0x48, 0x64, 0x02, 0x00, 0x61, 0x03, 0x00, 0xb4,
 0x46, 0xef, 0x95, 0xea, 0x09, 0x07, 0x11, 0x31,
 0xa3, 0x01, 0x00, 0x00, 0x00, 0x61, 0x03, 0x00,
 0x28, 0xca, 0x03, 0xd7, 0x03, 0x08, 0x16, 0xbc,
 0x2e, 0x32, 0x15, 0x1c, 0x01, 0x2a, 0x12, 0x22,
 0x29, 0x35, 0x00, 0x3c, 0x1a, 0x2f, 0x2e, 0x16,
 0x10, 0x6d, 0x37, 0x2f, 0x14, 0xc0, 0x03, 0x66,
 0x75, 0x6e, 0x63, 0x74, 0x69, 0x6f, 0x6e, 0x20,
 0x62, 0x75, 0x66, 0x66, 0x65, 0x72, 0x41, 0x72,
 0x67, 0x75, 0x6d, 0x65, 0x6e, 0x74, 0x73, 0x28,
 0x61, 0x72, 0x67, 0x2c, 0x20, 0x6f, 0x66, 0x66,
 0x73, 0x65, 0x74, 0x20, 0x3d, 0x20, 0x30, 0x2c,
 0x20, 0x6c, 0x65, 0x6e, 0x67, 0x74, 0x68, 0x20,
 0x3d, 0x20, 0x49, 0x6e, 0x66, 0x69, 0x6e, 0x69,
 0x74, 0x79, 0x29, 0x20, 0x7b, 0x0a, 0x20, 0x20,
 0x63, 0x6f, 0x6e, 0x73, 0x74, 0x20, 0x61, 0x72,
 0x67, 0x73, 0x20, 0x3d, 0x20, 0x62, 0x75, 0x66,
 0x66, 0x65, 0x72, 0x41, 0x72, 0x67, 0x75, 0x6d,
 0x65, 0x6e, 0x74, 0x28, 0x61, 0x72, 0x67, 0x29,
 0x3b, 0x0a, 0x0a, 0x20, 0x20, 0x69, 0x66, 0x28,
 0x61, 0x72, 0x67, 0x73, 0x29, 0x20, 0x7b, 0x0a,
 0x20, 0x20, 0x20, 0x20, 0x69, 0x66, 0x28, 0x76,
 0x61, 0x6c, 0x69, 0x64, 0x4e, 0x75, 0x6d, 0x62,
 0x65, 0x72, 0x28, 0x6f, 0x66, 0x66, 0x73, 0x65,
 0x74, 0x29, 0x29, 0x20, 0x7b, 0x0a, 0x20, 0x20,
 0x20, 0x20, 0x20, 0x20, 0x69, 0x66, 0x28, 0x6f,
 0x66, 0x66, 0x73, 0x65, 0x74, 0x20, 0x3e, 0x20,
 0x61, 0x72, 0x67, 0x73, 0x5b, 0x32, 0x5d, 0x29,
 0x20, 0x6f, 0x66, 0x66, 0x73, 0x65, 0x74, 0x20,
 0x3d, 0x20, 0x61, 0x72, 0x67, 0x73, 0x5b, 0x32,
 0x5d, 0x3b, 0x0a, 0x0a, 0x20, 0x20, 0x20, 0x20,
 0x20, 0x20, 0x61, 0x72, 0x67, 0x73, 0x5b, 0x31,
 0x5d, 0x20, 0x2b, 0x3d, 0x20, 0x6f, 0x66, 0x66,
 0x73, 0x65, 0x74, 0x3b, 0x0a, 0x20, 0x20, 0x20,
 0x20, 0x20, 0x20, 0x61, 0x72, 0x67, 0x73, 0x5b,
 0x32, 0x5d, 0x20, 0x2d, 0x3d, 0x20, 0x6f, 0x66,
 0x66, 0x73, 0x65, 0x74, 0x3b, 0x0a, 0x20, 0x20,
 0x20, 0x20, 0x7d, 0x0a, 0x0a, 0x20, 0x20, 0x20,
 0x20, 0x69, 0x66, 0x28, 0x76, 0x61, 0x6c, 0x69,
 0x64, 0x4e, 0x75, 0x6d, 0x62, 0x65, 0x72, 0x28,
 0x6c, 0x65, 0x6e, 0x67, 0x74, 0x68, 0x29, 0x29,
 0x20, 0x69, 0x66, 0x20, 0x28, 0x61, 0x72, 0x67,
 0x73, 0x5b, 0x32, 0x5d, 0x20, 0x3e, 0x20, 0x6c,
 0x65, 0x6e, 0x67, 0x74, 0x68, 0x29, 0x20, 0x61,
 0x72, 0x67, 0x73, 0x5b, 0x32, 0x5d, 0x20, 0x3d,
 0x20, 0x6c, 0x65, 0x6e, 0x67, 0x74, 0x68, 0x3b,
 0x0a, 0x0a, 0x20, 0x20, 0x20, 0x20, 0x69, 0x66,
 0x28, 0x21, 0x69, 0x73, 0x41, 0x72, 0x72, 0x61,
 0x79, 0x42, 0x75, 0x66, 0x66, 0x65, 0x72, 0x28,
 0x61, 0x72, 0x67, 0x73, 0x5b, 0x30, 0x5d, 0x29,
 0x29, 0x20, 0x61, 0x72, 0x67, 0x73, 0x20, 0x3d,
 0x20, 0x6e, 0x75, 0x6c, 0x6c, 0x3b, 0x0a, 0x20,
 0x20, 0x7d, 0x0a, 0x0a, 0x20, 0x20, 0x2f, 0x2f,
 0x63, 0x6f, 0x6e, 0x73, 0x6f, 0x6c, 0x65, 0x2e,
 0x6c, 0x6f, 0x67, 0x28, 0x27, 0x62, 0x75, 0x66,
 0x66, 0x65, 0x72, 0x41, 0x72, 0x67, 0x75, 0x6d,
 0x65, 0x6e, 0x74, 0x73, 0x27, 0x2c, 0x20, 0x7b,
 0x20, 0x61, 0x72, 0x67, 0x2c, 0x20, 0x6f, 0x66,
 0x66, 0x73, 0x65, 0x74, 0x2c, 0x20, 0x6c, 0x65,
 0x6e, 0x67, 0x74, 0x68, 0x2c, 0x20, 0x61, 0x72,
 0x67, 0x73, 0x20, 0x7d, 0x29, 0x3b, 0x0a, 0x20,
 0x20, 0x72, 0x65, 0x74, 0x75, 0x72, 0x6e, 0x20,
 0x61, 0x72, 0x67, 0x73, 0x3b, 0x0a, 0x7d, 0x0c,
 0x41, 0x0a, 0x01, 0x98, 0x04, 0x02, 0x00, 0x01,
 0x04, 0x00, 0x03, 0x00, 0x20, 0x02, 0xbc, 0x06,
 0x00, 0x01, 0x00, 0xc6, 0x06, 0x00, 0x01, 0x00,
 0xc8, 0x05, 0x18, 0x1a, 0xce, 0x05, 0x1d, 0x1a,
 0x96, 0x04, 0x60, 0x02, 0x0d, 0x01, 0x00, 0xd6,
 0x64, 0x00, 0x00, 0xd1, 0xef, 0xea, 0x07, 0x64,
 0x01, 0x00, 0xd1, 0xef, 0xd5, 0xdf, 0xd1, 0x26,
 0x01, 0x00, 0xb5, 0xd2, 0x51, 0x0e, 0x06, 0x1b,
 0x27, 0x00, 0x00, 0x28, 0xca, 0x03, 0xf1, 0x03,
 0x08, 0x08, 0x26, 0x0e, 0x16, 0x0c, 0x11, 0x28,
 0x18, 0x1d, 0x89, 0x01, 0x66, 0x75, 0x6e, 0x63,
 0x74, 0x69, 0x6f, 0x6e, 0x20, 0x73, 0x74, 0x72,
 0x69, 0x6e, 0x67, 0x4f, 0x72, 0x42, 0x75, 0x66,
 0x66, 0x65, 0x72, 0x41, 0x72, 0x67, 0x75, 0x6d,
 0x65, 0x6e, 0x74, 0x73, 0x28, 0x61, 0x72, 0x67,
 0x2c, 0x20, 0x2e, 0x2e, 0x2e, 0x61, 0x72, 0x67,
 0x73, 0x29, 0x20, 0x7b, 0x0a, 0x20, 0x20, 0x69,
 0x66, 0x28, 0x69, 0x73, 0x53, 0x74, 0x72, 0x69,
 0x6e, 0x67, 0x28, 0x61, 0x72, 0x67, 0x29, 0x29,
 0x20, 0x61, 0x72, 0x67, 0x20, 0x3d, 0x20, 0x74,
 0x6f, 0x41, 0x72, 0x72, 0x61, 0x79, 0x42, 0x75,
 0x66, 0x66, 0x65, 0x72, 0x28, 0x61, 0x72, 0x67,
 0x29, 0x3b, 0x0a, 0x0a, 0x20, 0x20, 0x72, 0x65,
 0x74, 0x75, 0x72, 0x6e, 0x20, 0x62, 0x75, 0x66,
 0x66, 0x65, 0x72, 0x41, 0x72, 0x67, 0x75, 0x6d,
 0x65, 0x6e, 0x74, 0x73, 0x28, 0x61, 0x72, 0x67,
 0x2c, 0x20, 0x2e, 0x2e, 0x2e, 0x61, 0x72, 0x67,
 0x73, 0x29, 0x3b, 0x0a, 0x7d, 0x0c, 0x41, 0x0a,
 0x01, 0x9a, 0x04, 0x03, 0x01, 0x02, 0x04, 0x00,
 0x00, 0x00, 0x21, 0x04, 0xa2, 0x05, 0x00, 0x01,
 0x00, 0xc2, 0x07, 0x00, 0x01, 0x00, 0xc6, 0x06,
 0x00, 0x01, 0x00, 0xce, 0x06, 0x01, 0x00, 0x30,
 0x0d, 0x02, 0x00, 0xd7, 0x60, 0x00, 0x00, 0xd2,
 0x26, 0x00, 0x00, 0xb4, 0xd3, 0x51, 0x0e, 0x06,
 0x1b, 0x27, 0x00, 0x00, 0xc9, 0x61, 0x00, 0x00,
 0xf3, 0xea, 0x03, 0xd1, 0x30, 0x61, 0x00, 0x00,
 0x28, 0xca, 0x03, 0xff, 0x03, 0x08, 0x06, 0x2b,
 0x0e, 0x54, 0x01, 0x11, 0x18, 0x77, 0x66, 0x75,
 0x6e, 0x63, 0x74, 0x69, 0x6f, 0x6e, 0x20, 0x74,
 0x68, 0x72, 0x6f, 0x77, 0x49, 0x66, 0x4e, 0x75,
 0x6c, 0x6c, 0x28, 0x65, 0x72, 0x72, 0x6f, 0x72,
 0x2c, 0x20, 0x66, 0x6e, 0x2c, 0x20, 0x2e, 0x2e,
 0x2e, 0x61, 0x72, 0x67, 0x73, 0x29, 0x20, 0x7b,
 0x0a, 0x20, 0x20, 0x63, 0x6f, 0x6e, 0x73, 0x74,
 0x20, 0x72, 0x65, 0x74, 0x20, 0x3d, 0x20, 0x66,
 0x6e, 0x28, 0x2e, 0x2e, 0x2e, 0x61, 0x72, 0x67,
 0x73, 0x29, 0x3b, 0x0a, 0x0a, 0x20, 0x20, 0x69,
 0x66, 0x28, 0x72, 0x65, 0x74, 0x20, 0x3d, 0x3d,
 0x3d, 0x20, 0x6e, 0x75, 0x6c, 0x6c, 0x29, 0x20,
 0x74, 0x68, 0x72, 0x6f, 0x77, 0x20, 0x65, 0x72,
 0x72, 0x6f, 0x72, 0x3b, 0x0a, 0x0a, 0x20, 0x20,
 0x72, 0x65, 0x74, 0x75, 0x72, 0x6e, 0x20, 0x72,
 0x65, 0x74, 0x3b, 0x0a, 0x7d, 0x0c, 0x43, 0x0a,
 0x01, 0x9c, 0x04, 0x03, 0x00, 0x03, 0x04, 0x00,
 0x02, 0x00, 0x12, 0x03, 0xcc, 0x07, 0x00, 0x01,
 0x00, 0x96, 0x07, 0x00, 0x01, 0x00, 0x64, 0x00,
 0x01, 0x00, 0xc8, 0x05, 0x18, 0x1a, 0x70, 0x1e,
 0x1a, 0x64, 0x00, 0x00, 0xd1, 0xef, 0xea, 0x03,
 0xd1, 0x28, 0x64, 0x01, 0x00, 0xd1, 0xd2, 0xd3,
 0x23, 0x03, 0x00, 0xca, 0x03, 0x8f, 0x04, 0x08,
 0x04, 0x12, 0x0e, 0x30, 0x08, 0x78, 0x66, 0x75,
 0x6e, 0x63, 0x74, 0x69, 0x6f, 0x6e, 0x20, 0x62,
 0x75, 0x66, 0x66, 0x65, 0x72, 0x54, 0x6f, 0x53,
 0x74, 0x72, 0x69, 0x6e, 0x67, 0x28, 0x62, 0x75,
 0x66, 0x2c, 0x20, 0x6f, 0x66, 0x66, 0x73, 0x65,
 0x74, 0x2c, 0x20, 0x6c, 0x65, 0x6e, 0x67, 0x74,
 0x68, 0x29, 0x20, 0x7b, 0x0a, 0x20, 0x20, 0x69,
 0x66, 0x28, 0x69, 0x73, 0x53, 0x74, 0x72, 0x69,
 0x6e, 0x67, 0x28, 0x62, 0x75, 0x66, 0x29, 0x29,
 0x20, 0x72, 0x65, 0x74, 0x75, 0x72, 0x6e, 0x20,
 0x62, 0x75, 0x66, 0x3b, 0x0a, 0x20, 0x20, 0x72,
 0x65, 0x74, 0x75, 0x72, 0x6e, 0x20, 0x74, 0x6f,
 0x53, 0x74, 0x72, 0x69, 0x6e, 0x67, 0x28, 0x62,
 0x75, 0x66, 0x2c, 0x20, 0x6f, 0x66, 0x66, 0x73,
 0x65, 0x74, 0x2c, 0x20, 0x6c, 0x65, 0x6e, 0x67,
 0x74, 0x68, 0x29, 0x3b, 0x0a, 0x7d, 0x0c, 0x43,
 0x0a, 0x01, 0x9e, 0x04, 0x02, 0x00, 0x02, 0x03,
 0x00, 0x03, 0x00, 0x1a, 0x02, 0xd8, 0x07, 0x00,
 0x01, 0x00, 0xd8, 0x06, 0x00, 0x01, 0x00, 0xdc,
 0x05, 0x04, 0x1a, 0xde, 0x05, 0x05, 0x1a, 0xf2,
 0x05, 0x26, 0x12, 0x64, 0x00, 0x00, 0xd1, 0xd2,
 0xf0, 0xea, 0x11, 0x64, 0x01, 0x00, 0xee, 0x40,
 0x79, 0x01, 0x00, 0x00, 0x11, 0x65, 0x02, 0x00,
 0x0e, 0xb3, 0x28, 0xb4, 0x28, 0xca, 0x03, 0x94,
 0x04, 0x08, 0x06, 0x12, 0x12, 0x1c, 0x17, 0x11,
 0x10, 0x89, 0x01, 0x66, 0x75, 0x6e, 0x63, 0x74,
 0x69, 0x6f, 0x6e, 0x20, 0x61, 0x63, 0x63, 0x65,
 0x73, 0x73, 0x53, 0x79, 0x6e, 0x63, 0x28, 0x70,
 0x61, 0x74, 0x68, 0x6e, 0x61, 0x6d, 0x65, 0x2c,
 0x20, 0x6d, 0x6f, 0x64, 0x65, 0x29, 0x20, 0x7b,
 0x0a, 0x20, 0x20, 0x69, 0x66, 0x28, 0x73, 0x79,
 0x73, 0x5f, 0x61, 0x63, 0x63, 0x65, 0x73, 0x73,
 0x28, 0x70, 0x61, 0x74, 0x68, 0x6e, 0x61, 0x6d,
 0x65, 0x2c, 0x20, 0x6d, 0x6f, 0x64, 0x65, 0x29,
 0x29, 0x20, 0x7b, 0x0a, 0x20, 0x20, 0x20, 0x20,
 0x65, 0x72, 0x72, 0x6e, 0x6f, 0x20, 0x3d, 0x20,
 0x73, 0x79, 0x73, 0x5f, 0x65, 0x72, 0x72, 0x6f,
 0x72, 0x28, 0x29, 0x2e, 0x65, 0x72, 0x72, 0x6e,
 0x6f, 0x3b, 0x0a, 0x20, 0x20, 0x20, 0x20, 0x72,
 0x65, 0x74, 0x75, 0x72, 0x6e, 0x20, 0x2d, 0x31,
 0x3b, 0x0a, 0x20, 0x20, 0x7d, 0x0a, 0x0a, 0x20,
 0x20, 0x72, 0x65, 0x74, 0x75, 0x72, 0x6e, 0x20,
 0x30, 0x3b, 0x0a, 0x7d, 0x0c, 0x41, 0x0a, 0x01,
 0xa0, 0x04, 0x03, 0x05, 0x01, 0x05, 0x00, 0x02,
 0x00, 0x64, 0x08, 0xd0, 0x05, 0x00, 0x01, 0x00,
 0xdc, 0x01, 0x00, 0x01, 0x00, 0xd8, 0x06, 0x00,
 0x01, 0x00, 0xd0, 0x05, 0x01, 0xff, 0xff, 0xff,
 0xff, 0x0f, 0x20, 0xdc, 0x01, 0x01, 0x01, 0x20,
 0xd8, 0x06, 0x01, 0x02, 0x20, 0xda, 0x07, 0x02,
 0x00, 0x30, 0xfe, 0x06, 0x02, 0x04, 0x30, 0xd6,
 0x03, 0x23, 0x1a, 0x9e, 0x06, 0x40, 0x02, 0x60,
 0x02, 0x00, 0x60, 0x01, 0x00, 0x60, 0x00, 0x00,
 0xd1, 0xc9, 0xd2, 0x11, 0xf2, 0xea, 0x08, 0x0e,
 0x04, 0xbb, 0x01, 0x00, 0x00, 0xda, 0xca, 0xd3,
 0x11, 0xf2, 0xea, 0x06, 0x0e, 0xbd, 0xa4, 0x01,
 0xdb, 0xcb, 0x60, 0x04, 0x00, 0x60, 0x03, 0x00,
 0x0b, 0xb4, 0x4b, 0x79, 0x01, 0x00, 0x00, 0xcc,
 0x64, 0x00, 0x00, 0x41, 0x3d, 0x01, 0x00, 0x00,
 0xd1, 0xd2, 0x61, 0x03, 0x00, 0x24, 0x03, 0x00,
 0xc2, 0x04, 0x61, 0x03, 0x00, 0x40, 0x79, 0x01,
 0x00, 0x00, 0x95, 0xea, 0x05, 0x61, 0x04, 0x00,
 0x28, 0xde, 0x04, 0xee, 0x01, 0x00, 0x00, 0x61,
 0x03, 0x00, 0x40, 0x79, 0x01, 0x00, 0x00, 0x8b,
 0x23, 0x02, 0x00, 0xca, 0x03, 0x9d, 0x04, 0x08,
 0x08, 0x00, 0x39, 0x04, 0x22, 0x00, 0x1a, 0x08,
 0x1d, 0xd0, 0x01, 0x66, 0x75, 0x6e, 0x63, 0x74,
 0x69, 0x6f, 0x6e, 0x20, 0x66, 0x6f, 0x70, 0x65,
 0x6e, 0x53, 0x79, 0x6e, 0x63, 0x28, 0x66, 0x69,
 0x6c, 0x65, 0x6e, 0x61, 0x6d, 0x65, 0x2c, 0x20,
 0x66, 0x6c, 0x61, 0x67, 0x73, 0x20, 0x3d, 0x20,
 0x27, 0x72, 0x27, 0x2c, 0x20, 0x6d, 0x6f, 0x64,
 0x65, 0x20, 0x3d, 0x20, 0x30, 0x6f, 0x36, 0x34,
 0x34, 0x29, 0x20, 0x7b, 0x0a, 0x20, 0x20, 0x63,
 0x6f, 0x6e, 0x73, 0x74, 0x20, 0x72, 0x65, 0x73,
 0x20, 0x3d, 0x20, 0x7b, 0x20, 0x65, 0x72, 0x72,
 0x6e, 0x6f, 0x3a, 0x20, 0x30, 0x20, 0x7d, 0x3b,
 0x0a, 0x20, 0x20, 0x63, 0x6f, 0x6e, 0x73, 0x74,
 0x20, 0x66, 0x69, 0x6c, 0x65, 0x20, 0x3d, 0x20,
 0x73, 0x74, 0x64, 0x2e, 0x6f, 0x70, 0x65, 0x6e,
 0x28, 0x66, 0x69, 0x6c, 0x65, 0x6e, 0x61, 0x6d,
 0x65, 0x2c, 0x20, 0x66, 0x6c, 0x61, 0x67, 0x73,
 0x2c, 0x20, 0x72, 0x65, 0x73, 0x29, 0x3b, 0x0a,
 0x0a, 0x20, 0x20, 0x69, 0x66, 0x28, 0x21, 0x72,
 0x65, 0x73, 0x2e, 0x65, 0x72, 0x72, 0x6e, 0x6f,
 0x29, 0x20, 0x72, 0x65, 0x74, 0x75, 0x72, 0x6e,
 0x20, 0x66, 0x69, 0x6c, 0x65, 0x3b, 0x0a, 0x0a,
 0x20, 0x20, 0x72, 0x65, 0x74, 0x75, 0x72, 0x6e,
 0x20, 0x73, 0x79, 0x73, 0x63, 0x61, 0x6c, 0x6c,
 0x65, 0x72, 0x72, 0x28, 0x27, 0x66, 0x6f, 0x70,
 0x65, 0x6e, 0x27, 0x2c, 0x20, 0x2d, 0x72, 0x65,
 0x73, 0x2e, 0x65, 0x72, 0x72, 0x6e, 0x6f, 0x29,
 0x3b, 0x0a, 0x7d, 0x0c, 0x41, 0x0a, 0x01, 0xa2,
 0x04, 0x02, 0x04, 0x01, 0x05, 0x00, 0x02, 0x00,
 0x54, 0x06, 0x86, 0x07, 0x00, 0x01, 0x00, 0xdc,
 0x01, 0x00, 0x01, 0x00, 0x86, 0x07, 0x01, 0xff,
 0xff, 0xff, 0xff, 0x0f, 0x20, 0xdc, 0x01, 0x01,
 0x01, 0x20, 0xda, 0x07, 0x02, 0x00, 0x30, 0xfe,
 0x06, 0x02, 0x03, 0x30, 0xd6, 0x03, 0x23, 0x1a,
 0x9e, 0x06, 0x40, 0x02, 0x60, 0x01, 0x00, 0x60,
 0x00, 0x00, 0xd1, 0xc9, 0xd2, 0x11, 0xf2, 0xea,
 0x08, 0x0e, 0x04, 0xbb, 0x01, 0x00, 0x00, 0xda,
 0xca, 0x60, 0x03, 0x00, 0x60, 0x02, 0x00, 0x0b,
 0xb4, 0x4b, 0x79, 0x01, 0x00, 0x00, 0xcb, 0x64,
 0x00, 0x00, 0x41, 0xef, 0x01, 0x00, 0x00, 0xd1,
 0xd2, 0x61, 0x02, 0x00, 0x24, 0x03, 0x00, 0xcc,
 0x61, 0x02, 0x00, 0x40, 0x79, 0x01, 0x00, 0x00,
 0x95, 0xea, 0x05, 0x61, 0x03, 0x00, 0x28, 0xde,
 0x04, 0xef, 0x01, 0x00, 0x00, 0x61, 0x02, 0x00,
 0x40, 0x79, 0x01, 0x00, 0x00, 0x23, 0x02, 0x00,
 0xca, 0x03, 0xa6, 0x04, 0x08, 0x06, 0xdb, 0x26,
 0x00, 0x19, 0x08, 0x21, 0xb9, 0x01, 0x66, 0x75,
 0x6e, 0x63, 0x74, 0x69, 0x6f, 0x6e, 0x20, 0x66,
 0x64, 0x6f, 0x70, 0x65, 0x6e, 0x53, 0x79, 0x6e,
 0x63, 0x28, 0x66, 0x64, 0x2c, 0x20, 0x66, 0x6c,
 0x61, 0x67, 0x73, 0x20, 0x3d, 0x20, 0x27, 0x72,
 0x27, 0x29, 0x20, 0x7b, 0x0a, 0x20, 0x20, 0x63,
 0x6f, 0x6e, 0x73, 0x74, 0x20, 0x72, 0x65, 0x73,
 0x20, 0x3d, 0x20, 0x7b, 0x20, 0x65, 0x72, 0x72,
 0x6e, 0x6f, 0x3a, 0x20, 0x30, 0x20, 0x7d, 0x3b,
 0x0a, 0x20, 0x20, 0x63, 0x6f, 0x6e, 0x73, 0x74,
 0x20, 0x66, 0x69, 0x6c, 0x65, 0x20, 0x3d, 0x20,
 0x73, 0x74, 0x64, 0x2e, 0x66, 0x64, 0x6f, 0x70,
 0x65, 0x6e, 0x28, 0x66, 0x64, 0x2c, 0x20, 0x66,
 0x6c, 0x61, 0x67, 0x73, 0x2c, 0x20, 0x72, 0x65,
 0x73, 0x29, 0x3b, 0x0a, 0x0a, 0x20, 0x20, 0x69,
 0x66, 0x28, 0x21, 0x72, 0x65, 0x73, 0x2e, 0x65,
 0x72, 0x72, 0x6e, 0x6f, 0x29, 0x20, 0x72, 0x65,
 0x74, 0x75, 0x72, 0x6e, 0x20, 0x66, 0x69, 0x6c,
 0x65, 0x3b, 0x0a, 0x0a, 0x20, 0x20, 0x72, 0x65,
 0x74, 0x75, 0x72, 0x6e, 0x20, 0x73, 0x79, 0x73,
 0x63, 0x61, 0x6c, 0x6c, 0x65, 0x72, 0x72, 0x28,
 0x27, 0x66, 0x64, 0x6f, 0x70, 0x65, 0x6e, 0x27,
 0x2c, 0x20, 0x72, 0x65, 0x73, 0x2e, 0x65, 0x72,
 0x72, 0x6e, 0x6f, 0x29, 0x3b, 0x0a, 0x7d, 0x0c,
 0x41, 0x0a, 0x01, 0xa4, 0x04, 0x03, 0x03, 0x01,
 0x07, 0x00, 0x04, 0x00, 0x48, 0x06, 0xd0, 0x05,
 0x00, 0x01, 0x00, 0xdc, 0x01, 0x00, 0x01, 0x00,
 0xd8, 0x06, 0x00, 0x01, 0x00, 0xd0, 0x05, 0x01,
 0xff, 0xff, 0xff, 0xff, 0x0f, 0x20, 0xdc, 0x01,
 0x01, 0x01, 0x20, 0xd8, 0x06, 0x01, 0x02, 0x20,
 0xc4, 0x05, 0x16, 0x1a, 0x9e, 0x06, 0x40, 0x02,
 0xce, 0x03, 0x01, 0x1a, 0xa0, 0x04, 0x65, 0x02,
 0x60, 0x02, 0x00, 0x60, 0x01, 0x00, 0x60, 0x00,
 0x00, 0xd1, 0xc9, 0xd2, 0x11, 0xf2, 0xea, 0x08,
 0x0e, 0x04, 0xbb, 0x01, 0x00, 0x00, 0xda, 0xca,
 0xd3, 0x11, 0xf2, 0xea, 0x06, 0x0e, 0xbd, 0xa4,
 0x01, 0xdb, 0xcb, 0x64, 0x00, 0x00, 0xd2, 0xef,
 0xea, 0x18, 0xde, 0x04, 0x3d, 0x01, 0x00, 0x00,
 0x64, 0x02, 0x00, 0x41, 0x3d, 0x01, 0x00, 0x00,
 0xd1, 0xd2, 0xd3, 0x24, 0x03, 0x00, 0x23, 0x02,
 0x00, 0xe0, 0xd1, 0xd2, 0xd3, 0x23, 0x03, 0x00,
 0xca, 0x03, 0xaf, 0x04, 0x08, 0x08, 0xc1, 0x0e,
 0x1b, 0x1e, 0x43, 0x36, 0x36, 0x49, 0xb7, 0x01,
 0x66, 0x75, 0x6e, 0x63, 0x74, 0x69, 0x6f, 0x6e,
 0x20, 0x6f, 0x70, 0x65, 0x6e, 0x53, 0x79, 0x6e,
 0x63, 0x28, 0x66, 0x69, 0x6c, 0x65, 0x6e, 0x61,
 0x6d, 0x65, 0x2c, 0x20, 0x66, 0x6c, 0x61, 0x67,
 0x73, 0x20, 0x3d, 0x20, 0x27, 0x72, 0x27, 0x2c,
 0x20, 0x6d, 0x6f, 0x64, 0x65, 0x20, 0x3d, 0x20,
 0x30, 0x6f, 0x36, 0x34, 0x34, 0x29, 0x20, 0x7b,
 0x0a, 0x20, 0x20, 0x69, 0x66, 0x28, 0x69, 0x73,
 0x4e, 0x75, 0x6d, 0x62, 0x65, 0x72, 0x28, 0x66,
 0x6c, 0x61, 0x67, 0x73, 0x29, 0x29, 0x20, 0x72,
 0x65, 0x74, 0x75, 0x72, 0x6e, 0x20, 0x73, 0x79,
 0x73, 0x63, 0x61, 0x6c, 0x6c, 0x65, 0x72, 0x72,
 0x28, 0x27, 0x6f, 0x70, 0x65, 0x6e, 0x27, 0x2c,
 0x20, 0x6f, 0x73, 0x2e, 0x6f, 0x70, 0x65, 0x6e,
 0x28, 0x66, 0x69, 0x6c, 0x65, 0x6e, 0x61, 0x6d,
 0x65, 0x2c, 0x20, 0x66, 0x6c, 0x61, 0x67, 0x73,
 0x2c, 0x20, 0x6d, 0x6f, 0x64, 0x65, 0x29, 0x29,
 0x3b, 0x0a, 0x0a, 0x20, 0x20, 0x72, 0x65, 0x74,
 0x75, 0x72, 0x6e, 0x20, 0x66, 0x6f, 0x70, 0x65,
 0x6e, 0x53, 0x79, 0x6e, 0x63, 0x28, 0x66, 0x69,
 0x6c, 0x65, 0x6e, 0x61, 0x6d, 0x65, 0x2c, 0x20,
 0x66, 0x6c, 0x61, 0x67, 0x73, 0x2c, 0x20, 0x6d,
 0x6f, 0x64, 0x65, 0x29, 0x3b, 0x0a, 0x7d, 0x0c,
 0x43, 0x0a, 0x01, 0xa6, 0x04, 0x02, 0x01, 0x02,
 0x06, 0x00, 0x03, 0x00, 0x47, 0x03, 0x86, 0x07,
 0x00, 0x01, 0x00, 0xd0, 0x06, 0x00, 0x01, 0x00,
 0xf8, 0x06, 0x04, 0x00, 0x30, 0xc6, 0x05, 0x17,
 0x1a, 0xce, 0x05, 0x1d, 0x1a, 0xce, 0x03, 0x01,
 0x1a, 0x64, 0x00, 0x00, 0xd1, 0xef, 0xea, 0x20,
 0xd1, 0x40, 0x13, 0x01, 0x00, 0x00, 0xf5, 0xea,
 0x17, 0xd1, 0x41, 0x13, 0x01, 0x00, 0x00, 0xd2,
 0x24, 0x01, 0x00, 0x0e, 0xd1, 0x41, 0xc2, 0x01,
 0x00, 0x00, 0x24, 0x00, 0x00, 0x0e, 0x29, 0x60,
 0x00, 0x00, 0x64, 0x01, 0x00, 0xd2, 0xef, 0xc9,
 0x64, 0x02, 0x00, 0x41, 0x47, 0x01, 0x00, 0x00,
 0xd1, 0x61, 0x00, 0x00, 0xb4, 0x61, 0x00, 0x00,
 0x40, 0xc1, 0x01, 0x00, 0x00, 0x25, 0x04, 0x00,
 0xca, 0x03, 0xb6, 0x04, 0x08, 0x10, 0x12, 0x0e,
 0x34, 0x32, 0x12, 0x45, 0x20, 0x10, 0x1c, 0x0f,
 0x20, 0x06, 0x3b, 0x30, 0x3a, 0x15, 0xd8, 0x01,
 0x66, 0x75, 0x6e, 0x63, 0x74, 0x69, 0x6f, 0x6e,
 0x20, 0x70, 0x75, 0x74, 0x73, 0x28, 0x66, 0x64,
 0x2c, 0x20, 0x73, 0x74, 0x72, 0x29, 0x20, 0x7b,
 0x0a, 0x20, 0x20, 0x69, 0x66, 0x28, 0x69, 0x73,
 0x4f, 0x62, 0x6a, 0x65, 0x63, 0x74, 0x28, 0x66,
 0x64, 0x29, 0x20, 0x26, 0x26, 0x20, 0x74, 0x79,
 0x70, 0x65, 0x6f, 0x66, 0x20, 0x66, 0x64, 0x2e,
 0x70, 0x75, 0x74, 0x73, 0x20, 0x3d, 0x3d, 0x20,
 0x27, 0x66, 0x75, 0x6e, 0x63, 0x74, 0x69, 0x6f,
 0x6e, 0x27, 0x29, 0x20, 0x7b, 0x0a, 0x20, 0x20,
 0x20, 0x20, 0x66, 0x64, 0x2e, 0x70, 0x75, 0x74,
 0x73, 0x28, 0x73, 0x74, 0x72, 0x29, 0x3b, 0x0a,
 0x20, 0x20, 0x20, 0x20, 0x66, 0x64, 0x2e, 0x66,
 0x6c, 0x75, 0x73, 0x68, 0x28, 0x29, 0x3b, 0x0a,
 0x20, 0x20, 0x7d, 0x20, 0x65, 0x6c, 0x73, 0x65,
 0x20, 0x7b, 0x0a, 0x20, 0x20, 0x20, 0x20, 0x63,
 0x6f, 0x6e, 0x73, 0x74, 0x20, 0x64, 0x61, 0x74,
 0x61, 0x20, 0x3d, 0x20, 0x74, 0x6f, 0x41, 0x72,
 0x72, 0x61, 0x79, 0x42, 0x75, 0x66, 0x66, 0x65,
 0x72, 0x28, 0x73, 0x74, 0x72, 0x29, 0x3b, 0x0a,
 0x20, 0x20, 0x20, 0x20, 0x72, 0x65, 0x74, 0x75,
 0x72, 0x6e, 0x20, 0x6f, 0x73, 0x2e, 0x77, 0x72,
 0x69, 0x74, 0x65, 0x28, 0x66, 0x64, 0x2c, 0x20,
 0x64, 0x61, 0x74, 0x61, 0x2c, 0x20, 0x30, 0x2c,
 0x20, 0x64, 0x61, 0x74, 0x61, 0x2e, 0x62, 0x79,
 0x74, 0x65, 0x4c, 0x65, 0x6e, 0x67, 0x74, 0x68,
 0x29, 0x3b, 0x0a, 0x20, 0x20, 0x7d, 0x0a, 0x7d,
 0x0c, 0x43, 0x0a, 0x01, 0xa8, 0x04, 0x01, 0x08,
 0x01, 0x07, 0x00, 0x03, 0x01, 0x9a, 0x02, 0x09,
 0x86, 0x07, 0x00, 0x01, 0x00, 0xcc, 0x07, 0x01,
 0x00, 0x30, 0xe0, 0x07, 0x01, 0x01, 0x30, 0xe2,
 0x07, 0x01, 0x02, 0x30, 0xe4, 0x07, 0x01, 0x03,
 0x20, 0xf6, 0x06, 0x01, 0x04, 0x20, 0xe6, 0x07,
 0x01, 0x05, 0x20, 0x9a, 0x07, 0x01, 0x06, 0x20,
 0xe8, 0x07, 0x03, 0x07, 0x20, 0xc6, 0x05, 0x17,
 0x1a, 0xd6, 0x05, 0x25, 0x1a, 0xce, 0x03, 0x01,
 0x1a, 0x0c, 0x42, 0x0a, 0x01, 0x00, 0x01, 0x00,
 0x01, 0x03, 0x00, 0x00, 0x00, 0x0b, 0x01, 0xbe,
 0x07, 0x00, 0x01, 0x00, 0xd1, 0x41, 0x38, 0x00,
 0x00, 0x00, 0xbc, 0x10, 0x25, 0x01, 0x00, 0xca,
 0x03, 0xd5, 0x04, 0x3b, 0x02, 0x20, 0x0e, 0x13,
 0x6e, 0x20, 0x3d, 0x3e, 0x20, 0x6e, 0x2e, 0x74,
 0x6f, 0x53, 0x74, 0x72, 0x69, 0x6e, 0x67, 0x28,
 0x31, 0x36, 0x29, 0x60, 0x06, 0x00, 0x60, 0x05,
 0x00, 0x60, 0x04, 0x00, 0x60, 0x03, 0x00, 0x60,
 0x02, 0x00, 0x60, 0x01, 0x00, 0x60, 0x00, 0x00,
 0x64, 0x00, 0x00, 0xd1, 0xef, 0xea, 0x13, 0xd1,
 0x40, 0xf5, 0x01, 0x00, 0x00, 0xf5, 0xea, 0x0a,
 0xd1, 0x41, 0xf5, 0x01, 0x00, 0x00, 0x25, 0x00,
 0x00, 0x38, 0xa5, 0x00, 0x00, 0x00, 0x11, 0xb8,
 0x21, 0x01, 0x00, 0xc9, 0x38, 0xa9, 0x00, 0x00,
 0x00, 0x11, 0x61, 0x00, 0x00, 0x21, 0x01, 0x00,
 0xca, 0x64, 0x01, 0x00, 0x11, 0x04, 0xf6, 0x01,
 0x00, 0x00, 0x21, 0x01, 0x00, 0xcb, 0xb4, 0xcc,
 0x06, 0xc2, 0x04, 0xc0, 0xc2, 0x05, 0xb4, 0xc2,
 0x06, 0x64, 0x02, 0x00, 0x41, 0x43, 0x01, 0x00,
 0x00, 0xd1, 0x61, 0x00, 0x00, 0x61, 0x03, 0x00,
 0xb5, 0x24, 0x04, 0x00, 0x11, 0x62, 0x04, 0x00,
 0xb5, 0xa8, 0x68, 0x97, 0x00, 0x00, 0x00, 0x60,
 0x07, 0x00, 0x61, 0x02, 0x00, 0x41, 0xf7, 0x01,
 0x00, 0x00, 0x61, 0x00, 0x00, 0x41, 0xf8, 0x01,
 0x00, 0x00, 0x61, 0x03, 0x00, 0x61, 0x03, 0x00,
 0xb5, 0x9c, 0x24, 0x02, 0x00, 0x24, 0x01, 0x00,
 0xc2, 0x07, 0x61, 0x06, 0x00, 0x61, 0x04, 0x00,
 0x9c, 0x11, 0x62, 0x06, 0x00, 0x0e, 0x61, 0x07,
 0x00, 0xe9, 0xb4, 0xa7, 0xea, 0x20, 0xb4, 0x11,
 0x62, 0x03, 0x00, 0x0e, 0x61, 0x07, 0x00, 0x04,
 0xf9, 0x01, 0x00, 0x00, 0xab, 0xeb, 0x4c, 0x61,
 0x05, 0x00, 0x61, 0x07, 0x00, 0x9c, 0x11, 0x62,
 0x05, 0x00, 0x0e, 0xec, 0x8d, 0x61, 0x03, 0x00,
 0x8e, 0x11, 0x62, 0x03, 0x00, 0xb8, 0xab, 0xea,
 0x81, 0x38, 0x98, 0x00, 0x00, 0x00, 0x11, 0x04,
 0xfa, 0x01, 0x00, 0x00, 0x41, 0x5d, 0x00, 0x00,
 0x00, 0x61, 0x01, 0x00, 0x41, 0xeb, 0x01, 0x00,
 0x00, 0xbf, 0x00, 0x24, 0x01, 0x00, 0x41, 0x5c,
 0x00, 0x00, 0x00, 0x04, 0xfb, 0x01, 0x00, 0x00,
 0x24, 0x01, 0x00, 0x24, 0x01, 0x00, 0x21, 0x01,
 0x00, 0x30, 0x61, 0x06, 0x00, 0xea, 0x05, 0x61,
 0x05, 0x00, 0x28, 0x07, 0x28, 0xca, 0x03, 0xc1,
 0x04, 0x08, 0x2a, 0x7b, 0x0e, 0x34, 0x38, 0x2f,
 0x2c, 0x13, 0x5b, 0x3a, 0x09, 0x44, 0x0a, 0x00,
 0x20, 0x0c, 0x06, 0x4d, 0x2a, 0x5d, 0x21, 0x2a,
 0x14, 0x20, 0x16, 0x35, 0x53, 0x54, 0x20, 0x17,
 0x1b, 0x30, 0x14, 0x2b, 0x13, 0x71, 0x22, 0x17,
 0x0d, 0x7a, 0x54, 0x34, 0x2a, 0xee, 0x04, 0x66,
 0x75, 0x6e, 0x63, 0x74, 0x69, 0x6f, 0x6e, 0x20,
 0x67, 0x65, 0x74, 0x73, 0x28, 0x66, 0x64, 0x29,
 0x20, 0x7b, 0x0a, 0x20, 0x20, 0x69, 0x66, 0x28,
 0x69, 0x73, 0x4f, 0x62, 0x6a, 0x65, 0x63, 0x74,
 0x28, 0x66, 0x64, 0x29, 0x20, 0x26, 0x26, 0x20,
 0x74, 0x79, 0x70, 0x65, 0x6f, 0x66, 0x20, 0x66,
 0x64, 0x2e, 0x67, 0x65, 0x74, 0x6c, 0x69, 0x6e,
 0x65, 0x20, 0x3d, 0x3d, 0x20, 0x27, 0x66, 0x75,
 0x6e, 0x63, 0x74, 0x69, 0x6f, 0x6e, 0x27, 0x29,
 0x20, 0x72, 0x65, 0x74, 0x75, 0x72, 0x6e, 0x20,
 0x66, 0x64, 0x2e, 0x67, 0x65, 0x74, 0x6c, 0x69,
 0x6e, 0x65, 0x28, 0x29, 0x3b, 0x0a, 0x0a, 0x20,
 0x20, 0x63, 0x6f, 0x6e, 0x73, 0x74, 0x20, 0x62,
 0x75, 0x66, 0x20, 0x3d, 0x20, 0x6e, 0x65, 0x77,
 0x20, 0x41, 0x72, 0x72, 0x61, 0x79, 0x42, 0x75,
 0x66, 0x66, 0x65, 0x72, 0x28, 0x34, 0x29, 0x2c,
 0x0a, 0x20, 0x20, 0x20, 0x20, 0x75, 0x38, 0x20,
 0x3d, 0x20, 0x6e, 0x65, 0x77, 0x20, 0x55, 0x69,
 0x6e, 0x74, 0x38, 0x41, 0x72, 0x72, 0x61, 0x79,
 0x28, 0x62, 0x75, 0x66, 0x29, 0x3b, 0x0a, 0x20,
 0x20, 0x63, 0x6f, 0x6e, 0x73, 0x74, 0x20, 0x64,
 0x65, 0x63, 0x20, 0x3d, 0x20, 0x6e, 0x65, 0x77,
 0x20, 0x54, 0x65, 0x78, 0x74, 0x44, 0x65, 0x63,
 0x6f, 0x64, 0x65, 0x72, 0x28, 0x27, 0x75, 0x74,
 0x66, 0x2d, 0x38, 0x27, 0x29, 0x3b, 0x0a, 0x20,
 0x20, 0x6c, 0x65, 0x74, 0x20, 0x69, 0x64, 0x78,
 0x20, 0x3d, 0x20, 0x30, 0x2c, 0x0a, 0x20, 0x20,
 0x20, 0x20, 0x72, 0x2c, 0x0a, 0x20, 0x20, 0x20,
 0x20, 0x73, 0x20, 0x3d, 0x20, 0x27, 0x27, 0x2c,
 0x0a, 0x20, 0x20, 0x20, 0x20, 0x62, 0x79, 0x74,
 0x65, 0x73, 0x52, 0x65, 0x61, 0x64, 0x20, 0x3d,
 0x20, 0x30, 0x3b, 0x0a, 0x0a, 0x20, 0x20, 0x77,
 0x68, 0x69, 0x6c, 0x65, 0x28, 0x28, 0x72, 0x20,
 0x3d, 0x20, 0x6f, 0x73, 0x2e, 0x72, 0x65, 0x61,
 0x64, 0x28, 0x66, 0x64, 0x2c, 0x20, 0x62, 0x75,
 0x66, 0x2c, 0x20, 0x69, 0x64, 0x78, 0x2c, 0x20,
 0x31, 0x29, 0x29, 0x20, 0x3e, 0x3d, 0x20, 0x31,
 0x29, 0x20, 0x7b, 0x0a, 0x20, 0x20, 0x20, 0x20,
 0x6c, 0x65, 0x74, 0x20, 0x74, 0x6d, 0x70, 0x20,
 0x3d, 0x20, 0x64, 0x65, 0x63, 0x2e, 0x64, 0x65,
 0x63, 0x6f, 0x64, 0x65, 0x28, 0x62, 0x75, 0x66,
 0x2e, 0x73, 0x6c, 0x69, 0x63, 0x65, 0x28, 0x69,
 0x64, 0x78, 0x2c, 0x20, 0x69, 0x64, 0x78, 0x20,
 0x2b, 0x20, 0x31, 0x29, 0x29, 0x3b, 0x0a, 0x20,
 0x20, 0x20, 0x20, 0x62, 0x79, 0x74, 0x65, 0x73,
 0x52, 0x65, 0x61, 0x64, 0x20, 0x2b, 0x3d, 0x20,
 0x72, 0x3b, 0x0a, 0x0a, 0x20, 0x20, 0x20, 0x20,
 0x69, 0x66, 0x28, 0x74, 0x6d, 0x70, 0x2e, 0x6c,
 0x65, 0x6e, 0x67, 0x74, 0x68, 0x20, 0x3e, 0x20,
 0x30, 0x29, 0x20, 0x7b, 0x0a, 0x20, 0x20, 0x20,
 0x20, 0x20, 0x20, 0x69, 0x64, 0x78, 0x20, 0x3d,
 0x20, 0x30, 0x3b, 0x0a, 0x20, 0x20, 0x20, 0x20,
 0x20, 0x20, 0x69, 0x66, 0x28, 0x74, 0x6d, 0x70,
 0x20, 0x3d, 0x3d, 0x20, 0x27, 0x5c, 0x6e, 0x27,
 0x29, 0x20, 0x62, 0x72, 0x65, 0x61, 0x6b, 0x3b,
 0x0a, 0x20, 0x20, 0x20, 0x20, 0x20, 0x20, 0x73,
 0x20, 0x2b, 0x3d, 0x20, 0x74, 0x6d, 0x70, 0x3b,
 0x0a, 0x20, 0x20, 0x20, 0x20, 0x7d, 0x20, 0x65,
 0x6c, 0x73, 0x65, 0x20, 0x69, 0x66, 0x28, 0x2b,
 0x2b, 0x69, 0x64, 0x78, 0x20, 0x3d, 0x3d, 0x20,
 0x34, 0x29, 0x20, 0x7b, 0x0a, 0x20, 0x20, 0x20,
 0x20, 0x20, 0x20, 0x74, 0x68, 0x72, 0x6f, 0x77,
 0x20, 0x6e, 0x65, 0x77, 0x20, 0x45, 0x72, 0x72,
 0x6f, 0x72, 0x28, 0x60, 0x66, 0x73, 0x2e, 0x67,
 0x65, 0x74, 0x73, 0x28, 0x29, 0x20, 0x64, 0x65,
 0x63, 0x6f, 0x64, 0x69, 0x6e, 0x67, 0x20, 0x55,
 0x54, 0x46, 0x2d, 0x38, 0x3a, 0x20, 0x24, 0x7b,
 0x75, 0x38, 0x2e, 0x6d, 0x61, 0x70, 0x28, 0x6e,
 0x20, 0x3d, 0x3e, 0x20, 0x6e, 0x2e, 0x74, 0x6f,
 0x53, 0x74, 0x72, 0x69, 0x6e, 0x67, 0x28, 0x31,
 0x36, 0x29, 0x29, 0x2e, 0x6a, 0x6f, 0x69, 0x6e,
 0x28, 0x27, 0x20, 0x27, 0x29, 0x7d, 0x60, 0x29,
 0x3b, 0x0a, 0x20, 0x20, 0x20, 0x20, 0x7d, 0x0a,
 0x20, 0x20, 0x7d, 0x0a, 0x0a, 0x20, 0x20, 0x72,
 0x65, 0x74, 0x75, 0x72, 0x6e, 0x20, 0x62, 0x79,
 0x74, 0x65, 0x73, 0x52, 0x65, 0x61, 0x64, 0x20,
 0x3f, 0x20, 0x73, 0x20, 0x3a, 0x20, 0x6e, 0x75,
 0x6c, 0x6c, 0x3b, 0x0a, 0x7d, 0x0c, 0x43, 0x0a,
 0x01, 0xaa, 0x04, 0x03, 0x01, 0x03, 0x08, 0x00,
 0x02, 0x00, 0x6a, 0x04, 0x86, 0x07, 0x00, 0x01,
 0x00, 0x96, 0x07, 0x00, 0x01, 0x00, 0xf8, 0x07,
 0x00, 0x01, 0x00, 0xce, 0x06, 0x01, 0x00, 0x20,
 0x9e, 0x06, 0x40, 0x02, 0xce, 0x03, 0x01, 0x1a,
 0x60, 0x00, 0x00, 0x06, 0xc9, 0xd1, 0x96, 0x11,
 0x04, 0x47, 0x00, 0x00, 0x00, 0xad, 0xea, 0x1d,
 0xdd, 0x04, 0xfd, 0x01, 0x00, 0x00, 0x64, 0x01,
 0x00, 0x41, 0x15, 0x01, 0x00, 0x00, 0xd1, 0xd2,
 0xd3, 0x24, 0x03, 0x00, 0xf0, 0x11, 0x62, 0x00,
 0x00, 0x0e, 0xec, 0x3a, 0xdd, 0x04, 0xfe, 0x01,
 0x00, 0x00, 0xd1, 0x41, 0x15, 0x01, 0x00, 0x00,
 0xd2, 0xd3, 0x24, 0x02, 0x00, 0xf0, 0xb4, 0xab,
 0xea, 0x24, 0xd2, 0x96, 0x04, 0x8e, 0x00, 0x00,
 0x00, 0xab, 0xea, 0x0c, 0xd1, 0x41, 0xff, 0x01,
 0x00, 0x00, 0x24, 0x00, 0x00, 0xec, 0x0a, 0xd1,
 0x41, 0x16, 0x01, 0x00, 0x00, 0x24, 0x00, 0x00,
 0x11, 0x62, 0x00, 0x00, 0x0e, 0x0e, 0x61, 0x00,
 0x00, 0x28, 0xca, 0x03, 0xdc, 0x04, 0x08, 0x16,
 0x00, 0x10, 0x0a, 0x01, 0x07, 0x0c, 0x43, 0x38,
 0x50, 0x3d, 0x39, 0x38, 0x20, 0x28, 0x16, 0x06,
 0x07, 0x2e, 0x4d, 0x1c, 0x39, 0x1a, 0xc9, 0x02,
 0x66, 0x75, 0x6e, 0x63, 0x74, 0x69, 0x6f, 0x6e,
 0x20, 0x73, 0x65, 0x65, 0x6b, 0x28, 0x66, 0x64,
 0x2c, 0x20, 0x6f, 0x66, 0x66, 0x73, 0x65, 0x74,
 0x2c, 0x20, 0x77, 0x68, 0x65, 0x6e, 0x63, 0x65,
 0x29, 0x20, 0x7b, 0x0a, 0x20, 0x20, 0x6c, 0x65,
 0x74, 0x20, 0x72, 0x65, 0x74, 0x3b, 0x0a, 0x0a,
 0x20, 0x20, 0x73, 0x77, 0x69, 0x74, 0x63, 0x68,
 0x20, 0x28, 0x74, 0x79, 0x70, 0x65, 0x6f, 0x66,
 0x20, 0x66, 0x64, 0x29, 0x20, 0x7b, 0x0a, 0x20,
 0x20, 0x20, 0x20, 0x63, 0x61, 0x73, 0x65, 0x20,
 0x27, 0x6e, 0x75, 0x6d, 0x62, 0x65, 0x72, 0x27,
 0x3a, 0x0a, 0x20, 0x20, 0x20, 0x20, 0x20, 0x20,
 0x72, 0x65, 0x74, 0x20, 0x3d, 0x20, 0x73, 0x79,
 0x73, 0x63, 0x61, 0x6c, 0x6c, 0x65, 0x72, 0x72,
 0x28, 0x27, 0x6c, 0x73, 0x65, 0x65, 0x6b, 0x27,
 0x2c, 0x20, 0x6f, 0x73, 0x2e, 0x73, 0x65, 0x65,
 0x6b, 0x28, 0x66, 0x64, 0x2c, 0x20, 0x6f, 0x66,
 0x66, 0x73, 0x65, 0x74, 0x2c, 0x20, 0x77, 0x68,
 0x65, 0x6e, 0x63, 0x65, 0x29, 0x29, 0x3b, 0x0a,
 0x20, 0x20, 0x20, 0x20, 0x20, 0x20, 0x62, 0x72,
 0x65, 0x61, 0x6b, 0x3b, 0x0a, 0x20, 0x20, 0x20,
 0x20, 0x64, 0x65, 0x66, 0x61, 0x75, 0x6c, 0x74,
 0x3a, 0x0a, 0x20, 0x20, 0x20, 0x20, 0x20, 0x20,
 0x69, 0x66, 0x28, 0x73, 0x79, 0x73, 0x63, 0x61,
 0x6c, 0x6c, 0x65, 0x72, 0x72, 0x28, 0x27, 0x66,
 0x73, 0x65, 0x65, 0x6b, 0x27, 0x2c, 0x20, 0x66,
 0x64, 0x2e, 0x73, 0x65, 0x65, 0x6b, 0x28, 0x6f,
 0x66, 0x66, 0x73, 0x65, 0x74, 0x2c, 0x20, 0x77,
 0x68, 0x65, 0x6e, 0x63, 0x65, 0x29, 0x29, 0x20,
 0x3d, 0x3d, 0x20, 0x30, 0x29, 0x20, 0x72, 0x65,
 0x74, 0x20, 0x3d, 0x20, 0x74, 0x79, 0x70, 0x65,
 0x6f, 0x66, 0x20, 0x6f, 0x66, 0x66, 0x73, 0x65,
 0x74, 0x20, 0x3d, 0x3d, 0x20, 0x27, 0x62, 0x69,
 0x67, 0x69, 0x6e, 0x74, 0x27, 0x20, 0x3f, 0x20,
 0x66, 0x64, 0x2e, 0x74, 0x65, 0x6c, 0x6c, 0x6f,
 0x28, 0x29, 0x20, 0x3a, 0x20, 0x66, 0x64, 0x2e,
 0x74, 0x65, 0x6c, 0x6c, 0x28, 0x29, 0x3b, 0x0a,
 0x20, 0x20, 0x20, 0x20, 0x20, 0x20, 0x62, 0x72,
 0x65, 0x61, 0x6b, 0x3b, 0x0a, 0x20, 0x20, 0x7d,
 0x0a, 0x0a, 0x20, 0x20, 0x72, 0x65, 0x74, 0x75,
 0x72, 0x6e, 0x20, 0x72, 0x65, 0x74, 0x3b, 0x0a,
 0x7d, 0x0c, 0x43, 0x0a, 0x01, 0xac, 0x04, 0x01,
 0x00, 0x01, 0x08, 0x00, 0x03, 0x00, 0x32, 0x01,
 0xfe, 0x06, 0x00, 0x01, 0x00, 0x9e, 0x06, 0x40,
 0x02, 0xce, 0x03, 0x01, 0x1a, 0xd6, 0x03, 0x23,
 0x1a, 0xd1, 0x96, 0x11, 0x04, 0x47, 0x00, 0x00,
 0x00, 0xad, 0xea, 0x1f, 0xdd, 0x04, 0xfd, 0x01,
 0x00, 0x00, 0x64, 0x01, 0x00, 0x41, 0x15, 0x01,
 0x00, 0x00, 0xd1, 0xb4, 0x64, 0x02, 0x00, 0x40,
 0x00, 0x02, 0x00, 0x00, 0x24, 0x03, 0x00, 0x23,
 0x02, 0x00, 0xd1, 0x41, 0x16, 0x01, 0x00, 0x00,
 0x25, 0x00, 0x00, 0xca, 0x03, 0xeb, 0x04, 0x08,
 0x06, 0x41, 0x0c, 0x43, 0x38, 0x72, 0x2d, 0xb0,
 0x01, 0x66, 0x75, 0x6e, 0x63, 0x74, 0x69, 0x6f,
 0x6e, 0x20, 0x74, 0x65, 0x6c, 0x6c, 0x28, 0x66,
 0x69, 0x6c, 0x65, 0x29, 0x20, 0x7b, 0x0a, 0x20,
 0x20, 0x73, 0x77, 0x69, 0x74, 0x63, 0x68, 0x20,
 0x28, 0x74, 0x79, 0x70, 0x65, 0x6f, 0x66, 0x20,
 0x66, 0x69, 0x6c, 0x65, 0x29, 0x20, 0x7b, 0x0a,
 0x20, 0x20, 0x20, 0x20, 0x63, 0x61, 0x73, 0x65,
 0x20, 0x27, 0x6e, 0x75, 0x6d, 0x62, 0x65, 0x72,
 0x27, 0x3a, 0x0a, 0x20, 0x20, 0x20, 0x20, 0x20,
 0x20, 0x72, 0x65, 0x74, 0x75, 0x72, 0x6e, 0x20,
 0x73, 0x79, 0x73, 0x63, 0x61, 0x6c, 0x6c, 0x65,
 0x72, 0x72, 0x28, 0x27, 0x6c, 0x73, 0x65, 0x65,
 0x6b, 0x27, 0x2c, 0x20, 0x6f, 0x73, 0x2e, 0x73,
 0x65, 0x65, 0x6b, 0x28, 0x66, 0x69, 0x6c, 0x65,
 0x2c, 0x20, 0x30, 0x2c, 0x20, 0x73, 0x74, 0x64,
 0x2e, 0x53, 0x45, 0x45, 0x4b, 0x5f, 0x43, 0x55,
 0x52, 0x29, 0x29, 0x3b, 0x0a, 0x20, 0x20, 0x20,
 0x20, 0x64, 0x65, 0x66, 0x61, 0x75, 0x6c, 0x74,
 0x3a, 0x0a, 0x20, 0x20, 0x20, 0x20, 0x20, 0x20,
 0x72, 0x65, 0x74, 0x75, 0x72, 0x6e, 0x20, 0x66,
 0x69, 0x6c, 0x65, 0x2e, 0x74, 0x65, 0x6c, 0x6c,
 0x28, 0x29, 0x3b, 0x0a, 0x20, 0x20, 0x7d, 0x0a,
 0x7d, 0x0c, 0x43, 0x0a, 0x01, 0xae, 0x04, 0x01,
 0x03, 0x01, 0x04, 0x00, 0x06, 0x00, 0x51, 0x04,
 0xfe, 0x06, 0x00, 0x01, 0x00, 0x86, 0x07, 0x01,
 0x00, 0x30, 0x82, 0x08, 0x01, 0x01, 0x30, 0x84,
 0x08, 0x01, 0x02, 0x20, 0xc4, 0x05, 0x16, 0x1a,
 0xa4, 0x04, 0x67, 0x02, 0xac, 0x04, 0x6b, 0x02,
 0xaa, 0x04, 0x6a, 0x02, 0xd6, 0x03, 0x23, 0x1a,
 0xbe, 0x04, 0x74, 0x02, 0x60, 0x02, 0x00, 0x60,
 0x01, 0x00, 0x60, 0x00, 0x00, 0x64, 0x00, 0x00,
 0xd1, 0xef, 0xea, 0x04, 0xd1, 0xec, 0x09, 0xde,
 0xd1, 0x04, 0xbb, 0x01, 0x00, 0x00, 0xf0, 0xc9,
 0xdf, 0x61, 0x00, 0x00, 0xef, 0xca, 0x06, 0xcb,
 0xe0, 0x61, 0x00, 0x00, 0xb4, 0x64, 0x04, 0x00,
 0x40, 0xd1, 0x01, 0x00, 0x00, 0xf1, 0x11, 0x62,
 0x02, 0x00, 0xb4, 0xa5, 0xea, 0x05, 0x61, 0x02,
 0x00, 0x28, 0xd1, 0x61, 0x00, 0x00, 0xae, 0xea,
 0x09, 0x5d, 0x05, 0x00, 0x61, 0x00, 0x00, 0xef,
 0x0e, 0x61, 0x02, 0x00, 0x28, 0xca, 0x03, 0xf4,
 0x04, 0x08, 0x10, 0x3f, 0x1e, 0x2a, 0x30, 0x30,
 0x35, 0x2c, 0x00, 0x57, 0x30, 0x30, 0x39, 0x20,
 0x08, 0x11, 0x14, 0xe7, 0x01, 0x66, 0x75, 0x6e,
 0x63, 0x74, 0x69, 0x6f, 0x6e, 0x20, 0x73, 0x69,
 0x7a, 0x65, 0x53, 0x79, 0x6e, 0x63, 0x28, 0x66,
 0x69, 0x6c, 0x65, 0x29, 0x20, 0x7b, 0x0a, 0x20,
 0x20, 0x63, 0x6f, 0x6e, 0x73, 0x74, 0x20, 0x66,
 0x64, 0x20, 0x3d, 0x20, 0x69, 0x73, 0x4e, 0x75,
 0x6d, 0x62, 0x65, 0x72, 0x28, 0x66, 0x69, 0x6c,
 0x65, 0x29, 0x20, 0x3f, 0x20, 0x66, 0x69, 0x6c,
 0x65, 0x20, 0x3a, 0x20, 0x6f, 0x70, 0x65, 0x6e,
 0x53, 0x79, 0x6e, 0x63, 0x28, 0x66, 0x69, 0x6c,
 0x65, 0x2c, 0x20, 0x27, 0x72, 0x27, 0x29, 0x3b,
 0x0a, 0x20, 0x20, 0x63, 0x6f, 0x6e, 0x73, 0x74,
 0x20, 0x70, 0x6f, 0x73, 0x20, 0x3d, 0x20, 0x74,
 0x65, 0x6c, 0x6c, 0x28, 0x66, 0x64, 0x29, 0x3b,
 0x0a, 0x20, 0x20, 0x6c, 0x65, 0x74, 0x20, 0x62,
 0x79, 0x74, 0x65, 0x73, 0x3b, 0x0a, 0x20, 0x20,
 0x69, 0x66, 0x28, 0x28, 0x62, 0x79, 0x74, 0x65,
 0x73, 0x20, 0x3d, 0x20, 0x73, 0x65, 0x65, 0x6b,
 0x28, 0x66, 0x64, 0x2c, 0x20, 0x30, 0x2c, 0x20,
 0x73, 0x74, 0x64, 0x2e, 0x53, 0x45, 0x45, 0x4b,
 0x5f, 0x45, 0x4e, 0x44, 0x29, 0x29, 0x20, 0x3c,
 0x20, 0x30, 0x29, 0x20, 0x72, 0x65, 0x74, 0x75,
 0x72, 0x6e, 0x20, 0x62, 0x79, 0x74, 0x65, 0x73,
 0x3b, 0x0a, 0x20, 0x20, 0x69, 0x66, 0x28, 0x66,
 0x69, 0x6c, 0x65, 0x20, 0x21, 0x3d, 0x3d, 0x20,
 0x66, 0x64, 0x29, 0x20, 0x63, 0x6c, 0x6f, 0x73,
 0x65, 0x53, 0x79, 0x6e, 0x63, 0x28, 0x66, 0x64,
 0x29, 0x3b, 0x0a, 0x20, 0x20, 0x72, 0x65, 0x74,
 0x75, 0x72, 0x6e, 0x20, 0x62, 0x79, 0x74, 0x65,
 0x73, 0x3b, 0x0a, 0x7d, 0x0c, 0x43, 0x0a, 0x01,
 0xb0, 0x04, 0x01, 0x06, 0x01, 0x07, 0x00, 0x09,
 0x00, 0xbe, 0x01, 0x07, 0xfe, 0x06, 0x00, 0x01,
 0x00, 0x86, 0x07, 0x01, 0x00, 0x30, 0xce, 0x06,
 0x01, 0x01, 0x20, 0x86, 0x08, 0x03, 0x06, 0x03,
 0x62, 0x01, 0x02, 0x20, 0xd6, 0x07, 0x01, 0x04,
 0x20, 0x6e, 0x01, 0x05, 0x20, 0xc4, 0x05, 0x16,
 0x1a, 0xb8, 0x04, 0x71, 0x02, 0xd0, 0x04, 0x7d,
 0x02, 0xd4, 0x05, 0x24, 0x1a, 0xc8, 0x05, 0x18,
 0x1a, 0xae, 0x04, 0x6c, 0x02, 0xd4, 0x03, 0x21,
 0x1a, 0xd0, 0x05, 0x20, 0x1a, 0xd2, 0x05, 0x22,
 0x1a, 0x60, 0x05, 0x00, 0x60, 0x04, 0x00, 0x60,
 0x03, 0x00, 0x60, 0x01, 0x00, 0x60, 0x00, 0x00,
 0x64, 0x00, 0x00, 0xd1, 0xef, 0xea, 0x04, 0xd1,
 0xec, 0x04, 0xde, 0xd1, 0xef, 0xc9, 0x06, 0xca,
 0x6b, 0x17, 0x00, 0x00, 0x00, 0xdf, 0x04, 0x04,
 0x02, 0x00, 0x00, 0x61, 0x00, 0x00, 0x9c, 0xef,
 0x11, 0x62, 0x01, 0x00, 0x0e, 0x0e, 0xec, 0x31,
 0xcb, 0x6b, 0x2d, 0x00, 0x00, 0x00, 0xc7, 0x40,
 0x79, 0x01, 0x00, 0x00, 0x64, 0x03, 0x00, 0x40,
 0x88, 0x01, 0x00, 0x00, 0xab, 0xea, 0x16, 0x64,
 0x03, 0x00, 0x11, 0x04, 0x18, 0x01, 0x00, 0x00,
 0x64, 0x03, 0x00, 0x40, 0x05, 0x02, 0x00, 0x00,
 0x21, 0x02, 0x00, 0x30, 0x0e, 0xec, 0x02, 0x30,
 0x64, 0x04, 0x00, 0x61, 0x01, 0x00, 0xef, 0xea,
 0x05, 0x61, 0x01, 0x00, 0x28, 0x38, 0x9e, 0x00,
 0x00, 0x00, 0x41, 0x06, 0x02, 0x00, 0x00, 0xbd,
 0x00, 0x04, 0x5d, 0x05, 0x00, 0x61, 0x00, 0x00,
 0xef, 0x24, 0x02, 0x00, 0xcc, 0x64, 0x06, 0x00,
 0xb4, 0x61, 0x03, 0x00, 0x38, 0x46, 0x00, 0x00,
 0x00, 0x38, 0x46, 0x00, 0x00, 0x00, 0x61, 0x00,
 0x00, 0xb4, 0x22, 0x06, 0x00, 0xc2, 0x04, 0x64,
 0x07, 0x00, 0x61, 0x04, 0x00, 0xef, 0xc2, 0x05,
 0x64, 0x08, 0x00, 0x61, 0x04, 0x00, 0x61, 0x03,
 0x00, 0xf0, 0x0e, 0x61, 0x05, 0x00, 0x28, 0xca,
 0x03, 0xfd, 0x04, 0x08, 0x1e, 0x5d, 0x1e, 0x2a,
 0x2c, 0x00, 0x0a, 0x08, 0x4f, 0x07, 0x0c, 0x1b,
 0x40, 0x81, 0x2f, 0x39, 0x3e, 0x91, 0x45, 0x68,
 0x08, 0x20, 0x26, 0x3a, 0x31, 0x85, 0x14, 0x21,
 0x27, 0x11, 0x0e, 0xc9, 0x03, 0x66, 0x75, 0x6e,
 0x63, 0x74, 0x69, 0x6f, 0x6e, 0x20, 0x6e, 0x61,
 0x6d, 0x65, 0x53, 0x79, 0x6e, 0x63, 0x28, 0x66,
 0x69, 0x6c, 0x65, 0x29, 0x20, 0x7b, 0x0a, 0x20,
 0x20, 0x63, 0x6f, 0x6e, 0x73, 0x74, 0x20, 0x66,
 0x64, 0x20, 0x3d, 0x20, 0x69, 0x73, 0x4e, 0x75,
 0x6d, 0x62, 0x65, 0x72, 0x28, 0x66, 0x69, 0x6c,
 0x65, 0x29, 0x20, 0x3f, 0x20, 0x66, 0x69, 0x6c,
 0x65, 0x20, 0x3a, 0x20, 0x66, 0x69, 0x6c, 0x65,
 0x6e, 0x6f, 0x28, 0x66, 0x69, 0x6c, 0x65, 0x29,
 0x3b, 0x0a, 0x20, 0x20, 0x6c, 0x65, 0x74, 0x20,
 0x72, 0x65, 0x74, 0x3b, 0x0a, 0x0a, 0x20, 0x20,
 0x74, 0x72, 0x79, 0x20, 0x7b, 0x0a, 0x20, 0x20,
 0x20, 0x20, 0x72, 0x65, 0x74, 0x20, 0x3d, 0x20,
 0x72, 0x65, 0x61, 0x64, 0x6c, 0x69, 0x6e, 0x6b,
 0x53, 0x79, 0x6e, 0x63, 0x28, 0x60, 0x2f, 0x70,
 0x72, 0x6f, 0x63, 0x2f, 0x73, 0x65, 0x6c, 0x66,
 0x2f, 0x66, 0x64, 0x2f, 0x60, 0x20, 0x2b, 0x20,
 0x66, 0x64, 0x29, 0x3b, 0x0a, 0x20, 0x20, 0x7d,
 0x20, 0x63, 0x61, 0x74, 0x63, 0x68, 0x28, 0x65,
 0x29, 0x20, 0x7b, 0x0a, 0x20, 0x20, 0x20, 0x20,
 0x69, 0x66, 0x28, 0x65, 0x2e, 0x65, 0x72, 0x72,
 0x6e, 0x6f, 0x20, 0x3d, 0x3d, 0x20, 0x53, 0x79,
 0x73, 0x63, 0x61, 0x6c, 0x6c, 0x45, 0x72, 0x72,
 0x6f, 0x72, 0x2e, 0x45, 0x4e, 0x4f, 0x45, 0x4e,
 0x54, 0x29, 0x20, 0x74, 0x68, 0x72, 0x6f, 0x77,
 0x20, 0x6e, 0x65, 0x77, 0x20, 0x53, 0x79, 0x73,
 0x63, 0x61, 0x6c, 0x6c, 0x45, 0x72, 0x72, 0x6f,
 0x72, 0x28, 0x27, 0x6e, 0x61, 0x6d, 0x65, 0x53,
 0x79, 0x6e, 0x63, 0x27, 0x2c, 0x20, 0x53, 0x79,
 0x73, 0x63, 0x61, 0x6c, 0x6c, 0x45, 0x72, 0x72,
 0x6f, 0x72, 0x2e, 0x45, 0x42, 0x41, 0x44, 0x46,
 0x29, 0x3b, 0x0a, 0x20, 0x20, 0x7d, 0x0a, 0x0a,
 0x20, 0x20, 0x69, 0x66, 0x28, 0x69, 0x73, 0x53,
 0x74, 0x72, 0x69, 0x6e, 0x67, 0x28, 0x72, 0x65,
 0x74, 0x29, 0x29, 0x20, 0x72, 0x65, 0x74, 0x75,
 0x72, 0x6e, 0x20, 0x72, 0x65, 0x74, 0x3b, 0x0a,
 0x0a, 0x20, 0x20, 0x6c, 0x65, 0x74, 0x20, 0x73,
 0x69, 0x7a, 0x65, 0x20, 0x3d, 0x20, 0x4d, 0x61,
 0x74, 0x68, 0x2e, 0x6d, 0x61, 0x78, 0x28, 0x31,
 0x30, 0x32, 0x34, 0x2c, 0x20, 0x73, 0x69, 0x7a,
 0x65, 0x53, 0x79, 0x6e, 0x63, 0x28, 0x66, 0x64,
 0x29, 0x29, 0x3b, 0x0a, 0x20, 0x20, 0x6c, 0x65,
 0x74, 0x20, 0x6d, 0x61, 0x70, 0x20, 0x3d, 0x20,
 0x6d, 0x6d, 0x61, 0x70, 0x28, 0x30, 0x2c, 0x20,
 0x73, 0x69, 0x7a, 0x65, 0x2c, 0x20, 0x75, 0x6e,
 0x64, 0x65, 0x66, 0x69, 0x6e, 0x65, 0x64, 0x2c,
 0x20, 0x75, 0x6e, 0x64, 0x65, 0x66, 0x69, 0x6e,
 0x65, 0x64, 0x2c, 0x20, 0x66, 0x64, 0x2c, 0x20,
 0x30, 0x29, 0x3b, 0x0a, 0x20, 0x20, 0x6c, 0x65,
 0x74, 0x20, 0x6e, 0x61, 0x6d, 0x65, 0x20, 0x3d,
 0x20, 0x66, 0x69, 0x6c, 0x65, 0x6e, 0x61, 0x6d,
 0x65, 0x28, 0x6d, 0x61, 0x70, 0x29, 0x3b, 0x0a,
 0x20, 0x20, 0x6d, 0x75, 0x6e, 0x6d, 0x61, 0x70,
 0x28, 0x6d, 0x61, 0x70, 0x2c, 0x20, 0x73, 0x69,
 0x7a, 0x65, 0x29, 0x3b, 0x0a, 0x0a, 0x20, 0x20,
 0x72, 0x65, 0x74, 0x75, 0x72, 0x6e, 0x20, 0x6e,
 0x61, 0x6d, 0x65, 0x3b, 0x0a, 0x7d, 0x0c, 0x43,
 0x0a, 0x01, 0xb2, 0x04, 0x00, 0x00, 0x00, 0x04,
 0x00, 0x02, 0x00, 0x14, 0x00, 0x9e, 0x06, 0x40,
 0x02, 0xce, 0x03, 0x01, 0x1a, 0xdd, 0x04, 0x19,
 0x01, 0x00, 0x00, 0x64, 0x01, 0x00, 0x41, 0x19,
 0x01, 0x00, 0x00, 0x24, 0x00, 0x00, 0x23, 0x02,
 0x00, 0xca, 0x03, 0x91, 0x05, 0x08, 0x04, 0x08,
 0x04, 0x43, 0x30, 0x41, 0x66, 0x75, 0x6e, 0x63,
 0x74, 0x69, 0x6f, 0x6e, 0x20, 0x67, 0x65, 0x74,
 0x63, 0x77, 0x64, 0x28, 0x29, 0x20, 0x7b, 0x0a,
 0x20, 0x20, 0x72, 0x65, 0x74, 0x75, 0x72, 0x6e,
 0x20, 0x73, 0x79, 0x73, 0x63, 0x61, 0x6c, 0x6c,
 0x65, 0x72, 0x72, 0x28, 0x27, 0x67, 0x65, 0x74,
 0x63, 0x77, 0x64, 0x27, 0x2c, 0x20, 0x6f, 0x73,
 0x2e, 0x67, 0x65, 0x74, 0x63, 0x77, 0x64, 0x28,
 0x29, 0x29, 0x3b, 0x0a, 0x7d, 0x0c, 0x43, 0x0a,
 0x01, 0xb4, 0x04, 0x01, 0x00, 0x01, 0x05, 0x00,
 0x02, 0x00, 0x15, 0x01, 0xd0, 0x03, 0x00, 0x01,
 0x00, 0x9e, 0x06, 0x40, 0x02, 0xce, 0x03, 0x01,
 0x1a, 0xdd, 0x04, 0x1a, 0x01, 0x00, 0x00, 0x64,
 0x01, 0x00, 0x41, 0x1a, 0x01, 0x00, 0x00, 0xd1,
 0x24, 0x01, 0x00, 0x23, 0x02, 0x00, 0xca, 0x03,
 0x95, 0x05, 0x08, 0x04, 0x08, 0x04, 0x43, 0x3a,
 0x46, 0x66, 0x75, 0x6e, 0x63, 0x74, 0x69, 0x6f,
 0x6e, 0x20, 0x63, 0x68, 0x64, 0x69, 0x72, 0x28,
 0x70, 0x61, 0x74, 0x68, 0x29, 0x20, 0x7b, 0x0a,
 0x20, 0x20, 0x72, 0x65, 0x74, 0x75, 0x72, 0x6e,
 0x20, 0x73, 0x79, 0x73, 0x63, 0x61, 0x6c, 0x6c,
 0x65, 0x72, 0x72, 0x28, 0x27, 0x63, 0x68, 0x64,
 0x69, 0x72, 0x27, 0x2c, 0x20, 0x6f, 0x73, 0x2e,
 0x63, 0x68, 0x64, 0x69, 0x72, 0x28, 0x70, 0x61,
 0x74, 0x68, 0x29, 0x29, 0x3b, 0x0a, 0x7d, 0x0c,
 0x43, 0x0a, 0x01, 0xb6, 0x04, 0x01, 0x01, 0x01,
 0x03, 0x00, 0x02, 0x00, 0x15, 0x02, 0xfe, 0x06,
 0x00, 0x01, 0x00, 0x86, 0x07, 0x01, 0x00, 0x30,
 0xb8, 0x04, 0x71, 0x02, 0xce, 0x03, 0x01, 0x1a,
 0x60, 0x00, 0x00, 0xdd, 0xd1, 0xef, 0xc9, 0x64,
 0x01, 0x00, 0x41, 0x1b, 0x01, 0x00, 0x00, 0x61,
 0x00, 0x00, 0x25, 0x01, 0x00, 0xca, 0x03, 0x99,
 0x05, 0x08, 0x04, 0x17, 0x1a, 0x3a, 0x01, 0x4c,
 0x66, 0x75, 0x6e, 0x63, 0x74, 0x69, 0x6f, 0x6e,
 0x20, 0x69, 0x73, 0x61, 0x74, 0x74, 0x79, 0x28,
 0x66, 0x69, 0x6c, 0x65, 0x29, 0x20, 0x7b, 0x0a,
 0x20, 0x20, 0x63, 0x6f, 0x6e, 0x73, 0x74, 0x20,
 0x66, 0x64, 0x20, 0x3d, 0x20, 0x66, 0x69, 0x6c,
 0x65, 0x6e, 0x6f, 0x28, 0x66, 0x69, 0x6c, 0x65,
 0x29, 0x3b, 0x0a, 0x20, 0x20, 0x72, 0x65, 0x74,
 0x75, 0x72, 0x6e, 0x20, 0x6f, 0x73, 0x2e, 0x69,
 0x73, 0x61, 0x74, 0x74, 0x79, 0x28, 0x66, 0x64,
 0x29, 0x3b, 0x0a, 0x7d, 0x0c, 0x43, 0x0a, 0x01,
 0xb8, 0x04, 0x01, 0x00, 0x01, 0x03, 0x00, 0x00,
 0x02, 0x20, 0x01, 0xfe, 0x06, 0x00, 0x01, 0x00,
 0x0c, 0x42, 0x0a, 0x01, 0x00, 0x01, 0x00, 0x01,
 0x01, 0x00, 0x00, 0x00, 0x02, 0x01, 0xf0, 0x06,
 0x00, 0x01, 0x00, 0xd1, 0x28, 0xca, 0x03, 0x9f,
 0x05, 0x14, 0x00, 0x06, 0x66, 0x20, 0x3d, 0x3e,
 0x20, 0x66, 0x0c, 0x42, 0x0a, 0x01, 0x00, 0x01,
 0x00, 0x01, 0x02, 0x00, 0x00, 0x00, 0x1c, 0x01,
 0xf0, 0x06, 0x00, 0x01, 0x00, 0xd1, 0xea, 0x14,
 0xd1, 0x40, 0x1c, 0x01, 0x00, 0x00, 0xf5, 0xea,
 0x0b, 0xd1, 0x41, 0x1c, 0x01, 0x00, 0x00, 0x24,
 0x00, 0x00, 0x28, 0x38, 0x46, 0x00, 0x00, 0x00,
 0x28, 0xca, 0x03, 0x9f, 0x05, 0x24, 0x04, 0x2f,
 0x3c, 0x2f, 0x1e, 0x42, 0x66, 0x20, 0x3d, 0x3e,
 0x20, 0x28, 0x66, 0x20, 0x26, 0x26, 0x20, 0x74,
 0x79, 0x70, 0x65, 0x6f, 0x66, 0x20, 0x66, 0x2e,
 0x66, 0x69, 0x6c, 0x65, 0x6e, 0x6f, 0x20, 0x3d,
 0x3d, 0x20, 0x27, 0x66, 0x75, 0x6e, 0x63, 0x74,
 0x69, 0x6f, 0x6e, 0x27, 0x20, 0x3f, 0x20, 0x66,
 0x2e, 0x66, 0x69, 0x6c, 0x65, 0x6e, 0x6f, 0x28,
 0x29, 0x20, 0x3a, 0x20, 0x75, 0x6e, 0x64, 0x65,
 0x66, 0x69, 0x6e, 0x65, 0x64, 0x29, 0x0b, 0xbf,
 0x00, 0x4c, 0x47, 0x00, 0x00, 0x00, 0x4b, 0x47,
 0x00, 0x00, 0x00, 0xbf, 0x01, 0x4c, 0x4a, 0x00,
 0x00, 0x00, 0x4b, 0x4a, 0x00, 0x00, 0x00, 0xd1,
 0x96, 0x47, 0xd1, 0x25, 0x01, 0x00, 0xca, 0x03,
 0x9e, 0x05, 0x08, 0x03, 0x8f, 0xdc, 0x01, 0x95,
 0x01, 0x66, 0x75, 0x6e, 0x63, 0x74, 0x69, 0x6f,
 0x6e, 0x20, 0x66, 0x69, 0x6c, 0x65, 0x6e, 0x6f,
 0x28, 0x66, 0x69, 0x6c, 0x65, 0x29, 0x20, 0x7b,
 0x0a, 0x20, 0x20, 0x72, 0x65, 0x74, 0x75, 0x72,
 0x6e, 0x20, 0x7b, 0x20, 0x6e, 0x75, 0x6d, 0x62,
 0x65, 0x72, 0x3a, 0x20, 0x66, 0x20, 0x3d, 0x3e,
 0x20, 0x66, 0x2c, 0x20, 0x6f, 0x62, 0x6a, 0x65,
 0x63, 0x74, 0x3a, 0x20, 0x66, 0x20, 0x3d, 0x3e,
 0x20, 0x28, 0x66, 0x20, 0x26, 0x26, 0x20, 0x74,
 0x79, 0x70, 0x65, 0x6f, 0x66, 0x20, 0x66, 0x2e,
 0x66, 0x69, 0x6c, 0x65, 0x6e, 0x6f, 0x20, 0x3d,
 0x3d, 0x20, 0x27, 0x66, 0x75, 0x6e, 0x63, 0x74,
 0x69, 0x6f, 0x6e, 0x27, 0x20, 0x3f, 0x20, 0x66,
 0x2e, 0x66, 0x69, 0x6c, 0x65, 0x6e, 0x6f, 0x28,
 0x29, 0x20, 0x3a, 0x20, 0x75, 0x6e, 0x64, 0x65,
 0x66, 0x69, 0x6e, 0x65, 0x64, 0x29, 0x20, 0x7d,
 0x5b, 0x74, 0x79, 0x70, 0x65, 0x6f, 0x66, 0x20,
 0x66, 0x69, 0x6c, 0x65, 0x5d, 0x28, 0x66, 0x69,
 0x6c, 0x65, 0x29, 0x3b, 0x0a, 0x7d, 0x0c, 0x41,
 0x0a, 0x01, 0xba, 0x04, 0x02, 0x06, 0x01, 0x05,
 0x00, 0x05, 0x00, 0x97, 0x02, 0x08, 0xfe, 0x06,
 0x00, 0x01, 0x00, 0xfa, 0x06, 0x00, 0x01, 0x00,
 0xfe, 0x06, 0x01, 0xff, 0xff, 0xff, 0xff, 0x0f,
 0x20, 0xfa, 0x06, 0x01, 0x01, 0x20, 0xda, 0x07,
 0x02, 0x00, 0x30, 0xf0, 0x06, 0x02, 0x03, 0x30,
 0x62, 0x05, 0x04, 0x20, 0xf8, 0x06, 0x07, 0x05,
 0x20, 0xc8, 0x05, 0x18, 0x1a, 0xd6, 0x03, 0x23,
 0x1a, 0xc4, 0x05, 0x16, 0x1a, 0x70, 0x1e, 0x1a,
 0x9e, 0x06, 0x40, 0x02, 0x60, 0x01, 0x00, 0x60,
 0x00, 0x00, 0xd1, 0xc9, 0xd2, 0x11, 0xf2, 0xea,
 0x04, 0x0e, 0x0b, 0xda, 0xca, 0x60, 0x03, 0x00,
 0x60, 0x02, 0x00, 0x64, 0x00, 0x00, 0xd2, 0xef,
 0xea, 0x0a, 0x0b, 0xd2, 0x4b, 0xbe, 0x01, 0x00,
 0x00, 0xec, 0x02, 0xd2, 0xda, 0x11, 0xaf, 0xea,
 0x04, 0x0e, 0x0b, 0xda, 0x0e, 0xd2, 0x40, 0xbe,
 0x01, 0x00, 0x00, 0x04, 0xf6, 0x01, 0x00, 0x00,
 0xab, 0xea, 0x0d, 0x64, 0x01, 0x00, 0x41, 0x07,
 0x02, 0x00, 0x00, 0xd1, 0x25, 0x01, 0x00, 0x0b,
 0xb4, 0x4b, 0x79, 0x01, 0x00, 0x00, 0xcb, 0x64,
 0x01, 0x00, 0x41, 0x3d, 0x01, 0x00, 0x00, 0xd1,
 0x04, 0xbb, 0x01, 0x00, 0x00, 0x61, 0x02, 0x00,
 0x24, 0x03, 0x00, 0xcc, 0x61, 0x02, 0x00, 0x40,
 0x79, 0x01, 0x00, 0x00, 0x95, 0x68, 0x91, 0x00,
 0x00, 0x00, 0x60, 0x04, 0x00, 0x61, 0x03, 0x00,
 0x41, 0x15, 0x01, 0x00, 0x00, 0xb4, 0x64, 0x01,
 0x00, 0x40, 0xd1, 0x01, 0x00, 0x00, 0x24, 0x02,
 0x00, 0x0e, 0x61, 0x03, 0x00, 0x41, 0x16, 0x01,
 0x00, 0x00, 0x24, 0x00, 0x00, 0xc2, 0x04, 0x64,
 0x02, 0x00, 0x61, 0x04, 0x00, 0xef, 0xea, 0x60,
 0x60, 0x05, 0x00, 0x61, 0x03, 0x00, 0x41, 0x15,
 0x01, 0x00, 0x00, 0xb4, 0x64, 0x01, 0x00, 0x40,
 0xd2, 0x01, 0x00, 0x00, 0x24, 0x02, 0x00, 0x0e,
 0x38, 0xa5, 0x00, 0x00, 0x00, 0x11, 0x61, 0x04,
 0x00, 0x21, 0x01, 0x00, 0xc2, 0x05, 0x61, 0x03,
 0x00, 0x41, 0x43, 0x01, 0x00, 0x00, 0x61, 0x05,
 0x00, 0xb4, 0x61, 0x04, 0x00, 0x24, 0x03, 0x00,
 0x0e, 0x61, 0x03, 0x00, 0x41, 0x3e, 0x01, 0x00,
 0x00, 0x24, 0x00, 0x00, 0x0e, 0xd2, 0x40, 0xbe,
 0x01, 0x00, 0x00, 0x07, 0xac, 0xea, 0x0d, 0x64,
 0x03, 0x00, 0x61, 0x05, 0x00, 0xef, 0x11, 0x62,
 0x05, 0x00, 0x0e, 0x61, 0x05, 0x00, 0x28, 0x5d,
 0x04, 0x00, 0x04, 0x3d, 0x01, 0x00, 0x00, 0x61,
 0x02, 0x00, 0x40, 0x79, 0x01, 0x00, 0x00, 0x8b,
 0x23, 0x02, 0x00, 0xca, 0x03, 0xa2, 0x05, 0x08,
 0x2c, 0x76, 0x09, 0x11, 0x26, 0x4e, 0x00, 0x4a,
 0x08, 0x52, 0x3a, 0x69, 0x49, 0x9b, 0x19, 0x2a,
 0x04, 0x6c, 0x16, 0x2c, 0x01, 0x30, 0x13, 0x2a,
 0x04, 0x44, 0x1a, 0x49, 0x1d, 0x2a, 0x0e, 0x3a,
 0x0d, 0x2a, 0x04, 0x35, 0x2a, 0x16, 0x0c, 0x11,
 0x20, 0x00, 0x10, 0x0a, 0x53, 0xd7, 0x04, 0x66,
 0x75, 0x6e, 0x63, 0x74, 0x69, 0x6f, 0x6e, 0x20,
 0x72, 0x65, 0x61, 0x64, 0x46, 0x69, 0x6c, 0x65,
 0x53, 0x79, 0x6e, 0x63, 0x28, 0x66, 0x69, 0x6c,
 0x65, 0x2c, 0x20, 0x6f, 0x70, 0x74, 0x69, 0x6f,
 0x6e, 0x73, 0x20, 0x3d, 0x20, 0x7b, 0x7d, 0x29,
 0x20, 0x7b, 0x0a, 0x20, 0x20, 0x6f, 0x70, 0x74,
 0x69, 0x6f, 0x6e, 0x73, 0x20, 0x3d, 0x20, 0x69,
 0x73, 0x53, 0x74, 0x72, 0x69, 0x6e, 0x67, 0x28,
 0x6f, 0x70, 0x74, 0x69, 0x6f, 0x6e, 0x73, 0x29,
 0x20, 0x3f, 0x20, 0x7b, 0x20, 0x65, 0x6e, 0x63,
 0x6f, 0x64, 0x69, 0x6e, 0x67, 0x3a, 0x20, 0x6f,
 0x70, 0x74, 0x69, 0x6f, 0x6e, 0x73, 0x20, 0x7d,
 0x20, 0x3a, 0x20, 0x6f, 0x70, 0x74, 0x69, 0x6f,
 0x6e, 0x73, 0x3b, 0x0a, 0x20, 0x20, 0x6f, 0x70,
 0x74, 0x69, 0x6f, 0x6e, 0x73, 0x20, 0x3f, 0x3f,
 0x3d, 0x20, 0x7b, 0x7d, 0x3b, 0x0a, 0x0a, 0x20,
 0x20, 0x69, 0x66, 0x28, 0x6f, 0x70, 0x74, 0x69,
 0x6f, 0x6e, 0x73, 0x2e, 0x65, 0x6e, 0x63, 0x6f,
 0x64, 0x69, 0x6e, 0x67, 0x20, 0x3d, 0x3d, 0x20,
 0x27, 0x75, 0x74, 0x66, 0x2d, 0x38, 0x27, 0x29,
 0x20, 0x72, 0x65, 0x74, 0x75, 0x72, 0x6e, 0x20,
 0x73, 0x74, 0x64, 0x2e, 0x6c, 0x6f, 0x61, 0x64,
 0x46, 0x69, 0x6c, 0x65, 0x28, 0x66, 0x69, 0x6c,
 0x65, 0x29, 0x3b, 0x0a, 0x0a, 0x20, 0x20, 0x63,
 0x6f, 0x6e, 0x73, 0x74, 0x20, 0x72, 0x65, 0x73,
 0x20, 0x3d, 0x20, 0x7b, 0x20, 0x65, 0x72, 0x72,
 0x6e, 0x6f, 0x3a, 0x20, 0x30, 0x20, 0x7d, 0x2c,
 0x0a, 0x20, 0x20, 0x20, 0x20, 0x66, 0x20, 0x3d,
 0x20, 0x73, 0x74, 0x64, 0x2e, 0x6f, 0x70, 0x65,
 0x6e, 0x28, 0x66, 0x69, 0x6c, 0x65, 0x2c, 0x20,
 0x27, 0x72, 0x27, 0x2c, 0x20, 0x72, 0x65, 0x73,
 0x29, 0x3b, 0x0a, 0x0a, 0x20, 0x20, 0x69, 0x66,
 0x28, 0x21, 0x72, 0x65, 0x73, 0x2e, 0x65, 0x72,
 0x72, 0x6e, 0x6f, 0x29, 0x20, 0x7b, 0x0a, 0x20,
 0x20, 0x20, 0x20, 0x66, 0x2e, 0x73, 0x65, 0x65,
 0x6b, 0x28, 0x30, 0x2c, 0x20, 0x73, 0x74, 0x64,
 0x2e, 0x53, 0x45, 0x45, 0x4b, 0x5f, 0x45, 0x4e,
 0x44, 0x29, 0x3b, 0x0a, 0x20, 0x20, 0x20, 0x20,
 0x6c, 0x65, 0x74, 0x20, 0x73, 0x69, 0x7a, 0x65,
 0x20, 0x3d, 0x20, 0x66, 0x2e, 0x74, 0x65, 0x6c,
 0x6c, 0x28, 0x29, 0x3b, 0x0a, 0x0a, 0x20, 0x20,
 0x20, 0x20, 0x69, 0x66, 0x28, 0x69, 0x73, 0x4e,
 0x75, 0x6d, 0x62, 0x65, 0x72, 0x28, 0x73, 0x69,
 0x7a, 0x65, 0x29, 0x29, 0x20, 0x7b, 0x0a, 0x20,
 0x20, 0x20, 0x20, 0x20, 0x20, 0x66, 0x2e, 0x73,
 0x65, 0x65, 0x6b, 0x28, 0x30, 0x2c, 0x20, 0x73,
 0x74, 0x64, 0x2e, 0x53, 0x45, 0x45, 0x4b, 0x5f,
 0x53, 0x45, 0x54, 0x29, 0x3b, 0x0a, 0x20, 0x20,
 0x20, 0x20, 0x20, 0x20, 0x6c, 0x65, 0x74, 0x20,
 0x64, 0x61, 0x74, 0x61, 0x20, 0x3d, 0x20, 0x6e,
 0x65, 0x77, 0x20, 0x41, 0x72, 0x72, 0x61, 0x79,
 0x42, 0x75, 0x66, 0x66, 0x65, 0x72, 0x28, 0x73,
 0x69, 0x7a, 0x65, 0x29, 0x3b, 0x0a, 0x20, 0x20,
 0x20, 0x20, 0x20, 0x20, 0x66, 0x2e, 0x72, 0x65,
 0x61, 0x64, 0x28, 0x64, 0x61, 0x74, 0x61, 0x2c,
 0x20, 0x30, 0x2c, 0x20, 0x73, 0x69, 0x7a, 0x65,
 0x29, 0x3b, 0x0a, 0x20, 0x20, 0x20, 0x20, 0x20,
 0x20, 0x66, 0x2e, 0x63, 0x6c, 0x6f, 0x73, 0x65,
 0x28, 0x29, 0x3b, 0x0a, 0x20, 0x20, 0x20, 0x20,
 0x20, 0x20, 0x69, 0x66, 0x28, 0x6f, 0x70, 0x74,
 0x69, 0x6f, 0x6e, 0x73, 0x2e, 0x65, 0x6e, 0x63,
 0x6f, 0x64, 0x69, 0x6e, 0x67, 0x20, 0x21, 0x3d,
 0x20, 0x6e, 0x75, 0x6c, 0x6c, 0x29, 0x20, 0x64,
 0x61, 0x74, 0x61, 0x20, 0x3d, 0x20, 0x74, 0x6f,
 0x53, 0x74, 0x72, 0x69, 0x6e, 0x67, 0x28, 0x64,
 0x61, 0x74, 0x61, 0x29, 0x3b, 0x0a, 0x20, 0x20,
 0x20, 0x20, 0x20, 0x20, 0x72, 0x65, 0x74, 0x75,
 0x72, 0x6e, 0x20, 0x64, 0x61, 0x74, 0x61, 0x3b,
 0x0a, 0x20, 0x20, 0x20, 0x20, 0x7d, 0x0a, 0x20,
 0x20, 0x7d, 0x0a, 0x0a, 0x20, 0x20, 0x72, 0x65,
 0x74, 0x75, 0x72, 0x6e, 0x20, 0x73, 0x79, 0x73,
 0x63, 0x61, 0x6c, 0x6c, 0x65, 0x72, 0x72, 0x28,
 0x27, 0x6f, 0x70, 0x65, 0x6e, 0x27, 0x2c, 0x20,
 0x2d, 0x72, 0x65, 0x73, 0x2e, 0x65, 0x72, 0x72,
 0x6e, 0x6f, 0x29, 0x3b, 0x0a, 0x7d, 0x0c, 0x41,
 0x0a, 0x01, 0xbc, 0x04, 0x03, 0x07, 0x02, 0x05,
 0x00, 0x07, 0x00, 0x95, 0x02, 0x0a, 0xfe, 0x06,
 0x00, 0x01, 0x00, 0xf8, 0x06, 0x00, 0x01, 0x00,
 0xfa, 0x06, 0x00, 0x01, 0x00, 0xfe, 0x06, 0x01,
 0xff, 0xff, 0xff, 0xff, 0x0f, 0x20, 0xf8, 0x06,
 0x01, 0x01, 0x20, 0xfa, 0x06, 0x01, 0x02, 0x20,
 0xda, 0x07, 0x02, 0x00, 0x30, 0xf0, 0x06, 0x02,
 0x04, 0x30, 0xc6, 0x06, 0x02, 0x05, 0x30, 0x84,
 0x08, 0x02, 0x06, 0x30, 0xa4, 0x04, 0x67, 0x02,
 0x9e, 0x06, 0x40, 0x02, 0xc8, 0x05, 0x18, 0x1a,
 0x9a, 0x04, 0x62, 0x02, 0x9c, 0x06, 0x3f, 0x1a,
 0x94, 0x04, 0x5f, 0x02, 0xbe, 0x04, 0x74, 0x02,
 0x60, 0x02, 0x00, 0x60, 0x01, 0x00, 0x60, 0x00,
 0x00, 0xd1, 0xc9, 0xd2, 0xca, 0xd3, 0x11, 0xf2,
 0xea, 0x0a, 0x0e, 0x0b, 0x0a, 0x4b, 0x08, 0x02,
 0x00, 0x00, 0xdb, 0xcb, 0x60, 0x06, 0x00, 0x60,
 0x05, 0x00, 0x60, 0x04, 0x00, 0x60, 0x03, 0x00,
 0x0b, 0xb4, 0x4b, 0x79, 0x01, 0x00, 0x00, 0xcc,
 0xdd, 0xd1, 0xd3, 0x11, 0xaf, 0xea, 0x05, 0x0e,
 0x06, 0xec, 0x06, 0x40, 0xcf, 0x01, 0x00, 0x00,
 0x11, 0xaf, 0xea, 0x07, 0x0e, 0x04, 0x09, 0x02,
 0x00, 0x00, 0xd3, 0x11, 0xaf, 0xea, 0x05, 0x0e,
 0x06, 0xec, 0x06, 0x40, 0x08, 0x02, 0x00, 0x00,
 0xea, 0x08, 0x04, 0x0a, 0x02, 0x00, 0x00, 0xec,
 0x02, 0xc0, 0x9c, 0xd3, 0x11, 0xaf, 0xea, 0x05,
 0x0e, 0x06, 0xec, 0x06, 0x40, 0xac, 0x01, 0x00,
 0x00, 0x11, 0xaf, 0xea, 0x05, 0x0e, 0xbd, 0xb6,
 0x01, 0xf1, 0xc2, 0x04, 0x61, 0x03, 0x00, 0x40,
 0x79, 0x01, 0x00, 0x00, 0xea, 0x13, 0xde, 0x04,
 0x3d, 0x01, 0x00, 0x00, 0x61, 0x03, 0x00, 0x40,
 0x79, 0x01, 0x00, 0x00, 0x8b, 0x23, 0x02, 0x00,
 0x64, 0x02, 0x00, 0xd2, 0xef, 0xea, 0x25, 0x61,
 0x04, 0x00, 0x41, 0x13, 0x01, 0x00, 0x00, 0xd2,
 0x24, 0x01, 0x00, 0x0e, 0x61, 0x04, 0x00, 0x41,
 0xc2, 0x01, 0x00, 0x00, 0x24, 0x00, 0x00, 0x0e,
 0x61, 0x04, 0x00, 0x41, 0x16, 0x01, 0x00, 0x00,
 0x25, 0x00, 0x00, 0xe0, 0x64, 0x04, 0x00, 0xb6,
 0xef, 0x5d, 0x05, 0x00, 0xd2, 0xf1, 0xc2, 0x05,
 0x61, 0x04, 0x00, 0x41, 0x47, 0x01, 0x00, 0x00,
 0x26, 0x00, 0x00, 0xb4, 0x61, 0x05, 0x00, 0x51,
 0x0e, 0x18, 0x27, 0x00, 0x00, 0xc2, 0x06, 0xd3,
 0x11, 0xaf, 0xea, 0x05, 0x0e, 0x06, 0xec, 0x06,
 0x40, 0xc2, 0x01, 0x00, 0x00, 0x11, 0xaf, 0xea,
 0x03, 0x0e, 0x0a, 0xea, 0x0d, 0x61, 0x04, 0x00,
 0x41, 0xc2, 0x01, 0x00, 0x00, 0x24, 0x00, 0x00,
 0x0e, 0x5d, 0x06, 0x00, 0x61, 0x04, 0x00, 0xef,
 0x0e, 0x61, 0x06, 0x00, 0x28, 0xca, 0x03, 0xbc,
 0x05, 0x08, 0x22, 0xf9, 0x1c, 0x7f, 0x3e, 0x00,
 0x3d, 0x04, 0x39, 0x68, 0x11, 0x17, 0x13, 0x2a,
 0x0e, 0x1c, 0x0d, 0x2a, 0x04, 0x3f, 0x0e, 0x19,
 0x1c, 0x00, 0x14, 0x08, 0x11, 0xbc, 0x16, 0x2a,
 0x04, 0x17, 0x39, 0x11, 0x14, 0xfe, 0x04, 0x66,
 0x75, 0x6e, 0x63, 0x74, 0x69, 0x6f, 0x6e, 0x20,
 0x77, 0x72, 0x69, 0x74, 0x65, 0x46, 0x69, 0x6c,
 0x65, 0x53, 0x79, 0x6e, 0x63, 0x28, 0x66, 0x69,
 0x6c, 0x65, 0x2c, 0x20, 0x64, 0x61, 0x74, 0x61,
 0x2c, 0x20, 0x6f, 0x70, 0x74, 0x69, 0x6f, 0x6e,
 0x73, 0x20, 0x3d, 0x20, 0x7b, 0x20, 0x6f, 0x76,
 0x65, 0x72, 0x77, 0x72, 0x69, 0x74, 0x65, 0x3a,
 0x20, 0x74, 0x72, 0x75, 0x65, 0x20, 0x7d, 0x29,
 0x20, 0x7b, 0x0a, 0x20, 0x20, 0x63, 0x6f, 0x6e,
 0x73, 0x74, 0x20, 0x72, 0x65, 0x73, 0x20, 0x3d,
 0x20, 0x7b, 0x20, 0x65, 0x72, 0x72, 0x6e, 0x6f,
 0x3a, 0x20, 0x30, 0x20, 0x7d, 0x3b, 0x0a, 0x20,
 0x20, 0x63, 0x6f, 0x6e, 0x73, 0x74, 0x20, 0x66,
 0x20, 0x3d, 0x20, 0x6f, 0x70, 0x65, 0x6e, 0x53,
 0x79, 0x6e, 0x63, 0x28, 0x66, 0x69, 0x6c, 0x65,
 0x2c, 0x20, 0x28, 0x6f, 0x70, 0x74, 0x69, 0x6f,
 0x6e, 0x73, 0x3f, 0x2e, 0x66, 0x6c, 0x61, 0x67,
 0x20, 0x3f, 0x3f, 0x20, 0x27, 0x77, 0x27, 0x29,
 0x20, 0x2b, 0x20, 0x28, 0x6f, 0x70, 0x74, 0x69,
 0x6f, 0x6e, 0x73, 0x3f, 0x2e, 0x6f, 0x76, 0x65,
 0x72, 0x77, 0x72, 0x69, 0x74, 0x65, 0x20, 0x3f,
 0x20, 0x27, 0x2b, 0x27, 0x20, 0x3a, 0x20, 0x27,
 0x27, 0x29, 0x2c, 0x20, 0x6f, 0x70, 0x74, 0x69,
 0x6f, 0x6e, 0x73, 0x3f, 0x2e, 0x6d, 0x6f, 0x64,
 0x65, 0x20, 0x3f, 0x3f, 0x20, 0x30, 0x6f, 0x36,
 0x36, 0x36, 0x29, 0x3b, 0x0a, 0x0a, 0x20, 0x20,
 0x69, 0x66, 0x28, 0x72, 0x65, 0x73, 0x2e, 0x65,
 0x72, 0x72, 0x6e, 0x6f, 0x29, 0x20, 0x72, 0x65,
 0x74, 0x75, 0x72, 0x6e, 0x20, 0x73, 0x79, 0x73,
 0x63, 0x61, 0x6c, 0x6c, 0x65, 0x72, 0x72, 0x28,
 0x27, 0x6f, 0x70, 0x65, 0x6e, 0x27, 0x2c, 0x20,
 0x2d, 0x72, 0x65, 0x73, 0x2e, 0x65, 0x72, 0x72,
 0x6e, 0x6f, 0x29, 0x3b, 0x0a, 0x0a, 0x20, 0x20,
 0x69, 0x66, 0x28, 0x69, 0x73, 0x53, 0x74, 0x72,
 0x69, 0x6e, 0x67, 0x28, 0x64, 0x61, 0x74, 0x61,
 0x29, 0x29, 0x20, 0x7b, 0x0a, 0x20, 0x20, 0x20,
 0x20, 0x66, 0x2e, 0x70, 0x75, 0x74, 0x73, 0x28,
 0x64, 0x61, 0x74, 0x61, 0x29, 0x3b, 0x0a, 0x20,
 0x20, 0x20, 0x20, 0x66, 0x2e, 0x66, 0x6c, 0x75,
 0x73, 0x68, 0x28, 0x29, 0x3b, 0x0a, 0x20, 0x20,
 0x20, 0x20, 0x72, 0x65, 0x74, 0x75, 0x72, 0x6e,
 0x20, 0x66, 0x2e, 0x74, 0x65, 0x6c, 0x6c, 0x28,
 0x29, 0x3b, 0x0a, 0x20, 0x20, 0x7d, 0x0a, 0x0a,
 0x20, 0x20, 0x63, 0x6f, 0x6e, 0x73, 0x74, 0x20,
 0x61, 0x72, 0x67, 0x73, 0x20, 0x3d, 0x20, 0x74,
 0x68, 0x72, 0x6f, 0x77, 0x49, 0x66, 0x4e, 0x75,
 0x6c, 0x6c, 0x28, 0x49, 0x6e, 0x76, 0x61, 0x6c,
 0x69, 0x64, 0x42, 0x75, 0x66, 0x66, 0x65, 0x72,
 0x28, 0x32, 0x29, 0x2c, 0x20, 0x62, 0x75, 0x66,
 0x66, 0x65, 0x72, 0x41, 0x72, 0x67, 0x75, 0x6d,
 0x65, 0x6e, 0x74, 0x2c, 0x20, 0x64, 0x61, 0x74,
 0x61, 0x29, 0x3b, 0x0a, 0x0a, 0x20, 0x20, 0x2f,
 0x2f, 0x63, 0x6f, 0x6e, 0x73, 0x74, 0x20, 0x66,
 0x64, 0x20, 0x3d, 0x20, 0x6f, 0x73, 0x2e, 0x6f,
 0x70, 0x65, 0x6e, 0x28, 0x66, 0x69, 0x6c, 0x65,
 0x2c, 0x20, 0x4f, 0x5f, 0x57, 0x52, 0x4f, 0x4e,
 0x4c, 0x59, 0x20, 0x7c, 0x20, 0x4f, 0x5f, 0x43,
 0x52, 0x45, 0x41, 0x54, 0x20, 0x7c, 0x20, 0x28,
 0x6f, 0x70, 0x74, 0x69, 0x6f, 0x6e, 0x73, 0x3f,
 0x2e, 0x6f, 0x76, 0x65, 0x72, 0x77, 0x72, 0x69,
 0x74, 0x65, 0x20, 0x3f, 0x20, 0x4f, 0x5f, 0x54,
 0x52, 0x55, 0x4e, 0x43, 0x20, 0x3a, 0x20, 0x4f,
 0x5f, 0x45, 0x58, 0x43, 0x4c, 0x29, 0x2c, 0x20,
 0x6f, 0x70, 0x74, 0x69, 0x6f, 0x6e, 0x73, 0x3f,
 0x2e, 0x6d, 0x6f, 0x64, 0x65, 0x20, 0x3f, 0x3f,
 0x20, 0x30, 0x6f, 0x36, 0x36, 0x36, 0x29, 0x3b,
 0x0a, 0x0a, 0x20, 0x20, 0x63, 0x6f, 0x6e, 0x73,
 0x74, 0x20, 0x62, 0x79, 0x74, 0x65, 0x73, 0x20,
 0x3d, 0x20, 0x66, 0x2e, 0x77, 0x72, 0x69, 0x74,
 0x65, 0x28, 0x2e, 0x2e, 0x2e, 0x61, 0x72, 0x67,
 0x73, 0x29, 0x3b, 0x0a, 0x20, 0x20, 0x69, 0x66,
 0x28, 0x6f, 0x70, 0x74, 0x69, 0x6f, 0x6e, 0x73,
 0x3f, 0x2e, 0x66, 0x6c, 0x75, 0x73, 0x68, 0x20,
 0x3f, 0x3f, 0x20, 0x74, 0x72, 0x75, 0x65, 0x29,
 0x20, 0x66, 0x2e, 0x66, 0x6c, 0x75, 0x73, 0x68,
 0x28, 0x29, 0x3b, 0x0a, 0x20, 0x20, 0x63, 0x6c,
 0x6f, 0x73, 0x65, 0x53, 0x79, 0x6e, 0x63, 0x28,
 0x66, 0x29, 0x3b, 0x0a, 0x20, 0x20, 0x72, 0x65,
 0x74, 0x75, 0x72, 0x6e, 0x20, 0x62, 0x79, 0x74,
 0x65, 0x73, 0x3b, 0x0a, 0x7d, 0x0c, 0x43, 0x0a,
 0x01, 0xbe, 0x04, 0x01, 0x00, 0x01, 0x05, 0x00,
 0x03, 0x00, 0x39, 0x01, 0x86, 0x07, 0x00, 0x01,
 0x00, 0xc4, 0x05, 0x16, 0x1a, 0x9e, 0x06, 0x40,
 0x02, 0xce, 0x03, 0x01, 0x1a, 0x64, 0x00, 0x00,
 0xd1, 0xef, 0x95, 0xea, 0x0b, 0xd1, 0x41, 0xc2,
 0x01, 0x00, 0x00, 0x24, 0x00, 0x00, 0x0e, 0xde,
 0x04, 0x3e, 0x01, 0x00, 0x00, 0x64, 0x00, 0x00,
 0xd1, 0xef, 0xea, 0x0f, 0x64, 0x02, 0x00, 0x41,
 0x3e, 0x01, 0x00, 0x00, 0xd1, 0x24, 0x01, 0x00,
 0xec, 0x0a, 0xd1, 0x41, 0x3e, 0x01, 0x00, 0x00,
 0x24, 0x00, 0x00, 0x23, 0x02, 0x00, 0xca, 0x03,
 0xd2, 0x05, 0x08, 0x0e, 0x12, 0x10, 0x1b, 0x0a,
 0x20, 0x06, 0x1d, 0x1b, 0x2a, 0x3a, 0x3e, 0x1e,
 0x3e, 0x12, 0x83, 0x01, 0x66, 0x75, 0x6e, 0x63,
 0x74, 0x69, 0x6f, 0x6e, 0x20, 0x63, 0x6c, 0x6f,
 0x73, 0x65, 0x53, 0x79, 0x6e, 0x63, 0x28, 0x66,
 0x64, 0x29, 0x20, 0x7b, 0x0a, 0x20, 0x20, 0x69,
 0x66, 0x28, 0x21, 0x69, 0x73, 0x4e, 0x75, 0x6d,
 0x62, 0x65, 0x72, 0x28, 0x66, 0x64, 0x29, 0x29,
 0x20, 0x66, 0x64, 0x2e, 0x66, 0x6c, 0x75, 0x73,
 0x68, 0x28, 0x29, 0x3b, 0x0a, 0x0a, 0x20, 0x20,
 0x72, 0x65, 0x74, 0x75, 0x72, 0x6e, 0x20, 0x73,
 0x79, 0x73, 0x63, 0x61, 0x6c, 0x6c, 0x65, 0x72,
 0x72, 0x28, 0x27, 0x63, 0x6c, 0x6f, 0x73, 0x65,
 0x27, 0x2c, 0x20, 0x69, 0x73, 0x4e, 0x75, 0x6d,
 0x62, 0x65, 0x72, 0x28, 0x66, 0x64, 0x29, 0x20,
 0x3f, 0x20, 0x6f, 0x73, 0x2e, 0x63, 0x6c, 0x6f,
 0x73, 0x65, 0x28, 0x66, 0x64, 0x29, 0x20, 0x3a,
 0x20, 0x66, 0x64, 0x2e, 0x63, 0x6c, 0x6f, 0x73,
 0x65, 0x28, 0x29, 0x29, 0x3b, 0x0a, 0x7d, 0x0c,
 0x62, 0x0a, 0x01, 0xc0, 0x04, 0x02, 0x00, 0x02,
 0x04, 0x00, 0x03, 0x00, 0x22, 0x02, 0x96, 0x08,
 0x00, 0x01, 0x00, 0x98, 0x08, 0x00, 0x01, 0x00,
 0xee, 0x05, 0x19, 0x1a, 0xd4, 0x05, 0x24, 0x1a,
 0xde, 0x05, 0x05, 0x1a, 0x64, 0x00, 0x00, 0xd1,
 0xd2, 0xf0, 0xb3, 0xab, 0xea, 0x17, 0x64, 0x01,
 0x00, 0x11, 0x04, 0x20, 0x01, 0x00, 0x00, 0x64,
 0x02, 0x00, 0xee, 0x40, 0x79, 0x01, 0x00, 0x00,
 0x21, 0x02, 0x00, 0x30, 0x06, 0x2f, 0xca, 0x03,
 0xd8, 0x05, 0x08, 0x08, 0x12, 0x0e, 0x11, 0x34,
 0x16, 0x1c, 0x3e, 0x2a, 0x8d, 0x01, 0x61, 0x73,
 0x79, 0x6e, 0x63, 0x20, 0x66, 0x75, 0x6e, 0x63,
 0x74, 0x69, 0x6f, 0x6e, 0x20, 0x6c, 0x69, 0x6e,
 0x6b, 0x28, 0x65, 0x78, 0x69, 0x73, 0x74, 0x69,
 0x6e, 0x67, 0x50, 0x61, 0x74, 0x68, 0x2c, 0x20,
 0x6e, 0x65, 0x77, 0x50, 0x61, 0x74, 0x68, 0x29,
 0x20, 0x7b, 0x0a, 0x20, 0x20, 0x69, 0x66, 0x28,
 0x73, 0x79, 0x73, 0x5f, 0x6c, 0x69, 0x6e, 0x6b,
 0x28, 0x65, 0x78, 0x69, 0x73, 0x74, 0x69, 0x6e,
 0x67, 0x50, 0x61, 0x74, 0x68, 0x2c, 0x20, 0x6e,
 0x65, 0x77, 0x50, 0x61, 0x74, 0x68, 0x29, 0x20,
 0x3d, 0x3d, 0x20, 0x2d, 0x31, 0x29, 0x20, 0x74,
 0x68, 0x72, 0x6f, 0x77, 0x20, 0x6e, 0x65, 0x77,
 0x20, 0x53, 0x79, 0x73, 0x63, 0x61, 0x6c, 0x6c,
 0x45, 0x72, 0x72, 0x6f, 0x72, 0x28, 0x60, 0x6c,
 0x69, 0x6e, 0x6b, 0x60, 0x2c, 0x20, 0x73, 0x79,
 0x73, 0x5f, 0x65, 0x72, 0x72, 0x6f, 0x72, 0x28,
 0x29, 0x2e, 0x65, 0x72, 0x72, 0x6e, 0x6f, 0x29,
 0x3b, 0x0a, 0x7d, 0x0c, 0x43, 0x0a, 0x01, 0xc2,
 0x04, 0x02, 0x00, 0x02, 0x04, 0x00, 0x03, 0x00,
 0x21, 0x02, 0x96, 0x08, 0x00, 0x01, 0x00, 0x98,
 0x08, 0x00, 0x01, 0x00, 0xee, 0x05, 0x19, 0x1a,
 0xd4, 0x05, 0x24, 0x1a, 0xde, 0x05, 0x05, 0x1a,
 0x64, 0x00, 0x00, 0xd1, 0xd2, 0xf0, 0xb3, 0xab,
 0xea, 0x17, 0x64, 0x01, 0x00, 0x11, 0x04, 0x20,
 0x01, 0x00, 0x00, 0x64, 0x02, 0x00, 0xee, 0x40,
 0x79, 0x01, 0x00, 0x00, 0x21, 0x02, 0x00, 0x30,
 0x29, 0xca, 0x03, 0xdc, 0x05, 0x08, 0x08, 0x12,
 0x0e, 0x11, 0x34, 0x16, 0x1c, 0x3e, 0x2a, 0x8b,
 0x01, 0x66, 0x75, 0x6e, 0x63, 0x74, 0x69, 0x6f,
 0x6e, 0x20, 0x6c, 0x69, 0x6e, 0x6b, 0x53, 0x79,
 0x6e, 0x63, 0x28, 0x65, 0x78, 0x69, 0x73, 0x74,
 0x69, 0x6e, 0x67, 0x50, 0x61, 0x74, 0x68, 0x2c,
 0x20, 0x6e, 0x65, 0x77, 0x50, 0x61, 0x74, 0x68,
 0x29, 0x20, 0x7b, 0x0a, 0x20, 0x20, 0x69, 0x66,
 0x28, 0x73, 0x79, 0x73, 0x5f, 0x6c, 0x69, 0x6e,
 0x6b, 0x28, 0x65, 0x78, 0x69, 0x73, 0x74, 0x69,
 0x6e, 0x67, 0x50, 0x61, 0x74, 0x68, 0x2c, 0x20,
 0x6e, 0x65, 0x77, 0x50, 0x61, 0x74, 0x68, 0x29,
 0x20, 0x3d, 0x3d, 0x20, 0x2d, 0x31, 0x29, 0x20,
 0x74, 0x68, 0x72, 0x6f, 0x77, 0x20, 0x6e, 0x65,
 0x77, 0x20, 0x53, 0x79, 0x73, 0x63, 0x61, 0x6c,
 0x6c, 0x45, 0x72, 0x72, 0x6f, 0x72, 0x28, 0x60,
 0x6c, 0x69, 0x6e, 0x6b, 0x60, 0x2c, 0x20, 0x73,
 0x79, 0x73, 0x5f, 0x65, 0x72, 0x72, 0x6f, 0x72,
 0x28, 0x29, 0x2e, 0x65, 0x72, 0x72, 0x6e, 0x6f,
 0x29, 0x3b, 0x0a, 0x7d, 0x0c, 0x43, 0x0a, 0x01,
 0xc4, 0x04, 0x03, 0x0e, 0x03, 0x08, 0x00, 0x08,
 0x00, 0xca, 0x03, 0x11, 0x9a, 0x08, 0x00, 0x01,
 0x00, 0x9c, 0x08, 0x00, 0x01, 0x00, 0xdc, 0x01,
 0x00, 0x01, 0x00, 0x9e, 0x08, 0x01, 0x00, 0x30,
 0xa0, 0x08, 0x01, 0x01, 0x30, 0xa2, 0x08, 0x01,
 0x02, 0x30, 0x86, 0x08, 0x06, 0x0d, 0x03, 0x62,
 0x01, 0x03, 0x30, 0xd8, 0x06, 0x01, 0x05, 0x30,
 0xf6, 0x06, 0x01, 0x06, 0x30, 0x92, 0x08, 0x01,
 0x07, 0x30, 0xac, 0x07, 0x01, 0x08, 0x30, 0xa4,
 0x08, 0x01, 0x09, 0x30, 0xa6, 0x08, 0x01, 0x0a,
 0x30, 0x82, 0x08, 0x01, 0x0b, 0x20, 0xcc, 0x07,
 0x01, 0x0c, 0x20, 0xd0, 0x07, 0x09, 0x0d, 0x20,
 0xe2, 0x03, 0x3e, 0x1a, 0xee, 0x05, 0x19, 0x1a,
 0xd6, 0x04, 0x80, 0x01, 0x02, 0xa4, 0x04, 0x67,
 0x02, 0x98, 0x06, 0x39, 0x1a, 0xcc, 0x04, 0x7b,
 0x02, 0xe2, 0x04, 0x86, 0x01, 0x02, 0xbe, 0x04,
 0x74, 0x02, 0x60, 0x0c, 0x00, 0x60, 0x0b, 0x00,
 0x60, 0x0a, 0x00, 0x60, 0x09, 0x00, 0x60, 0x08,
 0x00, 0x60, 0x07, 0x00, 0x60, 0x06, 0x00, 0x60,
 0x05, 0x00, 0x60, 0x04, 0x00, 0x60, 0x02, 0x00,
 0x60, 0x01, 0x00, 0x60, 0x00, 0x00, 0x06, 0x11,
 0xf2, 0xeb, 0x17, 0x6f, 0x41, 0x0f, 0x02, 0x00,
 0x00, 0xc9, 0x41, 0x10, 0x02, 0x00, 0x00, 0xca,
 0x41, 0x11, 0x02, 0x00, 0x00, 0xcb, 0x0e, 0xec,
 0x07, 0x0e, 0x64, 0x00, 0x00, 0xec, 0xe5, 0xd3,
 0x61, 0x01, 0x00, 0x61, 0x02, 0x00, 0xa3, 0xa1,
 0xea, 0x4a, 0x6b, 0x14, 0x00, 0x00, 0x00, 0x64,
 0x01, 0x00, 0xd1, 0xd2, 0xf0, 0xb3, 0xac, 0xea,
 0x04, 0x06, 0x6e, 0x28, 0x0e, 0xec, 0x0b, 0xcc,
 0x6b, 0x07, 0x00, 0x00, 0x00, 0x0e, 0xec, 0x02,
 0x30, 0xd3, 0x61, 0x02, 0x00, 0xa1, 0xea, 0x24,
 0x38, 0x98, 0x00, 0x00, 0x00, 0x11, 0x04, 0x14,
 0x02, 0x00, 0x00, 0x41, 0x5d, 0x00, 0x00, 0x00,
 0xd1, 0x04, 0x15, 0x02, 0x00, 0x00, 0xd2, 0x04,
 0x16, 0x02, 0x00, 0x00, 0x24, 0x04, 0x00, 0x21,
 0x01, 0x00, 0x30, 0x06, 0x11, 0xf2, 0xeb, 0x13,
 0x6f, 0x41, 0x31, 0x00, 0x00, 0x00, 0xc2, 0x04,
 0x41, 0xac, 0x01, 0x00, 0x00, 0xc2, 0x05, 0x0e,
 0xec, 0x07, 0x0e, 0xdf, 0xd1, 0xef, 0xec, 0xe9,
 0xe0, 0xd1, 0x04, 0x17, 0x02, 0x00, 0x00, 0xf0,
 0xc2, 0x06, 0xe0, 0xd2, 0x04, 0x09, 0x02, 0x00,
 0x00, 0xd3, 0x61, 0x00, 0x00, 0xa1, 0xea, 0x08,
 0x04, 0x18, 0x02, 0x00, 0x00, 0xec, 0x02, 0xc0,
 0x9c, 0x04, 0x19, 0x02, 0x00, 0x00, 0x9c, 0x61,
 0x05, 0x00, 0xf1, 0xc2, 0x07, 0x61, 0x04, 0x00,
 0x64, 0x04, 0x00, 0xa5, 0xea, 0x06, 0x61, 0x04,
 0x00, 0xec, 0x04, 0x64, 0x04, 0x00, 0xc2, 0x08,
 0x61, 0x04, 0x00, 0x64, 0x04, 0x00, 0xa5, 0xea,
 0x04, 0xb4, 0xec, 0x08, 0x61, 0x04, 0x00, 0x64,
 0x04, 0x00, 0x9b, 0xc2, 0x09, 0xb4, 0xc2, 0x0a,
 0xb4, 0xc2, 0x0b, 0x38, 0xa5, 0x00, 0x00, 0x00,
 0x11, 0x61, 0x08, 0x00, 0x21, 0x01, 0x00, 0xc2,
 0x0c, 0x60, 0x0d, 0x00, 0xb4, 0xc2, 0x0d, 0x61,
 0x08, 0x00, 0x61, 0x0b, 0x00, 0x9c, 0x61, 0x09,
 0x00, 0x9c, 0x61, 0x04, 0x00, 0xa6, 0xea, 0x43,
 0x5d, 0x05, 0x00, 0x61, 0x06, 0x00, 0x61, 0x0c,
 0x00, 0x61, 0x0a, 0x00, 0x61, 0x08, 0x00, 0x61,
 0x0b, 0x00, 0x22, 0x05, 0x00, 0x0e, 0x5d, 0x06,
 0x00, 0x61, 0x07, 0x00, 0x61, 0x0c, 0x00, 0x61,
 0x0a, 0x00, 0x61, 0x08, 0x00, 0x61, 0x0b, 0x00,
 0x22, 0x05, 0x00, 0x0e, 0x61, 0x0d, 0x00, 0x90,
 0x62, 0x0d, 0x00, 0x0e, 0x61, 0x08, 0x00, 0x61,
 0x0d, 0x00, 0x99, 0x11, 0x62, 0x0b, 0x00, 0x0e,
 0xec, 0xae, 0x61, 0x09, 0x00, 0xea, 0x3e, 0x38,
 0xa5, 0x00, 0x00, 0x00, 0x11, 0x61, 0x09, 0x00,
 0x21, 0x01, 0x00, 0x11, 0x62, 0x0c, 0x00, 0x0e,
 0x5d, 0x05, 0x00, 0x61, 0x06, 0x00, 0x61, 0x0c,
 0x00, 0x61, 0x0a, 0x00, 0x61, 0x09, 0x00, 0x61,
 0x0b, 0x00, 0x22, 0x05, 0x00, 0x0e, 0x5d, 0x06,
 0x00, 0x61, 0x07, 0x00, 0x61, 0x0c, 0x00, 0x61,
 0x0a, 0x00, 0x61, 0x09, 0x00, 0x61, 0x0b, 0x00,
 0x22, 0x05, 0x00, 0x0e, 0x5d, 0x07, 0x00, 0x61,
 0x06, 0x00, 0xef, 0x0e, 0x5d, 0x07, 0x00, 0x61,
 0x07, 0x00, 0xef, 0x29, 0xca, 0x03, 0xe0, 0x05,
 0x08, 0x4c, 0x00, 0x46, 0x06, 0x0c, 0x11, 0x28,
 0x4f, 0x1d, 0x11, 0x1c, 0x6d, 0x21, 0x20, 0x44,
 0x00, 0x3c, 0x06, 0x1d, 0x1d, 0x19, 0x35, 0x07,
 0x20, 0x18, 0x07, 0x12, 0x4d, 0x38, 0x4f, 0x59,
 0x62, 0x07, 0x3e, 0x36, 0x00, 0x0c, 0x08, 0x3b,
 0x77, 0x12, 0x16, 0x0c, 0x16, 0x0e, 0x21, 0x3f,
 0x11, 0x12, 0x62, 0x11, 0x11, 0x14, 0x00, 0x1e,
 0x03, 0x5a, 0x00, 0x10, 0x0c, 0x59, 0x59, 0x13,
 0x11, 0x12, 0x62, 0x11, 0x11, 0x14, 0x64, 0x17,
 0x11, 0x14, 0x1c, 0x13, 0x11, 0x14, 0xe0, 0x07,
 0x66, 0x75, 0x6e, 0x63, 0x74, 0x69, 0x6f, 0x6e,
 0x20, 0x63, 0x6f, 0x70, 0x79, 0x46, 0x69, 0x6c,
 0x65, 0x53, 0x79, 0x6e, 0x63, 0x28, 0x73, 0x72,
 0x63, 0x2c, 0x20, 0x64, 0x65, 0x73, 0x74, 0x2c,
 0x20, 0x66, 0x6c, 0x61, 0x67, 0x73, 0x29, 0x20,
 0x7b, 0x0a, 0x20, 0x20, 0x63, 0x6f, 0x6e, 0x73,
 0x74, 0x20, 0x7b, 0x20, 0x43, 0x4f, 0x50, 0x59,
 0x46, 0x49, 0x4c, 0x45, 0x5f, 0x45, 0x58, 0x43,
 0x4c, 0x2c, 0x20, 0x43, 0x4f, 0x50, 0x59, 0x46,
 0x49, 0x4c, 0x45, 0x5f, 0x46, 0x49, 0x43, 0x4c,
 0x4f, 0x4e, 0x45, 0x2c, 0x20, 0x43, 0x4f, 0x50,
 0x59, 0x46, 0x49, 0x4c, 0x45, 0x5f, 0x46, 0x49,
 0x43, 0x4c, 0x4f, 0x4e, 0x45, 0x5f, 0x46, 0x4f,
 0x52, 0x43, 0x45, 0x20, 0x7d, 0x20, 0x3d, 0x20,
 0x63, 0x6f, 0x6e, 0x73, 0x74, 0x61, 0x6e, 0x74,
 0x73, 0x3b, 0x0a, 0x0a, 0x20, 0x20, 0x69, 0x66,
 0x28, 0x66, 0x6c, 0x61, 0x67, 0x73, 0x20, 0x26,
 0x20, 0x28, 0x43, 0x4f, 0x50, 0x59, 0x46, 0x49,
 0x4c, 0x45, 0x5f, 0x46, 0x49, 0x43, 0x4c, 0x4f,
 0x4e, 0x45, 0x20, 0x7c, 0x20, 0x43, 0x4f, 0x50,
 0x59, 0x46, 0x49, 0x4c, 0x45, 0x5f, 0x46, 0x49,
 0x43, 0x4c, 0x4f, 0x4e, 0x45, 0x5f, 0x46, 0x4f,
 0x52, 0x43, 0x45, 0x29, 0x29, 0x20, 0x7b, 0x0a,
 0x20, 0x20, 0x20, 0x20, 0x74, 0x72, 0x79, 0x20,
 0x7b, 0x0a, 0x20, 0x20, 0x20, 0x20, 0x20, 0x20,
 0x69, 0x66, 0x28, 0x73, 0x79, 0x73, 0x5f, 0x6c,
 0x69, 0x6e, 0x6b, 0x28, 0x73, 0x72, 0x63, 0x2c,
 0x20, 0x64, 0x65, 0x73, 0x74, 0x29, 0x20, 0x21,
 0x3d, 0x20, 0x2d, 0x31, 0x29, 0x20, 0x72, 0x65,
 0x74, 0x75, 0x72, 0x6e, 0x3b, 0x0a, 0x20, 0x20,
 0x20, 0x20, 0x7d, 0x20, 0x63, 0x61, 0x74, 0x63,
 0x68, 0x28, 0x65, 0x29, 0x20, 0x7b, 0x7d, 0x0a,
 0x20, 0x20, 0x20, 0x20, 0x69, 0x66, 0x28, 0x66,
 0x6c, 0x61, 0x67, 0x73, 0x20, 0x26, 0x20, 0x43,
 0x4f, 0x50, 0x59, 0x46, 0x49, 0x4c, 0x45, 0x5f,
 0x46, 0x49, 0x43, 0x4c, 0x4f, 0x4e, 0x45, 0x5f,
 0x46, 0x4f, 0x52, 0x43, 0x45, 0x29, 0x20, 0x74,
 0x68, 0x72, 0x6f, 0x77, 0x20, 0x6e, 0x65, 0x77,
 0x20, 0x45, 0x72, 0x72, 0x6f, 0x72, 0x28, 0x60,
 0x55, 0x6e, 0x61, 0x62, 0x6c, 0x65, 0x20, 0x74,
 0x6f, 0x20, 0x6c, 0x69, 0x6e, 0x6b, 0x20, 0x27,
 0x24, 0x7b, 0x73, 0x72, 0x63, 0x7d, 0x27, 0x20,
 0x74, 0x6f, 0x20, 0x27, 0x24, 0x7b, 0x64, 0x65,
 0x73, 0x74, 0x7d, 0x27, 0x60, 0x29, 0x3b, 0x0a,
 0x20, 0x20, 0x7d, 0x0a, 0x0a, 0x20, 0x20, 0x63,
 0x6f, 0x6e, 0x73, 0x74, 0x20, 0x7b, 0x20, 0x73,
 0x69, 0x7a, 0x65, 0x2c, 0x20, 0x6d, 0x6f, 0x64,
 0x65, 0x20, 0x7d, 0x20, 0x3d, 0x20, 0x73, 0x74,
 0x61, 0x74, 0x53, 0x79, 0x6e, 0x63, 0x28, 0x73,
 0x72, 0x63, 0x29, 0x3b, 0x0a, 0x0a, 0x20, 0x20,
 0x63, 0x6f, 0x6e, 0x73, 0x74, 0x20, 0x72, 0x20,
 0x3d, 0x20, 0x6f, 0x70, 0x65, 0x6e, 0x53, 0x79,
 0x6e, 0x63, 0x28, 0x73, 0x72, 0x63, 0x2c, 0x20,
 0x27, 0x72, 0x62, 0x27, 0x29, 0x2c, 0x0a, 0x20,
 0x20, 0x20, 0x20, 0x77, 0x20, 0x3d, 0x20, 0x6f,
 0x70, 0x65, 0x6e, 0x53, 0x79, 0x6e, 0x63, 0x28,
 0x64, 0x65, 0x73, 0x74, 0x2c, 0x20, 0x27, 0x77,
 0x27, 0x20, 0x2b, 0x20, 0x28, 0x66, 0x6c, 0x61,
 0x67, 0x73, 0x20, 0x26, 0x20, 0x43, 0x4f, 0x50,
 0x59, 0x46, 0x49, 0x4c, 0x45, 0x5f, 0x45, 0x58,
 0x43, 0x4c, 0x20, 0x3f, 0x20, 0x27, 0x78, 0x27,
 0x20, 0x3a, 0x20, 0x27, 0x27, 0x29, 0x20, 0x2b,
 0x20, 0x27, 0x62, 0x27, 0x2c, 0x20, 0x6d, 0x6f,
 0x64, 0x65, 0x29, 0x3b, 0x0a, 0x0a, 0x20, 0x20,
 0x63, 0x6f, 0x6e, 0x73, 0x74, 0x20, 0x6c, 0x65,
 0x6e, 0x20, 0x3d, 0x20, 0x73, 0x69, 0x7a, 0x65,
 0x20, 0x3c, 0x20, 0x43, 0x4f, 0x50, 0x59, 0x5f,
 0x42, 0x55, 0x46, 0x5f, 0x53, 0x49, 0x5a, 0x45,
 0x20, 0x3f, 0x20, 0x73, 0x69, 0x7a, 0x65, 0x20,
 0x3a, 0x20, 0x43, 0x4f, 0x50, 0x59, 0x5f, 0x42,
 0x55, 0x46, 0x5f, 0x53, 0x49, 0x5a, 0x45, 0x2c,
 0x0a, 0x20, 0x20, 0x20, 0x20, 0x72, 0x65, 0x6d,
 0x20, 0x3d, 0x20, 0x73, 0x69, 0x7a, 0x65, 0x20,
 0x3c, 0x20, 0x43, 0x4f, 0x50, 0x59, 0x5f, 0x42,
 0x55, 0x46, 0x5f, 0x53, 0x49, 0x5a, 0x45, 0x20,
 0x3f, 0x20, 0x30, 0x20, 0x3a, 0x20, 0x73, 0x69,
 0x7a, 0x65, 0x20, 0x25, 0x20, 0x43, 0x4f, 0x50,
 0x59, 0x5f, 0x42, 0x55, 0x46, 0x5f, 0x53, 0x49,
 0x5a, 0x45, 0x2c, 0x0a, 0x20, 0x20, 0x20, 0x20,
 0x6f, 0x66, 0x73, 0x20, 0x3d, 0x20, 0x30, 0x3b,
 0x0a, 0x0a, 0x20, 0x20, 0x6c, 0x65, 0x74, 0x20,
 0x70, 0x6f, 0x73, 0x20, 0x3d, 0x20, 0x30, 0x2c,
 0x0a, 0x20, 0x20, 0x20, 0x20, 0x62, 0x75, 0x66,
 0x20, 0x3d, 0x20, 0x6e, 0x65, 0x77, 0x20, 0x41,
 0x72, 0x72, 0x61, 0x79, 0x42, 0x75, 0x66, 0x66,
 0x65, 0x72, 0x28, 0x6c, 0x65, 0x6e, 0x29, 0x3b,
 0x0a, 0x0a, 0x20, 0x20, 0x66, 0x6f, 0x72, 0x28,
 0x6c, 0x65, 0x74, 0x20, 0x69, 0x20, 0x3d, 0x20,
 0x30, 0x3b, 0x20, 0x6c, 0x65, 0x6e, 0x20, 0x2b,
 0x20, 0x70, 0x6f, 0x73, 0x20, 0x2b, 0x20, 0x72,
 0x65, 0x6d, 0x20, 0x3c, 0x3d, 0x20, 0x73, 0x69,
 0x7a, 0x65, 0x3b, 0x20, 0x69, 0x2b, 0x2b, 0x2c,
 0x20, 0x70, 0x6f, 0x73, 0x20, 0x3d, 0x20, 0x6c,
 0x65, 0x6e, 0x20, 0x2a, 0x20, 0x69, 0x29, 0x20,
 0x7b, 0x0a, 0x20, 0x20, 0x20, 0x20, 0x72, 0x65,
 0x61, 0x64, 0x53, 0x79, 0x6e, 0x63, 0x28, 0x72,
 0x2c, 0x20, 0x62, 0x75, 0x66, 0x2c, 0x20, 0x6f,
 0x66, 0x73, 0x2c, 0x20, 0x6c, 0x65, 0x6e, 0x2c,
 0x20, 0x70, 0x6f, 0x73, 0x29, 0x3b, 0x0a, 0x20,
 0x20, 0x20, 0x20, 0x77, 0x72, 0x69, 0x74, 0x65,
 0x53, 0x79, 0x6e, 0x63, 0x28, 0x77, 0x2c, 0x20,
 0x62, 0x75, 0x66, 0x2c, 0x20, 0x6f, 0x66, 0x73,
 0x2c, 0x20, 0x6c, 0x65, 0x6e, 0x2c, 0x20, 0x70,
 0x6f, 0x73, 0x29, 0x3b, 0x0a, 0x20, 0x20, 0x7d,
 0x0a, 0x0a, 0x20, 0x20, 0x69, 0x66, 0x28, 0x72,
 0x65, 0x6d, 0x29, 0x20, 0x7b, 0x0a, 0x20, 0x20,
 0x20, 0x20, 0x62, 0x75, 0x66, 0x20, 0x3d, 0x20,
 0x6e, 0x65, 0x77, 0x20, 0x41, 0x72, 0x72, 0x61,
 0x79, 0x42, 0x75, 0x66, 0x66, 0x65, 0x72, 0x28,
 0x72, 0x65, 0x6d, 0x29, 0x3b, 0x0a, 0x0a, 0x20,
 0x20, 0x20, 0x20, 0x72, 0x65, 0x61, 0x64, 0x53,
 0x79, 0x6e, 0x63, 0x28, 0x72, 0x2c, 0x20, 0x62,
 0x75, 0x66, 0x2c, 0x20, 0x6f, 0x66, 0x73, 0x2c,
 0x20, 0x72, 0x65, 0x6d, 0x2c, 0x20, 0x70, 0x6f,
 0x73, 0x29, 0x3b, 0x0a, 0x20, 0x20, 0x20, 0x20,
 0x77, 0x72, 0x69, 0x74, 0x65, 0x53, 0x79, 0x6e,
 0x63, 0x28, 0x77, 0x2c, 0x20, 0x62, 0x75, 0x66,
 0x2c, 0x20, 0x6f, 0x66, 0x73, 0x2c, 0x20, 0x72,
 0x65, 0x6d, 0x2c, 0x20, 0x70, 0x6f, 0x73, 0x29,
 0x3b, 0x0a, 0x20, 0x20, 0x7d, 0x0a, 0x0a, 0x20,
 0x20, 0x63, 0x6c, 0x6f, 0x73, 0x65, 0x53, 0x79,
 0x6e, 0x63, 0x28, 0x72, 0x29, 0x3b, 0x0a, 0x20,
 0x20, 0x63, 0x6c, 0x6f, 0x73, 0x65, 0x53, 0x79,
 0x6e, 0x63, 0x28, 0x77, 0x29, 0x3b, 0x0a, 0x7d,
 0x0c, 0x43, 0x0a, 0x01, 0xc6, 0x04, 0x01, 0x03,
 0x01, 0x05, 0x00, 0x02, 0x00, 0x48, 0x04, 0xd0,
 0x03, 0x00, 0x01, 0x00, 0xd6, 0x06, 0x01, 0x00,
 0x30, 0xd2, 0x06, 0x01, 0x01, 0x30, 0x86, 0x08,
 0x03, 0x02, 0x03, 0xce, 0x03, 0x01, 0x1a, 0x9e,
 0x06, 0x40, 0x02, 0x60, 0x01, 0x00, 0x60, 0x00,
 0x00, 0x06, 0x11, 0xf2, 0xeb, 0x0d, 0x7d, 0x80,
 0x00, 0x0e, 0xc9, 0x80, 0x00, 0x0e, 0xca, 0x83,
 0xec, 0x10, 0x0e, 0x64, 0x00, 0x00, 0x41, 0x44,
 0x01, 0x00, 0x00, 0xd1, 0x24, 0x01, 0x00, 0xec,
 0xe6, 0x6b, 0x18, 0x00, 0x00, 0x00, 0xde, 0x04,
 0x44, 0x01, 0x00, 0x00, 0x61, 0x00, 0x00, 0x61,
 0x01, 0x00, 0x26, 0x02, 0x00, 0xf0, 0x0e, 0x0a,
 0x6e, 0x28, 0xcb, 0x6b, 0x06, 0x00, 0x00, 0x00,
 0x0e, 0x29, 0x30, 0xca, 0x03, 0x86, 0x06, 0x08,
 0x04, 0xa3, 0x2a, 0x3b, 0x2f, 0x8c, 0x01, 0x66,
 0x75, 0x6e, 0x63, 0x74, 0x69, 0x6f, 0x6e, 0x20,
 0x65, 0x78, 0x69, 0x73, 0x74, 0x73, 0x53, 0x79,
 0x6e, 0x63, 0x28, 0x70, 0x61, 0x74, 0x68, 0x29,
 0x20, 0x7b, 0x0a, 0x20, 0x20, 0x63, 0x6f, 0x6e,
 0x73, 0x74, 0x20, 0x5b, 0x73, 0x74, 0x2c, 0x20,
 0x65, 0x72, 0x72, 0x5d, 0x20, 0x3d, 0x20, 0x6f,
 0x73, 0x2e, 0x73, 0x74, 0x61, 0x74, 0x28, 0x70,
 0x61, 0x74, 0x68, 0x29, 0x3b, 0x0a, 0x20, 0x20,
 0x74, 0x72, 0x79, 0x20, 0x7b, 0x0a, 0x20, 0x20,
 0x20, 0x20, 0x73, 0x79, 0x73, 0x63, 0x61, 0x6c,
 0x6c, 0x65, 0x72, 0x72, 0x28, 0x27, 0x73, 0x74,
 0x61, 0x74, 0x27, 0x2c, 0x20, 0x5b, 0x73, 0x74,
 0x2c, 0x20, 0x65, 0x72, 0x72, 0x5d, 0x29, 0x3b,
 0x0a, 0x20, 0x20, 0x20, 0x20, 0x72, 0x65, 0x74,
 0x75, 0x72, 0x6e, 0x20, 0x74, 0x72, 0x75, 0x65,
 0x3b, 0x0a, 0x20, 0x20, 0x7d, 0x20, 0x63, 0x61,
 0x74, 0x63, 0x68, 0x28, 0x65, 0x29, 0x20, 0x7b,
 0x7d, 0x0a, 0x7d, 0x0c, 0x43, 0x0a, 0x01, 0xc8,
 0x04, 0x01, 0x02, 0x01, 0x05, 0x00, 0x03, 0x00,
 0x46, 0x03, 0xd0, 0x03, 0x00, 0x01, 0x00, 0xd6,
 0x06, 0x01, 0x00, 0x30, 0xd2, 0x06, 0x01, 0x01,
 0x30, 0xce, 0x03, 0x01, 0x1a, 0x9e, 0x06, 0x40,
 0x02, 0xe4, 0x03, 0x42, 0x12, 0x60, 0x01, 0x00,
 0x60, 0x00, 0x00, 0x06, 0x11, 0xf2, 0xeb, 0x0d,
 0x7d, 0x80, 0x00, 0x0e, 0xc9, 0x80, 0x00, 0x0e,
 0xca, 0x83, 0xec, 0x10, 0x0e, 0x64, 0x00, 0x00,
 0x41, 0x41, 0x01, 0x00, 0x00, 0xd1, 0x24, 0x01,
 0x00, 0xec, 0xe6, 0xde, 0x04, 0x41, 0x01, 0x00,
 0x00, 0x61, 0x00, 0x00, 0x11, 0xea, 0x0c, 0x0e,
 0x64, 0x02, 0x00, 0x11, 0x61, 0x00, 0x00, 0x21,
 0x01, 0x00, 0x61, 0x01, 0x00, 0x26, 0x02, 0x00,
 0x23, 0x02, 0x00, 0xca, 0x03, 0x8e, 0x06, 0x08,
 0x06, 0xa3, 0x2c, 0x26, 0x27, 0x3e, 0x3e, 0x7a,
 0x66, 0x75, 0x6e, 0x63, 0x74, 0x69, 0x6f, 0x6e,
 0x20, 0x6c, 0x73, 0x74, 0x61, 0x74, 0x53, 0x79,
 0x6e, 0x63, 0x28, 0x70, 0x61, 0x74, 0x68, 0x29,
 0x20, 0x7b, 0x0a, 0x20, 0x20, 0x63, 0x6f, 0x6e,
 0x73, 0x74, 0x20, 0x5b, 0x73, 0x74, 0x2c, 0x20,
 0x65, 0x72, 0x72, 0x5d, 0x20, 0x3d, 0x20, 0x6f,
 0x73, 0x2e, 0x6c, 0x73, 0x74, 0x61, 0x74, 0x28,
 0x70, 0x61, 0x74, 0x68, 0x29, 0x3b, 0x0a, 0x20,
 0x20, 0x72, 0x65, 0x74, 0x75, 0x72, 0x6e, 0x20,
 0x73, 0x79, 0x73, 0x63, 0x61, 0x6c, 0x6c, 0x65,
 0x72, 0x72, 0x28, 0x27, 0x6c, 0x73, 0x74, 0x61,
 0x74, 0x27, 0x2c, 0x20, 0x5b, 0x73, 0x74, 0x20,
 0x26, 0x26, 0x20, 0x6e, 0x65, 0x77, 0x20, 0x53,
 0x74, 0x61, 0x74, 0x73, 0x28, 0x73, 0x74, 0x29,
 0x2c, 0x20, 0x65, 0x72, 0x72, 0x5d, 0x29, 0x3b,
 0x0a, 0x7d, 0x0c, 0x41, 0x0a, 0x01, 0xca, 0x04,
 0x02, 0x02, 0x01, 0x06, 0x00, 0x02, 0x00, 0x29,
 0x04, 0xd0, 0x03, 0x00, 0x01, 0x00, 0xd8, 0x06,
 0x00, 0x01, 0x00, 0xd0, 0x03, 0x01, 0xff, 0xff,
 0xff, 0xff, 0x0f, 0x20, 0xd8, 0x06, 0x01, 0x01,
 0x20, 0x9e, 0x06, 0x40, 0x02, 0xce, 0x03, 0x01,
 0x1a, 0x60, 0x01, 0x00, 0x60, 0x00, 0x00, 0xd1,
 0xc9, 0xd2, 0x11, 0xf2, 0xea, 0x06, 0x0e, 0xbd,
 0xff, 0x01, 0xda, 0xca, 0xdd, 0x04, 0x42, 0x01,
 0x00, 0x00, 0x64, 0x01, 0x00, 0x41, 0x42, 0x01,
 0x00, 0x00, 0xd1, 0xd2, 0x24, 0x02, 0x00, 0x23,
 0x02, 0x00, 0xca, 0x03, 0x93, 0x06, 0x08, 0x04,
 0x67, 0x04, 0x43, 0x3a, 0x5e, 0x66, 0x75, 0x6e,
 0x63, 0x74, 0x69, 0x6f, 0x6e, 0x20, 0x6d, 0x6b,
 0x64, 0x69, 0x72, 0x53, 0x79, 0x6e, 0x63, 0x28,
 0x70, 0x61, 0x74, 0x68, 0x2c, 0x20, 0x6d, 0x6f,
 0x64, 0x65, 0x20, 0x3d, 0x20, 0x30, 0x6f, 0x37,
 0x37, 0x37, 0x29, 0x20, 0x7b, 0x0a, 0x20, 0x20,
 0x72, 0x65, 0x74, 0x75, 0x72, 0x6e, 0x20, 0x73,
 0x79, 0x73, 0x63, 0x61, 0x6c, 0x6c, 0x65, 0x72,
 0x72, 0x28, 0x27, 0x6d, 0x6b, 0x64, 0x69, 0x72,
 0x27, 0x2c, 0x20, 0x6f, 0x73, 0x2e, 0x6d, 0x6b,
 0x64, 0x69, 0x72, 0x28, 0x70, 0x61, 0x74, 0x68,
 0x2c, 0x20, 0x6d, 0x6f, 0x64, 0x65, 0x29, 0x29,
 0x3b, 0x0a, 0x7d, 0x0c, 0x43, 0x0a, 0x01, 0xcc,
 0x04, 0x04, 0x02, 0x04, 0x06, 0x00, 0x06, 0x00,
 0x55, 0x06, 0x86, 0x07, 0x00, 0x01, 0x00, 0x8e,
 0x04, 0x00, 0x01, 0x00, 0x96, 0x07, 0x00, 0x01,
 0x00, 0x64, 0x00, 0x01, 0x00, 0xc6, 0x06, 0x01,
 0x00, 0x30, 0xce, 0x06, 0x01, 0x01, 0x30, 0x9a,
 0x04, 0x62, 0x02, 0x9c, 0x06, 0x3f, 0x1a, 0x96,
 0x04, 0x60, 0x02, 0xc4, 0x05, 0x16, 0x1a, 0xce,
 0x03, 0x01, 0x1a, 0x9e, 0x06, 0x40, 0x02, 0x60,
 0x01, 0x00, 0x60, 0x00, 0x00, 0xdd, 0x64, 0x01,
 0x00, 0xb6, 0xef, 0xdf, 0xd2, 0xd3, 0xd4, 0x22,
 0x05, 0x00, 0xc9, 0x64, 0x03, 0x00, 0xd1, 0xef,
 0xea, 0x19, 0x64, 0x04, 0x00, 0x41, 0x43, 0x01,
 0x00, 0x00, 0xd1, 0x26, 0x01, 0x00, 0xb5, 0x61,
 0x00, 0x00, 0x51, 0x0e, 0x18, 0x27, 0x00, 0x00,
 0xec, 0x14, 0xd1, 0x41, 0x43, 0x01, 0x00, 0x00,
 0x26, 0x00, 0x00, 0xb4, 0x61, 0x00, 0x00, 0x51,
 0x0e, 0x18, 0x27, 0x00, 0x00, 0xca, 0x5d, 0x05,
 0x00, 0x04, 0x43, 0x01, 0x00, 0x00, 0x61, 0x01,
 0x00, 0x23, 0x02, 0x00, 0xca, 0x03, 0x97, 0x06,
 0x08, 0x0a, 0x26, 0x28, 0x53, 0x07, 0x3e, 0x1c,
 0x70, 0x24, 0x59, 0x5b, 0xf1, 0x01, 0x66, 0x75,
 0x6e, 0x63, 0x74, 0x69, 0x6f, 0x6e, 0x20, 0x72,
 0x65, 0x61, 0x64, 0x53, 0x79, 0x6e, 0x63, 0x28,
 0x66, 0x64, 0x2c, 0x20, 0x62, 0x75, 0x66, 0x66,
 0x65, 0x72, 0x2c, 0x20, 0x6f, 0x66, 0x66, 0x73,
 0x65, 0x74, 0x2c, 0x20, 0x6c, 0x65, 0x6e, 0x67,
 0x74, 0x68, 0x29, 0x20, 0x7b, 0x0a, 0x20, 0x20,
 0x63, 0x6f, 0x6e, 0x73, 0x74, 0x20, 0x61, 0x72,
 0x67, 0x73, 0x20, 0x3d, 0x20, 0x74, 0x68, 0x72,
 0x6f, 0x77, 0x49, 0x66, 0x4e, 0x75, 0x6c, 0x6c,
 0x28, 0x49, 0x6e, 0x76, 0x61, 0x6c, 0x69, 0x64,
 0x42, 0x75, 0x66, 0x66, 0x65, 0x72, 0x28, 0x32,
 0x29, 0x2c, 0x20, 0x62, 0x75, 0x66, 0x66, 0x65,
 0x72, 0x41, 0x72, 0x67, 0x75, 0x6d, 0x65, 0x6e,
 0x74, 0x73, 0x2c, 0x20, 0x62, 0x75, 0x66, 0x66,
 0x65, 0x72, 0x2c, 0x20, 0x6f, 0x66, 0x66, 0x73,
 0x65, 0x74, 0x2c, 0x20, 0x6c, 0x65, 0x6e, 0x67,
 0x74, 0x68, 0x29, 0x3b, 0x0a, 0x20, 0x20, 0x63,
 0x6f, 0x6e, 0x73, 0x74, 0x20, 0x72, 0x65, 0x74,
 0x20, 0x3d, 0x20, 0x69, 0x73, 0x4e, 0x75, 0x6d,
 0x62, 0x65, 0x72, 0x28, 0x66, 0x64, 0x29, 0x20,
 0x3f, 0x20, 0x6f, 0x73, 0x2e, 0x72, 0x65, 0x61,
 0x64, 0x28, 0x66, 0x64, 0x2c, 0x20, 0x2e, 0x2e,
 0x2e, 0x61, 0x72, 0x67, 0x73, 0x29, 0x20, 0x3a,
 0x20, 0x66, 0x64, 0x2e, 0x72, 0x65, 0x61, 0x64,
 0x28, 0x2e, 0x2e, 0x2e, 0x61, 0x72, 0x67, 0x73,
 0x29, 0x3b, 0x0a, 0x0a, 0x20, 0x20, 0x72, 0x65,
 0x74, 0x75, 0x72, 0x6e, 0x20, 0x73, 0x79, 0x73,
 0x63, 0x61, 0x6c, 0x6c, 0x65, 0x72, 0x72, 0x28,
 0x27, 0x72, 0x65, 0x61, 0x64, 0x27, 0x2c, 0x20,
 0x72, 0x65, 0x74, 0x29, 0x3b, 0x0a, 0x7d, 0x0c,
 0x43, 0x0a, 0x01, 0xce, 0x04, 0x01, 0x00, 0x01,
 0x05, 0x00, 0x02, 0x00, 0x15, 0x01, 0xd0, 0x03,
 0x00, 0x01, 0x00, 0x9e, 0x06, 0x40, 0x02, 0xce,
 0x03, 0x01, 0x1a, 0xdd, 0x04, 0x1a, 0x02, 0x00,
 0x00, 0x64, 0x01, 0x00, 0x41, 0x1a, 0x02, 0x00,
 0x00, 0xd1, 0x24, 0x01, 0x00, 0x23, 0x02, 0x00,
 0xca, 0x03, 0x9e, 0x06, 0x08, 0x04, 0x08, 0x04,
 0x43, 0x42, 0x50, 0x66, 0x75, 0x6e, 0x63, 0x74,
 0x69, 0x6f, 0x6e, 0x20, 0x72, 0x65, 0x61, 0x64,
 0x64, 0x69, 0x72, 0x53, 0x79, 0x6e, 0x63, 0x28,
 0x70, 0x61, 0x74, 0x68, 0x29, 0x20, 0x7b, 0x0a,
 0x20, 0x20, 0x72, 0x65, 0x74, 0x75, 0x72, 0x6e,
 0x20, 0x73, 0x79, 0x73, 0x63, 0x61, 0x6c, 0x6c,
 0x65, 0x72, 0x72, 0x28, 0x27, 0x72, 0x65, 0x61,
 0x64, 0x64, 0x69, 0x72, 0x27, 0x2c, 0x20, 0x6f,
 0x73, 0x2e, 0x72, 0x65, 0x61, 0x64, 0x64, 0x69,
 0x72, 0x28, 0x70, 0x61, 0x74, 0x68, 0x29, 0x29,
 0x3b, 0x0a, 0x7d, 0x0c, 0x43, 0x0a, 0x01, 0xd0,
 0x04, 0x01, 0x00, 0x01, 0x05, 0x00, 0x02, 0x00,
 0x15, 0x01, 0xd0, 0x03, 0x00, 0x01, 0x00, 0x9e,
 0x06, 0x40, 0x02, 0xce, 0x03, 0x01, 0x1a, 0xdd,
 0x04, 0x1b, 0x02, 0x00, 0x00, 0x64, 0x01, 0x00,
 0x41, 0x1b, 0x02, 0x00, 0x00, 0xd1, 0x24, 0x01,
 0x00, 0x23, 0x02, 0x00, 0xca, 0x03, 0xa2, 0x06,
 0x08, 0x04, 0x08, 0x04, 0x43, 0x46, 0x53, 0x66,
 0x75, 0x6e, 0x63, 0x74, 0x69, 0x6f, 0x6e, 0x20,
 0x72, 0x65, 0x61, 0x64, 0x6c, 0x69, 0x6e, 0x6b,
 0x53, 0x79, 0x6e, 0x63, 0x28, 0x70, 0x61, 0x74,
 0x68, 0x29, 0x20, 0x7b, 0x0a, 0x20, 0x20, 0x72,
 0x65, 0x74, 0x75, 0x72, 0x6e, 0x20, 0x73, 0x79,
 0x73, 0x63, 0x61, 0x6c, 0x6c, 0x65, 0x72, 0x72,
 0x28, 0x27, 0x72, 0x65, 0x61, 0x64, 0x6c, 0x69,
 0x6e, 0x6b, 0x27, 0x2c, 0x20, 0x6f, 0x73, 0x2e,
 0x72, 0x65, 0x61, 0x64, 0x6c, 0x69, 0x6e, 0x6b,
 0x28, 0x70, 0x61, 0x74, 0x68, 0x29, 0x29, 0x3b,
 0x0a, 0x7d, 0x0c, 0x43, 0x0a, 0x01, 0xd2, 0x04,
 0x01, 0x00, 0x01, 0x05, 0x00, 0x02, 0x00, 0x15,
 0x01, 0xd0, 0x03, 0x00, 0x01, 0x00, 0x9e, 0x06,
 0x40, 0x02, 0xce, 0x03, 0x01, 0x1a, 0xdd, 0x04,
 0x1c, 0x02, 0x00, 0x00, 0x64, 0x01, 0x00, 0x41,
 0x1c, 0x02, 0x00, 0x00, 0xd1, 0x24, 0x01, 0x00,
 0x23, 0x02, 0x00, 0xca, 0x03, 0xa6, 0x06, 0x08,
 0x04, 0x08, 0x04, 0x43, 0x46, 0x53, 0x66, 0x75,
 0x6e, 0x63, 0x74, 0x69, 0x6f, 0x6e, 0x20, 0x72,
 0x65, 0x61, 0x6c, 0x70, 0x61, 0x74, 0x68, 0x53,
 0x79, 0x6e, 0x63, 0x28, 0x70, 0x61, 0x74, 0x68,
 0x29, 0x20, 0x7b, 0x0a, 0x20, 0x20, 0x72, 0x65,
 0x74, 0x75, 0x72, 0x6e, 0x20, 0x73, 0x79, 0x73,
 0x63, 0x61, 0x6c, 0x6c, 0x65, 0x72, 0x72, 0x28,
 0x27, 0x72, 0x65, 0x61, 0x6c, 0x70, 0x61, 0x74,
 0x68, 0x27, 0x2c, 0x20, 0x6f, 0x73, 0x2e, 0x72,
 0x65, 0x61, 0x6c, 0x70, 0x61, 0x74, 0x68, 0x28,
 0x70, 0x61, 0x74, 0x68, 0x29, 0x29, 0x3b, 0x0a,
 0x7d, 0x0c, 0x43, 0x0a, 0x01, 0xd4, 0x04, 0x02,
 0x00, 0x02, 0x06, 0x00, 0x02, 0x00, 0x16, 0x02,
 0xba, 0x08, 0x00, 0x01, 0x00, 0xbc, 0x08, 0x00,
 0x01, 0x00, 0x9e, 0x06, 0x40, 0x02, 0xce, 0x03,
 0x01, 0x1a, 0xdd, 0x04, 0x1f, 0x02, 0x00, 0x00,
 0x64, 0x01, 0x00, 0x41, 0x1f, 0x02, 0x00, 0x00,
 0xd1, 0xd2, 0x24, 0x02, 0x00, 0x23, 0x02, 0x00,
 0xca, 0x03, 0xaa, 0x06, 0x08, 0x04, 0x08, 0x04,
 0x43, 0x3e, 0x65, 0x66, 0x75, 0x6e, 0x63, 0x74,
 0x69, 0x6f, 0x6e, 0x20, 0x72, 0x65, 0x6e, 0x61,
 0x6d, 0x65, 0x53, 0x79, 0x6e, 0x63, 0x28, 0x6f,
 0x6c, 0x64, 0x6e, 0x61, 0x6d, 0x65, 0x2c, 0x20,
 0x6e, 0x65, 0x77, 0x6e, 0x61, 0x6d, 0x65, 0x29,
 0x20, 0x7b, 0x0a, 0x20, 0x20, 0x72, 0x65, 0x74,
 0x75, 0x72, 0x6e, 0x20, 0x73, 0x79, 0x73, 0x63,
 0x61, 0x6c, 0x6c, 0x65, 0x72, 0x72, 0x28, 0x27,
 0x72, 0x65, 0x6e, 0x61, 0x6d, 0x65, 0x27, 0x2c,
 0x20, 0x6f, 0x73, 0x2e, 0x72, 0x65, 0x6e, 0x61,
 0x6d, 0x65, 0x28, 0x6f, 0x6c, 0x64, 0x6e, 0x61,
 0x6d, 0x65, 0x2c, 0x20, 0x6e, 0x65, 0x77, 0x6e,
 0x61, 0x6d, 0x65, 0x29, 0x29, 0x3b, 0x0a, 0x7d,
 0x0c, 0x43, 0x0a, 0x01, 0xd6, 0x04, 0x01, 0x02,
 0x01, 0x05, 0x00, 0x03, 0x00, 0x46, 0x03, 0xd0,
 0x03, 0x00, 0x01, 0x00, 0xd6, 0x06, 0x01, 0x00,
 0x20, 0xd2, 0x06, 0x01, 0x01, 0x20, 0xce, 0x03,
 0x01, 0x1a, 0x9e, 0x06, 0x40, 0x02, 0xe4, 0x03,
 0x42, 0x12, 0x60, 0x01, 0x00, 0x60, 0x00, 0x00,
 0x06, 0x11, 0xf2, 0xeb, 0x0d, 0x7d, 0x80, 0x00,
 0x0e, 0xc9, 0x80, 0x00, 0x0e, 0xca, 0x83, 0xec,
 0x10, 0x0e, 0x64, 0x00, 0x00, 0x41, 0x44, 0x01,
 0x00, 0x00, 0xd1, 0x24, 0x01, 0x00, 0xec, 0xe6,
 0xde, 0x04, 0x44, 0x01, 0x00, 0x00, 0x61, 0x00,
 0x00, 0x11, 0xea, 0x0c, 0x0e, 0x64, 0x02, 0x00,
 0x11, 0x61, 0x00, 0x00, 0x21, 0x01, 0x00, 0x61,
 0x01, 0x00, 0x26, 0x02, 0x00, 0x23, 0x02, 0x00,
 0xca, 0x03, 0xae, 0x06, 0x08, 0x06, 0xa3, 0x26,
 0x26, 0x21, 0x3e, 0x3c, 0x75, 0x66, 0x75, 0x6e,
 0x63, 0x74, 0x69, 0x6f, 0x6e, 0x20, 0x73, 0x74,
 0x61, 0x74, 0x53, 0x79, 0x6e, 0x63, 0x28, 0x70,
 0x61, 0x74, 0x68, 0x29, 0x20, 0x7b, 0x0a, 0x20,
 0x20, 0x6c, 0x65, 0x74, 0x20, 0x5b, 0x73, 0x74,
 0x2c, 0x20, 0x65, 0x72, 0x72, 0x5d, 0x20, 0x3d,
 0x20, 0x6f, 0x73, 0x2e, 0x73, 0x74, 0x61, 0x74,
 0x28, 0x70, 0x61, 0x74, 0x68, 0x29, 0x3b, 0x0a,
 0x20, 0x20, 0x72, 0x65, 0x74, 0x75, 0x72, 0x6e,
 0x20, 0x73, 0x79, 0x73, 0x63, 0x61, 0x6c, 0x6c,
 0x65, 0x72, 0x72, 0x28, 0x27, 0x73, 0x74, 0x61,
 0x74, 0x27, 0x2c, 0x20, 0x5b, 0x73, 0x74, 0x20,
 0x26, 0x26, 0x20, 0x6e, 0x65, 0x77, 0x20, 0x53,
 0x74, 0x61, 0x74, 0x73, 0x28, 0x73, 0x74, 0x29,
 0x2c, 0x20, 0x65, 0x72, 0x72, 0x5d, 0x29, 0x3b,
 0x0a, 0x7d, 0x0c, 0x43, 0x0a, 0x01, 0xd8, 0x04,
 0x02, 0x00, 0x02, 0x05, 0x00, 0x02, 0x00, 0x0f,
 0x02, 0xae, 0x01, 0x00, 0x01, 0x00, 0xd0, 0x03,
 0x00, 0x01, 0x00, 0x9e, 0x06, 0x40, 0x02, 0xf0,
 0x05, 0x1b, 0x1a, 0xdd, 0x04, 0x45, 0x01, 0x00,
 0x00, 0x64, 0x01, 0x00, 0xd1, 0xd2, 0xf0, 0x23,
 0x02, 0x00, 0xca, 0x03, 0xb3, 0x06, 0x08, 0x06,
 0x00, 0x01, 0x0c, 0x04, 0x2a, 0x44, 0xb5, 0x01,
 0x66, 0x75, 0x6e, 0x63, 0x74, 0x69, 0x6f, 0x6e,
 0x20, 0x73, 0x79, 0x6d, 0x6c, 0x69, 0x6e, 0x6b,
 0x53, 0x79, 0x6e, 0x63, 0x28, 0x74, 0x61, 0x72,
 0x67, 0x65, 0x74, 0x2c, 0x20, 0x70, 0x61, 0x74,
 0x68, 0x29, 0x20, 0x7b, 0x0a, 0x20, 0x20, 0x2f,
 0x2a, 0x20, 0x74, 0x72, 0x79, 0x20, 0x7b, 0x0a,
 0x20, 0x20, 0x20, 0x20, 0x73, 0x79, 0x73, 0x5f,
 0x73, 0x79, 0x6d, 0x6c, 0x69, 0x6e, 0x6b, 0x28,
 0x74, 0x61, 0x72, 0x67, 0x65, 0x74, 0x2c, 0x20,
 0x70, 0x61, 0x74, 0x68, 0x29, 0x3b, 0x0a, 0x20,
 0x20, 0x7d, 0x20, 0x63, 0x61, 0x74, 0x63, 0x68,
 0x28, 0x65, 0x29, 0x20, 0x7b, 0x0a, 0x20, 0x20,
 0x20, 0x20, 0x72, 0x65, 0x74, 0x75, 0x72, 0x6e,
 0x20, 0x2d, 0x65, 0x2e, 0x65, 0x72, 0x72, 0x6e,
 0x6f, 0x3b, 0x0a, 0x20, 0x20, 0x7d, 0x2a, 0x2f,
 0x0a, 0x20, 0x20, 0x72, 0x65, 0x74, 0x75, 0x72,
 0x6e, 0x20, 0x73, 0x79, 0x73, 0x63, 0x61, 0x6c,
 0x6c, 0x65, 0x72, 0x72, 0x28, 0x27, 0x73, 0x79,
 0x6d, 0x6c, 0x69, 0x6e, 0x6b, 0x27, 0x2c, 0x20,
 0x73, 0x79, 0x73, 0x5f, 0x73, 0x79, 0x6d, 0x6c,
 0x69, 0x6e, 0x6b, 0x28, 0x74, 0x61, 0x72, 0x67,
 0x65, 0x74, 0x2c, 0x20, 0x70, 0x61, 0x74, 0x68,
 0x29, 0x29, 0x3b, 0x0a, 0x7d, 0x0c, 0x43, 0x0a,
 0x01, 0xda, 0x04, 0x00, 0x01, 0x00, 0x03, 0x00,
 0x02, 0x00, 0x25, 0x01, 0xd2, 0x06, 0x01, 0x00,
 0x30, 0xd6, 0x03, 0x23, 0x1a, 0x9e, 0x06, 0x40,
 0x02, 0x60, 0x00, 0x00, 0x0b, 0xc9, 0x64, 0x00,
 0x00, 0x41, 0x46, 0x01, 0x00, 0x00, 0x61, 0x00,
 0x00, 0x24, 0x01, 0x00, 0x0e, 0xde, 0x04, 0x46,
 0x01, 0x00, 0x00, 0x61, 0x00, 0x00, 0x40, 0x79,
 0x01, 0x00, 0x00, 0x23, 0x02, 0x00, 0xca, 0x03,
 0xbc, 0x06, 0x08, 0x06, 0x1d, 0x09, 0x2a, 0x18,
 0x2b, 0x09, 0x6b, 0x66, 0x75, 0x6e, 0x63, 0x74,
 0x69, 0x6f, 0x6e, 0x20, 0x74, 0x6d, 0x70, 0x66,
 0x69, 0x6c, 0x65, 0x53, 0x79, 0x6e, 0x63, 0x28,
 0x29, 0x20, 0x7b, 0x0a, 0x20, 0x20, 0x63, 0x6f,
 0x6e, 0x73, 0x74, 0x20, 0x65, 0x72, 0x72, 0x20,
 0x3d, 0x20, 0x7b, 0x7d, 0x3b, 0x0a, 0x20, 0x20,
 0x73, 0x74, 0x64, 0x2e, 0x74, 0x6d, 0x70, 0x66,
 0x69, 0x6c, 0x65, 0x28, 0x65, 0x72, 0x72, 0x29,
 0x3b, 0x0a, 0x20, 0x20, 0x72, 0x65, 0x74, 0x75,
 0x72, 0x6e, 0x20, 0x73, 0x79, 0x73, 0x63, 0x61,
 0x6c, 0x6c, 0x65, 0x72, 0x72, 0x28, 0x27, 0x74,
 0x6d, 0x70, 0x66, 0x69, 0x6c, 0x65, 0x27, 0x2c,
 0x20, 0x65, 0x72, 0x72, 0x2e, 0x65, 0x72, 0x72,
 0x6e, 0x6f, 0x29, 0x3b, 0x0a, 0x7d, 0x0c, 0x43,
 0x0a, 0x01, 0xdc, 0x04, 0x01, 0x00, 0x01, 0x04,
 0x00, 0x02, 0x00, 0x0e, 0x01, 0xc0, 0x08, 0x00,
 0x01, 0x00, 0x9e, 0x06, 0x40, 0x02, 0xca, 0x05,
 0x1a, 0x1a, 0xdd, 0x04, 0x65, 0x01, 0x00, 0x00,
 0x64, 0x01, 0x00, 0xd1, 0xef, 0x23, 0x02, 0x00,
 0xca, 0x03, 0xc2, 0x06, 0x08, 0x04, 0x08, 0x04,
 0x2a, 0x3c, 0x55, 0x66, 0x75, 0x6e, 0x63, 0x74,
 0x69, 0x6f, 0x6e, 0x20, 0x6d, 0x6b, 0x73, 0x74,
 0x65, 0x6d, 0x70, 0x53, 0x79, 0x6e, 0x63, 0x28,
 0x74, 0x65, 0x6d, 0x70, 0x6c, 0x61, 0x74, 0x65,
 0x29, 0x20, 0x7b, 0x0a, 0x20, 0x20, 0x72, 0x65,
 0x74, 0x75, 0x72, 0x6e, 0x20, 0x73, 0x79, 0x73,
 0x63, 0x61, 0x6c, 0x6c, 0x65, 0x72, 0x72, 0x28,
 0x27, 0x6d, 0x6b, 0x73, 0x74, 0x65, 0x6d, 0x70,
 0x27, 0x2c, 0x20, 0x6d, 0x6b, 0x73, 0x74, 0x65,
 0x6d, 0x70, 0x28, 0x74, 0x65, 0x6d, 0x70, 0x6c,
 0x61, 0x74, 0x65, 0x29, 0x29, 0x3b, 0x0a, 0x7d,
 0x0c, 0x43, 0x0a, 0x01, 0xde, 0x04, 0x02, 0x01,
 0x02, 0x04, 0x00, 0x03, 0x00, 0x45, 0x03, 0xc2,
 0x08, 0x00, 0x01, 0x00, 0xc4, 0x08, 0x00, 0x01,
 0x00, 0xc6, 0x08, 0x01, 0x00, 0x20, 0x9c, 0x05,
 0x02, 0x1a, 0x9e, 0x05, 0x03, 0x1a, 0xcc, 0x05,
 0x1c, 0x1a, 0x60, 0x00, 0x00, 0x38, 0x24, 0x02,
 0x00, 0x00, 0x40, 0x25, 0x02, 0x00, 0x00, 0xb5,
 0x46, 0x11, 0xaf, 0xea, 0x0e, 0x0e, 0x38, 0x24,
 0x02, 0x00, 0x00, 0x40, 0x25, 0x02, 0x00, 0x00,
 0xb4, 0x46, 0xc9, 0xd2, 0x11, 0xaf, 0xea, 0x17,
 0x0e, 0x64, 0x00, 0x00, 0x61, 0x00, 0x00, 0x64,
 0x01, 0x00, 0x61, 0x00, 0x00, 0xef, 0xf0, 0x04,
 0x26, 0x02, 0x00, 0x00, 0x9c, 0xda, 0x0e, 0x64,
 0x02, 0x00, 0xd1, 0xd2, 0x23, 0x02, 0x00, 0xca,
 0x03, 0xc6, 0x06, 0x08, 0x0a, 0xa9, 0x09, 0x2f,
 0x22, 0x20, 0x1c, 0x1b, 0x12, 0x3b, 0x31, 0x9f,
 0x01, 0x66, 0x75, 0x6e, 0x63, 0x74, 0x69, 0x6f,
 0x6e, 0x20, 0x74, 0x65, 0x6d, 0x70, 0x6e, 0x61,
 0x6d, 0x53, 0x79, 0x6e, 0x63, 0x28, 0x64, 0x69,
 0x72, 0x2c, 0x20, 0x70, 0x66, 0x78, 0x29, 0x20,
 0x7b, 0x0a, 0x20, 0x20, 0x6c, 0x65, 0x74, 0x20,
 0x62, 0x61, 0x73, 0x65, 0x20, 0x3d, 0x20, 0x70,
 0x72, 0x6f, 0x63, 0x65, 0x73, 0x73, 0x2e, 0x61,
 0x72, 0x67, 0x76, 0x5b, 0x31, 0x5d, 0x20, 0x3f,
 0x3f, 0x20, 0x70, 0x72, 0x6f, 0x63, 0x65, 0x73,
 0x73, 0x2e, 0x61, 0x72, 0x67, 0x76, 0x5b, 0x30,
 0x5d, 0x3b, 0x0a, 0x20, 0x20, 0x70, 0x66, 0x78,
 0x20, 0x3f, 0x3f, 0x3d, 0x20, 0x62, 0x61, 0x73,
 0x65, 0x6e, 0x61, 0x6d, 0x65, 0x28, 0x62, 0x61,
 0x73, 0x65, 0x2c, 0x20, 0x65, 0x78, 0x74, 0x6e,
 0x61, 0x6d, 0x65, 0x28, 0x62, 0x61, 0x73, 0x65,
 0x29, 0x29, 0x20, 0x2b, 0x20, 0x27, 0x2d, 0x27,
 0x3b, 0x0a, 0x0a, 0x20, 0x20, 0x72, 0x65, 0x74,
 0x75, 0x72, 0x6e, 0x20, 0x74, 0x65, 0x6d, 0x70,
 0x6e, 0x61, 0x6d, 0x28, 0x64, 0x69, 0x72, 0x2c,
 0x20, 0x70, 0x66, 0x78, 0x29, 0x3b, 0x0a, 0x7d,
 0x0c, 0x43, 0x0a, 0x01, 0xe0, 0x04, 0x01, 0x00,
 0x01, 0x05, 0x00, 0x02, 0x00, 0x15, 0x01, 0xd0,
 0x03, 0x00, 0x01, 0x00, 0x9e, 0x06, 0x40, 0x02,
 0xce, 0x03, 0x01, 0x1a, 0xdd, 0x04, 0x27, 0x02,
 0x00, 0x00, 0x64, 0x01, 0x00, 0x41, 0x28, 0x02,
 0x00, 0x00, 0xd1, 0x24, 0x01, 0x00, 0x23, 0x02,
 0x00, 0xca, 0x03, 0xcd, 0x06, 0x08, 0x04, 0x08,
 0x04, 0x43, 0x3e, 0x4d, 0x66, 0x75, 0x6e, 0x63,
 0x74, 0x69, 0x6f, 0x6e, 0x20, 0x75, 0x6e, 0x6c,
 0x69, 0x6e, 0x6b, 0x53, 0x79, 0x6e, 0x63, 0x28,
 0x70, 0x61, 0x74, 0x68, 0x29, 0x20, 0x7b, 0x0a,
 0x20, 0x20, 0x72, 0x65, 0x74, 0x75, 0x72, 0x6e,
 0x20, 0x73, 0x79, 0x73, 0x63, 0x61, 0x6c, 0x6c,
 0x65, 0x72, 0x72, 0x28, 0x27, 0x75, 0x6e, 0x6c,
 0x69, 0x6e, 0x6b, 0x27, 0x2c, 0x20, 0x6f, 0x73,
 0x2e, 0x72, 0x65, 0x6d, 0x6f, 0x76, 0x65, 0x28,
 0x70, 0x61, 0x74, 0x68, 0x29, 0x29, 0x3b, 0x0a,
 0x7d, 0x0c, 0x43, 0x0a, 0x01, 0xe2, 0x04, 0x04,
 0x02, 0x04, 0x06, 0x00, 0x06, 0x00, 0x69, 0x06,
 0x86, 0x07, 0x00, 0x01, 0x00, 0x8e, 0x04, 0x00,
 0x01, 0x00, 0x96, 0x07, 0x00, 0x01, 0x00, 0x64,
 0x00, 0x01, 0x00, 0xc6, 0x06, 0x01, 0x00, 0x30,
 0xce, 0x06, 0x01, 0x01, 0x20, 0x9a, 0x04, 0x62,
 0x02, 0x9c, 0x06, 0x3f, 0x1a, 0x98, 0x04, 0x61,
 0x02, 0xc4, 0x05, 0x16, 0x1a, 0xce, 0x03, 0x01,
 0x1a, 0x9e, 0x06, 0x40, 0x02, 0x60, 0x01, 0x00,
 0x60, 0x00, 0x00, 0xdd, 0x64, 0x01, 0x00, 0xb6,
 0xef, 0xdf, 0xd2, 0xd3, 0xd4, 0x22, 0x05, 0x00,
 0xc9, 0x06, 0xca, 0x64, 0x03, 0x00, 0xd1, 0xef,
 0xea, 0x1d, 0x64, 0x04, 0x00, 0x41, 0x47, 0x01,
 0x00, 0x00, 0xd1, 0x26, 0x01, 0x00, 0xb5, 0x61,
 0x00, 0x00, 0x51, 0x0e, 0x18, 0x27, 0x00, 0x00,
 0x11, 0x62, 0x01, 0x00, 0xec, 0x22, 0xd1, 0x41,
 0x47, 0x01, 0x00, 0x00, 0x26, 0x00, 0x00, 0xb4,
 0x61, 0x00, 0x00, 0x51, 0x0e, 0x18, 0x27, 0x00,
 0x00, 0x11, 0x62, 0x01, 0x00, 0x0e, 0xd1, 0x41,
 0xc2, 0x01, 0x00, 0x00, 0x24, 0x00, 0x00, 0x0e,
 0x5d, 0x05, 0x00, 0x04, 0x47, 0x01, 0x00, 0x00,
 0x61, 0x01, 0x00, 0x23, 0x02, 0x00, 0xca, 0x03,
 0xd1, 0x06, 0x08, 0x0f, 0x26, 0x28, 0x50, 0x31,
 0x11, 0x12, 0x3e, 0x2c, 0x84, 0x36, 0x7a, 0x28,
 0x27, 0x8d, 0x01, 0x9b, 0x02, 0x66, 0x75, 0x6e,
 0x63, 0x74, 0x69, 0x6f, 0x6e, 0x20, 0x77, 0x72,
 0x69, 0x74, 0x65, 0x53, 0x79, 0x6e, 0x63, 0x28,
 0x66, 0x64, 0x2c, 0x20, 0x62, 0x75, 0x66, 0x66,
 0x65, 0x72, 0x2c, 0x20, 0x6f, 0x66, 0x66, 0x73,
 0x65, 0x74, 0x2c, 0x20, 0x6c, 0x65, 0x6e, 0x67,
 0x74, 0x68, 0x29, 0x20, 0x7b, 0x0a, 0x20, 0x20,
 0x63, 0x6f, 0x6e, 0x73, 0x74, 0x20, 0x61, 0x72,
 0x67, 0x73, 0x20, 0x3d, 0x20, 0x74, 0x68, 0x72,
 0x6f, 0x77, 0x49, 0x66, 0x4e, 0x75, 0x6c, 0x6c,
 0x28, 0x49, 0x6e, 0x76, 0x61, 0x6c, 0x69, 0x64,
 0x42, 0x75, 0x66, 0x66, 0x65, 0x72, 0x28, 0x32,
 0x29, 0x2c, 0x20, 0x73, 0x74, 0x72, 0x69, 0x6e,
 0x67, 0x4f, 0x72, 0x42, 0x75, 0x66, 0x66, 0x65,
 0x72, 0x41, 0x72, 0x67, 0x75, 0x6d, 0x65, 0x6e,
 0x74, 0x73, 0x2c, 0x20, 0x62, 0x75, 0x66, 0x66,
 0x65, 0x72, 0x2c, 0x20, 0x6f, 0x66, 0x66, 0x73,
 0x65, 0x74, 0x2c, 0x20, 0x6c, 0x65, 0x6e, 0x67,
 0x74, 0x68, 0x29, 0x3b, 0x0a, 0x20, 0x20, 0x6c,
 0x65, 0x74, 0x20, 0x72, 0x65, 0x74, 0x3b, 0x0a,
 0x0a, 0x20, 0x20, 0x69, 0x73, 0x4e, 0x75, 0x6d,
 0x62, 0x65, 0x72, 0x28, 0x66, 0x64, 0x29, 0x20,
 0x3f, 0x20, 0x28, 0x72, 0x65, 0x74, 0x20, 0x3d,
 0x20, 0x6f, 0x73, 0x2e, 0x77, 0x72, 0x69, 0x74,
 0x65, 0x28, 0x66, 0x64, 0x2c, 0x20, 0x2e, 0x2e,
 0x2e, 0x61, 0x72, 0x67, 0x73, 0x29, 0x29, 0x20,
 0x3a, 0x20, 0x28, 0x28, 0x72, 0x65, 0x74, 0x20,
 0x3d, 0x20, 0x66, 0x64, 0x2e, 0x77, 0x72, 0x69,
 0x74, 0x65, 0x28, 0x2e, 0x2e, 0x2e, 0x61, 0x72,
 0x67, 0x73, 0x29, 0x29, 0x2c, 0x20, 0x66, 0x64,
 0x2e, 0x66, 0x6c, 0x75, 0x73, 0x68, 0x28, 0x29,
 0x29, 0x3b, 0x0a, 0x0a, 0x20, 0x20, 0x72, 0x65,
 0x74, 0x75, 0x72, 0x6e, 0x20, 0x73, 0x79, 0x73,
 0x63, 0x61, 0x6c, 0x6c, 0x65, 0x72, 0x72, 0x28,
 0x27, 0x77, 0x72, 0x69, 0x74, 0x65, 0x27, 0x2c,
 0x20, 0x72, 0x65, 0x74, 0x29, 0x3b, 0x0a, 0x7d,
 0x0c, 0x43, 0x0a, 0x01, 0xe4, 0x04, 0x01, 0x00,
 0x01, 0x02, 0x00, 0x00, 0x00, 0x24, 0x01, 0xf0,
 0x06, 0x00, 0x01, 0x00, 0xd1, 0x96, 0x04, 0x4a,
 0x00, 0x00, 0x00, 0xab, 0xea, 0x1a, 0xd1, 0xf3,
 0xeb, 0x16, 0x04, 0xc2, 0x01, 0x00, 0x00, 0xd1,
 0xaa, 0xea, 0x0d, 0xd1, 0x41, 0xc2, 0x01, 0x00,
 0x00, 0x24, 0x00, 0x00, 0x0e, 0x0a, 0x28, 0x29,
 0xca, 0x03, 0xda, 0x06, 0x08, 0x0a, 0x08, 0x14,
 0x34, 0x24, 0x2a, 0x26, 0x17, 0x63, 0x20, 0x04,
 0x78, 0x66, 0x75, 0x6e, 0x63, 0x74, 0x69, 0x6f,
 0x6e, 0x20, 0x66, 0x6c, 0x75, 0x73, 0x68, 0x53,
 0x79, 0x6e, 0x63, 0x28, 0x66, 0x29, 0x20, 0x7b,
 0x0a, 0x20, 0x20, 0x69, 0x66, 0x28, 0x74, 0x79,
 0x70, 0x65, 0x6f, 0x66, 0x20, 0x66, 0x20, 0x3d,
 0x3d, 0x20, 0x27, 0x6f, 0x62, 0x6a, 0x65, 0x63,
 0x74, 0x27, 0x20, 0x26, 0x26, 0x20, 0x66, 0x20,
 0x21, 0x3d, 0x3d, 0x20, 0x6e, 0x75, 0x6c, 0x6c,
 0x20, 0x26, 0x26, 0x20, 0x27, 0x66, 0x6c, 0x75,
 0x73, 0x68, 0x27, 0x20, 0x69, 0x6e, 0x20, 0x66,
 0x29, 0x20, 0x7b, 0x0a, 0x20, 0x20, 0x20, 0x20,
 0x66, 0x2e, 0x66, 0x6c, 0x75, 0x73, 0x68, 0x28,
 0x29, 0x3b, 0x0a, 0x20, 0x20, 0x20, 0x20, 0x72,
 0x65, 0x74, 0x75, 0x72, 0x6e, 0x20, 0x74, 0x72,
 0x75, 0x65, 0x3b, 0x0a, 0x20, 0x20, 0x7d, 0x0a,
 0x7d, 0x0c, 0x43, 0x0a, 0x01, 0xe6, 0x04, 0x00,
 0x02, 0x00, 0x05, 0x00, 0x01, 0x00, 0x2f, 0x02,
 0xd2, 0x08, 0x01, 0x00, 0x20, 0xd4, 0x08, 0x01,
 0x01, 0x20, 0xce, 0x03, 0x01, 0x1a, 0x60, 0x01,
 0x00, 0x60, 0x00, 0x00, 0x06, 0x11, 0xf2, 0xeb,
 0x0d, 0x7d, 0x80, 0x00, 0x0e, 0xc9, 0x80, 0x00,
 0x0e, 0xca, 0x83, 0xec, 0x0f, 0x0e, 0x64, 0x00,
 0x00, 0x41, 0x33, 0x01, 0x00, 0x00, 0x24, 0x00,
 0x00, 0xec, 0xe7, 0x61, 0x00, 0x00, 0x61, 0x01,
 0x00, 0x26, 0x02, 0x00, 0x28, 0xca, 0x03, 0xe1,
 0x06, 0x08, 0x02, 0xa3, 0x1a, 0x42, 0x66, 0x75,
 0x6e, 0x63, 0x74, 0x69, 0x6f, 0x6e, 0x20, 0x70,
 0x69, 0x70, 0x65, 0x28, 0x29, 0x20, 0x7b, 0x0a,
 0x20, 0x20, 0x6c, 0x65, 0x74, 0x20, 0x5b, 0x72,
 0x64, 0x2c, 0x20, 0x77, 0x72, 0x5d, 0x20, 0x3d,
 0x20, 0x6f, 0x73, 0x2e, 0x70, 0x69, 0x70, 0x65,
 0x28, 0x29, 0x3b, 0x0a, 0x20, 0x20, 0x72, 0x65,
 0x74, 0x75, 0x72, 0x6e, 0x20, 0x5b, 0x72, 0x64,
 0x2c, 0x20, 0x77, 0x72, 0x5d, 0x3b, 0x0a, 0x7d,
 0x0c, 0x41, 0x0a, 0x01, 0xe8, 0x04, 0x02, 0x02,
 0x01, 0x04, 0x00, 0x02, 0x00, 0x21, 0x04, 0xfe,
 0x06, 0x00, 0x01, 0x00, 0xd6, 0x08, 0x00, 0x01,
 0x00, 0xfe, 0x06, 0x01, 0xff, 0xff, 0xff, 0xff,
 0x0f, 0x20, 0xd6, 0x08, 0x01, 0x01, 0x20, 0xce,
 0x03, 0x01, 0x1a, 0xb8, 0x04, 0x71, 0x02, 0x60,
 0x01, 0x00, 0x60, 0x00, 0x00, 0xd1, 0xc9, 0xd2,
 0x11, 0xf2, 0xea, 0x04, 0x0e, 0x07, 0xda, 0xca,
 0x64, 0x00, 0x00, 0x41, 0x2c, 0x02, 0x00, 0x00,
 0xde, 0xd1, 0xef, 0xd2, 0x24, 0x02, 0x00, 0x29,
 0xca, 0x03, 0xe6, 0x06, 0x08, 0x06, 0x58, 0x09,
 0x2a, 0x24, 0x07, 0x0e, 0x55, 0x66, 0x75, 0x6e,
 0x63, 0x74, 0x69, 0x6f, 0x6e, 0x20, 0x6f, 0x6e,
 0x52, 0x65, 0x61, 0x64, 0x28, 0x66, 0x69, 0x6c,
 0x65, 0x2c, 0x20, 0x68, 0x61, 0x6e, 0x64, 0x6c,
 0x65, 0x72, 0x20, 0x3d, 0x20, 0x6e, 0x75, 0x6c,
 0x6c, 0x29, 0x20, 0x7b, 0x0a, 0x20, 0x20, 0x6f,
 0x73, 0x2e, 0x73, 0x65, 0x74, 0x52, 0x65, 0x61,
 0x64, 0x48, 0x61, 0x6e, 0x64, 0x6c, 0x65, 0x72,
 0x28, 0x66, 0x69, 0x6c, 0x65, 0x6e, 0x6f, 0x28,
 0x66, 0x69, 0x6c, 0x65, 0x29, 0x2c, 0x20, 0x68,
 0x61, 0x6e, 0x64, 0x6c, 0x65, 0x72, 0x29, 0x3b,
 0x0a, 0x7d, 0x0c, 0x43, 0x0a, 0x01, 0xea, 0x04,
 0x01, 0x01, 0x01, 0x03, 0x02, 0x02, 0x01, 0x13,
 0x02, 0xfe, 0x06, 0x00, 0x01, 0x40, 0x01, 0x86,
 0x07, 0x01, 0x00, 0x70, 0x00, 0xce, 0x03, 0x01,
 0x1a, 0xb8, 0x04, 0x71, 0x02, 0x0c, 0x42, 0x0a,
 0x01, 0x00, 0x02, 0x00, 0x02, 0x04, 0x01, 0x03,
 0x01, 0x11, 0x02, 0x84, 0x02, 0x00, 0x01, 0x40,
 0x00, 0x86, 0x02, 0x00, 0x01, 0x00, 0xce, 0x03,
 0x00, 0x1a, 0x86, 0x07, 0x00, 0x18, 0xfe, 0x06,
 0x00, 0x01, 0x0c, 0x42, 0x0a, 0x01, 0x00, 0x00,
 0x00, 0x00, 0x04, 0x00, 0x04, 0x00, 0x14, 0x00,
 0xce, 0x03, 0x00, 0x1a, 0x86, 0x07, 0x01, 0x1a,
 0x84, 0x02, 0x00, 0x01, 0xfe, 0x06, 0x02, 0x02,
 0x64, 0x00, 0x00, 0x41, 0x2c, 0x02, 0x00, 0x00,
 0x64, 0x01, 0x00, 0x07, 0x24, 0x02, 0x00, 0x0e,
 0xdf, 0xe0, 0xef, 0x29, 0xca, 0x03, 0xee, 0x06,
 0x1b, 0x08, 0x03, 0x27, 0x2a, 0x24, 0x2b, 0x23,
 0x07, 0x10, 0x45, 0x28, 0x29, 0x20, 0x3d, 0x3e,
 0x20, 0x7b, 0x0a, 0x20, 0x20, 0x20, 0x20, 0x20,
 0x20, 0x6f, 0x73, 0x2e, 0x73, 0x65, 0x74, 0x52,
 0x65, 0x61, 0x64, 0x48, 0x61, 0x6e, 0x64, 0x6c,
 0x65, 0x72, 0x28, 0x66, 0x64, 0x2c, 0x20, 0x6e,
 0x75, 0x6c, 0x6c, 0x29, 0x3b, 0x0a, 0x20, 0x20,
 0x20, 0x20, 0x20, 0x20, 0x72, 0x65, 0x73, 0x6f,
 0x6c, 0x76, 0x65, 0x28, 0x66, 0x69, 0x6c, 0x65,
 0x29, 0x3b, 0x0a, 0x20, 0x20, 0x20, 0x20, 0x7d,
 0x64, 0x00, 0x00, 0x41, 0x2c, 0x02, 0x00, 0x00,
 0x64, 0x01, 0x00, 0xbf, 0x00, 0x24, 0x02, 0x00,
 0x29, 0xca, 0x03, 0xed, 0x06, 0x0e, 0x04, 0x03,
 0x11, 0x2a, 0x24, 0x7c, 0x28, 0x72, 0x65, 0x73,
 0x6f, 0x6c, 0x76, 0x65, 0x2c, 0x20, 0x72, 0x65,
 0x6a, 0x65, 0x63, 0x74, 0x29, 0x20, 0x3d, 0x3e,
 0x20, 0x7b, 0x0a, 0x20, 0x20, 0x20, 0x20, 0x6f,
 0x73, 0x2e, 0x73, 0x65, 0x74, 0x52, 0x65, 0x61,
 0x64, 0x48, 0x61, 0x6e, 0x64, 0x6c, 0x65, 0x72,
 0x28, 0x66, 0x64, 0x2c, 0x20, 0x28, 0x29, 0x20,
 0x3d, 0x3e, 0x20, 0x7b, 0x0a, 0x20, 0x20, 0x20,
 0x20, 0x20, 0x20, 0x6f, 0x73, 0x2e, 0x73, 0x65,
 0x74, 0x52, 0x65, 0x61, 0x64, 0x48, 0x61, 0x6e,
 0x64, 0x6c, 0x65, 0x72, 0x28, 0x66, 0x64, 0x2c,
 0x20, 0x6e, 0x75, 0x6c, 0x6c, 0x29, 0x3b, 0x0a,
 0x20, 0x20, 0x20, 0x20, 0x20, 0x20, 0x72, 0x65,
 0x73, 0x6f, 0x6c, 0x76, 0x65, 0x28, 0x66, 0x69,
 0x6c, 0x65, 0x29, 0x3b, 0x0a, 0x20, 0x20, 0x20,
 0x20, 0x7d, 0x29, 0x3b, 0x0a, 0x20, 0x20, 0x7d,
 0x60, 0x00, 0x00, 0xde, 0xd1, 0xef, 0xc9, 0x38,
 0xc6, 0x00, 0x00, 0x00, 0x11, 0xbf, 0x00, 0x21,
 0x01, 0x00, 0x28, 0xca, 0x03, 0xea, 0x06, 0x08,
 0x04, 0x17, 0x1a, 0x13, 0x0d, 0xcb, 0x01, 0x66,
 0x75, 0x6e, 0x63, 0x74, 0x69, 0x6f, 0x6e, 0x20,
 0x77, 0x61, 0x69, 0x74, 0x52, 0x65, 0x61, 0x64,
 0x28, 0x66, 0x69, 0x6c, 0x65, 0x29, 0x20, 0x7b,
 0x0a, 0x20, 0x20, 0x63, 0x6f, 0x6e, 0x73, 0x74,
 0x20, 0x66, 0x64, 0x20, 0x3d, 0x20, 0x66, 0x69,
 0x6c, 0x65, 0x6e, 0x6f, 0x28, 0x66, 0x69, 0x6c,
 0x65, 0x29, 0x3b, 0x0a, 0x0a, 0x20, 0x20, 0x72,
 0x65, 0x74, 0x75, 0x72, 0x6e, 0x20, 0x6e, 0x65,
 0x77, 0x20, 0x50, 0x72, 0x6f, 0x6d, 0x69, 0x73,
 0x65, 0x28, 0x28, 0x72, 0x65, 0x73, 0x6f, 0x6c,
 0x76, 0x65, 0x2c, 0x20, 0x72, 0x65, 0x6a, 0x65,
 0x63, 0x74, 0x29, 0x20, 0x3d, 0x3e, 0x20, 0x7b,
 0x0a, 0x20, 0x20, 0x20, 0x20, 0x6f, 0x73, 0x2e,
 0x73, 0x65, 0x74, 0x52, 0x65, 0x61, 0x64, 0x48,
 0x61, 0x6e, 0x64, 0x6c, 0x65, 0x72, 0x28, 0x66,
 0x64, 0x2c, 0x20, 0x28, 0x29, 0x20, 0x3d, 0x3e,
 0x20, 0x7b, 0x0a, 0x20, 0x20, 0x20, 0x20, 0x20,
 0x20, 0x6f, 0x73, 0x2e, 0x73, 0x65, 0x74, 0x52,
 0x65, 0x61, 0x64, 0x48, 0x61, 0x6e, 0x64, 0x6c,
 0x65, 0x72, 0x28, 0x66, 0x64, 0x2c, 0x20, 0x6e,
 0x75, 0x6c, 0x6c, 0x29, 0x3b, 0x0a, 0x20, 0x20,
 0x20, 0x20, 0x20, 0x20, 0x72, 0x65, 0x73, 0x6f,
 0x6c, 0x76, 0x65, 0x28, 0x66, 0x69, 0x6c, 0x65,
 0x29, 0x3b, 0x0a, 0x20, 0x20, 0x20, 0x20, 0x7d,
 0x29, 0x3b, 0x0a, 0x20, 0x20, 0x7d, 0x29, 0x3b,
 0x0a, 0x7d, 0x0c, 0x41, 0x0a, 0x01, 0xec, 0x04,
 0x02, 0x02, 0x01, 0x04, 0x00, 0x02, 0x00, 0x21,
 0x04, 0xfe, 0x06, 0x00, 0x01, 0x00, 0xd6, 0x08,
 0x00, 0x01, 0x00, 0xfe, 0x06, 0x01, 0xff, 0xff,
 0xff, 0xff, 0x0f, 0x20, 0xd6, 0x08, 0x01, 0x01,
 0x20, 0xce, 0x03, 0x01, 0x1a, 0xb8, 0x04, 0x71,
 0x02, 0x60, 0x01, 0x00, 0x60, 0x00, 0x00, 0xd1,
 0xc9, 0xd2, 0x11, 0xf2, 0xea, 0x04, 0x0e, 0x07,
 0xda, 0xca, 0x64, 0x00, 0x00, 0x41, 0x2d, 0x02,
 0x00, 0x00, 0xde, 0xd1, 0xef, 0xd2, 0x24, 0x02,
 0x00, 0x29, 0xca, 0x03, 0xf5, 0x06, 0x08, 0x06,
 0x58, 0x09, 0x2a, 0x26, 0x07, 0x0e, 0x57, 0x66,
 0x75, 0x6e, 0x63, 0x74, 0x69, 0x6f, 0x6e, 0x20,
 0x6f, 0x6e, 0x57, 0x72, 0x69, 0x74, 0x65, 0x28,
 0x66, 0x69, 0x6c, 0x65, 0x2c, 0x20, 0x68, 0x61,
 0x6e, 0x64, 0x6c, 0x65, 0x72, 0x20, 0x3d, 0x20,
 0x6e, 0x75, 0x6c, 0x6c, 0x29, 0x20, 0x7b, 0x0a,
 0x20, 0x20, 0x6f, 0x73, 0x2e, 0x73, 0x65, 0x74,
 0x57, 0x72, 0x69, 0x74, 0x65, 0x48, 0x61, 0x6e,
 0x64, 0x6c, 0x65, 0x72, 0x28, 0x66, 0x69, 0x6c,
 0x65, 0x6e, 0x6f, 0x28, 0x66, 0x69, 0x6c, 0x65,
 0x29, 0x2c, 0x20, 0x68, 0x61, 0x6e, 0x64, 0x6c,
 0x65, 0x72, 0x29, 0x3b, 0x0a, 0x7d, 0x0c, 0x43,
 0x0a, 0x01, 0xee, 0x04, 0x01, 0x01, 0x01, 0x03,
 0x02, 0x02, 0x01, 0x13, 0x02, 0xfe, 0x06, 0x00,
 0x01, 0x40, 0x01, 0x86, 0x07, 0x01, 0x00, 0x70,
 0x00, 0xce, 0x03, 0x01, 0x1a, 0xb8, 0x04, 0x71,
 0x02, 0x0c, 0x42, 0x0a, 0x01, 0x00, 0x02, 0x00,
 0x02, 0x04, 0x01, 0x03, 0x01, 0x11, 0x02, 0x84,
 0x02, 0x00, 0x01, 0x40, 0x00, 0x86, 0x02, 0x00,
 0x01, 0x00, 0xce, 0x03, 0x00, 0x1a, 0x86, 0x07,
 0x00, 0x18, 0xfe, 0x06, 0x00, 0x01, 0x0c, 0x42,
 0x0a, 0x01, 0x00, 0x00, 0x00, 0x00, 0x04, 0x00,
 0x04, 0x00, 0x14, 0x00, 0xce, 0x03, 0x00, 0x1a,
 0x86, 0x07, 0x01, 0x1a, 0x84, 0x02, 0x00, 0x01,
 0xfe, 0x06, 0x02, 0x02, 0x64, 0x00, 0x00, 0x41,
 0x2d, 0x02, 0x00, 0x00, 0x64, 0x01, 0x00, 0x07,
 0x24, 0x02, 0x00, 0x0e, 0xdf, 0xe0, 0xef, 0x29,
 0xca, 0x03, 0xfd, 0x06, 0x1c, 0x08, 0x03, 0x29,
 0x2a, 0x26, 0x2b, 0x25, 0x07, 0x10, 0x46, 0x28,
 0x29, 0x20, 0x3d, 0x3e, 0x20, 0x7b, 0x0a, 0x20,
 0x20, 0x20, 0x20, 0x20, 0x20, 0x6f, 0x73, 0x2e,
 0x73, 0x65, 0x74, 0x57, 0x72, 0x69, 0x74, 0x65,
 0x48, 0x61, 0x6e, 0x64, 0x6c, 0x65, 0x72, 0x28,
 0x66, 0x64, 0x2c, 0x20, 0x6e, 0x75, 0x6c, 0x6c,
 0x29, 0x3b, 0x0a, 0x20, 0x20, 0x20, 0x20, 0x20,
 0x20, 0x72, 0x65, 0x73, 0x6f, 0x6c, 0x76, 0x65,
 0x28, 0x66, 0x69, 0x6c, 0x65, 0x29, 0x3b, 0x0a,
 0x20, 0x20, 0x20, 0x20, 0x7d, 0x64, 0x00, 0x00,
 0x41, 0x2d, 0x02, 0x00, 0x00, 0x64, 0x01, 0x00,
 0xbf, 0x00, 0x24, 0x02, 0x00, 0x29, 0xca, 0x03,
 0xfc, 0x06, 0x0e, 0x04, 0x03, 0x11, 0x2a, 0x26,
 0x7e, 0x28, 0x72, 0x65, 0x73, 0x6f, 0x6c, 0x76,
 0x65, 0x2c, 0x20, 0x72, 0x65, 0x6a, 0x65, 0x63,
 0x74, 0x29, 0x20, 0x3d, 0x3e, 0x20, 0x7b, 0x0a,
 0x20, 0x20, 0x20, 0x20, 0x6f, 0x73, 0x2e, 0x73,
 0x65, 0x74, 0x57, 0x72, 0x69, 0x74, 0x65, 0x48,
 0x61, 0x6e, 0x64, 0x6c, 0x65, 0x72, 0x28, 0x66,
 0x64, 0x2c, 0x20, 0x28, 0x29, 0x20, 0x3d, 0x3e,
 0x20, 0x7b, 0x0a, 0x20, 0x20, 0x20, 0x20, 0x20,
 0x20, 0x6f, 0x73, 0x2e, 0x73, 0x65, 0x74, 0x57,
 0x72, 0x69, 0x74, 0x65, 0x48, 0x61, 0x6e, 0x64,
 0x6c, 0x65, 0x72, 0x28, 0x66, 0x64, 0x2c, 0x20,
 0x6e, 0x75, 0x6c, 0x6c, 0x29, 0x3b, 0x0a, 0x20,
 0x20, 0x20, 0x20, 0x20, 0x20, 0x72, 0x65, 0x73,
 0x6f, 0x6c, 0x76, 0x65, 0x28, 0x66, 0x69, 0x6c,
 0x65, 0x29, 0x3b, 0x0a, 0x20, 0x20, 0x20, 0x20,
 0x7d, 0x29, 0x3b, 0x0a, 0x20, 0x20, 0x7d, 0x60,
 0x00, 0x00, 0xde, 0xd1, 0xef, 0xc9, 0x38, 0xc6,
 0x00, 0x00, 0x00, 0x11, 0xbf, 0x00, 0x21, 0x01,
 0x00, 0x28, 0xca, 0x03, 0xf9, 0x06, 0x08, 0x04,
 0x17, 0x1a, 0x13, 0x0d, 0xce, 0x01, 0x66, 0x75,
 0x6e, 0x63, 0x74, 0x69, 0x6f, 0x6e, 0x20, 0x77,
 0x61, 0x69, 0x74, 0x57, 0x72, 0x69, 0x74, 0x65,
 0x28, 0x66, 0x69, 0x6c, 0x65, 0x29, 0x20, 0x7b,
 0x0a, 0x20, 0x20, 0x63, 0x6f, 0x6e, 0x73, 0x74,
 0x20, 0x66, 0x64, 0x20, 0x3d, 0x20, 0x66, 0x69,
 0x6c, 0x65, 0x6e, 0x6f, 0x28, 0x66, 0x69, 0x6c,
 0x65, 0x29, 0x3b, 0x0a, 0x0a, 0x20, 0x20, 0x72,
 0x65, 0x74, 0x75, 0x72, 0x6e, 0x20, 0x6e, 0x65,
 0x77, 0x20, 0x50, 0x72, 0x6f, 0x6d, 0x69, 0x73,
 0x65, 0x28, 0x28, 0x72, 0x65, 0x73, 0x6f, 0x6c,
 0x76, 0x65, 0x2c, 0x20, 0x72, 0x65, 0x6a, 0x65,
 0x63, 0x74, 0x29, 0x20, 0x3d, 0x3e, 0x20, 0x7b,
 0x0a, 0x20, 0x20, 0x20, 0x20, 0x6f, 0x73, 0x2e,
 0x73, 0x65, 0x74, 0x57, 0x72, 0x69, 0x74, 0x65,
 0x48, 0x61, 0x6e, 0x64, 0x6c, 0x65, 0x72, 0x28,
 0x66, 0x64, 0x2c, 0x20, 0x28, 0x29, 0x20, 0x3d,
 0x3e, 0x20, 0x7b, 0x0a, 0x20, 0x20, 0x20, 0x20,
 0x20, 0x20, 0x6f, 0x73, 0x2e, 0x73, 0x65, 0x74,
 0x57, 0x72, 0x69, 0x74, 0x65, 0x48, 0x61, 0x6e,
 0x64, 0x6c, 0x65, 0x72, 0x28, 0x66, 0x64, 0x2c,
 0x20, 0x6e, 0x75, 0x6c, 0x6c, 0x29, 0x3b, 0x0a,
 0x20, 0x20, 0x20, 0x20, 0x20, 0x20, 0x72, 0x65,
 0x73, 0x6f, 0x6c, 0x76, 0x65, 0x28, 0x66, 0x69,
 0x6c, 0x65, 0x29, 0x3b, 0x0a, 0x20, 0x20, 0x20,
 0x20, 0x7d, 0x29, 0x3b, 0x0a, 0x20, 0x20, 0x7d,
 0x29, 0x3b, 0x0a, 0x7d, 0x0c, 0x41, 0x0a, 0x01,
 0xf0, 0x04, 0x02, 0x04, 0x01, 0x03, 0x02, 0x04,
 0x01, 0x3a, 0x06, 0xb2, 0x01, 0x00, 0x01, 0x40,
 0x01, 0xdc, 0x08, 0x00, 0x01, 0x00, 0xb2, 0x01,
 0x01, 0xff, 0xff, 0xff, 0xff, 0x0f, 0x20, 0xdc,
 0x08, 0x01, 0x01, 0x20, 0xcc, 0x07, 0x02, 0x00,
 0x70, 0x00, 0xce, 0x06, 0x02, 0x03, 0x20, 0x86,
 0x05, 0x98, 0x01, 0x02, 0xbe, 0x04, 0x74, 0x02,
 0xc4, 0x05, 0x16, 0x1a, 0x8e, 0x04, 0x5c, 0x02,
 0x0c, 0x42, 0x0a, 0x01, 0x00, 0x00, 0x00, 0x00,
 0x02, 0x00, 0x04, 0x01, 0x0a, 0x00, 0xcc, 0x07,
 0x02, 0x18, 0x86, 0x05, 0x00, 0x02, 0xb2, 0x01,
 0x00, 0x01, 0xbe, 0x04, 0x01, 0x02, 0x0c, 0x60,
 0x0b, 0x01, 0x00, 0x01, 0x03, 0x00, 0x08, 0x00,
 0x04, 0x00, 0x9b, 0x01, 0x04, 0xde, 0x08, 0x00,
 0x01, 0x00, 0xde, 0x08, 0x01, 0xff, 0xff, 0xff,
 0xff, 0x0f, 0x20, 0xce, 0x06, 0x02, 0x00, 0x20,
 0xe0, 0x08, 0x02, 0x02, 0x20, 0xcc, 0x07, 0x00,
 0x1a, 0x86, 0x05, 0x01, 0x02, 0xb2, 0x01, 0x02,
 0x02, 0xbe, 0x04, 0x03, 0x02, 0x60, 0x00, 0x00,
 0xd1, 0x11, 0xf2, 0xea, 0x0b, 0x0e, 0x64, 0x00,
 0x00, 0x40, 0xc1, 0x01, 0x00, 0x00, 0xd9, 0xc9,
 0x60, 0x02, 0x00, 0x60, 0x01, 0x00, 0x06, 0xca,
 0xb4, 0xcb, 0xde, 0xdf, 0x64, 0x00, 0x00, 0x61,
 0x02, 0x00, 0x38, 0x9e, 0x00, 0x00, 0x00, 0x41,
 0x31, 0x02, 0x00, 0x00, 0xd1, 0x61, 0x02, 0x00,
 0x9d, 0x64, 0x00, 0x00, 0x40, 0xc1, 0x01, 0x00,
 0x00, 0x24, 0x02, 0x00, 0x22, 0x04, 0x00, 0x8a,
 0x11, 0x62, 0x01, 0x00, 0xb4, 0xa6, 0xeb, 0x22,
 0x61, 0x02, 0x00, 0x61, 0x01, 0x00, 0x9c, 0x11,
 0x62, 0x02, 0x00, 0x0e, 0x61, 0x02, 0x00, 0xd1,
 0xa5, 0x11, 0xea, 0x0c, 0x0e, 0xd1, 0x64, 0x00,
 0x00, 0x40, 0xc1, 0x01, 0x00, 0x00, 0xa5, 0xeb,
 0xb2, 0x61, 0x01, 0x00, 0xb4, 0xa6, 0xea, 0x0d,
 0xe0, 0xdf, 0xef, 0x0e, 0x0b, 0x0a, 0x4b, 0x6a,
 0x00, 0x00, 0x00, 0x2f, 0x0b, 0x09, 0x4b, 0x6a,
 0x00, 0x00, 0x00, 0x64, 0x00, 0x00, 0x41, 0xf8,
 0x01, 0x00, 0x00, 0xb4, 0x61, 0x02, 0x00, 0x24,
 0x02, 0x00, 0x4b, 0x41, 0x00, 0x00, 0x00, 0x2f,
 0xca, 0x03, 0x8a, 0x07, 0x07, 0x1b, 0x00, 0x1e,
 0x0a, 0x32, 0x57, 0x3e, 0x07, 0x16, 0x75, 0x3e,
 0x18, 0xbb, 0x01, 0x4e, 0x22, 0x25, 0x2e, 0x4a,
 0x3f, 0x17, 0x0f, 0x07, 0x14, 0x00, 0x1a, 0x08,
 0x2a, 0xd8, 0x03, 0x61, 0x73, 0x79, 0x6e, 0x63,
 0x20, 0x6e, 0x65, 0x78, 0x74, 0x28, 0x6e, 0x75,
 0x6d, 0x42, 0x79, 0x74, 0x65, 0x73, 0x20, 0x3d,
 0x20, 0x62, 0x75, 0x66, 0x2e, 0x62, 0x79, 0x74,
 0x65, 0x4c, 0x65, 0x6e, 0x67, 0x74, 0x68, 0x29,
 0x20, 0x7b, 0x0a, 0x20, 0x20, 0x20, 0x20, 0x20,
 0x20, 0x20, 0x20, 0x6c, 0x65, 0x74, 0x20, 0x72,
 0x65, 0x74, 0x3b, 0x0a, 0x20, 0x20, 0x20, 0x20,
 0x20, 0x20, 0x20, 0x20, 0x6c, 0x65, 0x74, 0x20,
 0x72, 0x65, 0x63, 0x65, 0x69, 0x76, 0x65, 0x64,
 0x20, 0x3d, 0x20, 0x30, 0x3b, 0x0a, 0x0a, 0x20,
 0x20, 0x20, 0x20, 0x20, 0x20, 0x20, 0x20, 0x64,
 0x6f, 0x20, 0x7b, 0x0a, 0x20, 0x20, 0x20, 0x20,
 0x20, 0x20, 0x20, 0x20, 0x20, 0x20, 0x69, 0x66,
 0x28, 0x28, 0x72, 0x65, 0x74, 0x20, 0x3d, 0x20,
 0x61, 0x77, 0x61, 0x69, 0x74, 0x20, 0x72, 0x65,
 0x61, 0x64, 0x28, 0x69, 0x6e, 0x70, 0x75, 0x74,
 0x2c, 0x20, 0x62, 0x75, 0x66, 0x2c, 0x20, 0x72,
 0x65, 0x63, 0x65, 0x69, 0x76, 0x65, 0x64, 0x2c,
 0x20, 0x4d, 0x61, 0x74, 0x68, 0x2e, 0x6d, 0x69,
 0x6e, 0x28, 0x6e, 0x75, 0x6d, 0x42, 0x79, 0x74,
 0x65, 0x73, 0x20, 0x2d, 0x20, 0x72, 0x65, 0x63,
 0x65, 0x69, 0x76, 0x65, 0x64, 0x2c, 0x20, 0x62,
 0x75, 0x66, 0x2e, 0x62, 0x79, 0x74, 0x65, 0x4c,
 0x65, 0x6e, 0x67, 0x74, 0x68, 0x29, 0x29, 0x29,
 0x20, 0x3c, 0x3d, 0x20, 0x30, 0x29, 0x20, 0x62,
 0x72, 0x65, 0x61, 0x6b, 0x3b, 0x0a, 0x0a, 0x20,
 0x20, 0x20, 0x20, 0x20, 0x20, 0x20, 0x20, 0x20,
 0x20, 0x72, 0x65, 0x63, 0x65, 0x69, 0x76, 0x65,
 0x64, 0x20, 0x2b, 0x3d, 0x20, 0x72, 0x65, 0x74,
 0x3b, 0x0a, 0x20, 0x20, 0x20, 0x20, 0x20, 0x20,
 0x20, 0x20, 0x7d, 0x20, 0x77, 0x68, 0x69, 0x6c,
 0x65, 0x28, 0x72, 0x65, 0x63, 0x65, 0x69, 0x76,
 0x65, 0x64, 0x20, 0x3c, 0x20, 0x6e, 0x75, 0x6d,
 0x42, 0x79, 0x74, 0x65, 0x73, 0x20, 0x26, 0x26,
 0x20, 0x6e, 0x75, 0x6d, 0x42, 0x79, 0x74, 0x65,
 0x73, 0x20, 0x3c, 0x20, 0x62, 0x75, 0x66, 0x2e,
 0x62, 0x79, 0x74, 0x65, 0x4c, 0x65, 0x6e, 0x67,
 0x74, 0x68, 0x29, 0x3b, 0x0a, 0x0a, 0x20, 0x20,
 0x20, 0x20, 0x20, 0x20, 0x20, 0x20, 0x69, 0x66,
 0x28, 0x72, 0x65, 0x74, 0x20, 0x3c, 0x3d, 0x20,
 0x30, 0x29, 0x20, 0x7b, 0x0a, 0x20, 0x20, 0x20,
 0x20, 0x20, 0x20, 0x20, 0x20, 0x20, 0x20, 0x63,
 0x6c, 0x6f, 0x73, 0x65, 0x53, 0x79, 0x6e, 0x63,
 0x28, 0x69, 0x6e, 0x70, 0x75, 0x74, 0x29, 0x3b,
 0x0a, 0x20, 0x20, 0x20, 0x20, 0x20, 0x20, 0x20,
 0x20, 0x20, 0x20, 0x72, 0x65, 0x74, 0x75, 0x72,
 0x6e, 0x20, 0x7b, 0x20, 0x64, 0x6f, 0x6e, 0x65,
 0x3a, 0x20, 0x74, 0x72, 0x75, 0x65, 0x20, 0x7d,
 0x3b, 0x0a, 0x20, 0x20, 0x20, 0x20, 0x20, 0x20,
 0x20, 0x20, 0x7d, 0x0a, 0x0a, 0x20, 0x20, 0x20,
 0x20, 0x20, 0x20, 0x20, 0x20, 0x72, 0x65, 0x74,
 0x75, 0x72, 0x6e, 0x20, 0x7b, 0x20, 0x64, 0x6f,
 0x6e, 0x65, 0x3a, 0x20, 0x66, 0x61, 0x6c, 0x73,
 0x65, 0x2c, 0x20, 0x76, 0x61, 0x6c, 0x75, 0x65,
 0x3a, 0x20, 0x62, 0x75, 0x66, 0x2e, 0x73, 0x6c,
 0x69, 0x63, 0x65, 0x28, 0x30, 0x2c, 0x20, 0x72,
 0x65, 0x63, 0x65, 0x69, 0x76, 0x65, 0x64, 0x29,
 0x20, 0x7d, 0x3b, 0x0a, 0x20, 0x20, 0x20, 0x20,
 0x20, 0x20, 0x7d, 0x0b, 0xbf, 0x00, 0x53, 0x6b,
 0x00, 0x00, 0x00, 0x04, 0x28, 0xca, 0x03, 0x89,
 0x07, 0x1d, 0x00, 0xef, 0x03, 0x28, 0x29, 0x20,
 0x3d, 0x3e, 0x20, 0x28, 0x7b, 0x0a, 0x20, 0x20,
 0x20, 0x20, 0x20, 0x20, 0x61, 0x73, 0x79, 0x6e,
 0x63, 0x20, 0x6e, 0x65, 0x78, 0x74, 0x28, 0x6e,
 0x75, 0x6d, 0x42, 0x79, 0x74, 0x65, 0x73, 0x20,
 0x3d, 0x20, 0x62, 0x75, 0x66, 0x2e, 0x62, 0x79,
 0x74, 0x65, 0x4c, 0x65, 0x6e, 0x67, 0x74, 0x68,
 0x29, 0x20, 0x7b, 0x0a, 0x20, 0x20, 0x20, 0x20,
 0x20, 0x20, 0x20, 0x20, 0x6c, 0x65, 0x74, 0x20,
 0x72, 0x65, 0x74, 0x3b, 0x0a, 0x20, 0x20, 0x20,
 0x20, 0x20, 0x20, 0x20, 0x20, 0x6c, 0x65, 0x74,
 0x20, 0x72, 0x65, 0x63, 0x65, 0x69, 0x76, 0x65,
 0x64, 0x20, 0x3d, 0x20, 0x30, 0x3b, 0x0a, 0x0a,
 0x20, 0x20, 0x20, 0x20, 0x20, 0x20, 0x20, 0x20,
 0x64, 0x6f, 0x20, 0x7b, 0x0a, 0x20, 0x20, 0x20,
 0x20, 0x20, 0x20, 0x20, 0x20, 0x20, 0x20, 0x69,
 0x66, 0x28, 0x28, 0x72, 0x65, 0x74, 0x20, 0x3d,
 0x20, 0x61, 0x77, 0x61, 0x69, 0x74, 0x20, 0x72,
 0x65, 0x61, 0x64, 0x28, 0x69, 0x6e, 0x70, 0x75,
 0x74, 0x2c, 0x20, 0x62, 0x75, 0x66, 0x2c, 0x20,
 0x72, 0x65, 0x63, 0x65, 0x69, 0x76, 0x65, 0x64,
 0x2c, 0x20, 0x4d, 0x61, 0x74, 0x68, 0x2e, 0x6d,
 0x69, 0x6e, 0x28, 0x6e, 0x75, 0x6d, 0x42, 0x79,
 0x74, 0x65, 0x73, 0x20, 0x2d, 0x20, 0x72, 0x65,
 0x63, 0x65, 0x69, 0x76, 0x65, 0x64, 0x2c, 0x20,
 0x62, 0x75, 0x66, 0x2e, 0x62, 0x79, 0x74, 0x65,
 0x4c, 0x65, 0x6e, 0x67, 0x74, 0x68, 0x29, 0x29,
 0x29, 0x20, 0x3c, 0x3d, 0x20, 0x30, 0x29, 0x20,
 0x62, 0x72, 0x65, 0x61, 0x6b, 0x3b, 0x0a, 0x0a,
 0x20, 0x20, 0x20, 0x20, 0x20, 0x20, 0x20, 0x20,
 0x20, 0x20, 0x72, 0x65, 0x63, 0x65, 0x69, 0x76,
 0x65, 0x64, 0x20, 0x2b, 0x3d, 0x20, 0x72, 0x65,
 0x74, 0x3b, 0x0a, 0x20, 0x20, 0x20, 0x20, 0x20,
 0x20, 0x20, 0x20, 0x7d, 0x20, 0x77, 0x68, 0x69,
 0x6c, 0x65, 0x28, 0x72, 0x65, 0x63, 0x65, 0x69,
 0x76, 0x65, 0x64, 0x20, 0x3c, 0x20, 0x6e, 0x75,
 0x6d, 0x42, 0x79, 0x74, 0x65, 0x73, 0x20, 0x26,
 0x26, 0x20, 0x6e, 0x75, 0x6d, 0x42, 0x79, 0x74,
 0x65, 0x73, 0x20, 0x3c, 0x20, 0x62, 0x75, 0x66,
 0x2e, 0x62, 0x79, 0x74, 0x65, 0x4c, 0x65, 0x6e,
 0x67, 0x74, 0x68, 0x29, 0x3b, 0x0a, 0x0a, 0x20,
 0x20, 0x20, 0x20, 0x20, 0x20, 0x20, 0x20, 0x69,
 0x66, 0x28, 0x72, 0x65, 0x74, 0x20, 0x3c, 0x3d,
 0x20, 0x30, 0x29, 0x20, 0x7b, 0x0a, 0x20, 0x20,
 0x20, 0x20, 0x20, 0x20, 0x20, 0x20, 0x20, 0x20,
 0x63, 0x6c, 0x6f, 0x73, 0x65, 0x53, 0x79, 0x6e,
 0x63, 0x28, 0x69, 0x6e, 0x70, 0x75, 0x74, 0x29,
 0x3b, 0x0a, 0x20, 0x20, 0x20, 0x20, 0x20, 0x20,
 0x20, 0x20, 0x20, 0x20, 0x72, 0x65, 0x74, 0x75,
 0x72, 0x6e, 0x20, 0x7b, 0x20, 0x64, 0x6f, 0x6e,
 0x65, 0x3a, 0x20, 0x74, 0x72, 0x75, 0x65, 0x20,
 0x7d, 0x3b, 0x0a, 0x20, 0x20, 0x20, 0x20, 0x20,
 0x20, 0x20, 0x20, 0x7d, 0x0a, 0x0a, 0x20, 0x20,
 0x20, 0x20, 0x20, 0x20, 0x20, 0x20, 0x72, 0x65,
 0x74, 0x75, 0x72, 0x6e, 0x20, 0x7b, 0x20, 0x64,
 0x6f, 0x6e, 0x65, 0x3a, 0x20, 0x66, 0x61, 0x6c,
 0x73, 0x65, 0x2c, 0x20, 0x76, 0x61, 0x6c, 0x75,
 0x65, 0x3a, 0x20, 0x62, 0x75, 0x66, 0x2e, 0x73,
 0x6c, 0x69, 0x63, 0x65, 0x28, 0x30, 0x2c, 0x20,
 0x72, 0x65, 0x63, 0x65, 0x69, 0x76, 0x65, 0x64,
 0x29, 0x20, 0x7d, 0x3b, 0x0a, 0x20, 0x20, 0x20,
 0x20, 0x20, 0x20, 0x7d, 0x2c, 0x0a, 0x20, 0x20,
 0x20, 0x20, 0x7d, 0x29, 0x60, 0x01, 0x00, 0x60,
 0x00, 0x00, 0xd1, 0xc9, 0xd2, 0x11, 0xf2, 0xea,
 0x06, 0x0e, 0xbd, 0x00, 0x04, 0xda, 0xca, 0x60,
 0x03, 0x00, 0x60, 0x02, 0x00, 0x64, 0x02, 0x00,
 0xd2, 0xef, 0xea, 0x06, 0xe0, 0xd2, 0xef, 0xec,
 0x02, 0xd2, 0xcb, 0x06, 0xcc, 0x0b, 0x38, 0x9c,
 0x00, 0x00, 0x00, 0x40, 0x32, 0x02, 0x00, 0x00,
 0xbf, 0x00, 0x4d, 0x50, 0x0e, 0x28, 0xca, 0x03,
 0x84, 0x07, 0x08, 0x04, 0x8f, 0x20, 0x1b, 0x34,
 0xb0, 0x05, 0x66, 0x75, 0x6e, 0x63, 0x74, 0x69,
 0x6f, 0x6e, 0x20, 0x72, 0x65, 0x61, 0x64, 0x65,
 0x72, 0x28, 0x69, 0x6e, 0x70, 0x75, 0x74, 0x2c,
 0x20, 0x62, 0x75, 0x66, 0x66, 0x65, 0x72, 0x4f,
 0x72, 0x42, 0x75, 0x66, 0x53, 0x69, 0x7a, 0x65,
 0x20, 0x3d, 0x20, 0x31, 0x30, 0x32, 0x34, 0x29,
 0x20, 0x7b, 0x0a, 0x20, 0x20, 0x63, 0x6f, 0x6e,
 0x73, 0x74, 0x20, 0x62, 0x75, 0x66, 0x20, 0x3d,
 0x20, 0x69, 0x73, 0x4e, 0x75, 0x6d, 0x62, 0x65,
 0x72, 0x28, 0x62, 0x75, 0x66, 0x66, 0x65, 0x72,
 0x4f, 0x72, 0x42, 0x75, 0x66, 0x53, 0x69, 0x7a,
 0x65, 0x29, 0x20, 0x3f, 0x20, 0x62, 0x75, 0x66,
 0x66, 0x65, 0x72, 0x28, 0x62, 0x75, 0x66, 0x66,
 0x65, 0x72, 0x4f, 0x72, 0x42, 0x75, 0x66, 0x53,
 0x69, 0x7a, 0x65, 0x29, 0x20, 0x3a, 0x20, 0x62,
 0x75, 0x66, 0x66, 0x65, 0x72, 0x4f, 0x72, 0x42,
 0x75, 0x66, 0x53, 0x69, 0x7a, 0x65, 0x3b, 0x0a,
 0x20, 0x20, 0x6c, 0x65, 0x74, 0x20, 0x72, 0x65,
 0x74, 0x3b, 0x0a, 0x0a, 0x20, 0x20, 0x72, 0x65,
 0x74, 0x75, 0x72, 0x6e, 0x20, 0x7b, 0x0a, 0x20,
 0x20, 0x20, 0x20, 0x5b, 0x53, 0x79, 0x6d, 0x62,
 0x6f, 0x6c, 0x2e, 0x61, 0x73, 0x79, 0x6e, 0x63,
 0x49, 0x74, 0x65, 0x72, 0x61, 0x74, 0x6f, 0x72,
 0x5d, 0x3a, 0x20, 0x28, 0x29, 0x20, 0x3d, 0x3e,
 0x20, 0x28, 0x7b, 0x0a, 0x20, 0x20, 0x20, 0x20,
 0x20, 0x20, 0x61, 0x73, 0x79, 0x6e, 0x63, 0x20,
 0x6e, 0x65, 0x78, 0x74, 0x28, 0x6e, 0x75, 0x6d,
 0x42, 0x79, 0x74, 0x65, 0x73, 0x20, 0x3d, 0x20,
 0x62, 0x75, 0x66, 0x2e, 0x62, 0x79, 0x74, 0x65,
 0x4c, 0x65, 0x6e, 0x67, 0x74, 0x68, 0x29, 0x20,
 0x7b, 0x0a, 0x20, 0x20, 0x20, 0x20, 0x20, 0x20,
 0x20, 0x20, 0x6c, 0x65, 0x74, 0x20, 0x72, 0x65,
 0x74, 0x3b, 0x0a, 0x20, 0x20, 0x20, 0x20, 0x20,
 0x20, 0x20, 0x20, 0x6c, 0x65, 0x74, 0x20, 0x72,
 0x65, 0x63, 0x65, 0x69, 0x76, 0x65, 0x64, 0x20,
 0x3d, 0x20, 0x30, 0x3b, 0x0a, 0x0a, 0x20, 0x20,
 0x20, 0x20, 0x20, 0x20, 0x20, 0x20, 0x64, 0x6f,
 0x20, 0x7b, 0x0a, 0x20, 0x20, 0x20, 0x20, 0x20,
 0x20, 0x20, 0x20, 0x20, 0x20, 0x69, 0x66, 0x28,
 0x28, 0x72, 0x65, 0x74, 0x20, 0x3d, 0x20, 0x61,
 0x77, 0x61, 0x69, 0x74, 0x20, 0x72, 0x65, 0x61,
 0x64, 0x28, 0x69, 0x6e, 0x70, 0x75, 0x74, 0x2c,
 0x20, 0x62, 0x75, 0x66, 0x2c, 0x20, 0x72, 0x65,
 0x63, 0x65, 0x69, 0x76, 0x65, 0x64, 0x2c, 0x20,
 0x4d, 0x61, 0x74, 0x68, 0x2e, 0x6d, 0x69, 0x6e,
 0x28, 0x6e, 0x75, 0x6d, 0x42, 0x79, 0x74, 0x65,
 0x73, 0x20, 0x2d, 0x20, 0x72, 0x65, 0x63, 0x65,
 0x69, 0x76, 0x65, 0x64, 0x2c, 0x20, 0x62, 0x75,
 0x66, 0x2e, 0x62, 0x79, 0x74, 0x65, 0x4c, 0x65,
 0x6e, 0x67, 0x74, 0x68, 0x29, 0x29, 0x29, 0x20,
 0x3c, 0x3d, 0x20, 0x30, 0x29, 0x20, 0x62, 0x72,
 0x65, 0x61, 0x6b, 0x3b, 0x0a, 0x0a, 0x20, 0x20,
 0x20, 0x20, 0x20, 0x20, 0x20, 0x20, 0x20, 0x20,
 0x72, 0x65, 0x63, 0x65, 0x69, 0x76, 0x65, 0x64,
 0x20, 0x2b, 0x3d, 0x20, 0x72, 0x65, 0x74, 0x3b,
 0x0a, 0x20, 0x20, 0x20, 0x20, 0x20, 0x20, 0x20,
 0x20, 0x7d, 0x20, 0x77, 0x68, 0x69, 0x6c, 0x65,
 0x28, 0x72, 0x65, 0x63, 0x65, 0x69, 0x76, 0x65,
 0x64, 0x20, 0x3c, 0x20, 0x6e, 0x75, 0x6d, 0x42,
 0x79, 0x74, 0x65, 0x73, 0x20, 0x26, 0x26, 0x20,
 0x6e, 0x75, 0x6d, 0x42, 0x79, 0x74, 0x65, 0x73,
 0x20, 0x3c, 0x20, 0x62, 0x75, 0x66, 0x2e, 0x62,
 0x79, 0x74, 0x65, 0x4c, 0x65, 0x6e, 0x67, 0x74,
 0x68, 0x29, 0x3b, 0x0a, 0x0a, 0x20, 0x20, 0x20,
 0x20, 0x20, 0x20, 0x20, 0x20, 0x69, 0x66, 0x28,
 0x72, 0x65, 0x74, 0x20, 0x3c, 0x3d, 0x20, 0x30,
 0x29, 0x20, 0x7b, 0x0a, 0x20, 0x20, 0x20, 0x20,
 0x20, 0x20, 0x20, 0x20, 0x20, 0x20, 0x63, 0x6c,
 0x6f, 0x73, 0x65, 0x53, 0x79, 0x6e, 0x63, 0x28,
 0x69, 0x6e, 0x70, 0x75, 0x74, 0x29, 0x3b, 0x0a,
 0x20, 0x20, 0x20, 0x20, 0x20, 0x20, 0x20, 0x20,
 0x20, 0x20, 0x72, 0x65, 0x74, 0x75, 0x72, 0x6e,
 0x20, 0x7b, 0x20, 0x64, 0x6f, 0x6e, 0x65, 0x3a,
 0x20, 0x74, 0x72, 0x75, 0x65, 0x20, 0x7d, 0x3b,
 0x0a, 0x20, 0x20, 0x20, 0x20, 0x20, 0x20, 0x20,
 0x20, 0x7d, 0x0a, 0x0a, 0x20, 0x20, 0x20, 0x20,
 0x20, 0x20, 0x20, 0x20, 0x72, 0x65, 0x74, 0x75,
 0x72, 0x6e, 0x20, 0x7b, 0x20, 0x64, 0x6f, 0x6e,
 0x65, 0x3a, 0x20, 0x66, 0x61, 0x6c, 0x73, 0x65,
 0x2c, 0x20, 0x76, 0x61, 0x6c, 0x75, 0x65, 0x3a,
 0x20, 0x62, 0x75, 0x66, 0x2e, 0x73, 0x6c, 0x69,
 0x63, 0x65, 0x28, 0x30, 0x2c, 0x20, 0x72, 0x65,
 0x63, 0x65, 0x69, 0x76, 0x65, 0x64, 0x29, 0x20,
 0x7d, 0x3b, 0x0a, 0x20, 0x20, 0x20, 0x20, 0x20,
 0x20, 0x7d, 0x2c, 0x0a, 0x20, 0x20, 0x20, 0x20,
 0x7d, 0x29, 0x2c, 0x0a, 0x20, 0x20, 0x7d, 0x3b,
 0x0a, 0x7d, 0x0c, 0x50, 0x0a, 0x01, 0xf2, 0x04,
 0x02, 0x04, 0x01, 0x05, 0x00, 0x04, 0x00, 0x5d,
 0x06, 0xb2, 0x01, 0x00, 0x01, 0x00, 0xdc, 0x08,
 0x00, 0x01, 0x00, 0xb2, 0x01, 0x01, 0xff, 0xff,
 0xff, 0xff, 0x0f, 0x20, 0xdc, 0x08, 0x01, 0x01,
 0x20, 0xcc, 0x07, 0x02, 0x00, 0x30, 0xce, 0x06,
 0x02, 0x03, 0x20, 0xc4, 0x05, 0x16, 0x1a, 0x8e,
 0x04, 0x5c, 0x02, 0xcc, 0x04, 0x7b, 0x02, 0xbe,
 0x04, 0x74, 0x02, 0x60, 0x01, 0x00, 0x60, 0x00,
 0x00, 0xd1, 0xc9, 0xd2, 0x11, 0xf2, 0xea, 0x06,
 0x0e, 0xbd, 0x00, 0x04, 0xda, 0xca, 0x86, 0x60,
 0x03, 0x00, 0x60, 0x02, 0x00, 0x64, 0x00, 0x00,
 0xd2, 0xef, 0xea, 0x06, 0xde, 0xd2, 0xef, 0xec,
 0x02, 0xd2, 0xcb, 0x06, 0xcc, 0xdf, 0xd1, 0x61,
 0x02, 0x00, 0xb4, 0x61, 0x02, 0x00, 0x40, 0xc1,
 0x01, 0x00, 0x00, 0x22, 0x04, 0x00, 0x11, 0x62,
 0x03, 0x00, 0xb4, 0xa7, 0xea, 0x17, 0x61, 0x02,
 0x00, 0x41, 0xf8, 0x01, 0x00, 0x00, 0xb4, 0x61,
 0x03, 0x00, 0x24, 0x02, 0x00, 0x87, 0xea, 0x02,
 0x2f, 0x0e, 0xec, 0xd2, 0xe0, 0xd1, 0xef, 0x2f,
 0xca, 0x03, 0x9f, 0x07, 0x08, 0x0e, 0x94, 0x20,
 0x1b, 0x34, 0x32, 0x31, 0x66, 0x44, 0x16, 0x06,
 0x2a, 0x14, 0x4f, 0x67, 0x8a, 0x02, 0x66, 0x75,
 0x6e, 0x63, 0x74, 0x69, 0x6f, 0x6e, 0x2a, 0x20,
 0x72, 0x65, 0x61, 0x64, 0x65, 0x72, 0x53, 0x79,
 0x6e, 0x63, 0x28, 0x69, 0x6e, 0x70, 0x75, 0x74,
 0x2c, 0x20, 0x62, 0x75, 0x66, 0x66, 0x65, 0x72,
 0x4f, 0x72, 0x42, 0x75, 0x66, 0x53, 0x69, 0x7a,
 0x65, 0x20, 0x3d, 0x20, 0x31, 0x30, 0x32, 0x34,
 0x29, 0x20, 0x7b, 0x0a, 0x20, 0x20, 0x63, 0x6f,
 0x6e, 0x73, 0x74, 0x20, 0x62, 0x75, 0x66, 0x20,
 0x3d, 0x20, 0x69, 0x73, 0x4e, 0x75, 0x6d, 0x62,
 0x65, 0x72, 0x28, 0x62, 0x75, 0x66, 0x66, 0x65,
 0x72, 0x4f, 0x72, 0x42, 0x75, 0x66, 0x53, 0x69,
 0x7a, 0x65, 0x29, 0x20, 0x3f, 0x20, 0x62, 0x75,
 0x66, 0x66, 0x65, 0x72, 0x28, 0x62, 0x75, 0x66,
 0x66, 0x65, 0x72, 0x4f, 0x72, 0x42, 0x75, 0x66,
 0x53, 0x69, 0x7a, 0x65, 0x29, 0x20, 0x3a, 0x20,
 0x62, 0x75, 0x66, 0x66, 0x65, 0x72, 0x4f, 0x72,
 0x42, 0x75, 0x66, 0x53, 0x69, 0x7a, 0x65, 0x3b,
 0x0a, 0x20, 0x20, 0x6c, 0x65, 0x74, 0x20, 0x72,
 0x65, 0x74, 0x3b, 0x0a, 0x0a, 0x20, 0x20, 0x77,
 0x68, 0x69, 0x6c, 0x65, 0x28, 0x28, 0x72, 0x65,
 0x74, 0x20, 0x3d, 0x20, 0x72, 0x65, 0x61, 0x64,
 0x53, 0x79, 0x6e, 0x63, 0x28, 0x69, 0x6e, 0x70,
 0x75, 0x74, 0x2c, 0x20, 0x62, 0x75, 0x66, 0x2c,
 0x20, 0x30, 0x2c, 0x20, 0x62, 0x75, 0x66, 0x2e,
 0x62, 0x79, 0x74, 0x65, 0x4c, 0x65, 0x6e, 0x67,
 0x74, 0x68, 0x29, 0x29, 0x20, 0x3e, 0x20, 0x30,
 0x29, 0x20, 0x79, 0x69, 0x65, 0x6c, 0x64, 0x20,
 0x62, 0x75, 0x66, 0x2e, 0x73, 0x6c, 0x69, 0x63,
 0x65, 0x28, 0x30, 0x2c, 0x20, 0x72, 0x65, 0x74,
 0x29, 0x3b, 0x0a, 0x0a, 0x20, 0x20, 0x72, 0x65,
 0x74, 0x75, 0x72, 0x6e, 0x20, 0x63, 0x6c, 0x6f,
 0x73, 0x65, 0x53, 0x79, 0x6e, 0x63, 0x28, 0x69,
 0x6e, 0x70, 0x75, 0x74, 0x29, 0x3b, 0x0a, 0x7d,
 0x0c, 0x41, 0x0a, 0x01, 0xf4, 0x04, 0x02, 0x04,
 0x01, 0x06, 0x00, 0x02, 0x00, 0x3d, 0x06, 0xb2,
 0x01, 0x00, 0x01, 0x00, 0xe6, 0x08, 0x00, 0x01,
 0x00, 0xb2, 0x01, 0x01, 0xff, 0xff, 0xff, 0xff,
 0x0f, 0x20, 0xe6, 0x08, 0x01, 0x01, 0x20, 0xe6,
 0x07, 0x02, 0x00, 0x20, 0xca, 0x07, 0x03, 0x03,
 0x30, 0xf2, 0x04, 0x8e, 0x01, 0x02, 0x70, 0x1e,
 0x1a, 0x60, 0x01, 0x00, 0x60, 0x00, 0x00, 0xd1,
 0xc9, 0xd2, 0x11, 0xf2, 0xea, 0x06, 0x0e, 0xbd,
 0x00, 0x04, 0xda, 0xca, 0x60, 0x02, 0x00, 0xc0,
 0xcb, 0x60, 0x03, 0x00, 0xdd, 0xd1, 0xd2, 0xf0,
 0x7d, 0xec, 0x12, 0xcc, 0x61, 0x02, 0x00, 0x64,
 0x01, 0x00, 0x61, 0x03, 0x00, 0xef, 0x9c, 0x11,
 0x62, 0x02, 0x00, 0x0e, 0x80, 0x00, 0xea, 0xec,
 0x0e, 0x83, 0x61, 0x02, 0x00, 0x28, 0xca, 0x03,
 0xa8, 0x07, 0x08, 0x06, 0x90, 0x32, 0x25, 0x22,
 0x20, 0x1c, 0x90, 0x01, 0x66, 0x75, 0x6e, 0x63,
 0x74, 0x69, 0x6f, 0x6e, 0x20, 0x72, 0x65, 0x61,
 0x64, 0x41, 0x6c, 0x6c, 0x53, 0x79, 0x6e, 0x63,
 0x28, 0x69, 0x6e, 0x70, 0x75, 0x74, 0x2c, 0x20,
 0x62, 0x75, 0x66, 0x53, 0x69, 0x7a, 0x65, 0x20,
 0x3d, 0x20, 0x31, 0x30, 0x32, 0x34, 0x29, 0x20,
 0x7b, 0x0a, 0x20, 0x20, 0x6c, 0x65, 0x74, 0x20,
 0x73, 0x20, 0x3d, 0x20, 0x27, 0x27, 0x3b, 0x0a,
 0x20, 0x20, 0x66, 0x6f, 0x72, 0x28, 0x63, 0x6f,
 0x6e, 0x73, 0x74, 0x20, 0x63, 0x68, 0x75, 0x6e,
 0x6b, 0x20, 0x6f, 0x66, 0x20, 0x72, 0x65, 0x61,
 0x64, 0x65, 0x72, 0x53, 0x79, 0x6e, 0x63, 0x28,
 0x69, 0x6e, 0x70, 0x75, 0x74, 0x2c, 0x20, 0x62,
 0x75, 0x66, 0x53, 0x69, 0x7a, 0x65, 0x29, 0x29,
 0x20, 0x73, 0x20, 0x2b, 0x3d, 0x20, 0x74, 0x6f,
 0x53, 0x74, 0x72, 0x69, 0x6e, 0x67, 0x28, 0x63,
 0x68, 0x75, 0x6e, 0x6b, 0x29, 0x3b, 0x0a, 0x20,
 0x20, 0x72, 0x65, 0x74, 0x75, 0x72, 0x6e, 0x20,
 0x73, 0x3b, 0x0a, 0x7d, 0x0c, 0x41, 0x0a, 0x01,
 0xf6, 0x04, 0x04, 0x05, 0x02, 0x0a, 0x00, 0x01,
 0x00, 0x89, 0x01, 0x09, 0xb2, 0x01, 0x00, 0x01,
 0x00, 0xcc, 0x07, 0x00, 0x01, 0x00, 0xe8, 0x08,
 0x00, 0x01, 0x00, 0xbe, 0x07, 0x00, 0x01, 0x00,
 0xb2, 0x01, 0x01, 0xff, 0xff, 0xff, 0xff, 0x0f,
 0x20, 0xcc, 0x07, 0x01, 0x01, 0x20, 0xe8, 0x08,
 0x01, 0x02, 0x20, 0xbe, 0x07, 0x01, 0x03, 0x20,
 0xf6, 0x06, 0x03, 0x00, 0x20, 0xcc, 0x04, 0x7b,
 0x02, 0x60, 0x03, 0x00, 0x60, 0x02, 0x00, 0x60,
 0x01, 0x00, 0x60, 0x00, 0x00, 0xd1, 0xc9, 0xd2,
 0xca, 0xd3, 0x11, 0xf2, 0xea, 0x04, 0x0e, 0xb4,
 0xdb, 0xcb, 0xd4, 0xcc, 0xd4, 0x11, 0xaf, 0xea,
 0x09, 0x0e, 0xd2, 0x40, 0xc1, 0x01, 0x00, 0x00,
 0xdc, 0x0e, 0xd3, 0xd4, 0xa5, 0xea, 0x5a, 0x60,
 0x04, 0x00, 0xdd, 0xd1, 0xd2, 0xd3, 0xd4, 0xd3,
 0x9d, 0x22, 0x04, 0x00, 0xc2, 0x04, 0x61, 0x04,
 0x00, 0xb4, 0xa6, 0xea, 0x3c, 0x38, 0x98, 0x00,
 0x00, 0x00, 0x11, 0x04, 0x35, 0x02, 0x00, 0x00,
 0x41, 0x5d, 0x00, 0x00, 0x00, 0x61, 0x04, 0x00,
 0xb4, 0xa5, 0xea, 0x08, 0x04, 0x51, 0x01, 0x00,
 0x00, 0xec, 0x06, 0x04, 0x36, 0x02, 0x00, 0x00,
 0x04, 0xfb, 0x01, 0x00, 0x00, 0xd3, 0x04, 0x37,
 0x02, 0x00, 0x00, 0xd4, 0x04, 0x38, 0x02, 0x00,
 0x00, 0x24, 0x06, 0x00, 0x21, 0x01, 0x00, 0x28,
 0xd3, 0x61, 0x04, 0x00, 0x9c, 0xd7, 0xec, 0xa3,
 0xd3, 0x28, 0xca, 0x03, 0xae, 0x07, 0x08, 0x10,
 0x8a, 0x09, 0x4f, 0x1c, 0x2b, 0x0a, 0x16, 0x2e,
 0x36, 0x3f, 0x16, 0x1c, 0x61, 0x26, 0xcc, 0x51,
 0xa1, 0x02, 0x66, 0x75, 0x6e, 0x63, 0x74, 0x69,
 0x6f, 0x6e, 0x20, 0x72, 0x65, 0x61, 0x64, 0x46,
 0x75, 0x6c, 0x6c, 0x79, 0x53, 0x79, 0x6e, 0x63,
 0x28, 0x69, 0x6e, 0x70, 0x75, 0x74, 0x2c, 0x20,
 0x62, 0x75, 0x66, 0x2c, 0x20, 0x73, 0x74, 0x61,
 0x72, 0x74, 0x20, 0x3d, 0x20, 0x30, 0x2c, 0x20,
 0x6e, 0x29, 0x20, 0x7b, 0x0a, 0x20, 0x20, 0x6e,
 0x20, 0x3f, 0x3f, 0x3d, 0x20, 0x62, 0x75, 0x66,
 0x2e, 0x62, 0x79, 0x74, 0x65, 0x4c, 0x65, 0x6e,
 0x67, 0x74, 0x68, 0x3b, 0x0a, 0x0a, 0x20, 0x20,
 0x77, 0x68, 0x69, 0x6c, 0x65, 0x28, 0x73, 0x74,
 0x61, 0x72, 0x74, 0x20, 0x3c, 0x20, 0x6e, 0x29,
 0x20, 0x7b, 0x0a, 0x20, 0x20, 0x20, 0x20, 0x6c,
 0x65, 0x74, 0x20, 0x72, 0x20, 0x3d, 0x20, 0x72,
 0x65, 0x61, 0x64, 0x53, 0x79, 0x6e, 0x63, 0x28,
 0x69, 0x6e, 0x70, 0x75, 0x74, 0x2c, 0x20, 0x62,
 0x75, 0x66, 0x2c, 0x20, 0x73, 0x74, 0x61, 0x72,
 0x74, 0x2c, 0x20, 0x6e, 0x20, 0x2d, 0x20, 0x73,
 0x74, 0x61, 0x72, 0x74, 0x29, 0x3b, 0x0a, 0x0a,
 0x20, 0x20, 0x20, 0x20, 0x69, 0x66, 0x28, 0x72,
 0x20, 0x3c, 0x3d, 0x20, 0x30, 0x29, 0x20, 0x72,
 0x65, 0x74, 0x75, 0x72, 0x6e, 0x20, 0x6e, 0x65,
 0x77, 0x20, 0x45, 0x72, 0x72, 0x6f, 0x72, 0x28,
 0x60, 0x69, 0x6e, 0x70, 0x75, 0x74, 0x20, 0x24,
 0x7b, 0x72, 0x20, 0x3c, 0x20, 0x30, 0x20, 0x3f,
 0x20, 0x27, 0x65, 0x72, 0x72, 0x6f, 0x72, 0x27,
 0x20, 0x3a, 0x20, 0x27, 0x63, 0x6c, 0x6f, 0x73,
 0x65, 0x64, 0x27, 0x7d, 0x20, 0x24, 0x7b, 0x73,
 0x74, 0x61, 0x72, 0x74, 0x7d, 0x20, 0x6f, 0x66,
 0x20, 0x24, 0x7b, 0x6e, 0x7d, 0x20, 0x62, 0x79,
 0x74, 0x65, 0x73, 0x20, 0x72, 0x65, 0x61, 0x64,
 0x60, 0x29, 0x3b, 0x0a, 0x0a, 0x20, 0x20, 0x20,
 0x20, 0x73, 0x74, 0x61, 0x72, 0x74, 0x20, 0x2b,
 0x3d, 0x20, 0x72, 0x3b, 0x0a, 0x20, 0x20, 0x7d,
 0x0a, 0x0a, 0x20, 0x20, 0x72, 0x65, 0x74, 0x75,
 0x72, 0x6e, 0x20, 0x73, 0x74, 0x61, 0x72, 0x74,
 0x3b, 0x0a, 0x7d, 0x0c, 0x60, 0x0a, 0x01, 0xf8,
 0x04, 0x04, 0x05, 0x02, 0x0a, 0x00, 0x01, 0x00,
 0x8a, 0x01, 0x09, 0xb2, 0x01, 0x00, 0x01, 0x00,
 0xcc, 0x07, 0x00, 0x01, 0x00, 0xe8, 0x08, 0x00,
 0x01, 0x00, 0xbe, 0x07, 0x00, 0x01, 0x00, 0xb2,
 0x01, 0x01, 0xff, 0xff, 0xff, 0xff, 0x0f, 0x20,
 0xcc, 0x07, 0x01, 0x01, 0x20, 0xe8, 0x08, 0x01,
 0x02, 0x20, 0xbe, 0x07, 0x01, 0x03, 0x20, 0xf6,
 0x06, 0x03, 0x00, 0x20, 0x86, 0x05, 0x98, 0x01,
 0x02, 0x60, 0x03, 0x00, 0x60, 0x02, 0x00, 0x60,
 0x01, 0x00, 0x60, 0x00, 0x00, 0xd1, 0xc9, 0xd2,
 0xca, 0xd3, 0x11, 0xf2, 0xea, 0x04, 0x0e, 0xb4,
 0xdb, 0xcb, 0xd4, 0xcc, 0xd4, 0x11, 0xaf, 0xea,
 0x09, 0x0e, 0xd2, 0x40, 0xc1, 0x01, 0x00, 0x00,
 0xdc, 0x0e, 0xd3, 0xd4, 0xa5, 0xea, 0x5b, 0x60,
 0x04, 0x00, 0xdd, 0xd1, 0xd2, 0xd3, 0xd4, 0xd3,
 0x9d, 0x22, 0x04, 0x00, 0x8a, 0xc2, 0x04, 0x61,
 0x04, 0x00, 0xb4, 0xa6, 0xea, 0x3c, 0x38, 0x98,
 0x00, 0x00, 0x00, 0x11, 0x04, 0x35, 0x02, 0x00,
 0x00, 0x41, 0x5d, 0x00, 0x00, 0x00, 0x61, 0x04,
 0x00, 0xb4, 0xa5, 0xea, 0x08, 0x04, 0x51, 0x01,
 0x00, 0x00, 0xec, 0x06, 0x04, 0x36, 0x02, 0x00,
 0x00, 0x04, 0xfb, 0x01, 0x00, 0x00, 0xd3, 0x04,
 0x37, 0x02, 0x00, 0x00, 0xd4, 0x04, 0x38, 0x02,
 0x00, 0x00, 0x24, 0x06, 0x00, 0x21, 0x01, 0x00,
 0x2f, 0xd3, 0x61, 0x04, 0x00, 0x9c, 0xd7, 0xec,
 0xa2, 0xd3, 0x2f, 0xca, 0x03, 0xbc, 0x07, 0x08,
 0x10, 0x8a, 0x09, 0x4f, 0x1c, 0x2b, 0x0e, 0x16,
 0x2e, 0x3b, 0x43, 0x16, 0x1c, 0x61, 0x26, 0xcc,
 0x51, 0xa5, 0x02, 0x61, 0x73, 0x79, 0x6e, 0x63,
 0x20, 0x66, 0x75, 0x6e, 0x63, 0x74, 0x69, 0x6f,
 0x6e, 0x20, 0x72, 0x65, 0x61, 0x64, 0x46, 0x75,
 0x6c, 0x6c, 0x79, 0x28, 0x69, 0x6e, 0x70, 0x75,
 0x74, 0x2c, 0x20, 0x62, 0x75, 0x66, 0x2c, 0x20,
 0x73, 0x74, 0x61, 0x72, 0x74, 0x20, 0x3d, 0x20,
 0x30, 0x2c, 0x20, 0x6e, 0x29, 0x20, 0x7b, 0x0a,
 0x20, 0x20, 0x6e, 0x20, 0x3f, 0x3f, 0x3d, 0x20,
 0x62, 0x75, 0x66, 0x2e, 0x62, 0x79, 0x74, 0x65,
 0x4c, 0x65, 0x6e, 0x67, 0x74, 0x68, 0x3b, 0x0a,
 0x0a, 0x20, 0x20, 0x77, 0x68, 0x69, 0x6c, 0x65,
 0x28, 0x73, 0x74, 0x61, 0x72, 0x74, 0x20, 0x3c,
 0x20, 0x6e, 0x29, 0x20, 0x7b, 0x0a, 0x20, 0x20,
 0x20, 0x20, 0x6c, 0x65, 0x74, 0x20, 0x72, 0x20,
 0x3d, 0x20, 0x61, 0x77, 0x61, 0x69, 0x74, 0x20,
 0x72, 0x65, 0x61, 0x64, 0x28, 0x69, 0x6e, 0x70,
 0x75, 0x74, 0x2c, 0x20, 0x62, 0x75, 0x66, 0x2c,
 0x20, 0x73, 0x74, 0x61, 0x72, 0x74, 0x2c, 0x20,
 0x6e, 0x20, 0x2d, 0x20, 0x73, 0x74, 0x61, 0x72,
 0x74, 0x29, 0x3b, 0x0a, 0x0a, 0x20, 0x20, 0x20,
 0x20, 0x69, 0x66, 0x28, 0x72, 0x20, 0x3c, 0x3d,
 0x20, 0x30, 0x29, 0x20, 0x72, 0x65, 0x74, 0x75,
 0x72, 0x6e, 0x20, 0x6e, 0x65, 0x77, 0x20, 0x45,
 0x72, 0x72, 0x6f, 0x72, 0x28, 0x60, 0x69, 0x6e,
 0x70, 0x75, 0x74, 0x20, 0x24, 0x7b, 0x72, 0x20,
 0x3c, 0x20, 0x30, 0x20, 0x3f, 0x20, 0x27, 0x65,
 0x72, 0x72, 0x6f, 0x72, 0x27, 0x20, 0x3a, 0x20,
 0x27, 0x63, 0x6c, 0x6f, 0x73, 0x65, 0x64, 0x27,
 0x7d, 0x20, 0x24, 0x7b, 0x73, 0x74, 0x61, 0x72,
 0x74, 0x7d, 0x20, 0x6f, 0x66, 0x20, 0x24, 0x7b,
 0x6e, 0x7d, 0x20, 0x62, 0x79, 0x74, 0x65, 0x73,
 0x20, 0x72, 0x65, 0x61, 0x64, 0x60, 0x29, 0x3b,
 0x0a, 0x0a, 0x20, 0x20, 0x20, 0x20, 0x73, 0x74,
 0x61, 0x72, 0x74, 0x20, 0x2b, 0x3d, 0x20, 0x72,
 0x3b, 0x0a, 0x20, 0x20, 0x7d, 0x0a, 0x0a, 0x20,
 0x20, 0x72, 0x65, 0x74, 0x75, 0x72, 0x6e, 0x20,
 0x73, 0x74, 0x61, 0x72, 0x74, 0x3b, 0x0a, 0x7d,
 0x0c, 0x60, 0x0a, 0x01, 0xfa, 0x04, 0x03, 0x05,
 0x01, 0x07, 0x00, 0x03, 0x00, 0x8e, 0x01, 0x08,
 0xd0, 0x05, 0x00, 0x01, 0x00, 0xdc, 0x01, 0x00,
 0x01, 0x00, 0xd8, 0x06, 0x00, 0x01, 0x00, 0xd0,
 0x05, 0x01, 0xff, 0xff, 0xff, 0xff, 0x0f, 0x20,
 0xdc, 0x01, 0x01, 0x01, 0x20, 0xd8, 0x06, 0x01,
 0x02, 0x20, 0xf2, 0x08, 0x02, 0x00, 0x30, 0xfe,
 0x06, 0x02, 0x04, 0x30, 0xd6, 0x03, 0x23, 0x1a,
 0x9a, 0x06, 0x3d, 0x02, 0xe6, 0x03, 0x45, 0x12,
 0x60, 0x02, 0x00, 0x60, 0x01, 0x00, 0x60, 0x00,
 0x00, 0xd1, 0xc9, 0xd2, 0x11, 0xf2, 0xea, 0x08,
 0x0e, 0x04, 0xbf, 0x01, 0x00, 0x00, 0xda, 0xca,
 0xd3, 0x11, 0xf2, 0xea, 0x06, 0x0e, 0xbd, 0xa4,
 0x01, 0xdb, 0xcb, 0x60, 0x04, 0x00, 0x60, 0x03,
 0x00, 0x0b, 0xb4, 0x4b, 0x79, 0x01, 0x00, 0x00,
 0xcc, 0x64, 0x00, 0x00, 0x41, 0x3d, 0x01, 0x00,
 0x00, 0xd1, 0xd2, 0x61, 0x03, 0x00, 0x24, 0x03,
 0x00, 0xc2, 0x04, 0x61, 0x04, 0x00, 0x07, 0xab,
 0x11, 0xeb, 0x0a, 0x0e, 0x61, 0x03, 0x00, 0x40,
 0x79, 0x01, 0x00, 0x00, 0xea, 0x2e, 0xde, 0x04,
 0x3a, 0x02, 0x00, 0x00, 0x41, 0x5d, 0x00, 0x00,
 0x00, 0xd1, 0x04, 0x3b, 0x02, 0x00, 0x00, 0xd2,
 0x04, 0xc6, 0x01, 0x00, 0x00, 0x24, 0x04, 0x00,
 0x61, 0x03, 0x00, 0x40, 0x79, 0x01, 0x00, 0x00,
 0x8b, 0xd1, 0x04, 0x3d, 0x01, 0x00, 0x00, 0x22,
 0x04, 0x00, 0x30, 0x64, 0x02, 0x00, 0x11, 0x61,
 0x04, 0x00, 0x21, 0x01, 0x00, 0x2f, 0xca, 0x03,
 0xca, 0x07, 0x08, 0x0a, 0x00, 0x39, 0x04, 0x22,
 0x45, 0x15, 0x53, 0x05, 0xe6, 0x06, 0xc2, 0x02,
 0x61, 0x73, 0x79, 0x6e, 0x63, 0x20, 0x66, 0x75,
 0x6e, 0x63, 0x74, 0x69, 0x6f, 0x6e, 0x20, 0x6f,
 0x70, 0x65, 0x6e, 0x28, 0x66, 0x69, 0x6c, 0x65,
 0x6e, 0x61, 0x6d, 0x65, 0x2c, 0x20, 0x66, 0x6c,
 0x61, 0x67, 0x73, 0x20, 0x3d, 0x20, 0x27, 0x66,
 0x69, 0x6c, 0x65, 0x27, 0x2c, 0x20, 0x6d, 0x6f,
 0x64, 0x65, 0x20, 0x3d, 0x20, 0x30, 0x6f, 0x36,
 0x34, 0x34, 0x29, 0x20, 0x7b, 0x0a, 0x20, 0x20,
 0x63, 0x6f, 0x6e, 0x73, 0x74, 0x20, 0x65, 0x72,
 0x72, 0x6f, 0x72, 0x4f, 0x62, 0x6a, 0x20, 0x3d,
 0x20, 0x7b, 0x20, 0x65, 0x72, 0x72, 0x6e, 0x6f,
 0x3a, 0x20, 0x30, 0x20, 0x7d, 0x3b, 0x0a, 0x20,
 0x20, 0x63, 0x6f, 0x6e, 0x73, 0x74, 0x20, 0x66,
 0x69, 0x6c, 0x65, 0x20, 0x3d, 0x20, 0x73, 0x74,
 0x64, 0x2e, 0x6f, 0x70, 0x65, 0x6e, 0x28, 0x66,
 0x69, 0x6c, 0x65, 0x6e, 0x61, 0x6d, 0x65, 0x2c,
 0x20, 0x66, 0x6c, 0x61, 0x67, 0x73, 0x2c, 0x20,
 0x65, 0x72, 0x72, 0x6f, 0x72, 0x4f, 0x62, 0x6a,
 0x29, 0x3b, 0x0a, 0x0a, 0x20, 0x20, 0x69, 0x66,
 0x28, 0x66, 0x69, 0x6c, 0x65, 0x20, 0x3d, 0x3d,
 0x20, 0x6e, 0x75, 0x6c, 0x6c, 0x20, 0x7c, 0x7c,
 0x20, 0x65, 0x72, 0x72, 0x6f, 0x72, 0x4f, 0x62,
 0x6a, 0x2e, 0x65, 0x72, 0x72, 0x6e, 0x6f, 0x29,
 0x20, 0x7b, 0x0a, 0x20, 0x20, 0x20, 0x20, 0x74,
 0x68, 0x72, 0x6f, 0x77, 0x20, 0x4d, 0x61, 0x6b,
 0x65, 0x45, 0x72, 0x72, 0x6f, 0x72, 0x28, 0x60,
 0x45, 0x72, 0x72, 0x6f, 0x72, 0x20, 0x6f, 0x70,
 0x65, 0x6e, 0x69, 0x6e, 0x67, 0x20, 0x27, 0x24,
 0x7b, 0x66, 0x69, 0x6c, 0x65, 0x6e, 0x61, 0x6d,
 0x65, 0x7d, 0x27, 0x20, 0x28, 0x24, 0x7b, 0x66,
 0x6c, 0x61, 0x67, 0x73, 0x7d, 0x29, 0x60, 0x2c,
 0x20, 0x2d, 0x65, 0x72, 0x72, 0x6f, 0x72, 0x4f,
 0x62, 0x6a, 0x2e, 0x65, 0x72, 0x72, 0x6e, 0x6f,
 0x2c, 0x20, 0x66, 0x69, 0x6c, 0x65, 0x6e, 0x61,
 0x6d, 0x65, 0x2c, 0x20, 0x27, 0x6f, 0x70, 0x65,
 0x6e, 0x27, 0x29, 0x3b, 0x0a, 0x20, 0x20, 0x7d,
 0x0a, 0x0a, 0x20, 0x20, 0x72, 0x65, 0x74, 0x75,
 0x72, 0x6e, 0x20, 0x6e, 0x65, 0x77, 0x20, 0x46,
 0x69, 0x6c, 0x65, 0x48, 0x61, 0x6e, 0x64, 0x6c,
 0x65, 0x28, 0x66, 0x69, 0x6c, 0x65, 0x29, 0x3b,
 0x0a, 0x7d, 0x0c, 0x62, 0x0a, 0x01, 0xfc, 0x04,
 0x01, 0x00, 0x01, 0x02, 0x00, 0x01, 0x00, 0x04,
 0x01, 0x86, 0x07, 0x00, 0x01, 0x00, 0xbe, 0x04,
 0x74, 0x02, 0xdd, 0xd1, 0xef, 0x2f, 0xca, 0x03,
 0xd5, 0x07, 0x08, 0x02, 0x08, 0x18, 0x34, 0x61,
 0x73, 0x79, 0x6e, 0x63, 0x20, 0x66, 0x75, 0x6e,
 0x63, 0x74, 0x69, 0x6f, 0x6e, 0x20, 0x63, 0x6c,
 0x6f, 0x73, 0x65, 0x28, 0x66, 0x64, 0x29, 0x20,
 0x7b, 0x0a, 0x20, 0x20, 0x72, 0x65, 0x74, 0x75,
 0x72, 0x6e, 0x20, 0x63, 0x6c, 0x6f, 0x73, 0x65,
 0x53, 0x79, 0x6e, 0x63, 0x28, 0x66, 0x64, 0x29,
 0x3b, 0x0a, 0x7d, 0x0c, 0x62, 0x0a, 0x01, 0xfe,
 0x04, 0x02, 0x0d, 0x02, 0x08, 0x00, 0x07, 0x00,
 0xb7, 0x03, 0x0f, 0x9a, 0x08, 0x00, 0x01, 0x00,
 0x9c, 0x08, 0x00, 0x01, 0x00, 0x9e, 0x08, 0x01,
 0x00, 0x30, 0xa0, 0x08, 0x01, 0x01, 0x30, 0xa2,
 0x08, 0x01, 0x02, 0x30, 0x62, 0x01, 0x03, 0x30,
 0xd8, 0x06, 0x01, 0x04, 0x30, 0xf6, 0x06, 0x01,
 0x05, 0x30, 0x92, 0x08, 0x01, 0x06, 0x30, 0xac,
 0x07, 0x01, 0x07, 0x30, 0xa4, 0x08, 0x01, 0x08,
 0x30, 0xa6, 0x08, 0x01, 0x09, 0x30, 0x82, 0x08,
 0x01, 0x0a, 0x20, 0xcc, 0x07, 0x01, 0x0b, 0x20,
 0xd0, 0x07, 0x06, 0x0c, 0x20, 0xe2, 0x03, 0x3e,
 0x1a, 0xee, 0x05, 0x19, 0x1a, 0xfa, 0x04, 0x92,
 0x01, 0x02, 0x98, 0x06, 0x39, 0x1a, 0x86, 0x05,
 0x98, 0x01, 0x02, 0x8e, 0x05, 0x9c, 0x01, 0x02,
 0xfc, 0x04, 0x93, 0x01, 0x02, 0x60, 0x0b, 0x00,
 0x60, 0x0a, 0x00, 0x60, 0x09, 0x00, 0x60, 0x08,
 0x00, 0x60, 0x07, 0x00, 0x60, 0x06, 0x00, 0x60,
 0x05, 0x00, 0x60, 0x04, 0x00, 0x60, 0x03, 0x00,
 0x60, 0x02, 0x00, 0x60, 0x01, 0x00, 0x60, 0x00,
 0x00, 0x06, 0x11, 0xf2, 0xeb, 0x17, 0x6f, 0x41,
 0x0f, 0x02, 0x00, 0x00, 0xc9, 0x41, 0x10, 0x02,
 0x00, 0x00, 0xca, 0x41, 0x11, 0x02, 0x00, 0x00,
 0xcb, 0x0e, 0xec, 0x07, 0x0e, 0x64, 0x00, 0x00,
 0xec, 0xe5, 0x38, 0x6e, 0x00, 0x00, 0x00, 0x61,
 0x01, 0x00, 0x61, 0x02, 0x00, 0xa3, 0xa1, 0xea,
 0x3b, 0x64, 0x01, 0x00, 0xd1, 0xd2, 0xf0, 0xb3,
 0xac, 0xea, 0x03, 0x06, 0x2f, 0x38, 0x6e, 0x00,
 0x00, 0x00, 0x61, 0x02, 0x00, 0xa1, 0xea, 0x24,
 0x38, 0x98, 0x00, 0x00, 0x00, 0x11, 0x04, 0x14,
 0x02, 0x00, 0x00, 0x41, 0x5d, 0x00, 0x00, 0x00,
 0xd1, 0x04, 0x15, 0x02, 0x00, 0x00, 0xd2, 0x04,
 0x16, 0x02, 0x00, 0x00, 0x24, 0x04, 0x00, 0x21,
 0x01, 0x00, 0x30, 0x06, 0x11, 0xf2, 0xeb, 0x12,
 0x6f, 0x41, 0x31, 0x00, 0x00, 0x00, 0xcc, 0x41,
 0xac, 0x01, 0x00, 0x00, 0xc2, 0x04, 0x0e, 0xec,
 0x0c, 0x0e, 0x38, 0x3c, 0x02, 0x00, 0x00, 0xd1,
 0xef, 0x8a, 0xec, 0xe5, 0xdf, 0xd1, 0x04, 0x17,
 0x02, 0x00, 0x00, 0xf0, 0x8a, 0xc2, 0x05, 0xdf,
 0xd2, 0x04, 0x3d, 0x02, 0x00, 0x00, 0x61, 0x04,
 0x00, 0xf1, 0x8a, 0xc2, 0x06, 0x61, 0x03, 0x00,
 0x64, 0x03, 0x00, 0xa5, 0xea, 0x06, 0x61, 0x03,
 0x00, 0xec, 0x04, 0x64, 0x03, 0x00, 0xc2, 0x07,
 0x61, 0x03, 0x00, 0x64, 0x03, 0x00, 0xa5, 0xea,
 0x04, 0xb4, 0xec, 0x08, 0x61, 0x03, 0x00, 0x64,
 0x03, 0x00, 0x9b, 0xc2, 0x08, 0xb4, 0xc2, 0x09,
 0xb4, 0xc2, 0x0a, 0x38, 0xa5, 0x00, 0x00, 0x00,
 0x11, 0x61, 0x07, 0x00, 0x21, 0x01, 0x00, 0xc2,
 0x0b, 0x60, 0x0c, 0x00, 0xb4, 0xc2, 0x0c, 0x61,
 0x07, 0x00, 0x61, 0x0a, 0x00, 0x9c, 0x61, 0x08,
 0x00, 0x9c, 0x61, 0x03, 0x00, 0xa6, 0xea, 0x45,
 0x5d, 0x04, 0x00, 0x61, 0x05, 0x00, 0x61, 0x0b,
 0x00, 0x61, 0x09, 0x00, 0x61, 0x07, 0x00, 0x61,
 0x0a, 0x00, 0x22, 0x05, 0x00, 0x8a, 0x0e, 0x5d,
 0x05, 0x00, 0x61, 0x06, 0x00, 0x61, 0x0b, 0x00,
 0x61, 0x09, 0x00, 0x61, 0x07, 0x00, 0x61, 0x0a,
 0x00, 0x22, 0x05, 0x00, 0x8a, 0x0e, 0x61, 0x0c,
 0x00, 0x90, 0x62, 0x0c, 0x00, 0x0e, 0x61, 0x07,
 0x00, 0x61, 0x0c, 0x00, 0x99, 0x11, 0x62, 0x0a,
 0x00, 0x0e, 0xec, 0xac, 0x61, 0x08, 0x00, 0xea,
 0x40, 0x38, 0xa5, 0x00, 0x00, 0x00, 0x11, 0x61,
 0x08, 0x00, 0x21, 0x01, 0x00, 0x11, 0x62, 0x0b,
 0x00, 0x0e, 0x5d, 0x04, 0x00, 0x61, 0x05, 0x00,
 0x61, 0x0b, 0x00, 0x61, 0x09, 0x00, 0x61, 0x08,
 0x00, 0x61, 0x0a, 0x00, 0x22, 0x05, 0x00, 0x8a,
 0x0e, 0x5d, 0x05, 0x00, 0x61, 0x06, 0x00, 0x61,
 0x0b, 0x00, 0x61, 0x09, 0x00, 0x61, 0x08, 0x00,
 0x61, 0x0a, 0x00, 0x22, 0x05, 0x00, 0x8a, 0x0e,
 0x5d, 0x06, 0x00, 0x61, 0x05, 0x00, 0xef, 0x8a,
 0x0e, 0x5d, 0x06, 0x00, 0x61, 0x06, 0x00, 0xef,
 0x8a, 0x0e, 0x06, 0x2f, 0xca, 0x03, 0xd9, 0x07,
 0x08, 0x46, 0x00, 0x4a, 0x06, 0x0c, 0x11, 0x28,
 0x35, 0x21, 0x11, 0x1c, 0x3a, 0x1d, 0x20, 0x44,
 0x00, 0x3f, 0x06, 0x11, 0x22, 0x21, 0x3a, 0x07,
 0x54, 0x04, 0x62, 0x07, 0x3e, 0x36, 0x00, 0x0c,
 0x08, 0x3b, 0x77, 0x12, 0x16, 0x0c, 0x16, 0x0e,
 0x21, 0x3f, 0x11, 0x16, 0x67, 0x15, 0x11, 0x18,
 0x00, 0x1f, 0x03, 0x56, 0x00, 0x10, 0x0c, 0x59,
 0x59, 0x13, 0x11, 0x16, 0x67, 0x15, 0x11, 0x18,
 0x69, 0x1b, 0x11, 0x18, 0x21, 0x17, 0x11, 0x18,
 0xa9, 0x07, 0x61, 0x73, 0x79, 0x6e, 0x63, 0x20,
 0x66, 0x75, 0x6e, 0x63, 0x74, 0x69, 0x6f, 0x6e,
 0x20, 0x63, 0x6f, 0x70, 0x79, 0x46, 0x69, 0x6c,
 0x65, 0x28, 0x73, 0x72, 0x63, 0x2c, 0x20, 0x64,
 0x65, 0x73, 0x74, 0x29, 0x20, 0x7b, 0x0a, 0x20,
 0x20, 0x63, 0x6f, 0x6e, 0x73, 0x74, 0x20, 0x7b,
 0x20, 0x43, 0x4f, 0x50, 0x59, 0x46, 0x49, 0x4c,
 0x45, 0x5f, 0x45, 0x58, 0x43, 0x4c, 0x2c, 0x20,
 0x43, 0x4f, 0x50, 0x59, 0x46, 0x49, 0x4c, 0x45,
 0x5f, 0x46, 0x49, 0x43, 0x4c, 0x4f, 0x4e, 0x45,
 0x2c, 0x20, 0x43, 0x4f, 0x50, 0x59, 0x46, 0x49,
 0x4c, 0x45, 0x5f, 0x46, 0x49, 0x43, 0x4c, 0x4f,
 0x4e, 0x45, 0x5f, 0x46, 0x4f, 0x52, 0x43, 0x45,
 0x20, 0x7d, 0x20, 0x3d, 0x20, 0x63, 0x6f, 0x6e,
 0x73, 0x74, 0x61, 0x6e, 0x74, 0x73, 0x3b, 0x0a,
 0x0a, 0x20, 0x20, 0x69, 0x66, 0x28, 0x66, 0x6c,
 0x61, 0x67, 0x73, 0x20, 0x26, 0x20, 0x28, 0x43,
 0x4f, 0x50, 0x59, 0x46, 0x49, 0x4c, 0x45, 0x5f,
 0x46, 0x49, 0x43, 0x4c, 0x4f, 0x4e, 0x45, 0x20,
 0x7c, 0x20, 0x43, 0x4f, 0x50, 0x59, 0x46, 0x49,
 0x4c, 0x45, 0x5f, 0x46, 0x49, 0x43, 0x4c, 0x4f,
 0x4e, 0x45, 0x5f, 0x46, 0x4f, 0x52, 0x43, 0x45,
 0x29, 0x29, 0x20, 0x7b, 0x0a, 0x20, 0x20, 0x20,
 0x20, 0x69, 0x66, 0x28, 0x73, 0x79, 0x73, 0x5f,
 0x6c, 0x69, 0x6e, 0x6b, 0x28, 0x73, 0x72, 0x63,
 0x2c, 0x20, 0x64, 0x65, 0x73, 0x74, 0x29, 0x20,
 0x21, 0x3d, 0x20, 0x2d, 0x31, 0x29, 0x20, 0x72,
 0x65, 0x74, 0x75, 0x72, 0x6e, 0x3b, 0x0a, 0x20,
 0x20, 0x20, 0x20, 0x69, 0x66, 0x28, 0x66, 0x6c,
 0x61, 0x67, 0x73, 0x20, 0x26, 0x20, 0x43, 0x4f,
 0x50, 0x59, 0x46, 0x49, 0x4c, 0x45, 0x5f, 0x46,
 0x49, 0x43, 0x4c, 0x4f, 0x4e, 0x45, 0x5f, 0x46,
 0x4f, 0x52, 0x43, 0x45, 0x29, 0x20, 0x74, 0x68,
 0x72, 0x6f, 0x77, 0x20, 0x6e, 0x65, 0x77, 0x20,
 0x45, 0x72, 0x72, 0x6f, 0x72, 0x28, 0x60, 0x55,
 0x6e, 0x61, 0x62, 0x6c, 0x65, 0x20, 0x74, 0x6f,
 0x20, 0x6c, 0x69, 0x6e, 0x6b, 0x20, 0x27, 0x24,
 0x7b, 0x73, 0x72, 0x63, 0x7d, 0x27, 0x20, 0x74,
 0x6f, 0x20, 0x27, 0x24, 0x7b, 0x64, 0x65, 0x73,
 0x74, 0x7d, 0x27, 0x60, 0x29, 0x3b, 0x0a, 0x20,
 0x20, 0x7d, 0x0a, 0x0a, 0x20, 0x20, 0x63, 0x6f,
 0x6e, 0x73, 0x74, 0x20, 0x7b, 0x20, 0x73, 0x69,
 0x7a, 0x65, 0x2c, 0x20, 0x6d, 0x6f, 0x64, 0x65,
 0x20, 0x7d, 0x20, 0x3d, 0x20, 0x61, 0x77, 0x61,
 0x69, 0x74, 0x20, 0x73, 0x79, 0x73, 0x5f, 0x73,
 0x74, 0x61, 0x74, 0x28, 0x73, 0x72, 0x63, 0x29,
 0x3b, 0x0a, 0x0a, 0x20, 0x20, 0x63, 0x6f, 0x6e,
 0x73, 0x74, 0x20, 0x72, 0x20, 0x3d, 0x20, 0x61,
 0x77, 0x61, 0x69, 0x74, 0x20, 0x6f, 0x70, 0x65,
 0x6e, 0x28, 0x73, 0x72, 0x63, 0x2c, 0x20, 0x27,
 0x72, 0x62, 0x27, 0x29, 0x2c, 0x0a, 0x20, 0x20,
 0x20, 0x20, 0x77, 0x20, 0x3d, 0x20, 0x61, 0x77,
 0x61, 0x69, 0x74, 0x20, 0x6f, 0x70, 0x65, 0x6e,
 0x28, 0x64, 0x65, 0x73, 0x74, 0x2c, 0x20, 0x27,
 0x77, 0x62, 0x27, 0x2c, 0x20, 0x6d, 0x6f, 0x64,
 0x65, 0x29, 0x3b, 0x0a, 0x0a, 0x20, 0x20, 0x63,
 0x6f, 0x6e, 0x73, 0x74, 0x20, 0x6c, 0x65, 0x6e,
 0x20, 0x3d, 0x20, 0x73, 0x69, 0x7a, 0x65, 0x20,
 0x3c, 0x20, 0x43, 0x4f, 0x50, 0x59, 0x5f, 0x42,
 0x55, 0x46, 0x5f, 0x53, 0x49, 0x5a, 0x45, 0x20,
 0x3f, 0x20, 0x73, 0x69, 0x7a, 0x65, 0x20, 0x3a,
 0x20, 0x43, 0x4f, 0x50, 0x59, 0x5f, 0x42, 0x55,
 0x46, 0x5f, 0x53, 0x49, 0x5a, 0x45, 0x2c, 0x0a,
 0x20, 0x20, 0x20, 0x20, 0x72, 0x65, 0x6d, 0x20,
 0x3d, 0x20, 0x73, 0x69, 0x7a, 0x65, 0x20, 0x3c,
 0x20, 0x43, 0x4f, 0x50, 0x59, 0x5f, 0x42, 0x55,
 0x46, 0x5f, 0x53, 0x49, 0x5a, 0x45, 0x20, 0x3f,
 0x20, 0x30, 0x20, 0x3a, 0x20, 0x73, 0x69, 0x7a,
 0x65, 0x20, 0x25, 0x20, 0x43, 0x4f, 0x50, 0x59,
 0x5f, 0x42, 0x55, 0x46, 0x5f, 0x53, 0x49, 0x5a,
 0x45, 0x2c, 0x0a, 0x20, 0x20, 0x20, 0x20, 0x6f,
 0x66, 0x73, 0x20, 0x3d, 0x20, 0x30, 0x3b, 0x0a,
 0x0a, 0x20, 0x20, 0x6c, 0x65, 0x74, 0x20, 0x70,
 0x6f, 0x73, 0x20, 0x3d, 0x20, 0x30, 0x2c, 0x0a,
 0x20, 0x20, 0x20, 0x20, 0x62, 0x75, 0x66, 0x20,
 0x3d, 0x20, 0x6e, 0x65, 0x77, 0x20, 0x41, 0x72,
 0x72, 0x61, 0x79, 0x42, 0x75, 0x66, 0x66, 0x65,
 0x72, 0x28, 0x6c, 0x65, 0x6e, 0x29, 0x3b, 0x0a,
 0x0a, 0x20, 0x20, 0x66, 0x6f, 0x72, 0x28, 0x6c,
 0x65, 0x74, 0x20, 0x69, 0x20, 0x3d, 0x20, 0x30,
 0x3b, 0x20, 0x6c, 0x65, 0x6e, 0x20, 0x2b, 0x20,
 0x70, 0x6f, 0x73, 0x20, 0x2b, 0x20, 0x72, 0x65,
 0x6d, 0x20, 0x3c, 0x3d, 0x20, 0x73, 0x69, 0x7a,
 0x65, 0x3b, 0x20, 0x69, 0x2b, 0x2b, 0x2c, 0x20,
 0x70, 0x6f, 0x73, 0x20, 0x3d, 0x20, 0x6c, 0x65,
 0x6e, 0x20, 0x2a, 0x20, 0x69, 0x29, 0x20, 0x7b,
 0x0a, 0x20, 0x20, 0x20, 0x20, 0x61, 0x77, 0x61,
 0x69, 0x74, 0x20, 0x72, 0x65, 0x61, 0x64, 0x28,
 0x72, 0x2c, 0x20, 0x62, 0x75, 0x66, 0x2c, 0x20,
 0x6f, 0x66, 0x73, 0x2c, 0x20, 0x6c, 0x65, 0x6e,
 0x2c, 0x20, 0x70, 0x6f, 0x73, 0x29, 0x3b, 0x0a,
 0x20, 0x20, 0x20, 0x20, 0x61, 0x77, 0x61, 0x69,
 0x74, 0x20, 0x77, 0x72, 0x69, 0x74, 0x65, 0x28,
 0x77, 0x2c, 0x20, 0x62, 0x75, 0x66, 0x2c, 0x20,
 0x6f, 0x66, 0x73, 0x2c, 0x20, 0x6c, 0x65, 0x6e,
 0x2c, 0x20, 0x70, 0x6f, 0x73, 0x29, 0x3b, 0x0a,
 0x20, 0x20, 0x7d, 0x0a, 0x0a, 0x20, 0x20, 0x69,
 0x66, 0x28, 0x72, 0x65, 0x6d, 0x29, 0x20, 0x7b,
 0x0a, 0x20, 0x20, 0x20, 0x20, 0x62, 0x75, 0x66,
 0x20, 0x3d, 0x20, 0x6e, 0x65, 0x77, 0x20, 0x41,
 0x72, 0x72, 0x61, 0x79, 0x42, 0x75, 0x66, 0x66,
 0x65, 0x72, 0x28, 0x72, 0x65, 0x6d, 0x29, 0x3b,
 0x0a, 0x0a, 0x20, 0x20, 0x20, 0x20, 0x61, 0x77,
 0x61, 0x69, 0x74, 0x20, 0x72, 0x65, 0x61, 0x64,
 0x28, 0x72, 0x2c, 0x20, 0x62, 0x75, 0x66, 0x2c,
 0x20, 0x6f, 0x66, 0x73, 0x2c, 0x20, 0x72, 0x65,
 0x6d, 0x2c, 0x20, 0x70, 0x6f, 0x73, 0x29, 0x3b,
 0x0a, 0x20, 0x20, 0x20, 0x20, 0x61, 0x77, 0x61,
 0x69, 0x74, 0x20, 0x77, 0x72, 0x69, 0x74, 0x65,
 0x28, 0x77, 0x2c, 0x20, 0x62, 0x75, 0x66, 0x2c,
 0x20, 0x6f, 0x66, 0x73, 0x2c, 0x20, 0x72, 0x65,
 0x6d, 0x2c, 0x20, 0x70, 0x6f, 0x73, 0x29, 0x3b,
 0x0a, 0x20, 0x20, 0x7d, 0x0a, 0x0a, 0x20, 0x20,
 0x61, 0x77, 0x61, 0x69, 0x74, 0x20, 0x63, 0x6c,
 0x6f, 0x73, 0x65, 0x28, 0x72, 0x29, 0x3b, 0x0a,
 0x20, 0x20, 0x61, 0x77, 0x61, 0x69, 0x74, 0x20,
 0x63, 0x6c, 0x6f, 0x73, 0x65, 0x28, 0x77, 0x29,
 0x3b, 0x0a, 0x7d, 0x0c, 0x62, 0x0a, 0x01, 0x80,
 0x05, 0x01, 0x00, 0x01, 0x02, 0x00, 0x01, 0x00,
 0x04, 0x01, 0xd0, 0x03, 0x00, 0x01, 0x00, 0xc6,
 0x04, 0x78, 0x02, 0xdd, 0xd1, 0xef, 0x2f, 0xca,
 0x03, 0xfd, 0x07, 0x08, 0x02, 0x08, 0x1a, 0x3a,
 0x61, 0x73, 0x79, 0x6e, 0x63, 0x20, 0x66, 0x75,
 0x6e, 0x63, 0x74, 0x69, 0x6f, 0x6e, 0x20, 0x65,
 0x78, 0x69, 0x73, 0x74, 0x73, 0x28, 0x70, 0x61,
 0x74, 0x68, 0x29, 0x20, 0x7b, 0x0a, 0x20, 0x20,
 0x72, 0x65, 0x74, 0x75, 0x72, 0x6e, 0x20, 0x65,
 0x78, 0x69, 0x73, 0x74, 0x73, 0x53, 0x79, 0x6e,
 0x63, 0x28, 0x70, 0x61, 0x74, 0x68, 0x29, 0x3b,
 0x0a, 0x7d, 0x0c, 0x62, 0x0a, 0x01, 0x82, 0x05,
 0x01, 0x00, 0x01, 0x02, 0x00, 0x01, 0x00, 0x04,
 0x01, 0xd0, 0x03, 0x00, 0x01, 0x00, 0xc8, 0x04,
 0x79, 0x02, 0xdd, 0xd1, 0xef, 0x2f, 0xca, 0x03,
 0x81, 0x08, 0x08, 0x02, 0x08, 0x18, 0x38, 0x61,
 0x73, 0x79, 0x6e, 0x63, 0x20, 0x66, 0x75, 0x6e,
 0x63, 0x74, 0x69, 0x6f, 0x6e, 0x20, 0x6c, 0x73,
 0x74, 0x61, 0x74, 0x28, 0x70, 0x61, 0x74, 0x68,
 0x29, 0x20, 0x7b, 0x0a, 0x20, 0x20, 0x72, 0x65,
 0x74, 0x75, 0x72, 0x6e, 0x20, 0x6c, 0x73, 0x74,
 0x61, 0x74, 0x53, 0x79, 0x6e, 0x63, 0x28, 0x70,
 0x61, 0x74, 0x68, 0x29, 0x3b, 0x0a, 0x7d, 0x0c,
 0x62, 0x0a, 0x01, 0x84, 0x05, 0x01, 0x00, 0x01,
 0x02, 0x00, 0x01, 0x00, 0x04, 0x01, 0xd0, 0x03,
 0x00, 0x01, 0x00, 0xca, 0x04, 0x7a, 0x02, 0xdd,
 0xd1, 0xef, 0x2f, 0xca, 0x03, 0x85, 0x08, 0x08,
 0x02, 0x08, 0x18, 0x38, 0x61, 0x73, 0x79, 0x6e,
 0x63, 0x20, 0x66, 0x75, 0x6e, 0x63, 0x74, 0x69,
 0x6f, 0x6e, 0x20, 0x6d, 0x6b, 0x64, 0x69, 0x72,
 0x28, 0x70, 0x61, 0x74, 0x68, 0x29, 0x20, 0x7b,
 0x0a, 0x20, 0x20, 0x72, 0x65, 0x74, 0x75, 0x72,
 0x6e, 0x20, 0x6d, 0x6b, 0x64, 0x69, 0x72, 0x53,
 0x79, 0x6e, 0x63, 0x28, 0x70, 0x61, 0x74, 0x68,
 0x29, 0x3b, 0x0a, 0x7d, 0x0c, 0x62, 0x0a, 0x01,
 0x86, 0x05, 0x04, 0x02, 0x04, 0x06, 0x00, 0x07,
 0x00, 0x4e, 0x06, 0x86, 0x07, 0x00, 0x01, 0x00,
 0xcc, 0x07, 0x00, 0x01, 0x00, 0x96, 0x07, 0x00,
 0x01, 0x00, 0x64, 0x00, 0x01, 0x00, 0xc6, 0x06,
 0x01, 0x00, 0x30, 0xce, 0x06, 0x01, 0x01, 0x20,
 0x9a, 0x04, 0x62, 0x02, 0x9c, 0x06, 0x3f, 0x1a,
 0x96, 0x04, 0x60, 0x02, 0xea, 0x04, 0x8a, 0x01,
 0x02, 0xf2, 0x05, 0x26, 0x12, 0xcc, 0x04, 0x7b,
 0x02, 0x94, 0x06, 0x37, 0x1a, 0x60, 0x01, 0x00,
 0x60, 0x00, 0x00, 0xdd, 0x64, 0x01, 0x00, 0xb6,
 0xef, 0xdf, 0xd2, 0xd3, 0xd4, 0x22, 0x05, 0x00,
 0xc9, 0x06, 0xca, 0xe0, 0xd1, 0xef, 0x8a, 0x0e,
 0xb4, 0x11, 0x65, 0x04, 0x00, 0x0e, 0x5d, 0x05,
 0x00, 0xd1, 0x26, 0x01, 0x00, 0xb5, 0x61, 0x00,
 0x00, 0x51, 0x0e, 0x06, 0x1b, 0x27, 0x00, 0x00,
 0x11, 0x62, 0x01, 0x00, 0x0e, 0x61, 0x01, 0x00,
 0xb3, 0xab, 0x11, 0xea, 0x09, 0x0e, 0x64, 0x04,
 0x00, 0x64, 0x06, 0x00, 0xab, 0xeb, 0xcd, 0x61,
 0x01, 0x00, 0x2f, 0xca, 0x03, 0x89, 0x08, 0x08,
 0x12, 0x26, 0x28, 0x00, 0x0f, 0x08, 0x2d, 0x07,
 0x1e, 0x17, 0x1d, 0x21, 0x00, 0x11, 0x1e, 0x76,
 0x03, 0x2f, 0x1e, 0x97, 0x02, 0x61, 0x73, 0x79,
 0x6e, 0x63, 0x20, 0x66, 0x75, 0x6e, 0x63, 0x74,
 0x69, 0x6f, 0x6e, 0x20, 0x72, 0x65, 0x61, 0x64,
 0x28, 0x66, 0x64, 0x2c, 0x20, 0x62, 0x75, 0x66,
 0x2c, 0x20, 0x6f, 0x66, 0x66, 0x73, 0x65, 0x74,
 0x2c, 0x20, 0x6c, 0x65, 0x6e, 0x67, 0x74, 0x68,
 0x29, 0x20, 0x7b, 0x0a, 0x20, 0x20, 0x63, 0x6f,
 0x6e, 0x73, 0x74, 0x20, 0x61, 0x72, 0x67, 0x73,
 0x20, 0x3d, 0x20, 0x74, 0x68, 0x72, 0x6f, 0x77,
 0x49, 0x66, 0x4e, 0x75, 0x6c, 0x6c, 0x28, 0x49,
 0x6e, 0x76, 0x61, 0x6c, 0x69, 0x64, 0x42, 0x75,
 0x66, 0x66, 0x65, 0x72, 0x28, 0x32, 0x29, 0x2c,
 0x20, 0x62, 0x75, 0x66, 0x66, 0x65, 0x72, 0x41,
 0x72, 0x67, 0x75, 0x6d, 0x65, 0x6e, 0x74, 0x73,
 0x2c, 0x20, 0x62, 0x75, 0x66, 0x2c, 0x20, 0x6f,
 0x66, 0x66, 0x73, 0x65, 0x74, 0x2c, 0x20, 0x6c,
 0x65, 0x6e, 0x67, 0x74, 0x68, 0x29, 0x3b, 0x0a,
 0x20, 0x20, 0x6c, 0x65, 0x74, 0x20, 0x72, 0x65,
 0x74, 0x3b, 0x0a, 0x0a, 0x20, 0x20, 0x64, 0x6f,
 0x20, 0x7b, 0x0a, 0x20, 0x20, 0x20, 0x20, 0x61,
 0x77, 0x61, 0x69, 0x74, 0x20, 0x77, 0x61, 0x69,
 0x74, 0x52, 0x65, 0x61, 0x64, 0x28, 0x66, 0x64,
 0x29, 0x3b, 0x0a, 0x20, 0x20, 0x20, 0x20, 0x65,
 0x72, 0x72, 0x6e, 0x6f, 0x20, 0x3d, 0x20, 0x30,
 0x3b, 0x0a, 0x20, 0x20, 0x20, 0x20, 0x72, 0x65,
 0x74, 0x20, 0x3d, 0x20, 0x72, 0x65, 0x61, 0x64,
 0x53, 0x79, 0x6e, 0x63, 0x28, 0x66, 0x64, 0x2c,
 0x20, 0x2e, 0x2e, 0x2e, 0x61, 0x72, 0x67, 0x73,
 0x29, 0x3b, 0x0a, 0x20, 0x20, 0x7d, 0x20, 0x77,
 0x68, 0x69, 0x6c, 0x65, 0x28, 0x72, 0x65, 0x74,
 0x20, 0x3d, 0x3d, 0x20, 0x2d, 0x31, 0x20, 0x26,
 0x26, 0x20, 0x65, 0x72, 0x72, 0x6e, 0x6f, 0x20,
 0x3d, 0x3d, 0x20, 0x45, 0x41, 0x47, 0x41, 0x49,
 0x4e, 0x29, 0x3b, 0x0a, 0x0a, 0x20, 0x20, 0x72,
 0x65, 0x74, 0x75, 0x72, 0x6e, 0x20, 0x72, 0x65,
 0x74, 0x3b, 0x0a, 0x7d, 0x0c, 0x62, 0x0a, 0x01,
 0x88, 0x05, 0x01, 0x00, 0x01, 0x02, 0x00, 0x01,
 0x00, 0x04, 0x01, 0xd0, 0x03, 0x00, 0x01, 0x00,
 0xd6, 0x04, 0x80, 0x01, 0x02, 0xdd, 0xd1, 0xef,
 0x2f, 0xca, 0x03, 0x96, 0x08, 0x08, 0x02, 0x08,
 0x16, 0x36, 0x61, 0x73, 0x79, 0x6e, 0x63, 0x20,
 0x66, 0x75, 0x6e, 0x63, 0x74, 0x69, 0x6f, 0x6e,
 0x20, 0x73, 0x74, 0x61, 0x74, 0x28, 0x70, 0x61,
 0x74, 0x68, 0x29, 0x20, 0x7b, 0x0a, 0x20, 0x20,
 0x72, 0x65, 0x74, 0x75, 0x72, 0x6e, 0x20, 0x73,
 0x74, 0x61, 0x74, 0x53, 0x79, 0x6e, 0x63, 0x28,
 0x70, 0x61, 0x74, 0x68, 0x29, 0x3b, 0x0a, 0x7d,
 0x0c, 0x62, 0x0a, 0x01, 0x8a, 0x05, 0x02, 0x00,
 0x02, 0x03, 0x00, 0x01, 0x00, 0x05, 0x02, 0xae,
 0x01, 0x00, 0x01, 0x00, 0xd0, 0x03, 0x00, 0x01,
 0x00, 0xd8, 0x04, 0x81, 0x01, 0x02, 0xdd, 0xd1,
 0xd2, 0xf0, 0x2f, 0xca, 0x03, 0x9a, 0x08, 0x08,
 0x02, 0x08, 0x1c, 0x4c, 0x61, 0x73, 0x79, 0x6e,
 0x63, 0x20, 0x66, 0x75, 0x6e, 0x63, 0x74, 0x69,
 0x6f, 0x6e, 0x20, 0x73, 0x79, 0x6d, 0x6c, 0x69,
 0x6e, 0x6b, 0x28, 0x74, 0x61, 0x72, 0x67, 0x65,
 0x74, 0x2c, 0x20, 0x70, 0x61, 0x74, 0x68, 0x29,
 0x20, 0x7b, 0x0a, 0x20, 0x20, 0x72, 0x65, 0x74,
 0x75, 0x72, 0x6e, 0x20, 0x73, 0x79, 0x6d, 0x6c,
 0x69, 0x6e, 0x6b, 0x53, 0x79, 0x6e, 0x63, 0x28,
 0x74, 0x61, 0x72, 0x67, 0x65, 0x74, 0x2c, 0x20,
 0x70, 0x61, 0x74, 0x68, 0x29, 0x3b, 0x0a, 0x7d,
 0x0c, 0x62, 0x0a, 0x01, 0x8c, 0x05, 0x00, 0x00,
 0x00, 0x01, 0x00, 0x01, 0x00, 0x03, 0x00, 0xda,
 0x04, 0x82, 0x01, 0x02, 0xdd, 0xee, 0x2f, 0xca,
 0x03, 0x9e, 0x08, 0x08, 0x02, 0x08, 0x04, 0x34,
 0x61, 0x73, 0x79, 0x6e, 0x63, 0x20, 0x66, 0x75,
 0x6e, 0x63, 0x74, 0x69, 0x6f, 0x6e, 0x20, 0x74,
 0x6d, 0x70, 0x66, 0x69, 0x6c, 0x65, 0x28, 0x29,
 0x20, 0x7b, 0x0a, 0x20, 0x20, 0x72, 0x65, 0x74,
 0x75, 0x72, 0x6e, 0x20, 0x74, 0x6d, 0x70, 0x66,
 0x69, 0x6c, 0x65, 0x53, 0x79, 0x6e, 0x63, 0x28,
 0x29, 0x3b, 0x0a, 0x7d, 0x0c, 0x62, 0x0a, 0x01,
 0x8e, 0x05, 0x04, 0x02, 0x04, 0x06, 0x00, 0x07,
 0x00, 0x4e, 0x06, 0x86, 0x07, 0x00, 0x01, 0x00,
 0xcc, 0x07, 0x00, 0x01, 0x00, 0x96, 0x07, 0x00,
 0x01, 0x00, 0x64, 0x00, 0x01, 0x00, 0xc6, 0x06,
 0x01, 0x00, 0x30, 0xce, 0x06, 0x01, 0x01, 0x20,
 0x9a, 0x04, 0x62, 0x02, 0x9c, 0x06, 0x3f, 0x1a,
 0x98, 0x04, 0x61, 0x02, 0xee, 0x04, 0x8c, 0x01,
 0x02, 0xf2, 0x05, 0x26, 0x12, 0xe2, 0x04, 0x86,
 0x01, 0x02, 0x96, 0x06, 0x38, 0x1a, 0x60, 0x01,
 0x00, 0x60, 0x00, 0x00, 0xdd, 0x64, 0x01, 0x00,
 0xb6, 0xef, 0xdf, 0xd2, 0xd3, 0xd4, 0x22, 0x05,
 0x00, 0xc9, 0x06, 0xca, 0xe0, 0xd1, 0xef, 0x8a,
 0x0e, 0xb4, 0x11, 0x65, 0x04, 0x00, 0x0e, 0x5d,
 0x05, 0x00, 0xd1, 0x26, 0x01, 0x00, 0xb5, 0x61,
 0x00, 0x00, 0x51, 0x0e, 0x06, 0x1b, 0x27, 0x00,
 0x00, 0x11, 0x62, 0x01, 0x00, 0x0e, 0x61, 0x01,
 0x00, 0xb3, 0xab, 0x11, 0xea, 0x09, 0x0e, 0x64,
 0x04, 0x00, 0x64, 0x06, 0x00, 0xab, 0xeb, 0xcd,
 0x61, 0x01, 0x00, 0x2f, 0xca, 0x03, 0xa2, 0x08,
 0x08, 0x12, 0x26, 0x28, 0x00, 0x0f, 0x08, 0x2d,
 0x07, 0x20, 0x17, 0x1f, 0x21, 0x00, 0x11, 0x20,
 0x76, 0x05, 0x2f, 0x1e, 0xa7, 0x02, 0x61, 0x73,
 0x79, 0x6e, 0x63, 0x20, 0x66, 0x75, 0x6e, 0x63,
 0x74, 0x69, 0x6f, 0x6e, 0x20, 0x77, 0x72, 0x69,
 0x74, 0x65, 0x28, 0x66, 0x64, 0x2c, 0x20, 0x62,
 0x75, 0x66, 0x2c, 0x20, 0x6f, 0x66, 0x66, 0x73,
 0x65, 0x74, 0x2c, 0x20, 0x6c, 0x65, 0x6e, 0x67,
 0x74, 0x68, 0x29, 0x20, 0x7b, 0x0a, 0x20, 0x20,
 0x63, 0x6f, 0x6e, 0x73, 0x74, 0x20, 0x61, 0x72,
 0x67, 0x73, 0x20, 0x3d, 0x20, 0x74, 0x68, 0x72,
 0x6f, 0x77, 0x49, 0x66, 0x4e, 0x75, 0x6c, 0x6c,
 0x28, 0x49, 0x6e, 0x76, 0x61, 0x6c, 0x69, 0x64,
 0x42, 0x75, 0x66, 0x66, 0x65, 0x72, 0x28, 0x32,
 0x29, 0x2c, 0x20, 0x73, 0x74, 0x72, 0x69, 0x6e,
 0x67, 0x4f, 0x72, 0x42, 0x75, 0x66, 0x66, 0x65,
 0x72, 0x41, 0x72, 0x67, 0x75, 0x6d, 0x65, 0x6e,
 0x74, 0x73, 0x2c, 0x20, 0x62, 0x75, 0x66, 0x2c,
 0x20, 0x6f, 0x66, 0x66, 0x73, 0x65, 0x74, 0x2c,
 0x20, 0x6c, 0x65, 0x6e, 0x67, 0x74, 0x68, 0x29,
 0x3b, 0x0a, 0x20, 0x20, 0x6c, 0x65, 0x74, 0x20,
 0x72, 0x65, 0x74, 0x3b, 0x0a, 0x0a, 0x20, 0x20,
 0x64, 0x6f, 0x20, 0x7b, 0x0a, 0x20, 0x20, 0x20,
 0x20, 0x61, 0x77, 0x61, 0x69, 0x74, 0x20, 0x77,
 0x61, 0x69, 0x74, 0x57, 0x72, 0x69, 0x74, 0x65,
 0x28, 0x66, 0x64, 0x29, 0x3b, 0x0a, 0x20, 0x20,
 0x20, 0x20, 0x65, 0x72, 0x72, 0x6e, 0x6f, 0x20,
 0x3d, 0x20, 0x30, 0x3b, 0x0a, 0x20, 0x20, 0x20,
 0x20, 0x72, 0x65, 0x74, 0x20, 0x3d, 0x20, 0x77,
 0x72, 0x69, 0x74, 0x65, 0x53, 0x79, 0x6e, 0x63,
 0x28, 0x66, 0x64, 0x2c, 0x20, 0x2e, 0x2e, 0x2e,
 0x61, 0x72, 0x67, 0x73, 0x29, 0x3b, 0x0a, 0x20,
 0x20, 0x7d, 0x20, 0x77, 0x68, 0x69, 0x6c, 0x65,
 0x28, 0x72, 0x65, 0x74, 0x20, 0x3d, 0x3d, 0x20,
 0x2d, 0x31, 0x20, 0x26, 0x26, 0x20, 0x65, 0x72,
 0x72, 0x6e, 0x6f, 0x20, 0x3d, 0x3d, 0x20, 0x45,
 0x57, 0x4f, 0x55, 0x4c, 0x44, 0x42, 0x4c, 0x4f,
 0x43, 0x4b, 0x29, 0x3b, 0x0a, 0x0a, 0x20, 0x20,
 0x72, 0x65, 0x74, 0x75, 0x72, 0x6e, 0x20, 0x72,
 0x65, 0x74, 0x3b, 0x0a, 0x7d, 0x0c, 0x60, 0x0a,
 0x01, 0x90, 0x05, 0x02, 0x04, 0x01, 0x06, 0x00,
 0x02, 0x00, 0x42, 0x06, 0xb2, 0x01, 0x00, 0x01,
 0x00, 0xe6, 0x08, 0x00, 0x01, 0x00, 0xb2, 0x01,
 0x01, 0xff, 0xff, 0xff, 0xff, 0x0f, 0x20, 0xe6,
 0x08, 0x01, 0x01, 0x20, 0xe6, 0x07, 0x02, 0x00,
 0x20, 0xca, 0x07, 0x03, 0x03, 0x30, 0xf0, 0x04,
 0x8d, 0x01, 0x02, 0x70, 0x1e, 0x1a, 0x60, 0x01,
 0x00, 0x60, 0x00, 0x00, 0xd1, 0xc9, 0xd2, 0x11,
 0xf2, 0xea, 0x06, 0x0e, 0xbd, 0x00, 0x04, 0xda,
 0xca, 0x60, 0x02, 0x00, 0xc0, 0xcb, 0x60, 0x03,
 0x00, 0xdd, 0xd1, 0xd2, 0xf0, 0x7e, 0xec, 0x12,
 0xcc, 0x61, 0x02, 0x00, 0x64, 0x01, 0x00, 0x61,
 0x03, 0x00, 0xef, 0x9c, 0x11, 0x62, 0x02, 0x00,
 0x0e, 0x14, 0x0e, 0x24, 0x00, 0x00, 0x8a, 0x82,
 0xea, 0xe7, 0x0e, 0x83, 0x61, 0x02, 0x00, 0x2f,
 0xca, 0x03, 0xaf, 0x08, 0x08, 0x06, 0x90, 0x36,
 0x25, 0x22, 0x20, 0x1c, 0x94, 0x01, 0x61, 0x73,
 0x79, 0x6e, 0x63, 0x20, 0x66, 0x75, 0x6e, 0x63,
 0x74, 0x69, 0x6f, 0x6e, 0x20, 0x72, 0x65, 0x61,
 0x64, 0x41, 0x6c, 0x6c, 0x28, 0x69, 0x6e, 0x70,
 0x75, 0x74, 0x2c, 0x20, 0x62, 0x75, 0x66, 0x53,
 0x69, 0x7a, 0x65, 0x20, 0x3d, 0x20, 0x31, 0x30,
 0x32, 0x34, 0x29, 0x20, 0x7b, 0x0a, 0x20, 0x20,
 0x6c, 0x65, 0x74, 0x20, 0x73, 0x20, 0x3d, 0x20,
 0x27, 0x27, 0x3b, 0x0a, 0x20, 0x20, 0x66, 0x6f,
 0x72, 0x20, 0x61, 0x77, 0x61, 0x69, 0x74, 0x28,
 0x63, 0x6f, 0x6e, 0x73, 0x74, 0x20, 0x63, 0x68,
 0x75, 0x6e, 0x6b, 0x20, 0x6f, 0x66, 0x20, 0x72,
 0x65, 0x61, 0x64, 0x65, 0x72, 0x28, 0x69, 0x6e,
 0x70, 0x75, 0x74, 0x2c, 0x20, 0x62, 0x75, 0x66,
 0x53, 0x69, 0x7a, 0x65, 0x29, 0x29, 0x20, 0x73,
 0x20, 0x2b, 0x3d, 0x20, 0x74, 0x6f, 0x53, 0x74,
 0x72, 0x69, 0x6e, 0x67, 0x28, 0x63, 0x68, 0x75,
 0x6e, 0x6b, 0x29, 0x3b, 0x0a, 0x20, 0x20, 0x72,
 0x65, 0x74, 0x75, 0x72, 0x6e, 0x20, 0x73, 0x3b,
 0x0a, 0x7d, 0x0c, 0xc4, 0x0b, 0x01, 0x00, 0x01,
 0x04, 0x00, 0x04, 0x00, 0x01, 0x00, 0x47, 0x05,
 0xfc, 0x08, 0x00, 0x01, 0x00, 0xfc, 0x08, 0x01,
 0xff, 0xff, 0xff, 0xff, 0x0f, 0x20, 0xe6, 0x01,
 0x00, 0x01, 0x00, 0xe4, 0x01, 0x00, 0x01, 0x00,
 0x10, 0x00, 0x01, 0x20, 0xee, 0x01, 0x07, 0x18,
 0x0c, 0x02, 0xca, 0x0c, 0x03, 0xcb, 0x60, 0x03,
 0x00, 0x2b, 0x60, 0x00, 0x00, 0xd1, 0x11, 0xf2,
 0xea, 0x04, 0x0e, 0x0b, 0xd9, 0xc9, 0xc6, 0x35,
 0xc7, 0xbc, 0x18, 0x21, 0x01, 0x00, 0x11, 0x63,
 0x03, 0x00, 0x64, 0x00, 0x00, 0x11, 0xea, 0x08,
 0x61, 0x03, 0x00, 0x1b, 0x24, 0x00, 0x00, 0x0e,
 0x0e, 0x38, 0x96, 0x00, 0x00, 0x00, 0x41, 0x9b,
 0x01, 0x00, 0x00, 0x61, 0x03, 0x00, 0xd1, 0x24,
 0x02, 0x00, 0x0e, 0x61, 0x03, 0x00, 0x28, 0xca,
 0x03, 0xb6, 0x08, 0x03, 0x06, 0x71, 0x04, 0x8a,
 0x00, 0x34, 0x1c, 0xd5, 0x0a, 0x63, 0x6c, 0x61,
 0x73, 0x73, 0x20, 0x69, 0x6e, 0x6f, 0x74, 0x69,
 0x66, 0x79, 0x5f, 0x65, 0x76, 0x65, 0x6e, 0x74,
 0x20, 0x65, 0x78, 0x74, 0x65, 0x6e, 0x64, 0x73,
 0x20, 0x41, 0x72, 0x72, 0x61, 0x79, 0x42, 0x75,
 0x66, 0x66, 0x65, 0x72, 0x20, 0x7b, 0x0a, 0x20,
 0x20, 0x63, 0x6f, 0x6e, 0x73, 0x74, 0x72, 0x75,
 0x63, 0x74, 0x6f, 0x72, 0x28, 0x6f, 0x62, 0x6a,
 0x20, 0x3d, 0x20, 0x7b, 0x7d, 0x29, 0x20, 0x7b,
 0x0a, 0x20, 0x20, 0x20, 0x20, 0x73, 0x75, 0x70,
 0x65, 0x72, 0x28, 0x32, 0x34, 0x29, 0x3b, 0x0a,
 0x20, 0x20, 0x20, 0x20, 0x4f, 0x62, 0x6a, 0x65,
 0x63, 0x74, 0x2e, 0x61, 0x73, 0x73, 0x69, 0x67,
 0x6e, 0x28, 0x74, 0x68, 0x69, 0x73, 0x2c, 0x20,
 0x6f, 0x62, 0x6a, 0x29, 0x3b, 0x0a, 0x20, 0x20,
 0x7d, 0x0a, 0x0a, 0x20, 0x20, 0x2f, 0x2a, 0x20,
 0x30, 0x3a, 0x20, 0x69, 0x6e, 0x74, 0x20, 0x77,
 0x64, 0x20, 0x2a, 0x2f, 0x0a, 0x20, 0x20, 0x73,
 0x65, 0x74, 0x20, 0x77, 0x64, 0x28, 0x76, 0x61,
 0x6c, 0x75, 0x65, 0x29, 0x20, 0x7b, 0x0a, 0x20,
 0x20, 0x20, 0x20, 0x6e, 0x65, 0x77, 0x20, 0x49,
 0x6e, 0x74, 0x33, 0x32, 0x41, 0x72, 0x72, 0x61,
 0x79, 0x28, 0x74, 0x68, 0x69, 0x73, 0x2c, 0x20,
 0x30, 0x29, 0x5b, 0x30, 0x5d, 0x20, 0x3d, 0x20,
 0x76, 0x61, 0x6c, 0x75, 0x65, 0x3b, 0x0a, 0x20,
 0x20, 0x7d, 0x0a, 0x20, 0x20, 0x67, 0x65, 0x74,
 0x20, 0x77, 0x64, 0x28, 0x29, 0x20, 0x7b, 0x0a,
 0x20, 0x20, 0x20, 0x20, 0x72, 0x65, 0x74, 0x75,
 0x72, 0x6e, 0x20, 0x6e, 0x65, 0x77, 0x20, 0x49,
 0x6e, 0x74, 0x33, 0x32, 0x41, 0x72, 0x72, 0x61,
 0x79, 0x28, 0x74, 0x68, 0x69, 0x73, 0x2c, 0x20,
 0x30, 0x29, 0x5b, 0x30, 0x5d, 0x3b, 0x0a, 0x20,
 0x20, 0x7d, 0x0a, 0x0a, 0x20, 0x20, 0x2f, 0x2a,
 0x20, 0x34, 0x3a, 0x20, 0x75, 0x69, 0x6e, 0x74,
 0x33, 0x32, 0x5f, 0x74, 0x20, 0x28, 0x75, 0x6e,
 0x73, 0x69, 0x67, 0x6e, 0x65, 0x64, 0x20, 0x69,
 0x6e, 0x74, 0x29, 0x20, 0x6d, 0x61, 0x73, 0x6b,
 0x20, 0x2a, 0x2f, 0x0a, 0x20, 0x20, 0x73, 0x65,
 0x74, 0x20, 0x6d, 0x61, 0x73, 0x6b, 0x28, 0x76,
 0x61, 0x6c, 0x75, 0x65, 0x29, 0x20, 0x7b, 0x0a,
 0x20, 0x20, 0x20, 0x20, 0x6e, 0x65, 0x77, 0x20,
 0x55, 0x69, 0x6e, 0x74, 0x33, 0x32, 0x41, 0x72,
 0x72, 0x61, 0x79, 0x28, 0x74, 0x68, 0x69, 0x73,
 0x2c, 0x20, 0x34, 0x29, 0x5b, 0x30, 0x5d, 0x20,
 0x3d, 0x20, 0x76, 0x61, 0x6c, 0x75, 0x65, 0x3b,
 0x0a, 0x20, 0x20, 0x7d, 0x0a, 0x20, 0x20, 0x67,
 0x65, 0x74, 0x20, 0x6d, 0x61, 0x73, 0x6b, 0x28,
 0x29, 0x20, 0x7b, 0x0a, 0x20, 0x20, 0x20, 0x20,
 0x72, 0x65, 0x74, 0x75, 0x72, 0x6e, 0x20, 0x6e,
 0x65, 0x77, 0x20, 0x55, 0x69, 0x6e, 0x74, 0x33,
 0x32, 0x41, 0x72, 0x72, 0x61, 0x79, 0x28, 0x74,
 0x68, 0x69, 0x73, 0x2c, 0x20, 0x34, 0x29, 0x5b,
 0x30, 0x5d, 0x3b, 0x0a, 0x20, 0x20, 0x7d, 0x0a,
 0x0a, 0x20, 0x20, 0x2f, 0x2a, 0x20, 0x38, 0x3a,
 0x20, 0x75, 0x69, 0x6e, 0x74, 0x33, 0x32, 0x5f,
 0x74, 0x20, 0x28, 0x75, 0x6e, 0x73, 0x69, 0x67,
 0x6e, 0x65, 0x64, 0x20, 0x69, 0x6e, 0x74, 0x29,
 0x20, 0x63, 0x6f, 0x6f, 0x6b, 0x69, 0x65, 0x20,
 0x2a, 0x2f, 0x0a, 0x20, 0x20, 0x73, 0x65, 0x74,
 0x20, 0x63, 0x6f, 0x6f, 0x6b, 0x69, 0x65, 0x28,
 0x76, 0x61, 0x6c, 0x75, 0x65, 0x29, 0x20, 0x7b,
 0x0a, 0x20, 0x20, 0x20, 0x20, 0x6e, 0x65, 0x77,
 0x20, 0x55, 0x69, 0x6e, 0x74, 0x33, 0x32, 0x41,
 0x72, 0x72, 0x61, 0x79, 0x28, 0x74, 0x68, 0x69,
 0x73, 0x2c, 0x20, 0x38, 0x29, 0x5b, 0x30, 0x5d,
 0x20, 0x3d, 0x20, 0x76, 0x61, 0x6c, 0x75, 0x65,
 0x3b, 0x0a, 0x20, 0x20, 0x7d, 0x0a, 0x20, 0x20,
 0x67, 0x65, 0x74, 0x20, 0x63, 0x6f, 0x6f, 0x6b,
 0x69, 0x65, 0x28, 0x29, 0x20, 0x7b, 0x0a, 0x20,
 0x20, 0x20, 0x20, 0x72, 0x65, 0x74, 0x75, 0x72,
 0x6e, 0x20, 0x6e, 0x65, 0x77, 0x20, 0x55, 0x69,
 0x6e, 0x74, 0x33, 0x32, 0x41, 0x72, 0x72, 0x61,
 0x79, 0x28, 0x74, 0x68, 0x69, 0x73, 0x2c, 0x20,
 0x38, 0x29, 0x5b, 0x30, 0x5d, 0x3b, 0x0a, 0x20,
 0x20, 0x7d, 0x0a, 0x0a, 0x20, 0x20, 0x2f, 0x2a,
 0x20, 0x31, 0x32, 0x3a, 0x20, 0x75, 0x69, 0x6e,
 0x74, 0x33, 0x32, 0x5f, 0x74, 0x20, 0x28, 0x75,
 0x6e, 0x73, 0x69, 0x67, 0x6e, 0x65, 0x64, 0x20,
 0x69, 0x6e, 0x74, 0x29, 0x20, 0x6c, 0x65, 0x6e,
 0x20, 0x2a, 0x2f, 0x0a, 0x20, 0x20, 0x73, 0x65,
 0x74, 0x20, 0x6c, 0x65, 0x6e, 0x28, 0x76, 0x61,
 0x6c, 0x75, 0x65, 0x29, 0x20, 0x7b, 0x0a, 0x20,
 0x20, 0x20, 0x20, 0x6e, 0x65, 0x77, 0x20, 0x55,
 0x69, 0x6e, 0x74, 0x33, 0x32, 0x41, 0x72, 0x72,
 0x61, 0x79, 0x28, 0x74, 0x68, 0x69, 0x73, 0x2c,
 0x20, 0x31, 0x32, 0x29, 0x5b, 0x30, 0x5d, 0x20,
 0x3d, 0x20, 0x76, 0x61, 0x6c, 0x75, 0x65, 0x3b,
 0x0a, 0x20, 0x20, 0x7d, 0x0a, 0x20, 0x20, 0x67,
 0x65, 0x74, 0x20, 0x6c, 0x65, 0x6e, 0x28, 0x29,
 0x20, 0x7b, 0x0a, 0x20, 0x20, 0x20, 0x20, 0x72,
 0x65, 0x74, 0x75, 0x72, 0x6e, 0x20, 0x6e, 0x65,
 0x77, 0x20, 0x55, 0x69, 0x6e, 0x74, 0x33, 0x32,
 0x41, 0x72, 0x72, 0x61, 0x79, 0x28, 0x74, 0x68,
 0x69, 0x73, 0x2c, 0x20, 0x31, 0x32, 0x29, 0x5b,
 0x30, 0x5d, 0x3b, 0x0a, 0x20, 0x20, 0x7d, 0x0a,
 0x0a, 0x20, 0x20, 0x2f, 0x2a, 0x20, 0x31, 0x36,
 0x3a, 0x20, 0x63, 0x68, 0x61, 0x72, 0x20, 0x5b,
 0x5d, 0x20, 0x6e, 0x61, 0x6d, 0x65, 0x20, 0x2a,
 0x2f, 0x0a, 0x20, 0x20, 0x73, 0x65, 0x74, 0x20,
 0x6e, 0x61, 0x6d, 0x65, 0x28, 0x76, 0x61, 0x6c,
 0x75, 0x65, 0x29, 0x20, 0x7b, 0x0a, 0x20, 0x20,
 0x20, 0x20, 0x69, 0x66, 0x28, 0x69, 0x73, 0x4f,
 0x62, 0x6a, 0x65, 0x63, 0x74, 0x28, 0x76, 0x61,
 0x6c, 0x75, 0x65, 0x29, 0x20, 0x26, 0x26, 0x20,
 0x76, 0x61, 0x6c, 0x75, 0x65, 0x20, 0x69, 0x6e,
 0x73, 0x74, 0x61, 0x6e, 0x63, 0x65, 0x6f, 0x66,
 0x20, 0x41, 0x72, 0x72, 0x61, 0x79, 0x42, 0x75,
 0x66, 0x66, 0x65, 0x72, 0x29, 0x20, 0x76, 0x61,
 0x6c, 0x75, 0x65, 0x20, 0x3d, 0x20, 0x74, 0x6f,
 0x50, 0x6f, 0x69, 0x6e, 0x74, 0x65, 0x72, 0x28,
 0x76, 0x61, 0x6c, 0x75, 0x65, 0x29, 0x3b, 0x0a,
 0x20, 0x20, 0x20, 0x20, 0x6e, 0x65, 0x77, 0x20,
 0x49, 0x6e, 0x74, 0x38, 0x41, 0x72, 0x72, 0x61,
 0x79, 0x28, 0x74, 0x68, 0x69, 0x73, 0x2c, 0x20,
 0x31, 0x36, 0x29, 0x5b, 0x30, 0x5d, 0x20, 0x3d,
 0x20, 0x76, 0x61, 0x6c, 0x75, 0x65, 0x3b, 0x0a,
 0x20, 0x20, 0x7d, 0x0a, 0x20, 0x20, 0x67, 0x65,
 0x74, 0x20, 0x6e, 0x61, 0x6d, 0x65, 0x28, 0x29,
 0x20, 0x7b, 0x0a, 0x20, 0x20, 0x20, 0x20, 0x72,
 0x65, 0x74, 0x75, 0x72, 0x6e, 0x20, 0x6e, 0x65,
 0x77, 0x20, 0x49, 0x6e, 0x74, 0x38, 0x41, 0x72,
 0x72, 0x61, 0x79, 0x28, 0x74, 0x68, 0x69, 0x73,
 0x2c, 0x20, 0x31, 0x36, 0x29, 0x5b, 0x30, 0x5d,
 0x3b, 0x0a, 0x20, 0x20, 0x7d, 0x0a, 0x0a, 0x20,
 0x20, 0x73, 0x74, 0x61, 0x74, 0x69, 0x63, 0x20,
 0x66, 0x72, 0x6f, 0x6d, 0x28, 0x61, 0x64, 0x64,
 0x72, 0x65, 0x73, 0x73, 0x29, 0x20, 0x7b, 0x0a,
 0x20, 0x20, 0x20, 0x20, 0x6c, 0x65, 0x74, 0x20,
 0x72, 0x65, 0x74, 0x20, 0x3d, 0x20, 0x74, 0x6f,
 0x41, 0x72, 0x72, 0x61, 0x79, 0x42, 0x75, 0x66,
 0x66, 0x65, 0x72, 0x28, 0x61, 0x64, 0x64, 0x72,
 0x65, 0x73, 0x73, 0x2c, 0x20, 0x32, 0x30, 0x29,
 0x3b, 0x0a, 0x20, 0x20, 0x20, 0x20, 0x72, 0x65,
 0x74, 0x75, 0x72, 0x6e, 0x20, 0x4f, 0x62, 0x6a,
 0x65, 0x63, 0x74, 0x2e, 0x73, 0x65, 0x74, 0x50,
 0x72, 0x6f, 0x74, 0x6f, 0x74, 0x79, 0x70, 0x65,
 0x4f, 0x66, 0x28, 0x72, 0x65, 0x74, 0x2c, 0x20,
 0x69, 0x6e, 0x6f, 0x74, 0x69, 0x66, 0x79, 0x5f,
 0x65, 0x76, 0x65, 0x6e, 0x74, 0x2e, 0x70, 0x72,
 0x6f, 0x74, 0x6f, 0x74, 0x79, 0x70, 0x65, 0x29,
 0x3b, 0x0a, 0x20, 0x20, 0x7d, 0x0a, 0x0a, 0x20,
 0x20, 0x74, 0x6f, 0x53, 0x74, 0x72, 0x69, 0x6e,
 0x67, 0x28, 0x29, 0x20, 0x7b, 0x0a, 0x20, 0x20,
 0x20, 0x20, 0x63, 0x6f, 0x6e, 0x73, 0x74, 0x20,
 0x7b, 0x20, 0x77, 0x64, 0x2c, 0x20, 0x6d, 0x61,
 0x73, 0x6b, 0x2c, 0x20, 0x63, 0x6f, 0x6f, 0x6b,
 0x69, 0x65, 0x2c, 0x20, 0x6c, 0x65, 0x6e, 0x2c,
 0x20, 0x6e, 0x61, 0x6d, 0x65, 0x20, 0x7d, 0x20,
 0x3d, 0x20, 0x74, 0x68, 0x69, 0x73, 0x3b, 0x0a,
 0x20, 0x20, 0x20, 0x20, 0x72, 0x65, 0x74, 0x75,
 0x72, 0x6e, 0x20, 0x60, 0x69, 0x6e, 0x6f, 0x74,
 0x69, 0x66, 0x79, 0x5f, 0x65, 0x76, 0x65, 0x6e,
 0x74, 0x20, 0x7b, 0x5c, 0x6e, 0x5c, 0x74, 0x2e,
 0x77, 0x64, 0x20, 0x3d, 0x20, 0x24, 0x7b, 0x77,
 0x64, 0x7d, 0x2c, 0x5c, 0x6e, 0x5c, 0x74, 0x2e,
 0x6d, 0x61, 0x73, 0x6b, 0x20, 0x3d, 0x20, 0x24,
 0x7b, 0x6d, 0x61, 0x73, 0x6b, 0x7d, 0x2c, 0x5c,
 0x6e, 0x5c, 0x74, 0x2e, 0x63, 0x6f, 0x6f, 0x6b,
 0x69, 0x65, 0x20, 0x3d, 0x20, 0x24, 0x7b, 0x63,
 0x6f, 0x6f, 0x6b, 0x69, 0x65, 0x7d, 0x2c, 0x5c,
 0x6e, 0x5c, 0x74, 0x2e, 0x6c, 0x65, 0x6e, 0x20,
 0x3d, 0x20, 0x24, 0x7b, 0x6c, 0x65, 0x6e, 0x7d,
 0x2c, 0x5c, 0x6e, 0x5c, 0x74, 0x2e, 0x6e, 0x61,
 0x6d, 0x65, 0x20, 0x3d, 0x20, 0x24, 0x7b, 0x6e,
 0x61, 0x6d, 0x65, 0x7d, 0x5c, 0x6e, 0x7d, 0x60,
 0x3b, 0x0a, 0x20, 0x20, 0x7d, 0x0a, 0x0a, 0x20,
 0x20, 0x5b, 0x53, 0x79, 0x6d, 0x62, 0x6f, 0x6c,
 0x2e, 0x74, 0x6f, 0x53, 0x74, 0x72, 0x69, 0x6e,
 0x67, 0x54, 0x61, 0x67, 0x5d, 0x20, 0x3d, 0x20,
 0x27, 0x69, 0x6e, 0x6f, 0x74, 0x69, 0x66, 0x79,
 0x5f, 0x65, 0x76, 0x65, 0x6e, 0x74, 0x27, 0x3b,
 0x0a, 0x7d, 0x0c, 0x42, 0x0b, 0x01, 0x00, 0x01,
 0x01, 0x01, 0x04, 0x00, 0x00, 0x00, 0x1d, 0x02,
 0x82, 0x01, 0x00, 0x01, 0x00, 0x10, 0x00, 0x01,
 0x00, 0x08, 0xc9, 0x38, 0xac, 0x00, 0x00, 0x00,
 0x11, 0xc5, 0xb4, 0x21, 0x02, 0x00, 0xb4, 0x1b,
 0x11, 0xaf, 0xeb, 0x04, 0x1b, 0x70, 0x1b, 0x1b,
 0xd1, 0x1b, 0x70, 0x1b, 0x48, 0x29, 0xca, 0x03,
 0xbc, 0x08, 0x07, 0x02, 0x0d, 0x04, 0x3b, 0x73,
 0x65, 0x74, 0x20, 0x77, 0x64, 0x28, 0x76, 0x61,
 0x6c, 0x75, 0x65, 0x29, 0x20, 0x7b, 0x0a, 0x20,
 0x20, 0x20, 0x20, 0x6e, 0x65, 0x77, 0x20, 0x49,
 0x6e, 0x74, 0x33, 0x32, 0x41, 0x72, 0x72, 0x61,
 0x79, 0x28, 0x74, 0x68, 0x69, 0x73, 0x2c, 0x20,
 0x30, 0x29, 0x5b, 0x30, 0x5d, 0x20, 0x3d, 0x20,
 0x76, 0x61, 0x6c, 0x75, 0x65, 0x3b, 0x0a, 0x20,
 0x20, 0x7d, 0x0c, 0x42, 0x0b, 0x01, 0x00, 0x00,
 0x01, 0x00, 0x04, 0x00, 0x00, 0x00, 0x10, 0x01,
 0x10, 0x00, 0x01, 0x00, 0x08, 0xc9, 0x38, 0xac,
 0x00, 0x00, 0x00, 0x11, 0xc5, 0xb4, 0x21, 0x02,
 0x00, 0xb4, 0x46, 0x28, 0xca, 0x03, 0xbf, 0x08,
 0x07, 0x02, 0x0d, 0x12, 0x35, 0x67, 0x65, 0x74,
 0x20, 0x77, 0x64, 0x28, 0x29, 0x20, 0x7b, 0x0a,
 0x20, 0x20, 0x20, 0x20, 0x72, 0x65, 0x74, 0x75,
 0x72, 0x6e, 0x20, 0x6e, 0x65, 0x77, 0x20, 0x49,
 0x6e, 0x74, 0x33, 0x32, 0x41, 0x72, 0x72, 0x61,
 0x79, 0x28, 0x74, 0x68, 0x69, 0x73, 0x2c, 0x20,
 0x30, 0x29, 0x5b, 0x30, 0x5d, 0x3b, 0x0a, 0x20,
 0x20, 0x7d, 0x0c, 0x42, 0x0b, 0x01, 0x00, 0x01,
 0x01, 0x01, 0x04, 0x00, 0x00, 0x00, 0x1d, 0x02,
 0x82, 0x01, 0x00, 0x01, 0x00, 0x10, 0x00, 0x01,
 0x00, 0x08, 0xc9, 0x38, 0xad, 0x00, 0x00, 0x00,
 0x11, 0xc5, 0xb8, 0x21, 0x02, 0x00, 0xb4, 0x1b,
 0x11, 0xaf, 0xeb, 0x04, 0x1b, 0x70, 0x1b, 0x1b,
 0xd1, 0x1b, 0x70, 0x1b, 0x48, 0x29, 0xca, 0x03,
 0xc4, 0x08, 0x07, 0x02, 0x0d, 0x04, 0x3e, 0x73,
 0x65, 0x74, 0x20, 0x6d, 0x61, 0x73, 0x6b, 0x28,
 0x76, 0x61, 0x6c, 0x75, 0x65, 0x29, 0x20, 0x7b,
 0x0a, 0x20, 0x20, 0x20, 0x20, 0x6e, 0x65, 0x77,
 0x20, 0x55, 0x69, 0x6e, 0x74, 0x33, 0x32, 0x41,
 0x72, 0x72, 0x61, 0x79, 0x28, 0x74, 0x68, 0x69,
 0x73, 0x2c, 0x20, 0x34, 0x29, 0x5b, 0x30, 0x5d,
 0x20, 0x3d, 0x20, 0x76, 0x61, 0x6c, 0x75, 0x65,
 0x3b, 0x0a, 0x20, 0x20, 0x7d, 0x0c, 0x42, 0x0b,
 0x01, 0x00, 0x00, 0x01, 0x00, 0x04, 0x00, 0x00,
 0x00, 0x10, 0x01, 0x10, 0x00, 0x01, 0x00, 0x08,
 0xc9, 0x38, 0xad, 0x00, 0x00, 0x00, 0x11, 0xc5,
 0xb8, 0x21, 0x02, 0x00, 0xb4, 0x46, 0x28, 0xca,
 0x03, 0xc7, 0x08, 0x07, 0x02, 0x0d, 0x12, 0x38,
 0x67, 0x65, 0x74, 0x20, 0x6d, 0x61, 0x73, 0x6b,
 0x28, 0x29, 0x20, 0x7b, 0x0a, 0x20, 0x20, 0x20,
 0x20, 0x72, 0x65, 0x74, 0x75, 0x72, 0x6e, 0x20,
 0x6e, 0x65, 0x77, 0x20, 0x55, 0x69, 0x6e, 0x74,
 0x33, 0x32, 0x41, 0x72, 0x72, 0x61, 0x79, 0x28,
 0x74, 0x68, 0x69, 0x73, 0x2c, 0x20, 0x34, 0x29,
 0x5b, 0x30, 0x5d, 0x3b, 0x0a, 0x20, 0x20, 0x7d,
 0x0c, 0x42, 0x0b, 0x01, 0x00, 0x01, 0x01, 0x01,
 0x04, 0x00, 0x00, 0x00, 0x1e, 0x02, 0x82, 0x01,
 0x00, 0x01, 0x00, 0x10, 0x00, 0x01, 0x00, 0x08,
 0xc9, 0x38, 0xad, 0x00, 0x00, 0x00, 0x11, 0xc5,
 0xbc, 0x08, 0x21, 0x02, 0x00, 0xb4, 0x1b, 0x11,
 0xaf, 0xeb, 0x04, 0x1b, 0x70, 0x1b, 0x1b, 0xd1,
 0x1b, 0x70, 0x1b, 0x48, 0x29, 0xca, 0x03, 0xcc,
 0x08, 0x07, 0x02, 0x0d, 0x04, 0x40, 0x73, 0x65,
 0x74, 0x20, 0x63, 0x6f, 0x6f, 0x6b, 0x69, 0x65,
 0x28, 0x76, 0x61, 0x6c, 0x75, 0x65, 0x29, 0x20,
 0x7b, 0x0a, 0x20, 0x20, 0x20, 0x20, 0x6e, 0x65,
 0x77, 0x20, 0x55, 0x69, 0x6e, 0x74, 0x33, 0x32,
 0x41, 0x72, 0x72, 0x61, 0x79, 0x28, 0x74, 0x68,
 0x69, 0x73, 0x2c, 0x20, 0x38, 0x29, 0x5b, 0x30,
 0x5d, 0x20, 0x3d, 0x20, 0x76, 0x61, 0x6c, 0x75,
 0x65, 0x3b, 0x0a, 0x20, 0x20, 0x7d, 0x0c, 0x42,
 0x0b, 0x01, 0x00, 0x00, 0x01, 0x00, 0x04, 0x00,
 0x00, 0x00, 0x11, 0x01, 0x10, 0x00, 0x01, 0x00,
 0x08, 0xc9, 0x38, 0xad, 0x00, 0x00, 0x00, 0x11,
 0xc5, 0xbc, 0x08, 0x21, 0x02, 0x00, 0xb4, 0x46,
 0x28, 0xca, 0x03, 0xcf, 0x08, 0x07, 0x02, 0x0d,
 0x12, 0x3a, 0x67, 0x65, 0x74, 0x20, 0x63, 0x6f,
 0x6f, 0x6b, 0x69, 0x65, 0x28, 0x29, 0x20, 0x7b,
 0x0a, 0x20, 0x20, 0x20, 0x20, 0x72, 0x65, 0x74,
 0x75, 0x72, 0x6e, 0x20, 0x6e, 0x65, 0x77, 0x20,
 0x55, 0x69, 0x6e, 0x74, 0x33, 0x32, 0x41, 0x72,
 0x72, 0x61, 0x79, 0x28, 0x74, 0x68, 0x69, 0x73,
 0x2c, 0x20, 0x38, 0x29, 0x5b, 0x30, 0x5d, 0x3b,
 0x0a, 0x20, 0x20, 0x7d, 0x0c, 0x42, 0x0b, 0x01,
 0x00, 0x01, 0x01, 0x01, 0x04, 0x00, 0x00, 0x00,
 0x1e, 0x02, 0x82, 0x01, 0x00, 0x01, 0x00, 0x10,
 0x00, 0x01, 0x00, 0x08, 0xc9, 0x38, 0xad, 0x00,
 0x00, 0x00, 0x11, 0xc5, 0xbc, 0x0c, 0x21, 0x02,
 0x00, 0xb4, 0x1b, 0x11, 0xaf, 0xeb, 0x04, 0x1b,
 0x70, 0x1b, 0x1b, 0xd1, 0x1b, 0x70, 0x1b, 0x48,
 0x29, 0xca, 0x03, 0xd4, 0x08, 0x07, 0x02, 0x0d,
 0x04, 0x3e, 0x73, 0x65, 0x74, 0x20, 0x6c, 0x65,
 0x6e, 0x28, 0x76, 0x61, 0x6c, 0x75, 0x65, 0x29,
 0x20, 0x7b, 0x0a, 0x20, 0x20, 0x20, 0x20, 0x6e,
 0x65, 0x77, 0x20, 0x55, 0x69, 0x6e, 0x74, 0x33,
 0x32, 0x41, 0x72, 0x72, 0x61, 0x79, 0x28, 0x74,
 0x68, 0x69, 0x73, 0x2c, 0x20, 0x31, 0x32, 0x29,
 0x5b, 0x30, 0x5d, 0x20, 0x3d, 0x20, 0x76, 0x61,
 0x6c, 0x75, 0x65, 0x3b, 0x0a, 0x20, 0x20, 0x7d,
 0x0c, 0x42, 0x0b, 0x01, 0x00, 0x00, 0x01, 0x00,
 0x04, 0x00, 0x00, 0x00, 0x11, 0x01, 0x10, 0x00,
 0x01, 0x00, 0x08, 0xc9, 0x38, 0xad, 0x00, 0x00,
 0x00, 0x11, 0xc5, 0xbc, 0x0c, 0x21, 0x02, 0x00,
 0xb4, 0x46, 0x28, 0xca, 0x03, 0xd7, 0x08, 0x07,
 0x02, 0x0d, 0x12, 0x38, 0x67, 0x65, 0x74, 0x20,
 0x6c, 0x65, 0x6e, 0x28, 0x29, 0x20, 0x7b, 0x0a,
 0x20, 0x20, 0x20, 0x20, 0x72, 0x65, 0x74, 0x75,
 0x72, 0x6e, 0x20, 0x6e, 0x65, 0x77, 0x20, 0x55,
 0x69, 0x6e, 0x74, 0x33, 0x32, 0x41, 0x72, 0x72,
 0x61, 0x79, 0x28, 0x74, 0x68, 0x69, 0x73, 0x2c,
 0x20, 0x31, 0x32, 0x29, 0x5b, 0x30, 0x5d, 0x3b,
 0x0a, 0x20, 0x20, 0x7d, 0x0c, 0x42, 0x0b, 0x01,
 0x00, 0x01, 0x01, 0x01, 0x04, 0x00, 0x01, 0x00,
 0x36, 0x02, 0x82, 0x01, 0x00, 0x01, 0x00, 0x10,
 0x00, 0x01, 0x00, 0xc6, 0x05, 0x17, 0x1a, 0x08,
 0xc9, 0x64, 0x00, 0x00, 0xd1, 0xef, 0xea, 0x12,
 0xd1, 0x38, 0xa5, 0x00, 0x00, 0x00, 0xa9, 0xea,
 0x09, 0x38, 0x3f, 0x02, 0x00, 0x00, 0xd1, 0xef,
 0xd5, 0x38, 0xa8, 0x00, 0x00, 0x00, 0x11, 0xc5,
 0xbc, 0x10, 0x21, 0x02, 0x00, 0xb4, 0x1b, 0x11,
 0xaf, 0xeb, 0x04, 0x1b, 0x70, 0x1b, 0x1b, 0xd1,
 0x1b, 0x70, 0x1b, 0x48, 0x29, 0xca, 0x03, 0xdc,
 0x08, 0x07, 0x0b, 0x1c, 0x14, 0x1b, 0x36, 0x2a,
 0x1a, 0x1b, 0x24, 0x12, 0x83, 0x01, 0x8f, 0x01,
 0x73, 0x65, 0x74, 0x20, 0x6e, 0x61, 0x6d, 0x65,
 0x28, 0x76, 0x61, 0x6c, 0x75, 0x65, 0x29, 0x20,
 0x7b, 0x0a, 0x20, 0x20, 0x20, 0x20, 0x69, 0x66,
 0x28, 0x69, 0x73, 0x4f, 0x62, 0x6a, 0x65, 0x63,
 0x74, 0x28, 0x76, 0x61, 0x6c, 0x75, 0x65, 0x29,
 0x20, 0x26, 0x26, 0x20, 0x76, 0x61, 0x6c, 0x75,
 0x65, 0x20, 0x69, 0x6e, 0x73, 0x74, 0x61, 0x6e,
 0x63, 0x65, 0x6f, 0x66, 0x20, 0x41, 0x72, 0x72,
 0x61, 0x79, 0x42, 0x75, 0x66, 0x66, 0x65, 0x72,
 0x29, 0x20, 0x76, 0x61, 0x6c, 0x75, 0x65, 0x20,
 0x3d, 0x20, 0x74, 0x6f, 0x50, 0x6f, 0x69, 0x6e,
 0x74, 0x65, 0x72, 0x28, 0x76, 0x61, 0x6c, 0x75,
 0x65, 0x29, 0x3b, 0x0a, 0x20, 0x20, 0x20, 0x20,
 0x6e, 0x65, 0x77, 0x20, 0x49, 0x6e, 0x74, 0x38,
 0x41, 0x72, 0x72, 0x61, 0x79, 0x28, 0x74, 0x68,
 0x69, 0x73, 0x2c, 0x20, 0x31, 0x36, 0x29, 0x5b,
 0x30, 0x5d, 0x20, 0x3d, 0x20, 0x76, 0x61, 0x6c,
 0x75, 0x65, 0x3b, 0x0a, 0x20, 0x20, 0x7d, 0x0c,
 0x42, 0x0b, 0x01, 0x00, 0x00, 0x01, 0x00, 0x04,
 0x00, 0x00, 0x00, 0x11, 0x01, 0x10, 0x00, 0x01,
 0x00, 0x08, 0xc9, 0x38, 0xa8, 0x00, 0x00, 0x00,
 0x11, 0xc5, 0xbc, 0x10, 0x21, 0x02, 0x00, 0xb4,
 0x46, 0x28, 0xca, 0x03, 0xe0, 0x08, 0x07, 0x02,
 0x0d, 0x12, 0x37, 0x67, 0x65, 0x74, 0x20, 0x6e,
 0x61, 0x6d, 0x65, 0x28, 0x29, 0x20, 0x7b, 0x0a,
 0x20, 0x20, 0x20, 0x20, 0x72, 0x65, 0x74, 0x75,
 0x72, 0x6e, 0x20, 0x6e, 0x65, 0x77, 0x20, 0x49,
 0x6e, 0x74, 0x38, 0x41, 0x72, 0x72, 0x61, 0x79,
 0x28, 0x74, 0x68, 0x69, 0x73, 0x2c, 0x20, 0x31,
 0x36, 0x29, 0x5b, 0x30, 0x5d, 0x3b, 0x0a, 0x20,
 0x20, 0x7d, 0x0c, 0x42, 0x0b, 0x01, 0x00, 0x01,
 0x01, 0x01, 0x04, 0x00, 0x02, 0x00, 0x23, 0x02,
 0x80, 0x09, 0x00, 0x01, 0x00, 0xce, 0x06, 0x01,
 0x00, 0x20, 0xce, 0x05, 0x1d, 0x1a, 0x92, 0x05,
 0x05, 0x18, 0x60, 0x00, 0x00, 0x64, 0x00, 0x00,
 0xd1, 0xbc, 0x14, 0xf0, 0xc9, 0x38, 0x96, 0x00,
 0x00, 0x00, 0x41, 0x61, 0x00, 0x00, 0x00, 0x61,
 0x00, 0x00, 0x64, 0x01, 0x00, 0x40, 0x3c, 0x00,
 0x00, 0x00, 0x25, 0x02, 0x00, 0xca, 0x03, 0xe4,
 0x08, 0x0a, 0x04, 0x21, 0x26, 0x4e, 0x0a, 0x7d,
 0x66, 0x72, 0x6f, 0x6d, 0x28, 0x61, 0x64, 0x64,
 0x72, 0x65, 0x73, 0x73, 0x29, 0x20, 0x7b, 0x0a,
 0x20, 0x20, 0x20, 0x20, 0x6c, 0x65, 0x74, 0x20,
 0x72, 0x65, 0x74, 0x20, 0x3d, 0x20, 0x74, 0x6f,
 0x41, 0x72, 0x72, 0x61, 0x79, 0x42, 0x75, 0x66,
 0x66, 0x65, 0x72, 0x28, 0x61, 0x64, 0x64, 0x72,
 0x65, 0x73, 0x73, 0x2c, 0x20, 0x32, 0x30, 0x29,
 0x3b, 0x0a, 0x20, 0x20, 0x20, 0x20, 0x72, 0x65,
 0x74, 0x75, 0x72, 0x6e, 0x20, 0x4f, 0x62, 0x6a,
 0x65, 0x63, 0x74, 0x2e, 0x73, 0x65, 0x74, 0x50,
 0x72, 0x6f, 0x74, 0x6f, 0x74, 0x79, 0x70, 0x65,
 0x4f, 0x66, 0x28, 0x72, 0x65, 0x74, 0x2c, 0x20,
 0x69, 0x6e, 0x6f, 0x74, 0x69, 0x66, 0x79, 0x5f,
 0x65, 0x76, 0x65, 0x6e, 0x74, 0x2e, 0x70, 0x72,
 0x6f, 0x74, 0x6f, 0x74, 0x79, 0x70, 0x65, 0x29,
 0x3b, 0x0a, 0x20, 0x20, 0x7d, 0x0c, 0x42, 0x0b,
 0x01, 0x00, 0x00, 0x06, 0x00, 0x0c, 0x00, 0x00,
 0x00, 0x74, 0x06, 0x82, 0x09, 0x01, 0x00, 0x30,
 0x84, 0x09, 0x01, 0x01, 0x30, 0x86, 0x09, 0x01,
 0x02, 0x30, 0xac, 0x07, 0x01, 0x03, 0x30, 0x6e,
 0x01, 0x04, 0x30, 0x10, 0x00, 0x01, 0x00, 0x08,
 0xc2, 0x05, 0x60, 0x04, 0x00, 0x60, 0x03, 0x00,
 0x60, 0x02, 0x00, 0x60, 0x01, 0x00, 0x60, 0x00,
 0x00, 0x06, 0x11, 0xf2, 0xeb, 0x24, 0x6f, 0x41,
 0x41, 0x02, 0x00, 0x00, 0xc9, 0x41, 0x42, 0x02,
 0x00, 0x00, 0xca, 0x41, 0x43, 0x02, 0x00, 0x00,
 0xcb, 0x41, 0xd6, 0x01, 0x00, 0x00, 0xcc, 0x41,
 0x37, 0x00, 0x00, 0x00, 0xc2, 0x04, 0x0e, 0xec,
 0x06, 0x0e, 0xc1, 0x05, 0xec, 0xd9, 0x04, 0x44,
 0x02, 0x00, 0x00, 0x41, 0x5d, 0x00, 0x00, 0x00,
 0x61, 0x00, 0x00, 0x04, 0x45, 0x02, 0x00, 0x00,
 0x61, 0x01, 0x00, 0x04, 0x46, 0x02, 0x00, 0x00,
 0x61, 0x02, 0x00, 0x04, 0x47, 0x02, 0x00, 0x00,
 0x61, 0x03, 0x00, 0x04, 0x48, 0x02, 0x00, 0x00,
 0x61, 0x04, 0x00, 0x04, 0x49, 0x02, 0x00, 0x00,
 0x25, 0x0a, 0x00, 0xca, 0x03, 0xe9, 0x08, 0x03,
 0x00, 0xc4, 0x01, 0x74, 0x6f, 0x53, 0x74, 0x72,
 0x69, 0x6e, 0x67, 0x28, 0x29, 0x20, 0x7b, 0x0a,
 0x20, 0x20, 0x20, 0x20, 0x63, 0x6f, 0x6e, 0x73,
 0x74, 0x20, 0x7b, 0x20, 0x77, 0x64, 0x2c, 0x20,
 0x6d, 0x61, 0x73, 0x6b, 0x2c, 0x20, 0x63, 0x6f,
 0x6f, 0x6b, 0x69, 0x65, 0x2c, 0x20, 0x6c, 0x65,
 0x6e, 0x2c, 0x20, 0x6e, 0x61, 0x6d, 0x65, 0x20,
 0x7d, 0x20, 0x3d, 0x20, 0x74, 0x68, 0x69, 0x73,
 0x3b, 0x0a, 0x20, 0x20, 0x20, 0x20, 0x72, 0x65,
 0x74, 0x75, 0x72, 0x6e, 0x20, 0x60, 0x69, 0x6e,
 0x6f, 0x74, 0x69, 0x66, 0x79, 0x5f, 0x65, 0x76,
 0x65, 0x6e, 0x74, 0x20, 0x7b, 0x5c, 0x6e, 0x5c,
 0x74, 0x2e, 0x77, 0x64, 0x20, 0x3d, 0x20, 0x24,
 0x7b, 0x77, 0x64, 0x7d, 0x2c, 0x5c, 0x6e, 0x5c,
 0x74, 0x2e, 0x6d, 0x61, 0x73, 0x6b, 0x20, 0x3d,
 0x20, 0x24, 0x7b, 0x6d, 0x61, 0x73, 0x6b, 0x7d,
 0x2c, 0x5c, 0x6e, 0x5c, 0x74, 0x2e, 0x63, 0x6f,
 0x6f, 0x6b, 0x69, 0x65, 0x20, 0x3d, 0x20, 0x24,
 0x7b, 0x63, 0x6f, 0x6f, 0x6b, 0x69, 0x65, 0x7d,
 0x2c, 0x5c, 0x6e, 0x5c, 0x74, 0x2e, 0x6c, 0x65,
 0x6e, 0x20, 0x3d, 0x20, 0x24, 0x7b, 0x6c, 0x65,
 0x6e, 0x7d, 0x2c, 0x5c, 0x6e, 0x5c, 0x74, 0x2e,
 0x6e, 0x61, 0x6d, 0x65, 0x20, 0x3d, 0x20, 0x24,
 0x7b, 0x6e, 0x61, 0x6d, 0x65, 0x7d, 0x5c, 0x6e,
 0x7d, 0x60, 0x3b, 0x0a, 0x20, 0x20, 0x7d, 0x0c,
 0x48, 0x09, 0x01, 0x00, 0x00, 0x02, 0x00, 0x03,
 0x00, 0x01, 0x00, 0x12, 0x02, 0x10, 0x00, 0x01,
 0x00, 0xe8, 0x01, 0x00, 0x01, 0x00, 0xda, 0x05,
 0x06, 0x18, 0x0c, 0x04, 0xca, 0x08, 0xc9, 0xec,
 0x01, 0xc5, 0x64, 0x00, 0x00, 0x04, 0x49, 0x01,
 0x00, 0x00, 0x50, 0x29, 0xca, 0x03, 0x00, 0x00,
 0x00, 0x00, 0x0c, 0x41, 0x0a, 0x01, 0x94, 0x05,
 0x03, 0x09, 0x01, 0x05, 0x06, 0x0e, 0x04, 0xaa,
 0x02, 0x0c, 0xd0, 0x05, 0x00, 0x01, 0x40, 0x05,
 0xfa, 0x06, 0x00, 0x01, 0x00, 0x94, 0x09, 0x00,
 0x01, 0x40, 0x00, 0xd0, 0x05, 0x01, 0xff, 0xff,
 0xff, 0xff, 0x0f, 0x20, 0xfa, 0x06, 0x01, 0x01,
 0x20, 0x94, 0x09, 0x01, 0x02, 0x20, 0x86, 0x07,
 0x02, 0x00, 0x60, 0x01, 0x82, 0x09, 0x02, 0x04,
 0x20, 0xcc, 0x07, 0x02, 0x05, 0x60, 0x02, 0x96,
 0x09, 0x02, 0x06, 0x60, 0x03, 0xce, 0x06, 0x02,
 0x07, 0x60, 0x04, 0xd2, 0x06, 0x06, 0x08, 0x03,
 0xce, 0x03, 0x01, 0x1a, 0x70, 0x1e, 0x1a, 0xc8,
 0x05, 0x18, 0x1a, 0xc4, 0x05, 0x16, 0x1a, 0x9a,
 0x05, 0x00, 0x1a, 0xbc, 0x05, 0x12, 0x1a, 0xbe,
 0x05, 0x13, 0x1a, 0xc0, 0x05, 0x14, 0x1a, 0xb8,
 0x05, 0x10, 0x1a, 0xba, 0x05, 0x11, 0x1a, 0xb6,
 0x05, 0x0f, 0x1a, 0xb4, 0x05, 0x0e, 0x1a, 0xb2,
 0x05, 0x0d, 0x1a, 0x94, 0x05, 0x1f, 0x1a, 0x0c,
 0x42, 0x0a, 0x01, 0x00, 0x02, 0x00, 0x02, 0x00,
 0x00, 0x00, 0x00, 0x01, 0x02, 0x98, 0x09, 0x00,
 0x01, 0x00, 0xd0, 0x05, 0x00, 0x01, 0x00, 0x29,
 0xca, 0x03, 0xf1, 0x08, 0x3a, 0x00, 0x1b, 0x28,
 0x65, 0x76, 0x65, 0x6e, 0x74, 0x54, 0x79, 0x70,
 0x65, 0x2c, 0x20, 0x66, 0x69, 0x6c, 0x65, 0x6e,
 0x61, 0x6d, 0x65, 0x29, 0x20, 0x3d, 0x3e, 0x20,
 0x7b, 0x7d, 0x0c, 0x42, 0x0a, 0x01, 0x00, 0x01,
 0x00, 0x01, 0x03, 0x00, 0x01, 0x00, 0x0a, 0x01,
 0xd0, 0x05, 0x00, 0x01, 0x00, 0x94, 0x09, 0x02,
 0x01, 0xdd, 0x04, 0x4d, 0x02, 0x00, 0x00, 0xd1,
 0x23, 0x02, 0x00, 0xca, 0x03, 0xf9, 0x08, 0x14,
 0x02, 0x07, 0x18, 0x28, 0x66, 0x69, 0x6c, 0x65,
 0x6e, 0x61, 0x6d, 0x65, 0x20, 0x3d, 0x3e, 0x20,
 0x63, 0x61, 0x6c, 0x6c, 0x62, 0x61, 0x63, 0x6b,
 0x28, 0x27, 0x63, 0x68, 0x61, 0x6e, 0x67, 0x65,
 0x27, 0x2c, 0x20, 0x66, 0x69, 0x6c, 0x65, 0x6e,
 0x61, 0x6d, 0x65, 0x29, 0x0c, 0x42, 0x0a, 0x01,
 0x00, 0x01, 0x00, 0x01, 0x03, 0x00, 0x01, 0x00,
 0x0a, 0x01, 0xd0, 0x05, 0x00, 0x01, 0x00, 0x94,
 0x09, 0x02, 0x01, 0xdd, 0x04, 0x1f, 0x02, 0x00,
 0x00, 0xd1, 0x23, 0x02, 0x00, 0xca, 0x03, 0xfa,
 0x08, 0x14, 0x02, 0x07, 0x18, 0x28, 0x66, 0x69,
 0x6c, 0x65, 0x6e, 0x61, 0x6d, 0x65, 0x20, 0x3d,
 0x3e, 0x20, 0x63, 0x61, 0x6c, 0x6c, 0x62, 0x61,
 0x63, 0x6b, 0x28, 0x27, 0x72, 0x65, 0x6e, 0x61,
 0x6d, 0x65, 0x27, 0x2c, 0x20, 0x66, 0x69, 0x6c,
 0x65, 0x6e, 0x61, 0x6d, 0x65, 0x29, 0x0c, 0x42,
 0x0a, 0x01, 0x00, 0x00, 0x07, 0x00, 0x06, 0x00,
 0x07, 0x00, 0xd4, 0x01, 0x07, 0xf6, 0x06, 0x01,
 0x00, 0x20, 0x82, 0x09, 0x01, 0x01, 0x30, 0x84,
 0x09, 0x01, 0x02, 0x30, 0x86, 0x09, 0x01, 0x03,
 0x30, 0xac, 0x07, 0x01, 0x04, 0x30, 0x6e, 0x01,
 0x05, 0x20, 0x9c, 0x09, 0x01, 0x06, 0x20, 0xce,
 0x03, 0x00, 0x1a, 0x86, 0x07, 0x03, 0x10, 0xcc,
 0x07, 0x05, 0x10, 0x96, 0x09, 0x06, 0x10, 0x70,
 0x01, 0x1a, 0xce, 0x06, 0x07, 0x10, 0xd0, 0x05,
 0x00, 0x01, 0x60, 0x06, 0x00, 0x60, 0x05, 0x00,
 0x60, 0x04, 0x00, 0x60, 0x03, 0x00, 0x60, 0x02,
 0x00, 0x60, 0x01, 0x00, 0x60, 0x00, 0x00, 0x64,
 0x00, 0x00, 0x41, 0x43, 0x01, 0x00, 0x00, 0x64,
 0x01, 0x00, 0x64, 0x02, 0x00, 0xb4, 0x64, 0x02,
 0x00, 0x40, 0xc1, 0x01, 0x00, 0x00, 0x24, 0x04,
 0x00, 0xc9, 0x06, 0x11, 0xf2, 0xeb, 0x16, 0x7d,
 0x80, 0x00, 0x0e, 0xca, 0x80, 0x00, 0x0e, 0xcb,
 0x80, 0x00, 0x0e, 0xcc, 0x80, 0x00, 0x0e, 0xc2,
 0x04, 0x83, 0xec, 0x07, 0x0e, 0x64, 0x03, 0x00,
 0xec, 0xe6, 0xc0, 0xc2, 0x05, 0x61, 0x04, 0x00,
 0xb4, 0xa7, 0xea, 0x44, 0x38, 0xa5, 0x00, 0x00,
 0x00, 0x11, 0x61, 0x04, 0x00, 0x21, 0x01, 0x00,
 0x11, 0x65, 0x02, 0x00, 0x0e, 0x64, 0x00, 0x00,
 0x41, 0x43, 0x01, 0x00, 0x00, 0x64, 0x01, 0x00,
 0x64, 0x02, 0x00, 0xb4, 0x61, 0x04, 0x00, 0x24,
 0x04, 0x00, 0x11, 0x62, 0x00, 0x00, 0x0e, 0x64,
 0x04, 0x00, 0x64, 0x02, 0x00, 0x41, 0xf8, 0x01,
 0x00, 0x00, 0xb4, 0x61, 0x00, 0x00, 0x24, 0x02,
 0x00, 0xef, 0x11, 0x62, 0x05, 0x00, 0x0e, 0x0b,
 0x61, 0x01, 0x00, 0x4b, 0x41, 0x02, 0x00, 0x00,
 0x61, 0x02, 0x00, 0x4b, 0x42, 0x02, 0x00, 0x00,
 0x61, 0x03, 0x00, 0x4b, 0x43, 0x02, 0x00, 0x00,
 0x61, 0x05, 0x00, 0x4b, 0x37, 0x00, 0x00, 0x00,
 0xc2, 0x06, 0x64, 0x05, 0x00, 0x41, 0x4f, 0x02,
 0x00, 0x00, 0x04, 0x4d, 0x02, 0x00, 0x00, 0x5d,
 0x06, 0x00, 0x24, 0x02, 0x00, 0x29, 0xca, 0x03,
 0x88, 0x09, 0x19, 0x18, 0x95, 0x07, 0x00, 0x39,
 0x0a, 0x0d, 0x17, 0x06, 0x58, 0x13, 0x2a, 0x18,
 0x5e, 0x17, 0x11, 0x20, 0x2a, 0x08, 0x00, 0x30,
 0x18, 0x2b, 0x2a, 0x08, 0xc1, 0x03, 0x28, 0x29,
 0x20, 0x3d, 0x3e, 0x20, 0x7b, 0x0a, 0x20, 0x20,
 0x20, 0x20, 0x2f, 0x2f, 0x73, 0x74, 0x64, 0x2e,
 0x70, 0x75, 0x74, 0x73, 0x28, 0x60, 0x72, 0x65,
 0x61, 0x64, 0x48, 0x61, 0x6e, 0x64, 0x6c, 0x65,
 0x72, 0x20, 0x66, 0x64, 0x3d, 0x24, 0x7b, 0x66,
 0x64, 0x7d, 0x5c, 0x6e, 0x60, 0x29, 0x3b, 0x0a,
 0x20, 0x20, 0x20, 0x20, 0x6c, 0x65, 0x74, 0x20,
 0x72, 0x20, 0x3d, 0x20, 0x6f, 0x73, 0x2e, 0x72,
 0x65, 0x61, 0x64, 0x28, 0x66, 0x64, 0x2c, 0x20,
 0x62, 0x75, 0x66, 0x2c, 0x20, 0x30, 0x2c, 0x20,
 0x62, 0x75, 0x66, 0x2e, 0x62, 0x79, 0x74, 0x65,
 0x4c, 0x65, 0x6e, 0x67, 0x74, 0x68, 0x29, 0x3b,
 0x0a, 0x0a, 0x20, 0x20, 0x20, 0x20, 0x63, 0x6f,
 0x6e, 0x73, 0x74, 0x20, 0x5b, 0x77, 0x64, 0x2c,
 0x20, 0x6d, 0x61, 0x73, 0x6b, 0x2c, 0x20, 0x63,
 0x6f, 0x6f, 0x6b, 0x69, 0x65, 0x2c, 0x20, 0x6c,
 0x65, 0x6e, 0x5d, 0x20, 0x3d, 0x20, 0x61, 0x72,
 0x72, 0x3b, 0x0a, 0x20, 0x20, 0x20, 0x20, 0x6c,
 0x65, 0x74, 0x20, 0x6e, 0x61, 0x6d, 0x65, 0x20,
 0x3d, 0x20, 0x27, 0x27, 0x3b, 0x0a, 0x0a, 0x20,
 0x20, 0x20, 0x20, 0x69, 0x66, 0x28, 0x6c, 0x65,
 0x6e, 0x20, 0x3e, 0x20, 0x30, 0x29, 0x20, 0x7b,
 0x0a, 0x20, 0x20, 0x20, 0x20, 0x20, 0x20, 0x62,
 0x75, 0x66, 0x20, 0x3d, 0x20, 0x6e, 0x65, 0x77,
 0x20, 0x41, 0x72, 0x72, 0x61, 0x79, 0x42, 0x75,
 0x66, 0x66, 0x65, 0x72, 0x28, 0x6c, 0x65, 0x6e,
 0x29, 0x3b, 0x0a, 0x20, 0x20, 0x20, 0x20, 0x20,
 0x20, 0x72, 0x20, 0x3d, 0x20, 0x6f, 0x73, 0x2e,
 0x72, 0x65, 0x61, 0x64, 0x28, 0x66, 0x64, 0x2c,
 0x20, 0x62, 0x75, 0x66, 0x2c, 0x20, 0x30, 0x2c,
 0x20, 0x6c, 0x65, 0x6e, 0x29, 0x3b, 0x0a, 0x0a,
 0x20, 0x20, 0x20, 0x20, 0x20, 0x20, 0x6e, 0x61,
 0x6d, 0x65, 0x20, 0x3d, 0x20, 0x74, 0x6f, 0x53,
 0x74, 0x72, 0x69, 0x6e, 0x67, 0x28, 0x62, 0x75,
 0x66, 0x2e, 0x73, 0x6c, 0x69, 0x63, 0x65, 0x28,
 0x30, 0x2c, 0x20, 0x72, 0x29, 0x29, 0x3b, 0x0a,
 0x20, 0x20, 0x20, 0x20, 0x7d, 0x0a, 0x0a, 0x20,
 0x20, 0x20, 0x20, 0x6c, 0x65, 0x74, 0x20, 0x65,
 0x76, 0x65, 0x6e, 0x74, 0x20, 0x3d, 0x20, 0x7b,
 0x0a, 0x20, 0x20, 0x20, 0x20, 0x20, 0x20, 0x77,
 0x64, 0x2c, 0x0a, 0x20, 0x20, 0x20, 0x20, 0x20,
 0x20, 0x6d, 0x61, 0x73, 0x6b, 0x2c, 0x0a, 0x20,
 0x20, 0x20, 0x20, 0x20, 0x20, 0x63, 0x6f, 0x6f,
 0x6b, 0x69, 0x65, 0x2c, 0x0a, 0x20, 0x20, 0x20,
 0x20, 0x20, 0x20, 0x6e, 0x61, 0x6d, 0x65, 0x2c,
 0x0a, 0x20, 0x20, 0x20, 0x20, 0x7d, 0x3b, 0x0a,
 0x0a, 0x20, 0x20, 0x20, 0x20, 0x2f, 0x2f, 0x73,
 0x74, 0x64, 0x2e, 0x70, 0x75, 0x74, 0x73, 0x28,
 0x60, 0x72, 0x65, 0x61, 0x64, 0x48, 0x61, 0x6e,
 0x64, 0x6c, 0x65, 0x72, 0x20, 0x72, 0x3d, 0x24,
 0x7b, 0x72, 0x7d, 0x5c, 0x6e, 0x60, 0x29, 0x3b,
 0x0a, 0x0a, 0x20, 0x20, 0x20, 0x20, 0x72, 0x65,
 0x74, 0x2e, 0x65, 0x6d, 0x69, 0x74, 0x28, 0x27,
 0x63, 0x68, 0x61, 0x6e, 0x67, 0x65, 0x27, 0x2c,
 0x20, 0x66, 0x69, 0x6c, 0x65, 0x6e, 0x61, 0x6d,
 0x65, 0x29, 0x3b, 0x0a, 0x20, 0x20, 0x7d, 0x60,
 0x02, 0x00, 0x60, 0x01, 0x00, 0x60, 0x00, 0x00,
 0xd1, 0xc9, 0xd2, 0x11, 0xf2, 0xea, 0x04, 0x0e,
 0x0b, 0xda, 0xca, 0xd3, 0x11, 0xf2, 0xea, 0x0a,
 0x0e, 0xbf, 0x00, 0x4c, 0x4a, 0x02, 0x00, 0x00,
 0xdb, 0xcb, 0x60, 0x07, 0x00, 0x60, 0x06, 0x00,
 0x60, 0x05, 0x00, 0x60, 0x04, 0x00, 0x60, 0x03,
 0x00, 0x06, 0xcc, 0x06, 0xc2, 0x04, 0x06, 0xc2,
 0x05, 0x06, 0xc2, 0x06, 0x06, 0xc2, 0x07, 0x64,
 0x02, 0x00, 0xd2, 0xef, 0xea, 0x09, 0x0b, 0xd2,
 0x4b, 0xbe, 0x01, 0x00, 0x00, 0xd6, 0x64, 0x03,
 0x00, 0xd2, 0xef, 0xea, 0x09, 0x0b, 0xd2, 0x4b,
 0x42, 0x02, 0x00, 0x00, 0xd6, 0x64, 0x04, 0x00,
 0x11, 0x21, 0x00, 0x00, 0x11, 0x62, 0x07, 0x00,
 0x0e, 0x61, 0x07, 0x00, 0x41, 0x50, 0x02, 0x00,
 0x00, 0x04, 0x4d, 0x02, 0x00, 0x00, 0xbf, 0x01,
 0x24, 0x02, 0x00, 0x0e, 0x61, 0x07, 0x00, 0x41,
 0x50, 0x02, 0x00, 0x00, 0x04, 0x1f, 0x02, 0x00,
 0x00, 0xbf, 0x02, 0x24, 0x02, 0x00, 0x0e, 0xd2,
 0x41, 0x42, 0x02, 0x00, 0x00, 0x11, 0xaf, 0xea,
 0x29, 0x0e, 0x64, 0x05, 0x00, 0x64, 0x06, 0x00,
 0xa3, 0x64, 0x07, 0x00, 0xa3, 0x64, 0x08, 0x00,
 0xa3, 0x64, 0x09, 0x00, 0xa3, 0x64, 0x0a, 0x00,
 0xa3, 0x64, 0x0b, 0x00, 0xa3, 0x64, 0x0c, 0x00,
 0xa3, 0x15, 0x42, 0x42, 0x02, 0x00, 0x00, 0xec,
 0x02, 0x0f, 0x0e, 0x6b, 0x23, 0x00, 0x00, 0x00,
 0x64, 0x0d, 0x00, 0xee, 0x11, 0x62, 0x03, 0x00,
 0x0e, 0x64, 0x0d, 0x00, 0x61, 0x03, 0x00, 0xd1,
 0xd2, 0x40, 0x42, 0x02, 0x00, 0x00, 0xf1, 0x11,
 0x62, 0x04, 0x00, 0x0e, 0x0e, 0xec, 0x0d, 0xc2,
 0x08, 0x6b, 0x08, 0x00, 0x00, 0x00, 0xc1, 0x08,
 0x6e, 0x28, 0x30, 0x38, 0xa5, 0x00, 0x00, 0x00,
 0x11, 0xbc, 0x10, 0x21, 0x01, 0x00, 0x11, 0x62,
 0x05, 0x00, 0x0e, 0x38, 0xad, 0x00, 0x00, 0x00,
 0x11, 0x61, 0x05, 0x00, 0x21, 0x01, 0x00, 0x11,
 0x62, 0x06, 0x00, 0x0e, 0x64, 0x00, 0x00, 0x41,
 0x2c, 0x02, 0x00, 0x00, 0x61, 0x03, 0x00, 0xbf,
 0x03, 0x24, 0x02, 0x00, 0x0e, 0x61, 0x07, 0x00,
 0x28, 0xca, 0x03, 0xf1, 0x08, 0x08, 0x37, 0x00,
 0x43, 0x06, 0x0e, 0x16, 0x14, 0x3a, 0x13, 0x16,
 0x14, 0x2c, 0x17, 0x40, 0x13, 0x2a, 0x08, 0x3a,
 0x07, 0x2a, 0x08, 0x3b, 0x07, 0x48, 0x3a, 0x16,
 0x1e, 0x16, 0x1c, 0x16, 0x18, 0x16, 0x22, 0x16,
 0x18, 0x16, 0x22, 0x64, 0xe3, 0x01, 0x11, 0x0a,
 0x21, 0x09, 0x11, 0x16, 0x00, 0x1f, 0x0a, 0x05,
 0x53, 0x00, 0x59, 0x13, 0x2a, 0x24, 0xb3, 0x09,
 0x66, 0x75, 0x6e, 0x63, 0x74, 0x69, 0x6f, 0x6e,
 0x20, 0x77, 0x61, 0x74, 0x63, 0x68, 0x28, 0x66,
 0x69, 0x6c, 0x65, 0x6e, 0x61, 0x6d, 0x65, 0x2c,
 0x20, 0x6f, 0x70, 0x74, 0x69, 0x6f, 0x6e, 0x73,
 0x20, 0x3d, 0x20, 0x7b, 0x7d, 0x2c, 0x20, 0x63,
 0x61, 0x6c, 0x6c, 0x62, 0x61, 0x63, 0x6b, 0x20,
 0x3d, 0x20, 0x28, 0x65, 0x76, 0x65, 0x6e, 0x74,
 0x54, 0x79, 0x70, 0x65, 0x2c, 0x20, 0x66, 0x69,
 0x6c, 0x65, 0x6e, 0x61, 0x6d, 0x65, 0x29, 0x20,
 0x3d, 0x3e, 0x20, 0x7b, 0x7d, 0x29, 0x20, 0x7b,
 0x0a, 0x20, 0x20, 0x6c, 0x65, 0x74, 0x20, 0x66,
 0x64, 0x2c, 0x20, 0x77, 0x64, 0x2c, 0x20, 0x62,
 0x75, 0x66, 0x2c, 0x20, 0x61, 0x72, 0x72, 0x2c,
 0x20, 0x72, 0x65, 0x74, 0x3b, 0x0a, 0x0a, 0x20,
 0x20, 0x69, 0x66, 0x28, 0x69, 0x73, 0x53, 0x74,
 0x72, 0x69, 0x6e, 0x67, 0x28, 0x6f, 0x70, 0x74,
 0x69, 0x6f, 0x6e, 0x73, 0x29, 0x29, 0x20, 0x6f,
 0x70, 0x74, 0x69, 0x6f, 0x6e, 0x73, 0x20, 0x3d,
 0x20, 0x7b, 0x20, 0x65, 0x6e, 0x63, 0x6f, 0x64,
 0x69, 0x6e, 0x67, 0x3a, 0x20, 0x6f, 0x70, 0x74,
 0x69, 0x6f, 0x6e, 0x73, 0x20, 0x7d, 0x3b, 0x0a,
 0x20, 0x20, 0x69, 0x66, 0x28, 0x69, 0x73, 0x4e,
 0x75, 0x6d, 0x62, 0x65, 0x72, 0x28, 0x6f, 0x70,
 0x74, 0x69, 0x6f, 0x6e, 0x73, 0x29, 0x29, 0x20,
 0x6f, 0x70, 0x74, 0x69, 0x6f, 0x6e, 0x73, 0x20,
 0x3d, 0x20, 0x7b, 0x20, 0x6d, 0x61, 0x73, 0x6b,
 0x3a, 0x20, 0x6f, 0x70, 0x74, 0x69, 0x6f, 0x6e,
 0x73, 0x20, 0x7d, 0x3b, 0x0a, 0x0a, 0x20, 0x20,
 0x72, 0x65, 0x74, 0x20, 0x3d, 0x20, 0x6e, 0x65,
 0x77, 0x20, 0x45, 0x76, 0x65, 0x6e, 0x74, 0x45,
 0x6d, 0x69, 0x74, 0x74, 0x65, 0x72, 0x28, 0x29,
 0x3b, 0x0a, 0x0a, 0x20, 0x20, 0x72, 0x65, 0x74,
 0x2e, 0x6f, 0x6e, 0x28, 0x27, 0x63, 0x68, 0x61,
 0x6e, 0x67, 0x65, 0x27, 0x2c, 0x20, 0x66, 0x69,
 0x6c, 0x65, 0x6e, 0x61, 0x6d, 0x65, 0x20, 0x3d,
 0x3e, 0x20, 0x63, 0x61, 0x6c, 0x6c, 0x62, 0x61,
 0x63, 0x6b, 0x28, 0x27, 0x63, 0x68, 0x61, 0x6e,
 0x67, 0x65, 0x27, 0x2c, 0x20, 0x66, 0x69, 0x6c,
 0x65, 0x6e, 0x61, 0x6d, 0x65, 0x29, 0x29, 0x3b,
 0x0a, 0x20, 0x20, 0x72, 0x65, 0x74, 0x2e, 0x6f,
 0x6e, 0x28, 0x27, 0x72, 0x65, 0x6e, 0x61, 0x6d,
 0x65, 0x27, 0x2c, 0x20, 0x66, 0x69, 0x6c, 0x65,
 0x6e, 0x61, 0x6d, 0x65, 0x20, 0x3d, 0x3e, 0x20,
 0x63, 0x61, 0x6c, 0x6c, 0x62, 0x61, 0x63, 0x6b,
 0x28, 0x27, 0x72, 0x65, 0x6e, 0x61, 0x6d, 0x65,
 0x27, 0x2c, 0x20, 0x66, 0x69, 0x6c, 0x65, 0x6e,
 0x61, 0x6d, 0x65, 0x29, 0x29, 0x3b, 0x0a, 0x0a,
 0x20, 0x20, 0x6f, 0x70, 0x74, 0x69, 0x6f, 0x6e,
 0x73, 0x2e, 0x6d, 0x61, 0x73, 0x6b, 0x20, 0x3f,
 0x3f, 0x3d, 0x20, 0x49, 0x4e, 0x5f, 0x4d, 0x4f,
 0x44, 0x49, 0x46, 0x59, 0x20, 0x7c, 0x20, 0x49,
 0x4e, 0x5f, 0x4d, 0x4f, 0x56, 0x45, 0x5f, 0x53,
 0x45, 0x4c, 0x46, 0x20, 0x7c, 0x20, 0x49, 0x4e,
 0x5f, 0x4d, 0x4f, 0x56, 0x45, 0x44, 0x5f, 0x54,
 0x4f, 0x20, 0x7c, 0x20, 0x49, 0x4e, 0x5f, 0x44,
 0x45, 0x4c, 0x45, 0x54, 0x45, 0x20, 0x7c, 0x20,
 0x49, 0x4e, 0x5f, 0x44, 0x45, 0x4c, 0x45, 0x54,
 0x45, 0x5f, 0x53, 0x45, 0x4c, 0x46, 0x20, 0x7c,
 0x20, 0x49, 0x4e, 0x5f, 0x43, 0x52, 0x45, 0x41,
 0x54, 0x45, 0x20, 0x7c, 0x20, 0x49, 0x4e, 0x5f,
 0x43, 0x4c, 0x4f, 0x53, 0x45, 0x5f, 0x57, 0x52,
 0x49, 0x54, 0x45, 0x20, 0x7c, 0x20, 0x49, 0x4e,
 0x5f, 0x41, 0x54, 0x54, 0x52, 0x49, 0x42, 0x3b,
 0x0a, 0x0a, 0x20, 0x20, 0x74, 0x72, 0x79, 0x20,
 0x7b, 0x0a, 0x20, 0x20, 0x20, 0x20, 0x66, 0x64,
 0x20, 0x3d, 0x20, 0x77, 0x61, 0x74, 0x63, 0x68,
 0x28, 0x29, 0x3b, 0x0a, 0x20, 0x20, 0x20, 0x20,
 0x77, 0x64, 0x20, 0x3d, 0x20, 0x77, 0x61, 0x74,
 0x63, 0x68, 0x28, 0x66, 0x64, 0x2c, 0x20, 0x66,
 0x69, 0x6c, 0x65, 0x6e, 0x61, 0x6d, 0x65, 0x2c,
 0x20, 0x6f, 0x70, 0x74, 0x69, 0x6f, 0x6e, 0x73,
 0x2e, 0x6d, 0x61, 0x73, 0x6b, 0x29, 0x3b, 0x0a,
 0x20, 0x20, 0x7d, 0x20, 0x63, 0x61, 0x74, 0x63,
 0x68, 0x28, 0x65, 0x72, 0x72, 0x29, 0x20, 0x7b,
 0x0a, 0x20, 0x20, 0x20, 0x20, 0x72, 0x65, 0x74,
 0x75, 0x72, 0x6e, 0x20, 0x65, 0x72, 0x72, 0x3b,
 0x0a, 0x20, 0x20, 0x7d, 0x0a, 0x0a, 0x20, 0x20,
 0x62, 0x75, 0x66, 0x20, 0x3d, 0x20, 0x6e, 0x65,
 0x77, 0x20, 0x41, 0x72, 0x72, 0x61, 0x79, 0x42,
 0x75, 0x66, 0x66, 0x65, 0x72, 0x28, 0x31, 0x36,
 0x29, 0x3b, 0x0a, 0x20, 0x20, 0x61, 0x72, 0x72,
 0x20, 0x3d, 0x20, 0x6e, 0x65, 0x77, 0x20, 0x55,
 0x69, 0x6e, 0x74, 0x33, 0x32, 0x41, 0x72, 0x72,
 0x61, 0x79, 0x28, 0x62, 0x75, 0x66, 0x29, 0x3b,
 0x0a, 0x0a, 0x20, 0x20, 0x6f, 0x73, 0x2e, 0x73,
 0x65, 0x74, 0x52, 0x65, 0x61, 0x64, 0x48, 0x61,
 0x6e, 0x64, 0x6c, 0x65, 0x72, 0x28, 0x66, 0x64,
 0x2c, 0x20, 0x28, 0x29, 0x20, 0x3d, 0x3e, 0x20,
 0x7b, 0x0a, 0x20, 0x20, 0x20, 0x20, 0x2f, 0x2f,
 0x73, 0x74, 0x64, 0x2e, 0x70, 0x75, 0x74, 0x73,
 0x28, 0x60, 0x72, 0x65, 0x61, 0x64, 0x48, 0x61,
 0x6e, 0x64, 0x6c, 0x65, 0x72, 0x20, 0x66, 0x64,
 0x3d, 0x24, 0x7b, 0x66, 0x64, 0x7d, 0x5c, 0x6e,
 0x60, 0x29, 0x3b, 0x0a, 0x20, 0x20, 0x20, 0x20,
 0x6c, 0x65, 0x74, 0x20, 0x72, 0x20, 0x3d, 0x20,
 0x6f, 0x73, 0x2e, 0x72, 0x65, 0x61, 0x64, 0x28,
 0x66, 0x64, 0x2c, 0x20, 0x62, 0x75, 0x66, 0x2c,
 0x20, 0x30, 0x2c, 0x20, 0x62, 0x75, 0x66, 0x2e,
 0x62, 0x79, 0x74, 0x65, 0x4c, 0x65, 0x6e, 0x67,
 0x74, 0x68, 0x29, 0x3b, 0x0a, 0x0a, 0x20, 0x20,
 0x20, 0x20, 0x63, 0x6f, 0x6e, 0x73, 0x74, 0x20,
 0x5b, 0x77, 0x64, 0x2c, 0x20, 0x6d, 0x61, 0x73,
 0x6b, 0x2c, 0x20, 0x63, 0x6f, 0x6f, 0x6b, 0x69,
 0x65, 0x2c, 0x20, 0x6c, 0x65, 0x6e, 0x5d, 0x20,
 0x3d, 0x20, 0x61, 0x72, 0x72, 0x3b, 0x0a, 0x20,
 0x20, 0x20, 0x20, 0x6c, 0x65, 0x74, 0x20, 0x6e,
 0x61, 0x6d, 0x65, 0x20, 0x3d, 0x20, 0x27, 0x27,
 0x3b, 0x0a, 0x0a, 0x20, 0x20, 0x20, 0x20, 0x69,
 0x66, 0x28, 0x6c, 0x65, 0x6e, 0x20, 0x3e, 0x20,
 0x30, 0x29, 0x20, 0x7b, 0x0a, 0x20, 0x20, 0x20,
 0x20, 0x20, 0x20, 0x62, 0x75, 0x66, 0x20, 0x3d,
 0x20, 0x6e, 0x65, 0x77, 0x20, 0x41, 0x72, 0x72,
 0x61, 0x79, 0x42, 0x75, 0x66, 0x66, 0x65, 0x72,
 0x28, 0x6c, 0x65, 0x6e, 0x29, 0x3b, 0x0a, 0x20,
 0x20, 0x20, 0x20, 0x20, 0x20, 0x72, 0x20, 0x3d,
 0x20, 0x6f, 0x73, 0x2e, 0x72, 0x65, 0x61, 0x64,
 0x28, 0x66, 0x64, 0x2c, 0x20, 0x62, 0x75, 0x66,
 0x2c, 0x20, 0x30, 0x2c, 0x20, 0x6c, 0x65, 0x6e,
 0x29, 0x3b, 0x0a, 0x0a, 0x20, 0x20, 0x20, 0x20,
 0x20, 0x20, 0x6e, 0x61, 0x6d, 0x65, 0x20, 0x3d,
 0x20, 0x74, 0x6f, 0x53, 0x74, 0x72, 0x69, 0x6e,
 0x67, 0x28, 0x62, 0x75, 0x66, 0x2e, 0x73, 0x6c,
 0x69, 0x63, 0x65, 0x28, 0x30, 0x2c, 0x20, 0x72,
 0x29, 0x29, 0x3b, 0x0a, 0x20, 0x20, 0x20, 0x20,
 0x7d, 0x0a, 0x0a, 0x20, 0x20, 0x20, 0x20, 0x6c,
 0x65, 0x74, 0x20, 0x65, 0x76, 0x65, 0x6e, 0x74,
 0x20, 0x3d, 0x20, 0x7b, 0x0a, 0x20, 0x20, 0x20,
 0x20, 0x20, 0x20, 0x77, 0x64, 0x2c, 0x0a, 0x20,
 0x20, 0x20, 0x20, 0x20, 0x20, 0x6d, 0x61, 0x73,
 0x6b, 0x2c, 0x0a, 0x20, 0x20, 0x20, 0x20, 0x20,
 0x20, 0x63, 0x6f, 0x6f, 0x6b, 0x69, 0x65, 0x2c,
 0x0a, 0x20, 0x20, 0x20, 0x20, 0x20, 0x20, 0x6e,
 0x61, 0x6d, 0x65, 0x2c, 0x0a, 0x20, 0x20, 0x20,
 0x20, 0x7d, 0x3b, 0x0a, 0x0a, 0x20, 0x20, 0x20,
 0x20, 0x2f, 0x2f, 0x73, 0x74, 0x64, 0x2e, 0x70,
 0x75, 0x74, 0x73, 0x28, 0x60, 0x72, 0x65, 0x61,
 0x64, 0x48, 0x61, 0x6e, 0x64, 0x6c, 0x65, 0x72,
 0x20, 0x72, 0x3d, 0x24, 0x7b, 0x72, 0x7d, 0x5c,
 0x6e, 0x60, 0x29, 0x3b, 0x0a, 0x0a, 0x20, 0x20,
 0x20, 0x20, 0x72, 0x65, 0x74, 0x2e, 0x65, 0x6d,
 0x69, 0x74, 0x28, 0x27, 0x63, 0x68, 0x61, 0x6e,
 0x67, 0x65, 0x27, 0x2c, 0x20, 0x66, 0x69, 0x6c,
 0x65, 0x6e, 0x61, 0x6d, 0x65, 0x29, 0x3b, 0x0a,
 0x20, 0x20, 0x7d, 0x29, 0x3b, 0x0a, 0x0a, 0x20,
 0x20, 0x2f, 0x2f, 0x73, 0x74, 0x64, 0x2e, 0x70,
 0x75, 0x74, 0x73, 0x28, 0x60, 0x77, 0x61, 0x74,
 0x63, 0x68, 0x20, 0x72, 0x65, 0x74, 0x3d, 0x24,
 0x7b, 0x72, 0x65, 0x74, 0x7d, 0x5c, 0x6e, 0x60,
 0x29, 0x3b, 0x0a, 0x0a, 0x20, 0x20, 0x72, 0x65,
 0x74, 0x75, 0x72, 0x6e, 0x20, 0x72, 0x65, 0x74,
 0x3b, 0x0a, 0x7d, 0x0c, 0x41, 0x0a, 0x01, 0x96,
 0x05, 0x02, 0x0c, 0x01, 0x05, 0x00, 0x02, 0x00,
 0xc3, 0x01, 0x0e, 0xd0, 0x03, 0x00, 0x01, 0x00,
 0xfa, 0x06, 0x00, 0x01, 0x00, 0xd0, 0x03, 0x01,
 0xff, 0xff, 0xff, 0xff, 0x0f, 0x20, 0xfa, 0x06,
 0x01, 0x01, 0x20, 0xfc, 0x06, 0x02, 0x00, 0x30,
 0xe6, 0x08, 0x02, 0x03, 0x30, 0xe8, 0x08, 0x02,
 0x04, 0x30, 0xa2, 0x09, 0x02, 0x05, 0x30, 0xdc,
 0x01, 0x02, 0x06, 0x30, 0xd2, 0x06, 0x02, 0x07,
 0x20, 0xcc, 0x07, 0x02, 0x08, 0x20, 0xa4, 0x09,
 0x02, 0x09, 0x20, 0x9a, 0x07, 0x02, 0x0a, 0x20,
 0xfe, 0x06, 0x02, 0x0b, 0x30, 0xc8, 0x05, 0x18,
 0x1a, 0xd6, 0x03, 0x23, 0x1a, 0x60, 0x01, 0x00,
 0x60, 0x00, 0x00, 0xd1, 0xc9, 0xd2, 0x11, 0xf2,
 0xea, 0x0e, 0x0e, 0x0b, 0x04, 0xc0, 0x01, 0x00,
 0x00, 0x4b, 0xbe, 0x01, 0x00, 0x00, 0xda, 0xca,
 0x60, 0x0b, 0x00, 0x60, 0x0a, 0x00, 0x60, 0x09,
 0x00, 0x60, 0x08, 0x00, 0x60, 0x07, 0x00, 0x60,
 0x06, 0x00, 0x60, 0x05, 0x00, 0x60, 0x04, 0x00,
 0x60, 0x03, 0x00, 0x60, 0x02, 0x00, 0x06, 0x11,
 0xf2, 0xeb, 0x48, 0x6f, 0x41, 0xbe, 0x01, 0x00,
 0x00, 0xcb, 0x41, 0x33, 0x02, 0x00, 0x00, 0x11,
 0xf2, 0xea, 0x05, 0x0e, 0xbd, 0x00, 0x04, 0xcc,
 0x41, 0x34, 0x02, 0x00, 0x00, 0x11, 0xf2, 0xea,
 0x03, 0x0e, 0xb4, 0xc2, 0x04, 0x41, 0x51, 0x02,
 0x00, 0x00, 0x11, 0xf2, 0xea, 0x07, 0x0e, 0x38,
 0xe9, 0x01, 0x00, 0x00, 0xc2, 0x05, 0x41, 0x6e,
 0x00, 0x00, 0x00, 0x11, 0xf2, 0xea, 0x07, 0x0e,
 0x04, 0xbb, 0x01, 0x00, 0x00, 0xc2, 0x06, 0x0e,
 0xec, 0x15, 0x0e, 0x64, 0x00, 0x00, 0xd2, 0xef,
 0xea, 0x0a, 0x0b, 0xd2, 0x4b, 0xbe, 0x01, 0x00,
 0x00, 0xec, 0xa9, 0xd2, 0xec, 0xa6, 0x0b, 0xc2,
 0x07, 0x06, 0xc2, 0x08, 0x06, 0xc2, 0x09, 0xb4,
 0xc2, 0x0a, 0x64, 0x01, 0x00, 0x41, 0x3d, 0x01,
 0x00, 0x00, 0xd1, 0x61, 0x06, 0x00, 0x04, 0x19,
 0x02, 0x00, 0x00, 0x9c, 0x61, 0x07, 0x00, 0x24,
 0x03, 0x00, 0xc2, 0x0b, 0x61, 0x0b, 0x00, 0x28,
 0xca, 0x03, 0xa7, 0x09, 0x08, 0x0c, 0x00, 0x89,
 0x01, 0x02, 0xa2, 0x01, 0x00, 0x24, 0x0e, 0x7f,
 0x16, 0x1c, 0xc3, 0x02, 0x66, 0x75, 0x6e, 0x63,
 0x74, 0x69, 0x6f, 0x6e, 0x20, 0x63, 0x72, 0x65,
 0x61, 0x74, 0x65, 0x52, 0x65, 0x61, 0x64, 0x53,
 0x74, 0x72, 0x65, 0x61, 0x6d, 0x28, 0x70, 0x61,
 0x74, 0x68, 0x2c, 0x20, 0x6f, 0x70, 0x74, 0x69,
 0x6f, 0x6e, 0x73, 0x20, 0x3d, 0x20, 0x7b, 0x20,
 0x65, 0x6e, 0x63, 0x6f, 0x64, 0x69, 0x6e, 0x67,
 0x3a, 0x20, 0x27, 0x75, 0x74, 0x66, 0x38, 0x27,
 0x20, 0x7d, 0x29, 0x20, 0x7b, 0x0a, 0x20, 0x20,
 0x63, 0x6f, 0x6e, 0x73, 0x74, 0x20, 0x7b, 0x20,
 0x65, 0x6e, 0x63, 0x6f, 0x64, 0x69, 0x6e, 0x67,
 0x2c, 0x20, 0x62, 0x75, 0x66, 0x53, 0x69, 0x7a,
 0x65, 0x20, 0x3d, 0x20, 0x31, 0x30, 0x32, 0x34,
 0x2c, 0x20, 0x73, 0x74, 0x61, 0x72, 0x74, 0x20,
 0x3d, 0x20, 0x30, 0x2c, 0x20, 0x65, 0x6e, 0x64,
 0x20, 0x3d, 0x20, 0x49, 0x6e, 0x66, 0x69, 0x6e,
 0x69, 0x74, 0x79, 0x2c, 0x20, 0x66, 0x6c, 0x61,
 0x67, 0x73, 0x20, 0x3d, 0x20, 0x27, 0x72, 0x27,
 0x20, 0x7d, 0x20, 0x3d, 0x20, 0x69, 0x73, 0x53,
 0x74, 0x72, 0x69, 0x6e, 0x67, 0x28, 0x6f, 0x70,
 0x74, 0x69, 0x6f, 0x6e, 0x73, 0x29, 0x20, 0x3f,
 0x20, 0x7b, 0x20, 0x65, 0x6e, 0x63, 0x6f, 0x64,
 0x69, 0x6e, 0x67, 0x3a, 0x20, 0x6f, 0x70, 0x74,
 0x69, 0x6f, 0x6e, 0x73, 0x20, 0x7d, 0x20, 0x3a,
 0x20, 0x6f, 0x70, 0x74, 0x69, 0x6f, 0x6e, 0x73,
 0x3b, 0x0a, 0x0a, 0x20, 0x20, 0x6c, 0x65, 0x74,
 0x20, 0x65, 0x72, 0x72, 0x20, 0x3d, 0x20, 0x7b,
 0x7d, 0x2c, 0x0a, 0x20, 0x20, 0x20, 0x20, 0x62,
 0x75, 0x66, 0x2c, 0x0a, 0x20, 0x20, 0x20, 0x20,
 0x64, 0x65, 0x63, 0x6f, 0x64, 0x65, 0x72, 0x2c,
 0x0a, 0x20, 0x20, 0x20, 0x20, 0x62, 0x79, 0x74,
 0x65, 0x73, 0x52, 0x65, 0x61, 0x64, 0x20, 0x3d,
 0x20, 0x30, 0x3b, 0x0a, 0x0a, 0x20, 0x20, 0x63,
 0x6f, 0x6e, 0x73, 0x74, 0x20, 0x66, 0x69, 0x6c,
 0x65, 0x20, 0x3d, 0x20, 0x73, 0x74, 0x64, 0x2e,
 0x6f, 0x70, 0x65, 0x6e, 0x28, 0x70, 0x61, 0x74,
 0x68, 0x2c, 0x20, 0x66, 0x6c, 0x61, 0x67, 0x73,
 0x20, 0x2b, 0x20, 0x27, 0x62, 0x27, 0x2c, 0x20,
 0x65, 0x72, 0x72, 0x29, 0x3b, 0x0a, 0x0a, 0x20,
 0x20, 0x72, 0x65, 0x74, 0x75, 0x72, 0x6e, 0x20,
 0x66, 0x69, 0x6c, 0x65, 0x3b, 0x0a, 0x7d, 0x0c,
 0x41, 0x0a, 0x01, 0x98, 0x05, 0x02, 0x09, 0x01,
 0x05, 0x00, 0x02, 0x00, 0xad, 0x01, 0x0b, 0xd0,
 0x03, 0x00, 0x01, 0x00, 0xfa, 0x06, 0x00, 0x01,
 0x00, 0xd0, 0x03, 0x01, 0xff, 0xff, 0xff, 0xff,
 0x0f, 0x20, 0xfa, 0x06, 0x01, 0x01, 0x20, 0xfc,
 0x06, 0x02, 0x00, 0x20, 0xe8, 0x08, 0x02, 0x03,
 0x20, 0xdc, 0x01, 0x02, 0x04, 0x20, 0xd2, 0x06,
 0x02, 0x05, 0x20, 0xbc, 0x07, 0x02, 0x06, 0x20,
 0xa6, 0x09, 0x02, 0x07, 0x20, 0xfe, 0x06, 0x02,
 0x08, 0x30, 0xc8, 0x05, 0x18, 0x1a, 0xd6, 0x03,
 0x23, 0x1a, 0x60, 0x01, 0x00, 0x60, 0x00, 0x00,
 0xd1, 0xc9, 0xd2, 0x11, 0xf2, 0xea, 0x0e, 0x0e,
 0x0b, 0x04, 0xc0, 0x01, 0x00, 0x00, 0x4b, 0xbe,
 0x01, 0x00, 0x00, 0xda, 0xca, 0x60, 0x08, 0x00,
 0x60, 0x07, 0x00, 0x60, 0x06, 0x00, 0x60, 0x05,
 0x00, 0x60, 0x04, 0x00, 0x60, 0x03, 0x00, 0x60,
 0x02, 0x00, 0x06, 0x11, 0xf2, 0xeb, 0x1e, 0x6f,
 0x41, 0xbe, 0x01, 0x00, 0x00, 0xcb, 0x41, 0x34,
 0x02, 0x00, 0x00, 0x11, 0xf2, 0xea, 0x03, 0x0e,
 0xb4, 0xcc, 0x41, 0x6e, 0x00, 0x00, 0x00, 0xc2,
 0x04, 0x0e, 0xec, 0x15, 0x0e, 0x64, 0x00, 0x00,
 0xd2, 0xef, 0xea, 0x0a, 0x0b, 0xd2, 0x4b, 0xbe,
 0x01, 0x00, 0x00, 0xec, 0xd3, 0xd2, 0xec, 0xd0,
 0x0b, 0xc2, 0x05, 0xb4, 0xc2, 0x06, 0x06, 0xc2,
 0x07, 0x61, 0x04, 0x00, 0x11, 0xaf, 0xea, 0x19,
 0x0e, 0x61, 0x03, 0x00, 0xb4, 0xa7, 0xea, 0x08,
 0x04, 0x54, 0x02, 0x00, 0x00, 0xec, 0x06, 0x04,
 0x09, 0x02, 0x00, 0x00, 0x11, 0x62, 0x04, 0x00,
 0x0e, 0x64, 0x01, 0x00, 0x41, 0x3d, 0x01, 0x00,
 0x00, 0xd1, 0x61, 0x04, 0x00, 0x04, 0x19, 0x02,
 0x00, 0x00, 0x9c, 0x61, 0x05, 0x00, 0x24, 0x03,
 0x00, 0xc2, 0x08, 0x61, 0x08, 0x00, 0x28, 0xca,
 0x03, 0xb4, 0x09, 0x08, 0x0e, 0x00, 0x56, 0x02,
 0x52, 0x00, 0x19, 0x0c, 0x5b, 0x39, 0x24, 0x95,
 0x08, 0x16, 0x1c, 0xbb, 0x02, 0x66, 0x75, 0x6e,
 0x63, 0x74, 0x69, 0x6f, 0x6e, 0x20, 0x63, 0x72,
 0x65, 0x61, 0x74, 0x65, 0x57, 0x72, 0x69, 0x74,
 0x65, 0x53, 0x74, 0x72, 0x65, 0x61, 0x6d, 0x28,
 0x70, 0x61, 0x74, 0x68, 0x2c, 0x20, 0x6f, 0x70,
 0x74, 0x69, 0x6f, 0x6e, 0x73, 0x20, 0x3d, 0x20,
 0x7b, 0x20, 0x65, 0x6e, 0x63, 0x6f, 0x64, 0x69,
 0x6e, 0x67, 0x3a, 0x20, 0x27, 0x75, 0x74, 0x66,
 0x38, 0x27, 0x20, 0x7d, 0x29, 0x20, 0x7b, 0x0a,
 0x20, 0x20, 0x6c, 0x65, 0x74, 0x20, 0x7b, 0x20,
 0x65, 0x6e, 0x63, 0x6f, 0x64, 0x69, 0x6e, 0x67,
 0x2c, 0x20, 0x73, 0x74, 0x61, 0x72, 0x74, 0x20,
 0x3d, 0x20, 0x30, 0x2c, 0x20, 0x66, 0x6c, 0x61,
 0x67, 0x73, 0x20, 0x7d, 0x20, 0x3d, 0x20, 0x69,
 0x73, 0x53, 0x74, 0x72, 0x69, 0x6e, 0x67, 0x28,
 0x6f, 0x70, 0x74, 0x69, 0x6f, 0x6e, 0x73, 0x29,
 0x20, 0x3f, 0x20, 0x7b, 0x20, 0x65, 0x6e, 0x63,
 0x6f, 0x64, 0x69, 0x6e, 0x67, 0x3a, 0x20, 0x6f,
 0x70, 0x74, 0x69, 0x6f, 0x6e, 0x73, 0x20, 0x7d,
 0x20, 0x3a, 0x20, 0x6f, 0x70, 0x74, 0x69, 0x6f,
 0x6e, 0x73, 0x3b, 0x0a, 0x0a, 0x20, 0x20, 0x6c,
 0x65, 0x74, 0x20, 0x65, 0x72, 0x72, 0x20, 0x3d,
 0x20, 0x7b, 0x7d, 0x2c, 0x0a, 0x20, 0x20, 0x20,
 0x20, 0x62, 0x79, 0x74, 0x65, 0x73, 0x57, 0x72,
 0x69, 0x74, 0x74, 0x65, 0x6e, 0x20, 0x3d, 0x20,
 0x30, 0x2c, 0x0a, 0x20, 0x20, 0x20, 0x20, 0x65,
 0x6e, 0x63, 0x6f, 0x64, 0x65, 0x72, 0x3b, 0x0a,
 0x0a, 0x20, 0x20, 0x66, 0x6c, 0x61, 0x67, 0x73,
 0x20, 0x3f, 0x3f, 0x3d, 0x20, 0x73, 0x74, 0x61,
 0x72, 0x74, 0x20, 0x3e, 0x20, 0x30, 0x20, 0x3f,
 0x20, 0x27, 0x72, 0x2b, 0x27, 0x20, 0x3a, 0x20,
 0x27, 0x77, 0x27, 0x3b, 0x0a, 0x0a, 0x20, 0x20,
 0x63, 0x6f, 0x6e, 0x73, 0x74, 0x20, 0x66, 0x69,
 0x6c, 0x65, 0x20, 0x3d, 0x20, 0x73, 0x74, 0x64,
 0x2e, 0x6f, 0x70, 0x65, 0x6e, 0x28, 0x70, 0x61,
 0x74, 0x68, 0x2c, 0x20, 0x66, 0x6c, 0x61, 0x67,
 0x73, 0x20, 0x2b, 0x20, 0x27, 0x62, 0x27, 0x2c,
 0x20, 0x65, 0x72, 0x72, 0x29, 0x3b, 0x0a, 0x0a,
 0x20, 0x20, 0x72, 0x65, 0x74, 0x75, 0x72, 0x6e,
 0x20, 0x66, 0x69, 0x6c, 0x65, 0x3b, 0x0a, 0x7d,
 0x0c, 0x43, 0x0a, 0x01, 0xae, 0x06, 0x01, 0x00,
 0x01, 0x03, 0x00, 0x00, 0x00, 0x46, 0x01, 0xfc,
 0x06, 0x00, 0x01, 0x00, 0xd1, 0x41, 0x55, 0x02,
 0x00, 0x00, 0x24, 0x00, 0x00, 0x11, 0x04, 0xc0,
 0x01, 0x00, 0x00, 0xad, 0xeb, 0x0a, 0x11, 0x04,
 0xf6, 0x01, 0x00, 0x00, 0xad, 0xea, 0x03, 0xb5,
 0x28, 0x11, 0x04, 0x56, 0x02, 0x00, 0x00, 0xad,
 0xeb, 0x0a, 0x11, 0x04, 0x57, 0x02, 0x00, 0x00,
 0xad, 0xea, 0x03, 0xb6, 0x28, 0x11, 0x04, 0x58,
 0x02, 0x00, 0x00, 0xad, 0xeb, 0x0a, 0x11, 0x04,
 0x59, 0x02, 0x00, 0x00, 0xad, 0xea, 0x03, 0xb8,
 0x28, 0x29, 0xca, 0x03, 0xc8, 0x09, 0x01, 0x02,
 0x21, 0x26, 0xea, 0x01, 0x66, 0x75, 0x6e, 0x63,
 0x74, 0x69, 0x6f, 0x6e, 0x20, 0x45, 0x6e, 0x63,
 0x6f, 0x64, 0x69, 0x6e, 0x67, 0x32, 0x42, 0x79,
 0x74, 0x65, 0x73, 0x28, 0x65, 0x6e, 0x63, 0x6f,
 0x64, 0x69, 0x6e, 0x67, 0x29, 0x20, 0x7b, 0x0a,
 0x20, 0x20, 0x73, 0x77, 0x69, 0x74, 0x63, 0x68,
 0x20, 0x28, 0x65, 0x6e, 0x63, 0x6f, 0x64, 0x69,
 0x6e, 0x67, 0x2e, 0x74, 0x6f, 0x4c, 0x6f, 0x77,
 0x65, 0x72, 0x43, 0x61, 0x73, 0x65, 0x28, 0x29,
 0x29, 0x20, 0x7b, 0x0a, 0x20, 0x20, 0x20, 0x20,
 0x63, 0x61, 0x73, 0x65, 0x20, 0x27, 0x75, 0x74,
 0x66, 0x38, 0x27, 0x3a, 0x0a, 0x20, 0x20, 0x20,
 0x20, 0x63, 0x61, 0x73, 0x65, 0x20, 0x27, 0x75,
 0x74, 0x66, 0x2d, 0x38, 0x27, 0x3a, 0x0a, 0x20,
 0x20, 0x20, 0x20, 0x20, 0x20, 0x72, 0x65, 0x74,
 0x75, 0x72, 0x6e, 0x20, 0x31, 0x3b, 0x0a, 0x20,
 0x20, 0x20, 0x20, 0x63, 0x61, 0x73, 0x65, 0x20,
 0x27, 0x75, 0x74, 0x66, 0x31, 0x36, 0x27, 0x3a,
 0x0a, 0x20, 0x20, 0x20, 0x20, 0x63, 0x61, 0x73,
 0x65, 0x20, 0x27, 0x75, 0x74, 0x66, 0x2d, 0x31,
 0x36, 0x27, 0x3a, 0x0a, 0x20, 0x20, 0x20, 0x20,
 0x20, 0x20, 0x72, 0x65, 0x74, 0x75, 0x72, 0x6e,
 0x20, 0x32, 0x3b, 0x0a, 0x20, 0x20, 0x20, 0x20,
 0x63, 0x61, 0x73, 0x65, 0x20, 0x27, 0x75, 0x74,
 0x66, 0x33, 0x32, 0x27, 0x3a, 0x0a, 0x20, 0x20,
 0x20, 0x20, 0x63, 0x61, 0x73, 0x65, 0x20, 0x27,
 0x75, 0x74, 0x66, 0x2d, 0x33, 0x32, 0x27, 0x3a,
 0x0a, 0x20, 0x20, 0x20, 0x20, 0x20, 0x20, 0x72,
 0x65, 0x74, 0x75, 0x72, 0x6e, 0x20, 0x34, 0x3b,
 0x0a, 0x20, 0x20, 0x7d, 0x0a, 0x7d, 0x08, 0x68,
 0x7c, 0x01, 0x00, 0x00, 0xbf, 0x00, 0x5e, 0x3d,
 0x00, 0xbf, 0x03, 0x5e, 0x40, 0x00, 0xbf, 0x1c,
 0x5e, 0x46, 0x00, 0xbf, 0x1d, 0x5e, 0x47, 0x00,
 0xbf, 0x1e, 0x5e, 0x48, 0x00, 0xbf, 0x1f, 0x5e,
 0x5c, 0x00, 0xbf, 0x20, 0x5e, 0x5d, 0x00, 0xbf,
 0x21, 0x5e, 0x5e, 0x00, 0xbf, 0x22, 0x5e, 0x5f,
 0x00, 0xbf, 0x23, 0x5e, 0x60, 0x00, 0xbf, 0x24,
 0x5e, 0x61, 0x00, 0xbf, 0x25, 0x5e, 0x62, 0x00,
 0xbf, 0x26, 0x5e, 0x63, 0x00, 0xbf, 0x27, 0x5e,
 0x64, 0x00, 0xbf, 0x28, 0x5e, 0x65, 0x00, 0xbf,
 0x29, 0x5e, 0x66, 0x00, 0xbf, 0x2a, 0x5e, 0x67,
 0x00, 0xbf, 0x2b, 0x5e, 0x68, 0x00, 0xbf, 0x2c,
 0x5e, 0x69, 0x00, 0xbf, 0x2d, 0x5e, 0x6a, 0x00,
 0xbf, 0x2e, 0x5e, 0x6b, 0x00, 0xbf, 0x2f, 0x5e,
 0x6c, 0x00, 0xbf, 0x30, 0x5e, 0x6d, 0x00, 0xbf,
 0x31, 0x5e, 0x6e, 0x00, 0xbf, 0x32, 0x5e, 0x6f,
 0x00, 0xbf, 0x33, 0x5e, 0x70, 0x00, 0xbf, 0x34,
 0x5e, 0x71, 0x00, 0xbf, 0x35, 0x5e, 0x72, 0x00,
 0xbf, 0x36, 0x5e, 0x73, 0x00, 0xbf, 0x37, 0x5e,
 0x74, 0x00, 0xbf, 0x38, 0x5e, 0x75, 0x00, 0xbf,
 0x39, 0x5e, 0x76, 0x00, 0xbf, 0x3a, 0x5e, 0x77,
 0x00, 0xbf, 0x3b, 0x5e, 0x78, 0x00, 0xbf, 0x3c,
 0x5e, 0x79, 0x00, 0xbf, 0x3d, 0x5e, 0x7a, 0x00,
 0xbf, 0x3e, 0x5e, 0x7b, 0x00, 0xbf, 0x3f, 0x5e,
 0x7c, 0x00, 0xbf, 0x40, 0x5e, 0x7d, 0x00, 0xbf,
 0x41, 0x5e, 0x7e, 0x00, 0xbf, 0x42, 0x5e, 0x7f,
 0x00, 0xbf, 0x43, 0x5e, 0x80, 0x00, 0xbf, 0x44,
 0x5e, 0x81, 0x00, 0xbf, 0x45, 0x5e, 0x82, 0x00,
 0xbf, 0x46, 0x5e, 0x83, 0x00, 0xbf, 0x47, 0x5e,
 0x84, 0x00, 0xbf, 0x48, 0x5e, 0x85, 0x00, 0xbf,
 0x49, 0x5e, 0x86, 0x00, 0xbf, 0x4a, 0x5e, 0x87,
 0x00, 0xbf, 0x4b, 0x5e, 0x88, 0x00, 0xbf, 0x4c,
 0x5e, 0x89, 0x00, 0xbf, 0x4d, 0x5e, 0x8a, 0x00,
 0xbf, 0x4e, 0x5e, 0x8b, 0x00, 0xbf, 0x4f, 0x5e,
 0x8c, 0x00, 0xbf, 0x50, 0x5e, 0x8d, 0x00, 0xbf,
 0x51, 0x5e, 0x8e, 0x00, 0xbf, 0x52, 0x5e, 0x8f,
 0x00, 0xbf, 0x53, 0x5e, 0x90, 0x00, 0xbf, 0x54,
 0x5e, 0x91, 0x00, 0xbf, 0x55, 0x5e, 0x92, 0x00,
 0xbf, 0x56, 0x5e, 0x93, 0x00, 0xbf, 0x57, 0x5e,
 0x94, 0x00, 0xbf, 0x58, 0x5e, 0x95, 0x00, 0xbf,
 0x59, 0x5e, 0x96, 0x00, 0xbf, 0x5a, 0x5e, 0x97,
 0x00, 0xbf, 0x5b, 0x5e, 0x98, 0x00, 0xbf, 0x5c,
 0x5e, 0x99, 0x00, 0xbf, 0x5d, 0x5e, 0x9a, 0x00,
 0xbf, 0x5e, 0x5e, 0x9b, 0x00, 0xbf, 0x5f, 0x5e,
 0x9c, 0x00, 0xbf, 0x60, 0x5e, 0x9d, 0x00, 0xbf,
 0x6f, 0x5e, 0x1f, 0x00, 0xbf, 0x70, 0x5e, 0xa0,
 0x00, 0xbf, 0x71, 0x5e, 0xa1, 0x00, 0xbf, 0x72,
 0x5e, 0xa3, 0x00, 0x29, 0xb4, 0x5e, 0x26, 0x00,
 0x06, 0x11, 0xf2, 0xeb, 0x3d, 0x6f, 0x41, 0x7a,
 0x01, 0x00, 0x00, 0x5e, 0x27, 0x00, 0x41, 0x7b,
 0x01, 0x00, 0x00, 0x5e, 0x28, 0x00, 0x41, 0x7c,
 0x01, 0x00, 0x00, 0x5e, 0x29, 0x00, 0x41, 0x7d,
 0x01, 0x00, 0x00, 0x5e, 0x2a, 0x00, 0x41, 0x7e,
 0x01, 0x00, 0x00, 0x5e, 0x2b, 0x00, 0x41, 0x7f,
 0x01, 0x00, 0x00, 0x5e, 0x2c, 0x00, 0x41, 0x80,
 0x01, 0x00, 0x00, 0x5e, 0x2d, 0x00, 0x0e, 0xec,
 0x3e, 0x0e, 0x64, 0x01, 0x00, 0x11, 0xaf, 0xea,
 0xbd, 0x0e, 0x0b, 0xb4, 0x4b, 0x7a, 0x01, 0x00,
 0x00, 0xb5, 0x4b, 0x7b, 0x01, 0x00, 0x00, 0xb6,
 0x4b, 0x7c, 0x01, 0x00, 0x00, 0xbd, 0x00, 0x04,
 0x4b, 0x7d, 0x01, 0x00, 0x00, 0xbc, 0x40, 0x4b,
 0x7e, 0x01, 0x00, 0x00, 0xbd, 0x80, 0x00, 0x4b,
 0x7f, 0x01, 0x00, 0x00, 0xbd, 0x00, 0x02, 0x4b,
 0x80, 0x01, 0x00, 0x00, 0xec, 0x88, 0x06, 0x11,
 0xf2, 0xeb, 0x4d, 0x6f, 0x41, 0x81, 0x01, 0x00,
 0x00, 0x5e, 0x2e, 0x00, 0x41, 0x82, 0x01, 0x00,
 0x00, 0x5e, 0x2f, 0x00, 0x41, 0x83, 0x01, 0x00,
 0x00, 0x5e, 0x30, 0x00, 0x41, 0x84, 0x01, 0x00,
 0x00, 0x5e, 0x31, 0x00, 0x41, 0x85, 0x01, 0x00,
 0x00, 0x5e, 0x32, 0x00, 0x41, 0x86, 0x01, 0x00,
 0x00, 0x5e, 0x33, 0x00, 0x41, 0x87, 0x01, 0x00,
 0x00, 0x5e, 0x34, 0x00, 0x41, 0x88, 0x01, 0x00,
 0x00, 0x5e, 0x35, 0x00, 0x41, 0x89, 0x01, 0x00,
 0x00, 0x5e, 0x36, 0x00, 0x0e, 0xec, 0x0c, 0x0e,
 0x64, 0x23, 0x00, 0x40, 0x98, 0x00, 0x00, 0x00,
 0xec, 0xaa, 0xbc, 0x0b, 0x5e, 0x37, 0x00, 0xbc,
 0x0b, 0x5e, 0x38, 0x00, 0x01, 0x00, 0x00, 0x01,
 0x00, 0x5e, 0x39, 0x00, 0x64, 0x23, 0x00, 0x40,
 0x0d, 0x00, 0x00, 0x00, 0x5e, 0x3a, 0x00, 0x64,
 0x23, 0x00, 0x40, 0x5a, 0x02, 0x00, 0x00, 0x5e,
 0x3b, 0x00, 0x64, 0x23, 0x00, 0x40, 0xa9, 0x01,
 0x00, 0x00, 0x5e, 0x3c, 0x00, 0x0b, 0xb5, 0x4b,
 0x0f, 0x02, 0x00, 0x00, 0xb6, 0x4b, 0x10, 0x02,
 0x00, 0x00, 0xb8, 0x4b, 0x11, 0x02, 0x00, 0x00,
 0xb4, 0x4b, 0x5b, 0x02, 0x00, 0x00, 0xb5, 0x4b,
 0x5c, 0x02, 0x00, 0x00, 0xb6, 0x4b, 0x5d, 0x02,
 0x00, 0x00, 0xb8, 0x4b, 0x5e, 0x02, 0x00, 0x00,
 0xbd, 0x00, 0x04, 0x4b, 0x7d, 0x01, 0x00, 0x00,
 0xbc, 0x40, 0x4b, 0x7e, 0x01, 0x00, 0x00, 0xbd,
 0x00, 0x40, 0x4b, 0x5f, 0x02, 0x00, 0x00, 0x01,
 0x00, 0x00, 0x01, 0x00, 0x4b, 0x60, 0x02, 0x00,
 0x00, 0xbd, 0x00, 0x10, 0x4b, 0x03, 0x01, 0x00,
 0x00, 0xbd, 0x80, 0x00, 0x4b, 0x7f, 0x01, 0x00,
 0x00, 0x01, 0x00, 0x00, 0x04, 0x00, 0x4b, 0x61,
 0x02, 0x00, 0x00, 0xbd, 0x00, 0x01, 0x4b, 0x04,
 0x01, 0x00, 0x00, 0x01, 0x00, 0x00, 0x02, 0x00,
 0x4b, 0x62, 0x02, 0x00, 0x00, 0xbd, 0x00, 0x08,
 0x4b, 0x05, 0x01, 0x00, 0x00, 0xb4, 0x4b, 0x7a,
 0x01, 0x00, 0x00, 0xb6, 0x4b, 0x7c, 0x01, 0x00,
 0x00, 0x01, 0x00, 0x10, 0x10, 0x00, 0x4b, 0x06,
 0x01, 0x00, 0x00, 0xbd, 0x00, 0x02, 0x4b, 0x80,
 0x01, 0x00, 0x00, 0xb5, 0x4b, 0x7b, 0x01, 0x00,
 0x00, 0xbd, 0x00, 0x60, 0x4b, 0xb3, 0x01, 0x00,
 0x00, 0xbd, 0x00, 0x20, 0x4b, 0xb2, 0x01, 0x00,
 0x00, 0xbd, 0x00, 0x40, 0x4b, 0xb1, 0x01, 0x00,
 0x00, 0xbd, 0x00, 0x10, 0x4b, 0xb5, 0x01, 0x00,
 0x00, 0x01, 0x00, 0xa0, 0x00, 0x00, 0x4b, 0xb6,
 0x01, 0x00, 0x00, 0x01, 0x00, 0xf0, 0x00, 0x00,
 0x4b, 0xb0, 0x01, 0x00, 0x00, 0x01, 0x00, 0x80,
 0x00, 0x00, 0x4b, 0xb4, 0x01, 0x00, 0x00, 0x01,
 0x00, 0xc0, 0x00, 0x00, 0x4b, 0xb7, 0x01, 0x00,
 0x00, 0xbc, 0x20, 0x4b, 0x63, 0x02, 0x00, 0x00,
 0xb8, 0x4b, 0x64, 0x02, 0x00, 0x00, 0xbd, 0x00,
 0x01, 0x4b, 0x65, 0x02, 0x00, 0x00, 0xbc, 0x38,
 0x4b, 0x66, 0x02, 0x00, 0x00, 0xbb, 0x4b, 0x67,
 0x02, 0x00, 0x00, 0xbd, 0xc0, 0x01, 0x4b, 0x68,
 0x02, 0x00, 0x00, 0xbc, 0x10, 0x4b, 0x69, 0x02,
 0x00, 0x00, 0xb6, 0x4b, 0x6a, 0x02, 0x00, 0x00,
 0xbd, 0x80, 0x00, 0x4b, 0x6b, 0x02, 0x00, 0x00,
 0xbc, 0x08, 0x4b, 0x6c, 0x02, 0x00, 0x00, 0xb5,
 0x4b, 0x6d, 0x02, 0x00, 0x00, 0xbc, 0x40, 0x4b,
 0x6e, 0x02, 0x00, 0x00, 0x5e, 0x3e, 0x00, 0xbf,
 0x01, 0x4c, 0x8e, 0x01, 0x00, 0x00, 0x5e, 0x3f,
 0x00, 0xbf, 0x02, 0x38, 0x96, 0x00, 0x00, 0x00,
 0x41, 0x60, 0x00, 0x00, 0x00, 0x64, 0x3b, 0x00,
 0x24, 0x01, 0x00, 0xef, 0x0e, 0x0b, 0x38, 0x46,
 0x00, 0x00, 0x00, 0x4b, 0xac, 0x01, 0x00, 0x00,
 0x38, 0x46, 0x00, 0x00, 0x00, 0x4b, 0x6f, 0x02,
 0x00, 0x00, 0x38, 0x46, 0x00, 0x00, 0x00, 0x4b,
 0x70, 0x02, 0x00, 0x00, 0x38, 0x46, 0x00, 0x00,
 0x00, 0x4b, 0x71, 0x02, 0x00, 0x00, 0x38, 0x46,
 0x00, 0x00, 0x00, 0x4b, 0xc7, 0x01, 0x00, 0x00,
 0x38, 0x46, 0x00, 0x00, 0x00, 0x4b, 0xc8, 0x01,
 0x00, 0x00, 0x38, 0x46, 0x00, 0x00, 0x00, 0x4b,
 0x72, 0x02, 0x00, 0x00, 0x38, 0x46, 0x00, 0x00,
 0x00, 0x4b, 0x31, 0x00, 0x00, 0x00, 0x38, 0x46,
 0x00, 0x00, 0x00, 0x4b, 0x73, 0x02, 0x00, 0x00,
 0x38, 0x46, 0x00, 0x00, 0x00, 0x4b, 0xd8, 0x01,
 0x00, 0x00, 0x38, 0x46, 0x00, 0x00, 0x00, 0x4b,
 0xd9, 0x01, 0x00, 0x00, 0x38, 0x46, 0x00, 0x00,
 0x00, 0x4b, 0x74, 0x02, 0x00, 0x00, 0x5e, 0x41,
 0x00, 0x60, 0x00, 0x00, 0x06, 0x60, 0x01, 0x00,
 0xbe, 0x04, 0x55, 0xf2, 0x00, 0x00, 0x00, 0x00,
 0xbf, 0x05, 0x53, 0x75, 0x02, 0x00, 0x00, 0x00,
 0xbf, 0x06, 0x53, 0x76, 0x02, 0x00, 0x00, 0x00,
 0xbf, 0x07, 0x53, 0x77, 0x02, 0x00, 0x00, 0x00,
 0xbf, 0x08, 0x53, 0x78, 0x02, 0x00, 0x00, 0x00,
 0xbf, 0x09, 0x53, 0x79, 0x02, 0x00, 0x00, 0x00,
 0xbf, 0x0a, 0x53, 0x7a, 0x02, 0x00, 0x00, 0x00,
 0xbf, 0x0b, 0x53, 0x7b, 0x02, 0x00, 0x00, 0x00,
 0x06, 0xca, 0x0e, 0xcd, 0x67, 0x01, 0x00, 0x5e,
 0x42, 0x00, 0x64, 0x42, 0x00, 0x40, 0x3c, 0x00,
 0x00, 0x00, 0x38, 0x9c, 0x00, 0x00, 0x00, 0x40,
 0x7c, 0x02, 0x00, 0x00, 0x1b, 0x11, 0xaf, 0xeb,
 0x04, 0x1b, 0x70, 0x1b, 0x1b, 0x04, 0xf2, 0x00,
 0x00, 0x00, 0x1b, 0x70, 0x1b, 0x48, 0x60, 0x02,
 0x00, 0x64, 0x41, 0x00, 0x7c, 0xec, 0x38, 0xcb,
 0x38, 0x96, 0x00, 0x00, 0x00, 0x41, 0x66, 0x00,
 0x00, 0x00, 0x64, 0x42, 0x00, 0x40, 0x3c, 0x00,
 0x00, 0x00, 0x61, 0x02, 0x00, 0x0b, 0x38, 0x46,
 0x00, 0x00, 0x00, 0x4b, 0x41, 0x00, 0x00, 0x00,
 0x09, 0x4b, 0x40, 0x00, 0x00, 0x00, 0x0a, 0x4b,
 0x3f, 0x00, 0x00, 0x00, 0x0a, 0x4b, 0x3e, 0x00,
 0x00, 0x00, 0x24, 0x03, 0x00, 0x0e, 0x7f, 0xea,
 0xc7, 0x0e, 0x0e, 0x64, 0x42, 0x00, 0x40, 0x3c,
 0x00, 0x00, 0x00, 0x04, 0x3d, 0x00, 0x00, 0x00,
 0x97, 0x0e, 0x38, 0x96, 0x00, 0x00, 0x00, 0x41,
 0x61, 0x00, 0x00, 0x00, 0x64, 0x42, 0x00, 0x40,
 0x3c, 0x00, 0x00, 0x00, 0x07, 0x24, 0x02, 0x00,
 0x0e, 0x38, 0xb9, 0x00, 0x00, 0x00, 0x11, 0x21,
 0x00, 0x00, 0x5e, 0x43, 0x00, 0xbf, 0x0c, 0xee,
 0x5e, 0x44, 0x00, 0x60, 0x03, 0x00, 0x06, 0x60,
 0x04, 0x00, 0xbe, 0x0d, 0x55, 0xf3, 0x00, 0x00,
 0x00, 0x00, 0xbf, 0x0e, 0x53, 0xc3, 0x01, 0x00,
 0x00, 0x01, 0xbf, 0x0f, 0x53, 0x7d, 0x02, 0x00,
 0x00, 0x00, 0xbf, 0x10, 0x53, 0x7e, 0x02, 0x00,
 0x00, 0x00, 0xbf, 0x11, 0x53, 0x7f, 0x02, 0x00,
 0x00, 0x00, 0xbf, 0x12, 0x53, 0x3e, 0x01, 0x00,
 0x00, 0x00, 0xbf, 0x13, 0x53, 0x80, 0x02, 0x00,
 0x00, 0x00, 0xbf, 0x14, 0x53, 0x43, 0x01, 0x00,
 0x00, 0x00, 0xbf, 0x15, 0x53, 0x81, 0x02, 0x00,
 0x00, 0x00, 0xbf, 0x16, 0x53, 0x44, 0x01, 0x00,
 0x00, 0x00, 0xbf, 0x17, 0x53, 0x82, 0x02, 0x00,
 0x00, 0x00, 0xbf, 0x18, 0x53, 0x83, 0x02, 0x00,
 0x00, 0x00, 0xbf, 0x19, 0x53, 0x84, 0x02, 0x00,
 0x00, 0x00, 0xbf, 0x1a, 0x53, 0x47, 0x01, 0x00,
 0x00, 0x00, 0xbf, 0x1b, 0x53, 0x85, 0x02, 0x00,
 0x00, 0x00, 0x06, 0xc2, 0x04, 0x0e, 0xd0, 0x67,
 0x04, 0x00, 0x5e, 0x45, 0x00, 0x64, 0x45, 0x00,
 0x40, 0x3c, 0x00, 0x00, 0x00, 0x38, 0x9c, 0x00,
 0x00, 0x00, 0x40, 0x7c, 0x02, 0x00, 0x00, 0x1b,
 0x11, 0xaf, 0xeb, 0x04, 0x1b, 0x70, 0x1b, 0x1b,
 0x04, 0xf3, 0x00, 0x00, 0x00, 0x1b, 0x70, 0x1b,
 0x48, 0x64, 0x45, 0x00, 0x40, 0x3c, 0x00, 0x00,
 0x00, 0x04, 0x3d, 0x00, 0x00, 0x00, 0x97, 0x0e,
 0x38, 0x96, 0x00, 0x00, 0x00, 0x41, 0x61, 0x00,
 0x00, 0x00, 0x64, 0x45, 0x00, 0x40, 0x3c, 0x00,
 0x00, 0x00, 0x07, 0x24, 0x02, 0x00, 0x0e, 0xb5,
 0x5e, 0x49, 0x00, 0xb4, 0x5e, 0x4a, 0x00, 0xbd,
 0x06, 0x04, 0x5e, 0x4b, 0x00, 0xb5, 0x5e, 0x4c,
 0x00, 0xb7, 0x5e, 0x4d, 0x00, 0xb9, 0x5e, 0x4e,
 0x00, 0xb4, 0x5e, 0x4f, 0x00, 0xb6, 0x5e, 0x50,
 0x00, 0xb8, 0x5e, 0x51, 0x00, 0xba, 0x5e, 0x52,
 0x00, 0xbb, 0x5e, 0x53, 0x00, 0xb6, 0x5e, 0x54,
 0x00, 0xb5, 0x5e, 0x55, 0x00, 0xbd, 0x00, 0x20,
 0x5e, 0x56, 0x00, 0x01, 0x00, 0x00, 0x08, 0x00,
 0x5e, 0x57, 0x00, 0xbd, 0x00, 0x10, 0x5e, 0x58,
 0x00, 0xbd, 0x00, 0x01, 0x5e, 0x59, 0x00, 0xbd,
 0x00, 0x08, 0x5e, 0x5a, 0x00, 0x01, 0x00, 0x10,
 0x10, 0x00, 0x5e, 0x5b, 0x00, 0x60, 0x05, 0x00,
 0x38, 0xa5, 0x00, 0x00, 0x00, 0x60, 0x07, 0x00,
 0x60, 0x06, 0x00, 0xbe, 0x61, 0x55, 0x49, 0x01,
 0x00, 0x00, 0x01, 0xbf, 0x62, 0x53, 0x41, 0x02,
 0x00, 0x00, 0x02, 0xbf, 0x63, 0x53, 0x41, 0x02,
 0x00, 0x00, 0x01, 0xbf, 0x64, 0x53, 0x42, 0x02,
 0x00, 0x00, 0x02, 0xbf, 0x65, 0x53, 0x42, 0x02,
 0x00, 0x00, 0x01, 0xbf, 0x66, 0x53, 0x43, 0x02,
 0x00, 0x00, 0x02, 0xbf, 0x67, 0x53, 0x43, 0x02,
 0x00, 0x00, 0x01, 0xbf, 0x68, 0x53, 0xd6, 0x01,
 0x00, 0x00, 0x02, 0xbf, 0x69, 0x53, 0xd6, 0x01,
 0x00, 0x00, 0x01, 0xbf, 0x6a, 0x53, 0x37, 0x00,
 0x00, 0x00, 0x02, 0xbf, 0x6b, 0x53, 0x37, 0x00,
 0x00, 0x00, 0x01, 0x1b, 0xbf, 0x6c, 0x53, 0x7b,
 0x00, 0x00, 0x00, 0x00, 0x1b, 0xbf, 0x6d, 0x53,
 0x38, 0x00, 0x00, 0x00, 0x00, 0x38, 0x9c, 0x00,
 0x00, 0x00, 0x40, 0x7c, 0x02, 0x00, 0x00, 0x70,
 0xc2, 0x06, 0xbf, 0x6e, 0x4f, 0xc2, 0x07, 0x0e,
 0xc3, 0x05, 0x67, 0x07, 0x00, 0x67, 0x06, 0x00,
 0x67, 0x05, 0x00, 0x5e, 0x9e, 0x00, 0x0b, 0x38,
 0xa9, 0x00, 0x00, 0x00, 0x4b, 0x01, 0x00, 0x00,
 0x80, 0x38, 0xab, 0x00, 0x00, 0x00, 0x4b, 0x02,
 0x00, 0x00, 0x80, 0x38, 0xad, 0x00, 0x00, 0x00,
 0x4b, 0x04, 0x00, 0x00, 0x80, 0x5e, 0xa2, 0x00,
 0x0b, 0x64, 0x27, 0x00, 0x4b, 0x7a, 0x01, 0x00,
 0x00, 0x64, 0x28, 0x00, 0x4b, 0x7b, 0x01, 0x00,
 0x00, 0x64, 0x29, 0x00, 0x4b, 0x7c, 0x01, 0x00,
 0x00, 0x64, 0x2a, 0x00, 0x4b, 0x7d, 0x01, 0x00,
 0x00, 0x64, 0x2b, 0x00, 0x4b, 0x7e, 0x01, 0x00,
 0x00, 0x64, 0x2c, 0x00, 0x4b, 0x7f, 0x01, 0x00,
 0x00, 0x64, 0x2d, 0x00, 0x4b, 0x80, 0x01, 0x00,
 0x00, 0x64, 0x27, 0x00, 0x4b, 0x7a, 0x01, 0x00,
 0x00, 0x64, 0x28, 0x00, 0x4b, 0x7b, 0x01, 0x00,
 0x00, 0x64, 0x29, 0x00, 0x4b, 0x7c, 0x01, 0x00,
 0x00, 0x64, 0x2a, 0x00, 0x4b, 0x7d, 0x01, 0x00,
 0x00, 0x64, 0x2b, 0x00, 0x4b, 0x7e, 0x01, 0x00,
 0x00, 0x64, 0x2c, 0x00, 0x4b, 0x7f, 0x01, 0x00,
 0x00, 0x64, 0x2d, 0x00, 0x4b, 0x80, 0x01, 0x00,
 0x00, 0x64, 0x2e, 0x00, 0x4b, 0x81, 0x01, 0x00,
 0x00, 0x64, 0x2f, 0x00, 0x4b, 0x82, 0x01, 0x00,
 0x00, 0x64, 0x30, 0x00, 0x4b, 0x83, 0x01, 0x00,
 0x00, 0x64, 0x31, 0x00, 0x4b, 0x84, 0x01, 0x00,
 0x00, 0x64, 0x32, 0x00, 0x4b, 0x85, 0x01, 0x00,
 0x00, 0x64, 0x33, 0x00, 0x4b, 0x86, 0x01, 0x00,
 0x00, 0x64, 0x34, 0x00, 0x4b, 0x87, 0x01, 0x00,
 0x00, 0x64, 0x35, 0x00, 0x4b, 0x88, 0x01, 0x00,
 0x00, 0x64, 0x36, 0x00, 0x4b, 0x89, 0x01, 0x00,
 0x00, 0x64, 0x37, 0x00, 0x4b, 0x8a, 0x01, 0x00,
 0x00, 0x64, 0x38, 0x00, 0x4b, 0x8b, 0x01, 0x00,
 0x00, 0x64, 0x49, 0x00, 0x4b, 0xf4, 0x00, 0x00,
 0x00, 0x64, 0x4a, 0x00, 0x4b, 0xf5, 0x00, 0x00,
 0x00, 0x64, 0x4b, 0x00, 0x4b, 0xf6, 0x00, 0x00,
 0x00, 0x64, 0x4c, 0x00, 0x4b, 0xf7, 0x00, 0x00,
 0x00, 0x64, 0x4d, 0x00, 0x4b, 0xf8, 0x00, 0x00,
 0x00, 0x64, 0x4e, 0x00, 0x4b, 0xf9, 0x00, 0x00,
 0x00, 0x64, 0x4f, 0x00, 0x4b, 0xfa, 0x00, 0x00,
 0x00, 0x64, 0x50, 0x00, 0x4b, 0xfb, 0x00, 0x00,
 0x00, 0x64, 0x51, 0x00, 0x4b, 0xfc, 0x00, 0x00,
 0x00, 0x64, 0x52, 0x00, 0x4b, 0xfd, 0x00, 0x00,
 0x00, 0x64, 0x53, 0x00, 0x4b, 0xfe, 0x00, 0x00,
 0x00, 0x64, 0x54, 0x00, 0x4b, 0xff, 0x00, 0x00,
 0x00, 0x64, 0x55, 0x00, 0x4b, 0x00, 0x01, 0x00,
 0x00, 0x64, 0x56, 0x00, 0x4b, 0x01, 0x01, 0x00,
 0x00, 0x64, 0x57, 0x00, 0x4b, 0x02, 0x01, 0x00,
 0x00, 0x64, 0x58, 0x00, 0x4b, 0x03, 0x01, 0x00,
 0x00, 0x64, 0x59, 0x00, 0x4b, 0x04, 0x01, 0x00,
 0x00, 0x64, 0x5a, 0x00, 0x4b, 0x05, 0x01, 0x00,
 0x00, 0x64, 0x5b, 0x00, 0x4b, 0x06, 0x01, 0x00,
 0x00, 0x64, 0x42, 0x00, 0x4b, 0xf2, 0x00, 0x00,
 0x00, 0x5d, 0x64, 0x00, 0x4b, 0x0f, 0x01, 0x00,
 0x00, 0x5d, 0x5c, 0x00, 0x4b, 0x07, 0x01, 0x00,
 0x00, 0x5d, 0x5d, 0x00, 0x4b, 0x08, 0x01, 0x00,
 0x00, 0x5d, 0x5e, 0x00, 0x4b, 0x09, 0x01, 0x00,
 0x00, 0x5d, 0x63, 0x00, 0x4b, 0x0e, 0x01, 0x00,
 0x00, 0x5d, 0x6f, 0x00, 0x4b, 0x1a, 0x01, 0x00,
 0x00, 0x5d, 0x93, 0x00, 0x4b, 0x3e, 0x01, 0x00,
 0x00, 0x5d, 0x74, 0x00, 0x4b, 0x1f, 0x01, 0x00,
 0x00, 0x5d, 0xa0, 0x00, 0x4b, 0x4b, 0x01, 0x00,
 0x00, 0x5d, 0xa1, 0x00, 0x4b, 0x4c, 0x01, 0x00,
 0x00, 0x5d, 0x95, 0x00, 0x4b, 0x40, 0x01, 0x00,
 0x00, 0x5d, 0x78, 0x00, 0x4b, 0x23, 0x01, 0x00,
 0x00, 0x5d, 0x66, 0x00, 0x4b, 0x11, 0x01, 0x00,
 0x00, 0x5d, 0x71, 0x00, 0x4b, 0x1c, 0x01, 0x00,
 0x00, 0x5d, 0x65, 0x00, 0x4b, 0x10, 0x01, 0x00,
 0x00, 0x5d, 0x6e, 0x00, 0x4b, 0x19, 0x01, 0x00,
 0x00, 0x5d, 0x69, 0x00, 0x4b, 0x14, 0x01, 0x00,
 0x00, 0x5d, 0x70, 0x00, 0x4b, 0x1b, 0x01, 0x00,
 0x00, 0x5d, 0x96, 0x00, 0x4b, 0x41, 0x01, 0x00,
 0x00, 0x5d, 0x79, 0x00, 0x4b, 0x24, 0x01, 0x00,
 0x00, 0x5d, 0x97, 0x00, 0x4b, 0x42, 0x01, 0x00,
 0x00, 0x5d, 0x7a, 0x00, 0x4b, 0x25, 0x01, 0x00,
 0x00, 0x5d, 0x83, 0x00, 0x4b, 0x2e, 0x01, 0x00,
 0x00, 0x5d, 0x6d, 0x00, 0x4b, 0x18, 0x01, 0x00,
 0x00, 0x5d, 0x89, 0x00, 0x4b, 0x34, 0x01, 0x00,
 0x00, 0x5d, 0x8b, 0x00, 0x4b, 0x36, 0x01, 0x00,
 0x00, 0x5d, 0x92, 0x00, 0x4b, 0x3d, 0x01, 0x00,
 0x00, 0x5d, 0x67, 0x00, 0x4b, 0x12, 0x01, 0x00,
 0x00, 0x5d, 0x88, 0x00, 0x4b, 0x33, 0x01, 0x00,
 0x00, 0x5d, 0x68, 0x00, 0x4b, 0x13, 0x01, 0x00,
 0x00, 0x5d, 0x98, 0x00, 0x4b, 0x43, 0x01, 0x00,
 0x00, 0x5d, 0x9d, 0x00, 0x4b, 0x48, 0x01, 0x00,
 0x00, 0x5d, 0x8f, 0x00, 0x4b, 0x3a, 0x01, 0x00,
 0x00, 0x5d, 0x72, 0x00, 0x4b, 0x1d, 0x01, 0x00,
 0x00, 0x5d, 0x7b, 0x00, 0x4b, 0x26, 0x01, 0x00,
 0x00, 0x5d, 0x7c, 0x00, 0x4b, 0x27, 0x01, 0x00,
 0x00, 0x5d, 0x8d, 0x00, 0x4b, 0x38, 0x01, 0x00,
 0x00, 0x5d, 0x8e, 0x00, 0x4b, 0x39, 0x01, 0x00,
 0x00, 0x5d, 0x7d, 0x00, 0x4b, 0x28, 0x01, 0x00,
 0x00, 0x5d, 0x7e, 0x00, 0x4b, 0x29, 0x01, 0x00,
 0x00, 0x5d, 0x7f, 0x00, 0x4b, 0x2a, 0x01, 0x00,
 0x00, 0x5d, 0x6a, 0x00, 0x4b, 0x15, 0x01, 0x00,
 0x00, 0x5d, 0x6c, 0x00, 0x4b, 0x17, 0x01, 0x00,
 0x00, 0x5d, 0x99, 0x00, 0x4b, 0x44, 0x01, 0x00,
 0x00, 0x5d, 0x80, 0x00, 0x4b, 0x2b, 0x01, 0x00,
 0x00, 0x64, 0x3c, 0x00, 0x4b, 0xf0, 0x00, 0x00,
 0x00, 0x64, 0x3a, 0x00, 0x4b, 0xee, 0x00, 0x00,
 0x00, 0x64, 0x3b, 0x00, 0x4b, 0xef, 0x00, 0x00,
 0x00, 0x5d, 0x9a, 0x00, 0x4b, 0x45, 0x01, 0x00,
 0x00, 0x5d, 0x81, 0x00, 0x4b, 0x2c, 0x01, 0x00,
 0x00, 0x5d, 0x6b, 0x00, 0x4b, 0x16, 0x01, 0x00,
 0x00, 0x5d, 0x84, 0x00, 0x4b, 0x2f, 0x01, 0x00,
 0x00, 0x5d, 0x9b, 0x00, 0x4b, 0x46, 0x01, 0x00,
 0x00, 0x5d, 0x82, 0x00, 0x4b, 0x2d, 0x01, 0x00,
 0x00, 0x5d, 0x85, 0x00, 0x4b, 0x30, 0x01, 0x00,
 0x00, 0x5d, 0x8a, 0x00, 0x4b, 0x35, 0x01, 0x00,
 0x00, 0x5d, 0x8c, 0x00, 0x4b, 0x37, 0x01, 0x00,
 0x00, 0x64, 0x1f, 0x00, 0x4b, 0x4a, 0x01, 0x00,
 0x00, 0x5d, 0x9c, 0x00, 0x4b, 0x47, 0x01, 0x00,
 0x00, 0x5d, 0x73, 0x00, 0x4b, 0x1e, 0x01, 0x00,
 0x00, 0x5d, 0x86, 0x00, 0x4b, 0x31, 0x01, 0x00,
 0x00, 0x5e, 0xa4, 0x00, 0x06, 0x2f, 0xca, 0x03,
 0x01, 0x01, 0x32, 0x00, 0xdb, 0x07, 0xe4, 0x01,
 0x00, 0x00, 0x02, 0x28, 0x06, 0x34, 0x2c, 0x00,
 0xd5, 0x01, 0x86, 0x01, 0x31, 0xeb, 0x04, 0x34,
 0x2c, 0x00, 0x31, 0x0e, 0x2f, 0x4f, 0x00, 0x34,
 0x2c, 0x00, 0x0d, 0x18, 0x01, 0x00, 0x0e, 0x0e,
 0x29, 0x00, 0x8e, 0x01, 0x86, 0x02, 0x00, 0xb8,
 0x00, 0x4f, 0x00, 0x34, 0x2c, 0x00,
};

