/* File generated automatically by the QuickJS-ng compiler. */

#include <inttypes.h>

const uint32_t qjsc_repl_size = 154772;

const uint8_t qjsc_repl[154772] = {
 0x17, 0xad, 0x05, 0x01, 0x44, 0x2f, 0x77, 0x6f,
 0x72, 0x6b, 0x73, 0x70, 0x61, 0x63, 0x65, 0x2f,
 0x71, 0x6a, 0x73, 0x2d, 0x6d, 0x6f, 0x64, 0x75,
 0x6c, 0x65, 0x73, 0x2f, 0x6c, 0x69, 0x62, 0x2f,
 0x72, 0x65, 0x70, 0x6c, 0x2e, 0x6a, 0x73, 0x01,
 0x04, 0x6f, 0x73, 0x01, 0x08, 0x70, 0x61, 0x74,
 0x68, 0x01, 0x08, 0x75, 0x74, 0x69, 0x6c, 0x01,
 0x0e, 0x69, 0x6e, 0x73, 0x70, 0x65, 0x63, 0x74,
 0x01, 0x04, 0x69, 0x6f, 0x01, 0x0e, 0x70, 0x72,
 0x6f, 0x63, 0x65, 0x73, 0x73, 0x01, 0x06, 0x73,
 0x74, 0x64, 0x01, 0x08, 0x52, 0x45, 0x50, 0x4c,
 0x01, 0x14, 0x6c, 0x6f, 0x61, 0x64, 0x4d, 0x6f,
 0x64, 0x75, 0x6c, 0x65, 0x01, 0x14, 0x52, 0x45,
 0x50, 0x4c, 0x53, 0x65, 0x72, 0x76, 0x65, 0x72,
 0x01, 0x0c, 0x69, 0x73, 0x61, 0x74, 0x74, 0x79,
 0x01, 0x10, 0x70, 0x6c, 0x61, 0x74, 0x66, 0x6f,
 0x72, 0x6d, 0x01, 0x08, 0x72, 0x65, 0x61, 0x64,
 0x01, 0x0c, 0x53, 0x49, 0x47, 0x49, 0x4e, 0x54,
 0x01, 0x0c, 0x73, 0x69, 0x67, 0x6e, 0x61, 0x6c,
 0x01, 0x0e, 0x53, 0x49, 0x47, 0x54, 0x45, 0x52,
 0x4d, 0x01, 0x1a, 0x74, 0x74, 0x79, 0x47, 0x65,
 0x74, 0x57, 0x69, 0x6e, 0x53, 0x69, 0x7a, 0x65,
 0x01, 0x10, 0x62, 0x61, 0x73, 0x65, 0x6e, 0x61,
 0x6d, 0x65, 0x01, 0x0e, 0x65, 0x78, 0x74, 0x6e,
 0x61, 0x6d, 0x65, 0x01, 0x0e, 0x67, 0x65, 0x74,
 0x68, 0x6f, 0x6d, 0x65, 0x01, 0x12, 0x63, 0x6c,
 0x65, 0x61, 0x72, 0x4c, 0x69, 0x6e, 0x65, 0x01,
 0x16, 0x63, 0x6c, 0x65, 0x61, 0x72, 0x53, 0x63,
 0x72, 0x65, 0x65, 0x6e, 0x01, 0x0c, 0x64, 0x65,
 0x66, 0x69, 0x6e, 0x65, 0x01, 0x0e, 0x69, 0x73,
 0x41, 0x72, 0x72, 0x61, 0x79, 0x01, 0x14, 0x6d,
 0x6f, 0x76, 0x65, 0x43, 0x75, 0x72, 0x73, 0x6f,
 0x72, 0x01, 0x22, 0x73, 0x65, 0x74, 0x43, 0x75,
 0x72, 0x73, 0x6f, 0x72, 0x50, 0x6f, 0x73, 0x69,
 0x74, 0x69, 0x6f, 0x6e, 0x01, 0x12, 0x73, 0x74,
 0x72, 0x69, 0x70, 0x41, 0x6e, 0x73, 0x69, 0x01,
 0x12, 0x74, 0x74, 0x79, 0x53, 0x65, 0x74, 0x52,
 0x61, 0x77, 0x01, 0x0a, 0x74, 0x79, 0x70, 0x65,
 0x73, 0x01, 0x0c, 0x75, 0x6e, 0x69, 0x71, 0x75,
 0x65, 0x01, 0x1c, 0x73, 0x65, 0x74, 0x52, 0x65,
 0x61, 0x64, 0x48, 0x61, 0x6e, 0x64, 0x6c, 0x65,
 0x72, 0x01, 0x14, 0x65, 0x76, 0x61, 0x6c, 0x53,
 0x63, 0x72, 0x69, 0x70, 0x74, 0x01, 0x04, 0x67,
 0x63, 0x01, 0x10, 0x6c, 0x6f, 0x61, 0x64, 0x46,
 0x69, 0x6c, 0x65, 0x01, 0x14, 0x6c, 0x6f, 0x61,
 0x64, 0x53, 0x63, 0x72, 0x69, 0x70, 0x74, 0x01,
 0x08, 0x6f, 0x70, 0x65, 0x6e, 0x01, 0x06, 0x6f,
 0x75, 0x74, 0x01, 0x08, 0x70, 0x75, 0x74, 0x73,
 0x01, 0x0c, 0x67, 0x65, 0x74, 0x65, 0x6e, 0x76,
 0x01, 0x0a, 0x23, 0x65, 0x76, 0x61, 0x6c, 0x01,
 0x0a, 0x23, 0x72, 0x65, 0x70, 0x6c, 0x01, 0x0a,
 0x73, 0x74, 0x64, 0x69, 0x6e, 0x01, 0x12, 0x66,
 0x6f, 0x70, 0x65, 0x6e, 0x53, 0x79, 0x6e, 0x63,
 0x01, 0x0c, 0x73, 0x74, 0x64, 0x6f, 0x75, 0x74,
 0x01, 0x16, 0x72, 0x65, 0x61, 0x64, 0x42, 0x75,
 0x66, 0x53, 0x69, 0x7a, 0x65, 0x01, 0x1a, 0x63,
 0x6f, 0x6e, 0x66, 0x69, 0x67, 0x4e, 0x75, 0x6d,
 0x63, 0x61, 0x6c, 0x63, 0x01, 0x12, 0x68, 0x61,
 0x73, 0x4a, 0x73, 0x63, 0x61, 0x6c, 0x63, 0x01,
 0x12, 0x68, 0x61, 0x73, 0x42, 0x69, 0x67, 0x6e,
 0x75, 0x6d, 0x01, 0x18, 0x73, 0x75, 0x70, 0x70,
 0x6f, 0x72, 0x74, 0x73, 0x41, 0x6e, 0x73, 0x69,
 0x01, 0x0c, 0x63, 0x6f, 0x6c, 0x6f, 0x72, 0x73,
 0x01, 0x14, 0x63, 0x75, 0x72, 0x73, 0x6f, 0x72,
 0x4c, 0x65, 0x66, 0x74, 0x01, 0x18, 0x72, 0x65,
 0x61, 0x64, 0x6c, 0x69, 0x6e, 0x65, 0x4b, 0x65,
 0x79, 0x73, 0x01, 0x1a, 0x72, 0x65, 0x61, 0x64,
 0x6c, 0x69, 0x6e, 0x65, 0x53, 0x74, 0x61, 0x74,
 0x65, 0x01, 0x0e, 0x68, 0x65, 0x78, 0x4d, 0x6f,
 0x64, 0x65, 0x01, 0x10, 0x65, 0x76, 0x61, 0x6c,
 0x4d, 0x6f, 0x64, 0x65, 0x01, 0x0c, 0x73, 0x74,
 0x79, 0x6c, 0x65, 0x73, 0x01, 0x12, 0x63, 0x6c,
 0x69, 0x70, 0x42, 0x6f, 0x61, 0x72, 0x64, 0x01,
 0x08, 0x70, 0x72, 0x65, 0x63, 0x01, 0x0e, 0x65,
 0x78, 0x70, 0x42, 0x69, 0x74, 0x73, 0x01, 0x0e,
 0x6c, 0x6f, 0x67, 0x32, 0x5f, 0x31, 0x30, 0x01,
 0x14, 0x75, 0x74, 0x66, 0x38, 0x5f, 0x73, 0x74,
 0x61, 0x74, 0x65, 0x01, 0x10, 0x75, 0x74, 0x66,
 0x38, 0x5f, 0x76, 0x61, 0x6c, 0x01, 0x0c, 0x74,
 0x65, 0x72, 0x6d, 0x46, 0x64, 0x01, 0x16, 0x74,
 0x65, 0x72, 0x6d, 0x43, 0x75, 0x72, 0x73, 0x6f,
 0x72, 0x58, 0x01, 0x0c, 0x73, 0x65, 0x74, 0x52,
 0x61, 0x77, 0x01, 0x12, 0x70, 0x75, 0x74, 0x42,
 0x61, 0x6e, 0x6e, 0x65, 0x72, 0x01, 0x16, 0x73,
 0x65, 0x61, 0x72, 0x63, 0x68, 0x53, 0x74, 0x61,
 0x74, 0x65, 0x01, 0x0e, 0x69, 0x73, 0x41, 0x6c,
 0x70, 0x68, 0x61, 0x01, 0x0e, 0x69, 0x73, 0x44,
 0x69, 0x67, 0x69, 0x74, 0x01, 0x0c, 0x69, 0x73,
 0x57, 0x6f, 0x72, 0x64, 0x01, 0x12, 0x75, 0x63,
 0x73, 0x4c, 0x65, 0x6e, 0x67, 0x74, 0x68, 0x01,
 0x14, 0x72, 0x6f, 0x74, 0x61, 0x74, 0x65, 0x4c,
 0x65, 0x66, 0x74, 0x01, 0x26, 0x69, 0x73, 0x54,
 0x72, 0x61, 0x69, 0x6c, 0x69, 0x6e, 0x67, 0x53,
 0x75, 0x72, 0x72, 0x6f, 0x67, 0x61, 0x74, 0x65,
 0x01, 0x14, 0x69, 0x73, 0x42, 0x61, 0x6c, 0x61,
 0x6e, 0x63, 0x65, 0x64, 0x01, 0x1c, 0x70, 0x72,
 0x69, 0x6e, 0x74, 0x43, 0x6f, 0x6c, 0x6f, 0x72,
 0x54, 0x65, 0x78, 0x74, 0x01, 0x14, 0x70, 0x72,
 0x69, 0x6e, 0x74, 0x50, 0x61, 0x67, 0x65, 0x64,
 0x01, 0x10, 0x73, 0x61, 0x76, 0x65, 0x46, 0x69,
 0x6c, 0x65, 0x01, 0x22, 0x6f, 0x62, 0x73, 0x65,
 0x72, 0x76, 0x65, 0x50, 0x72, 0x6f, 0x70, 0x65,
 0x72, 0x74, 0x69, 0x65, 0x73, 0x01, 0x1c, 0x6c,
 0x6f, 0x61, 0x64, 0x53, 0x61, 0x76, 0x65, 0x4f,
 0x62, 0x6a, 0x65, 0x63, 0x74, 0x01, 0x10, 0x77,
 0x61, 0x69, 0x74, 0x52, 0x65, 0x61, 0x64, 0x01,
 0x08, 0x6f, 0x6e, 0x63, 0x65, 0x01, 0x02, 0x6e,
 0x01, 0x02, 0x08, 0x01, 0x0c, 0x72, 0x65, 0x70,
 0x65, 0x61, 0x74, 0x01, 0x0a, 0x66, 0x6c, 0x75,
 0x73, 0x68, 0x01, 0x04, 0x66, 0x64, 0x01, 0x3a,
 0x51, 0x75, 0x69, 0x63, 0x6b, 0x4a, 0x53, 0x20,
 0x2d, 0x20, 0x54, 0x79, 0x70, 0x65, 0x20, 0x22,
 0x5c, 0x68, 0x22, 0x20, 0x66, 0x6f, 0x72, 0x20,
 0x68, 0x65, 0x6c, 0x70, 0x0a, 0x01, 0x14, 0x73,
 0x68, 0x6f, 0x77, 0x42, 0x61, 0x6e, 0x6e, 0x65,
 0x72, 0x01, 0x10, 0x63, 0x6f, 0x6d, 0x6d, 0x61,
 0x6e, 0x64, 0x73, 0x01, 0x08, 0x65, 0x78, 0x69,
 0x74, 0x01, 0x1e, 0x62, 0x65, 0x67, 0x69, 0x6e,
 0x6e, 0x69, 0x6e, 0x67, 0x4f, 0x66, 0x4c, 0x69,
 0x6e, 0x65, 0x01, 0x02, 0x01, 0x01, 0x18, 0x62,
 0x61, 0x63, 0x6b, 0x77, 0x61, 0x72, 0x64, 0x43,
 0x68, 0x61, 0x72, 0x01, 0x02, 0x02, 0x01, 0x10,
 0x63, 0x6f, 0x6e, 0x74, 0x72, 0x6f, 0x6c, 0x43,
 0x01, 0x02, 0x03, 0x01, 0x10, 0x63, 0x6f, 0x6e,
 0x74, 0x72, 0x6f, 0x6c, 0x44, 0x01, 0x02, 0x04,
 0x01, 0x12, 0x65, 0x6e, 0x64, 0x4f, 0x66, 0x4c,
 0x69, 0x6e, 0x65, 0x01, 0x02, 0x05, 0x01, 0x16,
 0x66, 0x6f, 0x72, 0x77, 0x61, 0x72, 0x64, 0x43,
 0x68, 0x61, 0x72, 0x01, 0x02, 0x06, 0x01, 0x0a,
 0x61, 0x62, 0x6f, 0x72, 0x74, 0x01, 0x02, 0x07,
 0x01, 0x24, 0x62, 0x61, 0x63, 0x6b, 0x77, 0x61,
 0x72, 0x64, 0x44, 0x65, 0x6c, 0x65, 0x74, 0x65,
 0x43, 0x68, 0x61, 0x72, 0x01, 0x14, 0x63, 0x6f,
 0x6d, 0x70, 0x6c, 0x65, 0x74, 0x69, 0x6f, 0x6e,
 0x01, 0x02, 0x09, 0x01, 0x14, 0x61, 0x63, 0x63,
 0x65, 0x70, 0x74, 0x4c, 0x69, 0x6e, 0x65, 0x01,
 0x02, 0x0a, 0x01, 0x10, 0x6b, 0x69, 0x6c, 0x6c,
 0x4c, 0x69, 0x6e, 0x65, 0x01, 0x02, 0x0b, 0x01,
 0x02, 0x0d, 0x01, 0x16, 0x68, 0x69, 0x73, 0x74,
 0x6f, 0x72, 0x79, 0x4e, 0x65, 0x78, 0x74, 0x01,
 0x02, 0x0e, 0x01, 0x10, 0x63, 0x6f, 0x6e, 0x74,
 0x72, 0x6f, 0x6c, 0x4c, 0x01, 0x02, 0x0f, 0x01,
 0x1e, 0x68, 0x69, 0x73, 0x74, 0x6f, 0x72, 0x79,
 0x50, 0x72, 0x65, 0x76, 0x69, 0x6f, 0x75, 0x73,
 0x01, 0x02, 0x10, 0x01, 0x18, 0x71, 0x75, 0x6f,
 0x74, 0x65, 0x64, 0x49, 0x6e, 0x73, 0x65, 0x72,
 0x74, 0x01, 0x02, 0x11, 0x01, 0x1a, 0x72, 0x65,
 0x76, 0x65, 0x72, 0x73, 0x65, 0x53, 0x65, 0x61,
 0x72, 0x63, 0x68, 0x01, 0x02, 0x12, 0x01, 0x1a,
 0x66, 0x6f, 0x72, 0x77, 0x61, 0x72, 0x64, 0x53,
 0x65, 0x61, 0x72, 0x63, 0x68, 0x01, 0x02, 0x13,
 0x01, 0x1c, 0x74, 0x72, 0x61, 0x6e, 0x73, 0x70,
 0x6f, 0x73, 0x65, 0x43, 0x68, 0x61, 0x72, 0x73,
 0x01, 0x02, 0x14, 0x01, 0x12, 0x64, 0x65, 0x6c,
 0x65, 0x74, 0x65, 0x41, 0x6c, 0x6c, 0x01, 0x02,
 0x15, 0x01, 0x0a, 0x72, 0x65, 0x73, 0x65, 0x74,
 0x01, 0x02, 0x18, 0x01, 0x08, 0x79, 0x61, 0x6e,
 0x6b, 0x01, 0x02, 0x19, 0x01, 0x0c, 0x65, 0x73,
 0x63, 0x61, 0x70, 0x65, 0x01, 0x02, 0x1b, 0x01,
 0x06, 0x1b, 0x4f, 0x41, 0x01, 0x06, 0x1b, 0x4f,
 0x42, 0x01, 0x06, 0x1b, 0x4f, 0x43, 0x01, 0x06,
 0x1b, 0x4f, 0x44, 0x01, 0x16, 0x66, 0x6f, 0x72,
 0x77, 0x61, 0x72, 0x64, 0x57, 0x6f, 0x72, 0x64,
 0x01, 0x06, 0x1b, 0x4f, 0x46, 0x01, 0x18, 0x62,
 0x61, 0x63, 0x6b, 0x77, 0x61, 0x72, 0x64, 0x57,
 0x6f, 0x72, 0x64, 0x01, 0x06, 0x1b, 0x4f, 0x48,
 0x01, 0x0c, 0x1b, 0x5b, 0x31, 0x3b, 0x35, 0x43,
 0x01, 0x0c, 0x1b, 0x5b, 0x31, 0x3b, 0x35, 0x44,
 0x01, 0x08, 0x1b, 0x5b, 0x31, 0x7e, 0x01, 0x14,
 0x64, 0x65, 0x6c, 0x65, 0x74, 0x65, 0x43, 0x68,
 0x61, 0x72, 0x01, 0x08, 0x1b, 0x5b, 0x33, 0x7e,
 0x01, 0x08, 0x1b, 0x5b, 0x34, 0x7e, 0x01, 0x2a,
 0x68, 0x69, 0x73, 0x74, 0x6f, 0x72, 0x79, 0x53,
 0x65, 0x61, 0x72, 0x63, 0x68, 0x42, 0x61, 0x63,
 0x6b, 0x77, 0x61, 0x72, 0x64, 0x01, 0x08, 0x1b,
 0x5b, 0x35, 0x7e, 0x01, 0x28, 0x68, 0x69, 0x73,
 0x74, 0x6f, 0x72, 0x79, 0x53, 0x65, 0x61, 0x72,
 0x63, 0x68, 0x46, 0x6f, 0x72, 0x77, 0x61, 0x72,
 0x64, 0x01, 0x08, 0x1b, 0x5b, 0x36, 0x7e, 0x01,
 0x06, 0x1b, 0x5b, 0x41, 0x01, 0x06, 0x1b, 0x5b,
 0x42, 0x01, 0x06, 0x1b, 0x5b, 0x43, 0x01, 0x06,
 0x1b, 0x5b, 0x44, 0x01, 0x06, 0x1b, 0x5b, 0x46,
 0x01, 0x06, 0x1b, 0x5b, 0x48, 0x01, 0x20, 0x62,
 0x61, 0x63, 0x6b, 0x77, 0x61, 0x72, 0x64, 0x4b,
 0x69, 0x6c, 0x6c, 0x57, 0x6f, 0x72, 0x64, 0x01,
 0x04, 0x1b, 0x7f, 0x01, 0x04, 0x1b, 0x62, 0x01,
 0x10, 0x6b, 0x69, 0x6c, 0x6c, 0x57, 0x6f, 0x72,
 0x64, 0x01, 0x04, 0x1b, 0x64, 0x01, 0x04, 0x1b,
 0x66, 0x01, 0x20, 0x62, 0x61, 0x63, 0x6b, 0x77,
 0x61, 0x72, 0x64, 0x4b, 0x69, 0x6c, 0x6c, 0x4c,
 0x69, 0x6e, 0x65, 0x01, 0x04, 0x1b, 0x6b, 0x01,
 0x18, 0x64, 0x6f, 0x77, 0x6e, 0x63, 0x61, 0x73,
 0x65, 0x57, 0x6f, 0x72, 0x64, 0x01, 0x04, 0x1b,
 0x6c, 0x01, 0x1c, 0x74, 0x72, 0x61, 0x6e, 0x73,
 0x70, 0x6f, 0x73, 0x65, 0x57, 0x6f, 0x72, 0x64,
 0x73, 0x01, 0x04, 0x1b, 0x74, 0x01, 0x14, 0x75,
 0x70, 0x63, 0x61, 0x73, 0x65, 0x57, 0x6f, 0x72,
 0x64, 0x01, 0x04, 0x1b, 0x75, 0x01, 0x02, 0x7f,
 0x01, 0x14, 0x64, 0x69, 0x72, 0x65, 0x63, 0x74,
 0x69, 0x76, 0x65, 0x73, 0x01, 0x06, 0x70, 0x73,
 0x31, 0x01, 0x0e, 0x63, 0x6f, 0x6e, 0x73, 0x6f,
 0x6c, 0x65, 0x01, 0x1c, 0x69, 0x6e, 0x73, 0x70,
 0x65, 0x63, 0x74, 0x4f, 0x70, 0x74, 0x69, 0x6f,
 0x6e, 0x73, 0x01, 0x0e, 0x6f, 0x70, 0x74, 0x69,
 0x6f, 0x6e, 0x73, 0x01, 0x10, 0x74, 0x65, 0x72,
 0x6d, 0x49, 0x6e, 0x69, 0x74, 0x01, 0x16, 0x6d,
 0x6f, 0x64, 0x75, 0x6c, 0x65, 0x73, 0x4c, 0x6f,
 0x61, 0x64, 0x01, 0x10, 0x63, 0x6d, 0x64, 0x53,
 0x74, 0x61, 0x72, 0x74, 0x01, 0x10, 0x66, 0x69,
 0x6c, 0x65, 0x6e, 0x61, 0x6d, 0x65, 0x01, 0x18,
 0x6d, 0x61, 0x6b, 0x65, 0x46, 0x69, 0x6c, 0x65,
 0x6e, 0x61, 0x6d, 0x65, 0x01, 0x0c, 0x63, 0x6f,
 0x6e, 0x66, 0x69, 0x67, 0x01, 0x02, 0x28, 0x01,
 0x16, 0x72, 0x65, 0x70, 0x61, 0x72, 0x73, 0x65,
 0x61, 0x62, 0x6c, 0x65, 0x01, 0x0e, 0x63, 0x6f,
 0x6d, 0x70, 0x61, 0x63, 0x74, 0x01, 0x10, 0x49,
 0x6e, 0x66, 0x69, 0x6e, 0x69, 0x74, 0x79, 0x01,
 0x1c, 0x6d, 0x61, 0x78, 0x41, 0x72, 0x72, 0x61,
 0x79, 0x4c, 0x65, 0x6e, 0x67, 0x74, 0x68, 0x01,
 0x1e, 0x6d, 0x61, 0x78, 0x53, 0x74, 0x72, 0x69,
 0x6e, 0x67, 0x4c, 0x65, 0x6e, 0x67, 0x74, 0x68,
 0x01, 0x04, 0x29, 0x0a, 0x01, 0x04, 0x66, 0x6e,
 0x01, 0x1e, 0x63, 0x6c, 0x65, 0x61, 0x6e, 0x75,
 0x70, 0x48, 0x61, 0x6e, 0x64, 0x6c, 0x65, 0x72,
 0x73, 0x01, 0x10, 0x65, 0x78, 0x69, 0x74, 0x43,
 0x6f, 0x64, 0x65, 0x01, 0x0e, 0x68, 0x61, 0x6e,
 0x64, 0x6c, 0x65, 0x72, 0x01, 0x08, 0x63, 0x61,
 0x6c, 0x6c, 0x01, 0x0e, 0x72, 0x75, 0x6e, 0x6e,
 0x69, 0x6e, 0x67, 0x01, 0x06, 0x63, 0x6d, 0x64,
 0x01, 0x12, 0x63, 0x75, 0x72, 0x73, 0x6f, 0x72,
 0x50, 0x6f, 0x73, 0x01, 0x0c, 0x63, 0x68, 0x61,
 0x72, 0x41, 0x74, 0x01, 0x1a, 0x64, 0x65, 0x6c,
 0x65, 0x74, 0x65, 0x43, 0x68, 0x61, 0x72, 0x44,
 0x69, 0x72, 0x01, 0x14, 0x6b, 0x69, 0x6c, 0x6c,
 0x52, 0x65, 0x67, 0x69, 0x6f, 0x6e, 0x01, 0x20,
 0x73, 0x6b, 0x69, 0x70, 0x57, 0x6f, 0x72, 0x64,
 0x42, 0x61, 0x63, 0x6b, 0x77, 0x61, 0x72, 0x64,
 0x01, 0x02, 0x61, 0x01, 0x0a, 0x72, 0x61, 0x64,
 0x69, 0x78, 0x01, 0x02, 0x73, 0x01, 0x10, 0x42,
 0x69, 0x67, 0x46, 0x6c, 0x6f, 0x61, 0x74, 0x01,
 0x10, 0x69, 0x73, 0x46, 0x69, 0x6e, 0x69, 0x74,
 0x65, 0x01, 0x08, 0x6d, 0x61, 0x74, 0x68, 0x01,
 0x12, 0x42, 0x69, 0x67, 0x46, 0x6c, 0x6f, 0x61,
 0x74, 0x28, 0x01, 0x02, 0x29, 0x01, 0x04, 0x2d,
 0x30, 0x01, 0x02, 0x2d, 0x01, 0x04, 0x30, 0x78,
 0x01, 0x10, 0x62, 0x69, 0x67, 0x66, 0x6c, 0x6f,
 0x61, 0x74, 0x01, 0x02, 0x6c, 0x01, 0x0e, 0x69,
 0x6e, 0x64, 0x65, 0x78, 0x4f, 0x66, 0x01, 0x02,
 0x2e, 0x01, 0x02, 0x70, 0x01, 0x02, 0x65, 0x01,
 0x04, 0x2e, 0x30, 0x01, 0x1a, 0x72, 0x65, 0x61,
 0x64, 0x6c, 0x69, 0x6e, 0x65, 0x53, 0x74, 0x61,
 0x72, 0x74, 0x01, 0x0c, 0x64, 0x75, 0x70, 0x73,
 0x74, 0x72, 0x01, 0x08, 0x20, 0x20, 0x20, 0x20,
 0x01, 0x0a, 0x6c, 0x65, 0x76, 0x65, 0x6c, 0x01,
 0x22, 0x72, 0x65, 0x61, 0x64, 0x6c, 0x69, 0x6e,
 0x65, 0x48, 0x61, 0x6e, 0x64, 0x6c, 0x65, 0x43,
 0x6d, 0x64, 0x01, 0x06, 0x6c, 0x6f, 0x67, 0x01,
 0x1a, 0x61, 0x6c, 0x67, 0x65, 0x62, 0x72, 0x61,
 0x69, 0x63, 0x4d, 0x6f, 0x64, 0x65, 0x01, 0x20,
 0x63, 0x6d, 0x64, 0x52, 0x65, 0x61, 0x64, 0x6c,
 0x69, 0x6e, 0x65, 0x53, 0x74, 0x61, 0x72, 0x74,
 0x01, 0x06, 0x73, 0x74, 0x72, 0x01, 0x02, 0x69,
 0x01, 0x02, 0x63, 0x01, 0x0a, 0x73, 0x74, 0x61,
 0x72, 0x74, 0x01, 0x0a, 0x73, 0x74, 0x79, 0x6c,
 0x65, 0x01, 0x0a, 0x73, 0x74, 0x61, 0x74, 0x65,
 0x01, 0x0e, 0x70, 0x72, 0x69, 0x6d, 0x61, 0x72,
 0x79, 0x01, 0x10, 0x63, 0x61, 0x6e, 0x52, 0x65,
 0x67, 0x65, 0x78, 0x01, 0x02, 0x72, 0x01, 0x12,
 0x70, 0x75, 0x73, 0x68, 0x53, 0x74, 0x61, 0x74,
 0x65, 0x01, 0x12, 0x6c, 0x61, 0x73, 0x74, 0x53,
 0x74, 0x61, 0x74, 0x65, 0x01, 0x10, 0x70, 0x6f,
 0x70, 0x53, 0x74, 0x61, 0x74, 0x65, 0x01, 0x22,
 0x70, 0x61, 0x72, 0x73, 0x65, 0x42, 0x6c, 0x6f,
 0x63, 0x6b, 0x43, 0x6f, 0x6d, 0x6d, 0x65, 0x6e,
 0x74, 0x01, 0x20, 0x70, 0x61, 0x72, 0x73, 0x65,
 0x4c, 0x69, 0x6e, 0x65, 0x43, 0x6f, 0x6d, 0x6d,
 0x65, 0x6e, 0x74, 0x01, 0x16, 0x70, 0x61, 0x72,
 0x73, 0x65, 0x53, 0x74, 0x72, 0x69, 0x6e, 0x67,
 0x01, 0x14, 0x70, 0x61, 0x72, 0x73, 0x65, 0x52,
 0x65, 0x67, 0x65, 0x78, 0x01, 0x16, 0x70, 0x61,
 0x72, 0x73, 0x65, 0x4e, 0x75, 0x6d, 0x62, 0x65,
 0x72, 0x01, 0x14, 0x6a, 0x73, 0x4b, 0x65, 0x79,
 0x77, 0x6f, 0x72, 0x64, 0x73, 0x01, 0x12, 0x6a,
 0x73, 0x4e, 0x6f, 0x52, 0x65, 0x67, 0x65, 0x78,
 0x01, 0x0e, 0x6a, 0x73, 0x54, 0x79, 0x70, 0x65,
 0x73, 0x01, 0x1e, 0x70, 0x61, 0x72, 0x73, 0x65,
 0x49, 0x64, 0x65, 0x6e, 0x74, 0x69, 0x66, 0x69,
 0x65, 0x72, 0x01, 0x10, 0x73, 0x65, 0x74, 0x53,
 0x74, 0x79, 0x6c, 0x65, 0x01, 0x12, 0x73, 0x75,
 0x62, 0x73, 0x74, 0x72, 0x69, 0x6e, 0x67, 0x01,
 0x0e, 0x63, 0x6f, 0x6d, 0x6d, 0x65, 0x6e, 0x74,
 0x01, 0x02, 0x2f, 0x01, 0x0a, 0x64, 0x65, 0x6c,
 0x69, 0x6d, 0x01, 0x0a, 0x65, 0x72, 0x72, 0x6f,
 0x72, 0x01, 0x02, 0x5c, 0x01, 0x0a, 0x72, 0x65,
 0x67, 0x65, 0x78, 0x01, 0x02, 0x5b, 0x01, 0x02,
 0x5d, 0x01, 0x02, 0x77, 0x01, 0x04, 0x69, 0x31,
 0x01, 0x02, 0x7c, 0x01, 0x0e, 0x6b, 0x65, 0x79,
 0x77, 0x6f, 0x72, 0x64, 0x01, 0x02, 0x20, 0x01,
 0x08, 0x74, 0x79, 0x70, 0x65, 0x01, 0x14, 0x69,
 0x64, 0x65, 0x6e, 0x74, 0x69, 0x66, 0x69, 0x65,
 0x72, 0x01, 0x04, 0x74, 0x6f, 0x01, 0x08, 0x70,
 0x75, 0x73, 0x68, 0x01, 0x6a, 0x62, 0x72, 0x65,
 0x61, 0x6b, 0x7c, 0x63, 0x61, 0x73, 0x65, 0x7c,
 0x63, 0x61, 0x74, 0x63, 0x68, 0x7c, 0x63, 0x6f,
 0x6e, 0x74, 0x69, 0x6e, 0x75, 0x65, 0x7c, 0x64,
 0x65, 0x62, 0x75, 0x67, 0x67, 0x65, 0x72, 0x7c,
 0x64, 0x65, 0x66, 0x61, 0x75, 0x6c, 0x74, 0x7c,
 0x64, 0x65, 0x6c, 0x65, 0x74, 0x65, 0x7c, 0x64,
 0x6f, 0x7c, 0x01, 0x5e, 0x65, 0x6c, 0x73, 0x65,
 0x7c, 0x66, 0x69, 0x6e, 0x61, 0x6c, 0x6c, 0x79,
 0x7c, 0x66, 0x6f, 0x72, 0x7c, 0x66, 0x75, 0x6e,
 0x63, 0x74, 0x69, 0x6f, 0x6e, 0x7c, 0x69, 0x66,
 0x7c, 0x69, 0x6e, 0x7c, 0x69, 0x6e, 0x73, 0x74,
 0x61, 0x6e, 0x63, 0x65, 0x6f, 0x66, 0x7c, 0x6e,
 0x65, 0x77, 0x7c, 0x01, 0x5e, 0x72, 0x65, 0x74,
 0x75, 0x72, 0x6e, 0x7c, 0x73, 0x77, 0x69, 0x74,
 0x63, 0x68, 0x7c, 0x74, 0x68, 0x69, 0x73, 0x7c,
 0x74, 0x68, 0x72, 0x6f, 0x77, 0x7c, 0x74, 0x72,
 0x79, 0x7c, 0x74, 0x79, 0x70, 0x65, 0x6f, 0x66,
 0x7c, 0x77, 0x68, 0x69, 0x6c, 0x65, 0x7c, 0x77,
 0x69, 0x74, 0x68, 0x7c, 0x01, 0x5a, 0x63, 0x6c,
 0x61, 0x73, 0x73, 0x7c, 0x63, 0x6f, 0x6e, 0x73,
 0x74, 0x7c, 0x65, 0x6e, 0x75, 0x6d, 0x7c, 0x69,
 0x6d, 0x70, 0x6f, 0x72, 0x74, 0x7c, 0x65, 0x78,
 0x70, 0x6f, 0x72, 0x74, 0x7c, 0x65, 0x78, 0x74,
 0x65, 0x6e, 0x64, 0x73, 0x7c, 0x73, 0x75, 0x70,
 0x65, 0x72, 0x7c, 0x01, 0x66, 0x69, 0x6d, 0x70,
 0x6c, 0x65, 0x6d, 0x65, 0x6e, 0x74, 0x73, 0x7c,
 0x69, 0x6e, 0x74, 0x65, 0x72, 0x66, 0x61, 0x63,
 0x65, 0x7c, 0x6c, 0x65, 0x74, 0x7c, 0x70, 0x61,
 0x63, 0x6b, 0x61, 0x67, 0x65, 0x7c, 0x70, 0x72,
 0x69, 0x76, 0x61, 0x74, 0x65, 0x7c, 0x70, 0x72,
 0x6f, 0x74, 0x65, 0x63, 0x74, 0x65, 0x64, 0x7c,
 0x01, 0x28, 0x70, 0x75, 0x62, 0x6c, 0x69, 0x63,
 0x7c, 0x73, 0x74, 0x61, 0x74, 0x69, 0x63, 0x7c,
 0x79, 0x69, 0x65, 0x6c, 0x64, 0x7c, 0x01, 0x4e,
 0x75, 0x6e, 0x64, 0x65, 0x66, 0x69, 0x6e, 0x65,
 0x64, 0x7c, 0x6e, 0x75, 0x6c, 0x6c, 0x7c, 0x74,
 0x72, 0x75, 0x65, 0x7c, 0x66, 0x61, 0x6c, 0x73,
 0x65, 0x7c, 0x49, 0x6e, 0x66, 0x69, 0x6e, 0x69,
 0x74, 0x79, 0x7c, 0x4e, 0x61, 0x4e, 0x7c, 0x01,
 0x1e, 0x65, 0x76, 0x61, 0x6c, 0x7c, 0x61, 0x72,
 0x67, 0x75, 0x6d, 0x65, 0x6e, 0x74, 0x73, 0x7c,
 0x01, 0x0c, 0x61, 0x77, 0x61, 0x69, 0x74, 0x7c,
 0x01, 0x7a, 0x7c, 0x74, 0x68, 0x69, 0x73, 0x7c,
 0x73, 0x75, 0x70, 0x65, 0x72, 0x7c, 0x75, 0x6e,
 0x64, 0x65, 0x66, 0x69, 0x6e, 0x65, 0x64, 0x7c,
 0x6e, 0x75, 0x6c, 0x6c, 0x7c, 0x74, 0x72, 0x75,
 0x65, 0x7c, 0x66, 0x61, 0x6c, 0x73, 0x65, 0x7c,
 0x49, 0x6e, 0x66, 0x69, 0x6e, 0x69, 0x74, 0x79,
 0x7c, 0x4e, 0x61, 0x4e, 0x7c, 0x61, 0x72, 0x67,
 0x75, 0x6d, 0x65, 0x6e, 0x74, 0x73, 0x7c, 0x01,
 0x14, 0x7c, 0x76, 0x6f, 0x69, 0x64, 0x7c, 0x76,
 0x61, 0x72, 0x7c, 0x01, 0x02, 0x2b, 0x01, 0x02,
 0x27, 0x01, 0x02, 0x22, 0x01, 0x02, 0x60, 0x01,
 0x02, 0x7b, 0x01, 0x02, 0x7d, 0x01, 0x02, 0x24,
 0x01, 0x06, 0x74, 0x61, 0x62, 0x01, 0x06, 0x72,
 0x65, 0x73, 0x01, 0x02, 0x6a, 0x01, 0x06, 0x6c,
 0x65, 0x6e, 0x01, 0x02, 0x74, 0x01, 0x02, 0x6d,
 0x01, 0x1c, 0x67, 0x65, 0x74, 0x43, 0x6f, 0x6d,
 0x70, 0x6c, 0x65, 0x74, 0x69, 0x6f, 0x6e, 0x73,
 0x01, 0x06, 0x70, 0x6f, 0x73, 0x01, 0x0c, 0x69,
 0x6e, 0x73, 0x65, 0x72, 0x74, 0x01, 0x0e, 0x6c,
 0x61, 0x73, 0x74, 0x46, 0x75, 0x6e, 0x01, 0x06,
 0x63, 0x74, 0x78, 0x01, 0x1e, 0x73, 0x68, 0x6f,
 0x77, 0x43, 0x6f, 0x6d, 0x70, 0x6c, 0x65, 0x74,
 0x69, 0x6f, 0x6e, 0x73, 0x01, 0x26, 0x72, 0x65,
 0x61, 0x64, 0x6c, 0x69, 0x6e, 0x65, 0x50, 0x72,
 0x69, 0x6e, 0x74, 0x50, 0x72, 0x6f, 0x6d, 0x70,
 0x74, 0x01, 0x10, 0x6d, 0x61, 0x78, 0x57, 0x69,
 0x64, 0x74, 0x68, 0x01, 0x0a, 0x6e, 0x43, 0x6f,
 0x6c, 0x73, 0x01, 0x0a, 0x6e, 0x52, 0x6f, 0x77,
 0x73, 0x01, 0x06, 0x72, 0x6f, 0x77, 0x01, 0x06,
 0x63, 0x6f, 0x6c, 0x01, 0x06, 0x6d, 0x61, 0x78,
 0x01, 0x0a, 0x66, 0x6c, 0x6f, 0x6f, 0x72, 0x01,
 0x0e, 0x63, 0x6f, 0x6c, 0x75, 0x6d, 0x6e, 0x73,
 0x01, 0x08, 0x63, 0x65, 0x69, 0x6c, 0x01, 0x0c,
 0x70, 0x61, 0x64, 0x45, 0x6e, 0x64, 0x01, 0x3c,
 0x0a, 0x28, 0x50, 0x72, 0x65, 0x73, 0x73, 0x20,
 0x43, 0x74, 0x72, 0x6c, 0x2d, 0x43, 0x20, 0x61,
 0x67, 0x61, 0x69, 0x6e, 0x20, 0x74, 0x6f, 0x20,
 0x71, 0x75, 0x69, 0x74, 0x29, 0x0a, 0x01, 0x06,
 0x64, 0x69, 0x72, 0x01, 0x06, 0x65, 0x6e, 0x64,
 0x01, 0x1e, 0x73, 0x6b, 0x69, 0x70, 0x57, 0x6f,
 0x72, 0x64, 0x46, 0x6f, 0x72, 0x77, 0x61, 0x72,
 0x64, 0x01, 0x16, 0x74, 0x6f, 0x4c, 0x6f, 0x77,
 0x65, 0x72, 0x43, 0x61, 0x73, 0x65, 0x01, 0x0a,
 0x63, 0x6f, 0x75, 0x6e, 0x74, 0x01, 0x0c, 0x72,
 0x65, 0x73, 0x75, 0x6c, 0x74, 0x01, 0x10, 0x72,
 0x65, 0x73, 0x75, 0x6c, 0x74, 0x49, 0x64, 0x01,
 0x12, 0x69, 0x73, 0x50, 0x72, 0x6f, 0x6d, 0x69,
 0x73, 0x65, 0x01, 0x18, 0x70, 0x72, 0x69, 0x6e,
 0x74, 0x50, 0x72, 0x6f, 0x6d, 0x69, 0x73, 0x65,
 0x01, 0x16, 0x70, 0x72, 0x69, 0x6e, 0x74, 0x53,
 0x74, 0x61, 0x74, 0x75, 0x73, 0x01, 0x08, 0x6e,
 0x6f, 0x6e, 0x65, 0x01, 0x02, 0x5f, 0x01, 0x06,
 0x66, 0x6d, 0x74, 0x01, 0x04, 0x69, 0x64, 0x01,
 0x0c, 0x62, 0x61, 0x6e, 0x6e, 0x65, 0x72, 0x01,
 0x08, 0x67, 0x72, 0x61, 0x79, 0x01, 0x02, 0x3c,
 0x01, 0x06, 0x72, 0x65, 0x64, 0x01, 0x02, 0x23,
 0x01, 0x08, 0x63, 0x79, 0x61, 0x6e, 0x01, 0x02,
 0x3e, 0x01, 0x1c, 0x20, 0x72, 0x65, 0x73, 0x6f,
 0x6c, 0x76, 0x65, 0x64, 0x20, 0x74, 0x6f, 0x3a,
 0x0a, 0x01, 0x02, 0x21, 0x01, 0x16, 0x20, 0x72,
 0x65, 0x6a, 0x65, 0x63, 0x74, 0x65, 0x64, 0x20,
 0x28, 0x01, 0x26, 0x20, 0x2d, 0x3e, 0x20, 0x70,
 0x65, 0x6e, 0x64, 0x69, 0x6e, 0x67, 0x20, 0x50,
 0x72, 0x6f, 0x6d, 0x69, 0x73, 0x65, 0x01, 0x08,
 0x6c, 0x69, 0x6e, 0x65, 0x01, 0x12, 0x64, 0x69,
 0x72, 0x65, 0x63, 0x74, 0x69, 0x76, 0x65, 0x01,
 0x08, 0x68, 0x65, 0x6c, 0x70, 0x01, 0x10, 0x63,
 0x6f, 0x6d, 0x70, 0x6c, 0x65, 0x74, 0x65, 0x01,
 0x06, 0x6f, 0x62, 0x6a, 0x01, 0x0c, 0x63, 0x74,
 0x78, 0x4f, 0x62, 0x6a, 0x01, 0x0a, 0x70, 0x61,
 0x72, 0x65, 0x6e, 0x01, 0x0a, 0x70, 0x72, 0x6f,
 0x70, 0x73, 0x01, 0x08, 0x70, 0x72, 0x6f, 0x70,
 0x01, 0x0c, 0x73, 0x79, 0x6d, 0x63, 0x6d, 0x70,
 0x01, 0x02, 0x62, 0x01, 0x14, 0x73, 0x74, 0x61,
 0x72, 0x74, 0x73, 0x57, 0x69, 0x74, 0x68, 0x01,
 0x18, 0x67, 0x65, 0x74, 0x44, 0x69, 0x72, 0x65,
 0x63, 0x74, 0x69, 0x76, 0x65, 0x01, 0x0a, 0x73,
 0x6c, 0x69, 0x63, 0x65, 0x01, 0x1c, 0x67, 0x65,
 0x74, 0x43, 0x6f, 0x6e, 0x74, 0x65, 0x78, 0x74,
 0x57, 0x6f, 0x72, 0x64, 0x01, 0x20, 0x67, 0x65,
 0x74, 0x43, 0x6f, 0x6e, 0x74, 0x65, 0x78, 0x74,
 0x4f, 0x62, 0x6a, 0x65, 0x63, 0x74, 0x01, 0x26,
 0x67, 0x65, 0x74, 0x4f, 0x77, 0x6e, 0x50, 0x72,
 0x6f, 0x70, 0x65, 0x72, 0x74, 0x79, 0x4e, 0x61,
 0x6d, 0x65, 0x73, 0x01, 0x08, 0x62, 0x61, 0x73,
 0x65, 0x01, 0x2a, 0x20, 0x7e, 0x21, 0x25, 0x5e,
 0x26, 0x2a, 0x28, 0x2d, 0x2b, 0x3d, 0x7b, 0x5b,
 0x7c, 0x3a, 0x3b, 0x2c, 0x3c, 0x3e, 0x3f, 0x2f,
 0x01, 0x10, 0x69, 0x6e, 0x63, 0x6c, 0x75, 0x64,
 0x65, 0x73, 0x01, 0x0a, 0x69, 0x73, 0x4e, 0x61,
 0x4e, 0x01, 0x08, 0x75, 0x74, 0x66, 0x38, 0x01,
 0x14, 0x68, 0x61, 0x6e, 0x64, 0x6c, 0x65, 0x43,
 0x68, 0x61, 0x72, 0x01, 0x04, 0x63, 0x31, 0x01,
 0x1a, 0x66, 0x72, 0x6f, 0x6d, 0x43, 0x6f, 0x64,
 0x65, 0x50, 0x6f, 0x69, 0x6e, 0x74, 0x01, 0x12,
 0x68, 0x61, 0x6e, 0x64, 0x6c, 0x65, 0x4b, 0x65,
 0x79, 0x01, 0x02, 0x4f, 0x01, 0x02, 0x3b, 0x01,
 0x02, 0x4d, 0x01, 0x16, 0x68, 0x61, 0x6e, 0x64,
 0x6c, 0x65, 0x4d, 0x6f, 0x75, 0x73, 0x65, 0x01,
 0x0c, 0x62, 0x75, 0x74, 0x74, 0x6f, 0x6e, 0x01,
 0x02, 0x78, 0x01, 0x02, 0x79, 0x01, 0x0a, 0x70,
 0x72, 0x65, 0x73, 0x73, 0x01, 0x0a, 0x64, 0x65,
 0x62, 0x75, 0x67, 0x01, 0x10, 0x6d, 0x61, 0x74,
 0x63, 0x68, 0x41, 0x6c, 0x6c, 0x01, 0x06, 0x6d,
 0x61, 0x70, 0x01, 0x08, 0x65, 0x78, 0x70, 0x72,
 0x01, 0x14, 0x63, 0x6f, 0x6c, 0x6f, 0x72, 0x73,
 0x74, 0x61, 0x74, 0x65, 0x01, 0x22, 0x65, 0x76,
 0x61, 0x6c, 0x41, 0x6e, 0x64, 0x50, 0x72, 0x69,
 0x6e, 0x74, 0x53, 0x74, 0x61, 0x72, 0x74, 0x01,
 0x08, 0x74, 0x65, 0x73, 0x74, 0x01, 0x02, 0x3f,
 0x01, 0x20, 0x65, 0x78, 0x74, 0x72, 0x61, 0x63,
 0x74, 0x44, 0x69, 0x72, 0x65, 0x63, 0x74, 0x69,
 0x76, 0x65, 0x01, 0x1e, 0x68, 0x61, 0x6e, 0x64,
 0x6c, 0x65, 0x44, 0x69, 0x72, 0x65, 0x63, 0x74,
 0x69, 0x76, 0x65, 0x01, 0x0a, 0x6d, 0x65, 0x78,
 0x70, 0x72, 0x01, 0x14, 0x63, 0x6f, 0x6c, 0x6f,
 0x72, 0x69, 0x7a, 0x65, 0x4a, 0x73, 0x01, 0x0c,
 0x70, 0x73, 0x74, 0x61, 0x74, 0x65, 0x01, 0x16,
 0x42, 0x69, 0x67, 0x46, 0x6c, 0x6f, 0x61, 0x74,
 0x45, 0x6e, 0x76, 0x01, 0x0e, 0x73, 0x65, 0x74,
 0x50, 0x72, 0x65, 0x63, 0x01, 0x16, 0x68, 0x61,
 0x6e, 0x64, 0x6c, 0x65, 0x49, 0x6e, 0x70, 0x75,
 0x74, 0x01, 0x10, 0x69, 0x73, 0x5f, 0x61, 0x73,
 0x79, 0x6e, 0x63, 0x01, 0x1e, 0x70, 0x72, 0x69,
 0x6e, 0x74, 0x45, 0x76, 0x61, 0x6c, 0x52, 0x65,
 0x73, 0x75, 0x6c, 0x74, 0x01, 0x06, 0x65, 0x72,
 0x72, 0x01, 0x1c, 0x70, 0x72, 0x69, 0x6e, 0x74,
 0x45, 0x76, 0x61, 0x6c, 0x45, 0x72, 0x72, 0x6f,
 0x72, 0x01, 0x14, 0x68, 0x69, 0x73, 0x74, 0x6f,
 0x72, 0x79, 0x41, 0x64, 0x64, 0x01, 0x26, 0x22,
 0x75, 0x73, 0x65, 0x20, 0x6d, 0x61, 0x74, 0x68,
 0x22, 0x3b, 0x20, 0x76, 0x6f, 0x69, 0x64, 0x20,
 0x30, 0x3b, 0x01, 0x06, 0x6e, 0x6f, 0x77, 0x01,
 0x1a, 0x65, 0x76, 0x61, 0x6c, 0x53, 0x74, 0x61,
 0x72, 0x74, 0x54, 0x69, 0x6d, 0x65, 0x01, 0x0e,
 0x65, 0x76, 0x61, 0x6c, 0x42, 0x75, 0x66, 0x01,
 0x22, 0x62, 0x61, 0x63, 0x6b, 0x74, 0x72, 0x61,
 0x63, 0x65, 0x5f, 0x62, 0x61, 0x72, 0x72, 0x69,
 0x65, 0x72, 0x01, 0x10, 0x65, 0x76, 0x61, 0x6c,
 0x54, 0x69, 0x6d, 0x65, 0x01, 0x0a, 0x70, 0x72,
 0x69, 0x6e, 0x74, 0x01, 0x18, 0x68, 0x61, 0x6e,
 0x64, 0x6c, 0x65, 0x43, 0x6d, 0x64, 0x45, 0x6e,
 0x64, 0x01, 0x10, 0x65, 0x72, 0x72, 0x6f, 0x72,
 0x4d, 0x73, 0x67, 0x01, 0x0e, 0x54, 0x68, 0x72,
 0x6f, 0x77, 0x3a, 0x20, 0x01, 0x0a, 0x70, 0x61,
 0x72, 0x61, 0x6d, 0x01, 0x0a, 0x70, 0x72, 0x65,
 0x63, 0x31, 0x01, 0x10, 0x65, 0x78, 0x70, 0x42,
 0x69, 0x74, 0x73, 0x31, 0x01, 0x10, 0x70, 0x61,
 0x72, 0x61, 0x6d, 0x53, 0x74, 0x72, 0x01, 0x04,
 0x72, 0x65, 0x01, 0x0c, 0x70, 0x61, 0x72, 0x61,
 0x6d, 0x73, 0x01, 0x0a, 0x6d, 0x61, 0x74, 0x63,
 0x68, 0x01, 0x02, 0x64, 0x01, 0x18, 0x68, 0x61,
 0x73, 0x44, 0x69, 0x72, 0x65, 0x63, 0x74, 0x69,
 0x76, 0x65, 0x01, 0x08, 0x74, 0x72, 0x69, 0x6d,
 0x01, 0x02, 0x68, 0x01, 0x08, 0x6c, 0x6f, 0x61,
 0x64, 0x01, 0x16, 0x6c, 0x61, 0x73, 0x74, 0x49,
 0x6e, 0x64, 0x65, 0x78, 0x4f, 0x66, 0x01, 0x06,
 0x2e, 0x6a, 0x73, 0x01, 0x10, 0x73, 0x68, 0x6f,
 0x77, 0x54, 0x69, 0x6d, 0x65, 0x01, 0x26, 0x42,
 0x69, 0x67, 0x46, 0x6c, 0x6f, 0x61, 0x74, 0x20,
 0x70, 0x72, 0x65, 0x63, 0x69, 0x73, 0x69, 0x6f,
 0x6e, 0x3d, 0x01, 0x10, 0x20, 0x62, 0x69, 0x74,
 0x73, 0x20, 0x28, 0x7e, 0x01, 0x30, 0x20, 0x64,
 0x69, 0x67, 0x69, 0x74, 0x73, 0x29, 0x2c, 0x20,
 0x65, 0x78, 0x70, 0x6f, 0x6e, 0x65, 0x6e, 0x74,
 0x20, 0x73, 0x69, 0x7a, 0x65, 0x3d, 0x01, 0x0c,
 0x20, 0x62, 0x69, 0x74, 0x73, 0x0a, 0x01, 0x06,
 0x66, 0x31, 0x36, 0x01, 0x06, 0x66, 0x33, 0x32,
 0x01, 0x06, 0x66, 0x36, 0x34, 0x01, 0x08, 0x66,
 0x31, 0x32, 0x38, 0x01, 0x10, 0x70, 0x61, 0x72,
 0x73, 0x65, 0x49, 0x6e, 0x74, 0x01, 0x14, 0x65,
 0x78, 0x70, 0x42, 0x69, 0x74, 0x73, 0x4d, 0x61,
 0x78, 0x01, 0x0e, 0x70, 0x72, 0x65, 0x63, 0x4d,
 0x69, 0x6e, 0x01, 0x0e, 0x70, 0x72, 0x65, 0x63,
 0x4d, 0x61, 0x78, 0x01, 0x24, 0x49, 0x6e, 0x76,
 0x61, 0x6c, 0x69, 0x64, 0x20, 0x70, 0x72, 0x65,
 0x63, 0x69, 0x73, 0x69, 0x6f, 0x6e, 0x0a, 0x01,
 0x14, 0x65, 0x78, 0x70, 0x42, 0x69, 0x74, 0x73,
 0x4d, 0x69, 0x6e, 0x01, 0x2c, 0x49, 0x6e, 0x76,
 0x61, 0x6c, 0x69, 0x64, 0x20, 0x65, 0x78, 0x70,
 0x6f, 0x6e, 0x65, 0x6e, 0x74, 0x20, 0x62, 0x69,
 0x74, 0x73, 0x0a, 0x01, 0x0c, 0x64, 0x69, 0x67,
 0x69, 0x74, 0x73, 0x01, 0x14, 0x70, 0x61, 0x72,
 0x73, 0x65, 0x46, 0x6c, 0x6f, 0x61, 0x74, 0x01,
 0x08, 0x6d, 0x6f, 0x64, 0x65, 0x01, 0x1a, 0x52,
 0x75, 0x6e, 0x6e, 0x69, 0x6e, 0x67, 0x20, 0x6d,
 0x6f, 0x64, 0x65, 0x3d, 0x01, 0x1a, 0x49, 0x6e,
 0x76, 0x61, 0x6c, 0x69, 0x64, 0x20, 0x6d, 0x6f,
 0x64, 0x65, 0x0a, 0x01, 0x0a, 0x63, 0x6c, 0x65,
 0x61, 0x72, 0x01, 0x02, 0x71, 0x01, 0x26, 0x55,
 0x6e, 0x6b, 0x6e, 0x6f, 0x77, 0x6e, 0x20, 0x64,
 0x69, 0x72, 0x65, 0x63, 0x74, 0x69, 0x76, 0x65,
 0x3a, 0x20, 0x01, 0x06, 0x66, 0x75, 0x6e, 0x01,
 0x0e, 0x68, 0x69, 0x73, 0x74, 0x63, 0x6d, 0x64,
 0x01, 0x12, 0x71, 0x75, 0x6f, 0x74, 0x65, 0x46,
 0x6c, 0x61, 0x67, 0x01, 0x0e, 0x74, 0x68, 0x69,
 0x73, 0x46, 0x75, 0x6e, 0x01, 0x20, 0x72, 0x65,
 0x61, 0x64, 0x6c, 0x69, 0x6e, 0x65, 0x43, 0x61,
 0x6c, 0x6c, 0x62, 0x61, 0x63, 0x6b, 0x01, 0x0e,
 0x68, 0x69, 0x73, 0x74, 0x6f, 0x72, 0x79, 0x01,
 0x16, 0x73, 0x65, 0x61, 0x72, 0x63, 0x68, 0x49,
 0x6e, 0x64, 0x65, 0x78, 0x01, 0x0c, 0x75, 0x70,
 0x64, 0x61, 0x74, 0x65, 0x01, 0x0a, 0x61, 0x6c,
 0x65, 0x72, 0x74, 0x01, 0x02, 0x6f, 0x01, 0x06,
 0x73, 0x65, 0x6c, 0x01, 0x0e, 0x70, 0x75, 0x74,
 0x6c, 0x69, 0x6e, 0x65, 0x01, 0x68, 0x43, 0x6f,
 0x6d, 0x6d, 0x61, 0x6e, 0x64, 0x20, 0x6c, 0x69,
 0x6e, 0x65, 0x20, 0x64, 0x69, 0x72, 0x65, 0x63,
 0x74, 0x69, 0x76, 0x65, 0x73, 0x3a, 0x0a, 0x5c,
 0x68, 0x20, 0x20, 0x20, 0x20, 0x20, 0x20, 0x20,
 0x20, 0x20, 0x20, 0x20, 0x20, 0x20, 0x20, 0x20,
 0x74, 0x68, 0x69, 0x73, 0x20, 0x68, 0x65, 0x6c,
 0x70, 0x0a, 0x01, 0x20, 0x5c, 0x78, 0x20, 0x20,
 0x20, 0x20, 0x20, 0x20, 0x20, 0x20, 0x20, 0x20,
 0x20, 0x20, 0x20, 0x20, 0x01, 0x36, 0x68, 0x65,
 0x78, 0x61, 0x64, 0x65, 0x63, 0x69, 0x6d, 0x61,
 0x6c, 0x20, 0x6e, 0x75, 0x6d, 0x62, 0x65, 0x72,
 0x20, 0x64, 0x69, 0x73, 0x70, 0x6c, 0x61, 0x79,
 0x0a, 0x01, 0x20, 0x5c, 0x64, 0x20, 0x20, 0x20,
 0x20, 0x20, 0x20, 0x20, 0x20, 0x20, 0x20, 0x20,
 0x20, 0x20, 0x20, 0x01, 0x2e, 0x64, 0x65, 0x63,
 0x69, 0x6d, 0x61, 0x6c, 0x20, 0x6e, 0x75, 0x6d,
 0x62, 0x65, 0x72, 0x20, 0x64, 0x69, 0x73, 0x70,
 0x6c, 0x61, 0x79, 0x0a, 0x01, 0x20, 0x5c, 0x74,
 0x20, 0x20, 0x20, 0x20, 0x20, 0x20, 0x20, 0x20,
 0x20, 0x20, 0x20, 0x20, 0x20, 0x20, 0x01, 0x2c,
 0x74, 0x6f, 0x67, 0x67, 0x6c, 0x65, 0x20, 0x74,
 0x69, 0x6d, 0x69, 0x6e, 0x67, 0x20, 0x64, 0x69,
 0x73, 0x70, 0x6c, 0x61, 0x79, 0x0a, 0x01, 0x46,
 0x5c, 0x63, 0x6c, 0x65, 0x61, 0x72, 0x20, 0x20,
 0x20, 0x20, 0x20, 0x20, 0x20, 0x20, 0x20, 0x20,
 0x20, 0x63, 0x6c, 0x65, 0x61, 0x72, 0x20, 0x74,
 0x68, 0x65, 0x20, 0x74, 0x65, 0x72, 0x6d, 0x69,
 0x6e, 0x61, 0x6c, 0x01, 0x20, 0x5c, 0x61, 0x20,
 0x20, 0x20, 0x20, 0x20, 0x20, 0x20, 0x20, 0x20,
 0x20, 0x20, 0x20, 0x20, 0x20, 0x01, 0x1e, 0x61,
 0x6c, 0x67, 0x65, 0x62, 0x72, 0x61, 0x69, 0x63,
 0x20, 0x6d, 0x6f, 0x64, 0x65, 0x0a, 0x01, 0x16,
 0x5c, 0x6e, 0x20, 0x20, 0x20, 0x20, 0x20, 0x20,
 0x20, 0x20, 0x20, 0x01, 0x18, 0x6e, 0x75, 0x6d,
 0x65, 0x72, 0x69, 0x63, 0x20, 0x6d, 0x6f, 0x64,
 0x65, 0x01, 0x70, 0x5c, 0x70, 0x20, 0x5b, 0x6d,
 0x20, 0x5b, 0x65, 0x5d, 0x5d, 0x20, 0x20, 0x20,
 0x20, 0x20, 0x20, 0x20, 0x73, 0x65, 0x74, 0x20,
 0x74, 0x68, 0x65, 0x20, 0x42, 0x69, 0x67, 0x46,
 0x6c, 0x6f, 0x61, 0x74, 0x20, 0x70, 0x72, 0x65,
 0x63, 0x69, 0x73, 0x69, 0x6f, 0x6e, 0x20, 0x74,
 0x6f, 0x20, 0x27, 0x6d, 0x27, 0x20, 0x62, 0x69,
 0x74, 0x73, 0x0a, 0x01, 0x8c, 0x01, 0x5c, 0x64,
 0x69, 0x67, 0x69, 0x74, 0x73, 0x20, 0x6e, 0x20,
 0x20, 0x20, 0x20, 0x20, 0x20, 0x20, 0x20, 0x73,
 0x65, 0x74, 0x20, 0x74, 0x68, 0x65, 0x20, 0x42,
 0x69, 0x67, 0x46, 0x6c, 0x6f, 0x61, 0x74, 0x20,
 0x70, 0x72, 0x65, 0x63, 0x69, 0x73, 0x69, 0x6f,
 0x6e, 0x20, 0x74, 0x6f, 0x20, 0x27, 0x63, 0x65,
 0x69, 0x6c, 0x28, 0x6e, 0x2a, 0x6c, 0x6f, 0x67,
 0x32, 0x28, 0x31, 0x30, 0x29, 0x29, 0x27, 0x20,
 0x62, 0x69, 0x74, 0x73, 0x01, 0x68, 0x5c, 0x6d,
 0x6f, 0x64, 0x65, 0x20, 0x5b, 0x73, 0x74, 0x64,
 0x7c, 0x6d, 0x61, 0x74, 0x68, 0x5d, 0x20, 0x63,
 0x68, 0x61, 0x6e, 0x67, 0x65, 0x20, 0x74, 0x68,
 0x65, 0x20, 0x72, 0x75, 0x6e, 0x6e, 0x69, 0x6e,
 0x67, 0x20, 0x6d, 0x6f, 0x64, 0x65, 0x20, 0x28,
 0x63, 0x75, 0x72, 0x72, 0x65, 0x6e, 0x74, 0x20,
 0x3d, 0x20, 0x01, 0x2a, 0x5c, 0x71, 0x20, 0x20,
 0x20, 0x20, 0x20, 0x20, 0x20, 0x20, 0x20, 0x20,
 0x20, 0x20, 0x20, 0x20, 0x20, 0x65, 0x78, 0x69,
 0x74, 0x01, 0x0e, 0x74, 0x72, 0x69, 0x6d, 0x45,
 0x6e, 0x64, 0x01, 0x0e, 0x72, 0x65, 0x70, 0x6c,
 0x61, 0x63, 0x65, 0x01, 0x08, 0x61, 0x72, 0x67,
 0x76, 0x01, 0x04, 0x6d, 0x65, 0x01, 0x08, 0x68,
 0x6f, 0x6d, 0x65, 0x01, 0x08, 0x48, 0x4f, 0x4d,
 0x45, 0x01, 0x04, 0x2f, 0x2e, 0x01, 0x08, 0x66,
 0x69, 0x6c, 0x65, 0x01, 0x08, 0x64, 0x61, 0x74,
 0x61, 0x01, 0x08, 0x63, 0x6d, 0x64, 0x73, 0x01,
 0x16, 0x68, 0x69, 0x73, 0x74, 0x6f, 0x72, 0x79,
 0x53, 0x61, 0x76, 0x65, 0x01, 0x08, 0x6c, 0x61,
 0x73, 0x74, 0x01, 0x10, 0x65, 0x6e, 0x64, 0x73,
 0x57, 0x69, 0x74, 0x68, 0x01, 0x16, 0x68, 0x69,
 0x73, 0x74, 0x6f, 0x72, 0x79, 0x46, 0x69, 0x6c,
 0x65, 0x01, 0x22, 0x61, 0x64, 0x64, 0x43, 0x6c,
 0x65, 0x61, 0x6e, 0x75, 0x70, 0x48, 0x61, 0x6e,
 0x64, 0x6c, 0x65, 0x72, 0x01, 0x0c, 0x72, 0x65,
 0x64, 0x75, 0x63, 0x65, 0x01, 0x0c, 0x66, 0x69,
 0x6c, 0x74, 0x65, 0x72, 0x01, 0x0c, 0x73, 0x70,
 0x6c, 0x69, 0x63, 0x65, 0x01, 0x18, 0x68, 0x69,
 0x73, 0x74, 0x6f, 0x72, 0x79, 0x49, 0x6e, 0x64,
 0x65, 0x78, 0x01, 0x14, 0x6d, 0x61, 0x78, 0x45,
 0x6e, 0x74, 0x72, 0x69, 0x65, 0x73, 0x01, 0x14,
 0x72, 0x65, 0x70, 0x6c, 0x61, 0x63, 0x65, 0x41,
 0x6c, 0x6c, 0x01, 0x1c, 0x68, 0x69, 0x73, 0x74,
 0x6f, 0x72, 0x79, 0x57, 0x72, 0x69, 0x74, 0x74,
 0x65, 0x6e, 0x01, 0x0c, 0x77, 0x72, 0x6f, 0x74,
 0x65, 0x20, 0x01, 0x2a, 0x20, 0x68, 0x69, 0x73,
 0x74, 0x6f, 0x72, 0x79, 0x20, 0x65, 0x6e, 0x74,
 0x72, 0x69, 0x65, 0x73, 0x20, 0x74, 0x6f, 0x20,
 0x27, 0x01, 0x0e, 0x6d, 0x6f, 0x64, 0x75, 0x6c,
 0x65, 0x73, 0x01, 0x0c, 0x6d, 0x6f, 0x64, 0x75,
 0x6c, 0x65, 0x01, 0x28, 0x41, 0x75, 0x74, 0x6f,
 0x6c, 0x6f, 0x61, 0x64, 0x69, 0x6e, 0x67, 0x20,
 0x6d, 0x6f, 0x64, 0x75, 0x6c, 0x65, 0x3a, 0x20,
 0x01, 0x0e, 0x45, 0x52, 0x52, 0x4f, 0x52, 0x3a,
 0x20, 0x01, 0x02, 0x66, 0x01, 0x1a, 0x6d, 0x6f,
 0x64, 0x75, 0x6c, 0x65, 0x73, 0x53, 0x61, 0x76,
 0x65, 0x3a, 0x20, 0x01, 0x04, 0x77, 0x2b, 0x01,
 0x0a, 0x63, 0x6c, 0x6f, 0x73, 0x65, 0x01, 0x1a,
 0x68, 0x69, 0x73, 0x74, 0x6f, 0x72, 0x79, 0x53,
 0x65, 0x61, 0x72, 0x63, 0x68, 0x01, 0x0a, 0x64,
 0x65, 0x6c, 0x74, 0x61, 0x01, 0x06, 0x6d, 0x69,
 0x6e, 0x01, 0x10, 0x70, 0x72, 0x69, 0x6e, 0x74,
 0x52, 0x65, 0x63, 0x01, 0x06, 0x6b, 0x65, 0x79,
 0x01, 0x14, 0x5b, 0x63, 0x69, 0x72, 0x63, 0x75,
 0x6c, 0x61, 0x72, 0x5d, 0x01, 0x10, 0x46, 0x72,
 0x61, 0x63, 0x74, 0x69, 0x6f, 0x6e, 0x01, 0x0e,
 0x43, 0x6f, 0x6d, 0x70, 0x6c, 0x65, 0x78, 0x01,
 0x06, 0x4d, 0x6f, 0x64, 0x01, 0x14, 0x50, 0x6f,
 0x6c, 0x79, 0x6e, 0x6f, 0x6d, 0x69, 0x61, 0x6c,
 0x01, 0x0e, 0x50, 0x6f, 0x6c, 0x79, 0x4d, 0x6f,
 0x64, 0x01, 0x20, 0x52, 0x61, 0x74, 0x69, 0x6f,
 0x6e, 0x61, 0x6c, 0x46, 0x75, 0x6e, 0x63, 0x74,
 0x69, 0x6f, 0x6e, 0x01, 0x0c, 0x53, 0x65, 0x72,
 0x69, 0x65, 0x73, 0x01, 0x04, 0x5b, 0x20, 0x01,
 0x04, 0x2c, 0x20, 0x01, 0x0e, 0x3c, 0x65, 0x6d,
 0x70, 0x74, 0x79, 0x3e, 0x01, 0x06, 0x2e, 0x2e,
 0x2e, 0x01, 0x04, 0x20, 0x5d, 0x01, 0x14, 0x5f,
 0x5f, 0x67, 0x65, 0x74, 0x43, 0x6c, 0x61, 0x73,
 0x73, 0x01, 0x04, 0x7b, 0x20, 0x01, 0x04, 0x3a,
 0x20, 0x01, 0x04, 0x20, 0x7d, 0x01, 0x06, 0x70,
 0x6f, 0x70, 0x01, 0x0e, 0x5f, 0x5f, 0x71, 0x75,
 0x6f, 0x74, 0x65, 0x01, 0x08, 0x2e, 0x2e, 0x2e,
 0x22, 0x01, 0x1c, 0x6e, 0x75, 0x6d, 0x62, 0x65,
 0x72, 0x54, 0x6f, 0x53, 0x74, 0x72, 0x69, 0x6e,
 0x67, 0x01, 0x1c, 0x62, 0x69, 0x67, 0x69, 0x6e,
 0x74, 0x54, 0x6f, 0x53, 0x74, 0x72, 0x69, 0x6e,
 0x67, 0x01, 0x20, 0x62, 0x69, 0x67, 0x66, 0x6c,
 0x6f, 0x61, 0x74, 0x54, 0x6f, 0x53, 0x74, 0x72,
 0x69, 0x6e, 0x67, 0x01, 0x14, 0x62, 0x69, 0x67,
 0x64, 0x65, 0x63, 0x69, 0x6d, 0x61, 0x6c, 0x01,
 0x12, 0x66, 0x75, 0x6e, 0x63, 0x74, 0x69, 0x6f,
 0x6e, 0x20, 0x01, 0x04, 0x28, 0x29, 0x01, 0x08,
 0x6f, 0x70, 0x74, 0x73, 0x01, 0x0a, 0x6c, 0x69,
 0x6e, 0x65, 0x73, 0x01, 0x1e, 0x4c, 0x69, 0x6e,
 0x65, 0x73, 0x41, 0x6e, 0x64, 0x43, 0x6f, 0x6c,
 0x75, 0x6d, 0x6e, 0x73, 0x01, 0x02, 0x6b, 0x01,
 0x08, 0x72, 0x6f, 0x77, 0x73, 0x01, 0x0a, 0x64,
 0x65, 0x70, 0x74, 0x68, 0x01, 0x0c, 0x70, 0x72,
 0x6f, 0x6d, 0x70, 0x74, 0x01, 0x08, 0x69, 0x74,
 0x65, 0x6d, 0x01, 0x08, 0x73, 0x68, 0x6f, 0x77,
 0x01, 0x06, 0x61, 0x63, 0x63, 0x01, 0x16, 0x65,
 0x76, 0x61, 0x6c, 0x52, 0x75, 0x6e, 0x6e, 0x69,
 0x6e, 0x67, 0x01, 0x46, 0x72, 0x65, 0x70, 0x6c,
 0x2e, 0x70, 0x72, 0x69, 0x6e, 0x74, 0x53, 0x74,
 0x61, 0x74, 0x75, 0x73, 0x20, 0x6e, 0x6f, 0x74,
 0x20, 0x61, 0x20, 0x66, 0x75, 0x6e, 0x63, 0x74,
 0x69, 0x6f, 0x6e, 0x20, 0x66, 0x6e, 0x3d, 0x01,
 0x28, 0x72, 0x65, 0x61, 0x64, 0x6c, 0x69, 0x6e,
 0x65, 0x52, 0x65, 0x6d, 0x6f, 0x76, 0x65, 0x50,
 0x72, 0x6f, 0x6d, 0x70, 0x74, 0x01, 0x24, 0x70,
 0x72, 0x69, 0x6e, 0x74, 0x53, 0x74, 0x61, 0x74,
 0x75, 0x73, 0x20, 0x45, 0x52, 0x52, 0x4f, 0x52,
 0x3a, 0x01, 0x0a, 0x6c, 0x6f, 0x67, 0x46, 0x6e,
 0x01, 0x08, 0x61, 0x72, 0x67, 0x73, 0x01, 0x10,
 0x73, 0x65, 0x61, 0x72, 0x63, 0x68, 0x43, 0x62,
 0x01, 0x0c, 0x45, 0x52, 0x52, 0x4f, 0x52, 0x3a,
 0x01, 0x0e, 0x70, 0x61, 0x74, 0x74, 0x65, 0x72,
 0x6e, 0x01, 0x12, 0x68, 0x61, 0x6e, 0x64, 0x6c,
 0x65, 0x43, 0x6d, 0x64, 0x01, 0x0e, 0x6c, 0x61,
 0x73, 0x74, 0x43, 0x6d, 0x64, 0x01, 0x1a, 0x6c,
 0x61, 0x73, 0x74, 0x43, 0x75, 0x72, 0x73, 0x6f,
 0x72, 0x50, 0x6f, 0x73, 0x01, 0x0c, 0x64, 0x65,
 0x66, 0x73, 0x74, 0x72, 0x01, 0x04, 0x63, 0x62,
 0x01, 0x08, 0x70, 0x6c, 0x65, 0x6e, 0x01, 0x06,
 0x70, 0x73, 0x32, 0x01, 0x0e, 0x74, 0x6f, 0x46,
 0x69, 0x78, 0x65, 0x64, 0x01, 0x18, 0x69, 0x6e,
 0x70, 0x75, 0x74, 0x48, 0x61, 0x6e, 0x64, 0x6c,
 0x65, 0x72, 0x01, 0x06, 0x72, 0x75, 0x6e, 0x01,
 0x1e, 0x74, 0x65, 0x72, 0x6d, 0x52, 0x65, 0x61,
 0x64, 0x48, 0x61, 0x6e, 0x64, 0x6c, 0x65, 0x72,
 0x01, 0x14, 0x68, 0x61, 0x6e, 0x64, 0x6c, 0x65,
 0x42, 0x79, 0x74, 0x65, 0x01, 0x06, 0x61, 0x72,
 0x67, 0x01, 0x1a, 0x73, 0x69, 0x67, 0x69, 0x6e,
 0x74, 0x48, 0x61, 0x6e, 0x64, 0x6c, 0x65, 0x72,
 0x01, 0x0c, 0x66, 0x69, 0x6c, 0x65, 0x6e, 0x6f,
 0x01, 0x0c, 0x65, 0x6e, 0x61, 0x62, 0x6c, 0x65,
 0x01, 0x10, 0x54, 0x65, 0x72, 0x6d, 0x69, 0x6e,
 0x61, 0x6c, 0x01, 0x26, 0x6d, 0x6f, 0x75, 0x73,
 0x65, 0x74, 0x72, 0x61, 0x63, 0x6b, 0x69, 0x6e,
 0x67, 0x45, 0x6e, 0x61, 0x62, 0x6c, 0x65, 0x01,
 0x28, 0x6d, 0x6f, 0x75, 0x73, 0x65, 0x74, 0x72,
 0x61, 0x63, 0x6b, 0x69, 0x6e, 0x67, 0x44, 0x69,
 0x73, 0x61, 0x62, 0x6c, 0x65, 0x01, 0x1a, 0x6d,
 0x6f, 0x75, 0x73, 0x65, 0x54, 0x72, 0x61, 0x63,
 0x6b, 0x69, 0x6e, 0x67, 0x01, 0x2e, 0x4d, 0x6f,
 0x75, 0x73, 0x65, 0x20, 0x74, 0x72, 0x61, 0x63,
 0x6b, 0x69, 0x6e, 0x67, 0x20, 0x64, 0x69, 0x73,
 0x61, 0x62, 0x6c, 0x65, 0x64, 0x01, 0x0e, 0x72,
 0x65, 0x61, 0x64, 0x42, 0x75, 0x66, 0x01, 0x0c,
 0x62, 0x75, 0x66, 0x66, 0x65, 0x72, 0x01, 0x04,
 0x70, 0x31, 0x01, 0x04, 0x70, 0x32, 0x01, 0x04,
 0x70, 0x34, 0x01, 0x04, 0x70, 0x33, 0x01, 0x16,
 0x74, 0x6f, 0x55, 0x70, 0x70, 0x65, 0x72, 0x43,
 0x61, 0x73, 0x65, 0x01, 0x10, 0x63, 0x6f, 0x6c,
 0x6f, 0x72, 0x69, 0x7a, 0x65, 0x01, 0x0e, 0x63,
 0x6d, 0x64, 0x4c, 0x69, 0x6e, 0x65, 0x01, 0x06,
 0x6e, 0x75, 0x6d, 0x01, 0x0e, 0x68, 0x69, 0x73,
 0x74, 0x69, 0x64, 0x78, 0x01, 0x0e, 0x68, 0x69,
 0x73, 0x74, 0x64, 0x69, 0x72, 0x01, 0x0e, 0x68,
 0x69, 0x73, 0x74, 0x70, 0x6f, 0x73, 0x01, 0x12,
 0x6c, 0x69, 0x6e, 0x65, 0x53, 0x74, 0x61, 0x72,
 0x74, 0x01, 0x0a, 0x6e, 0x62, 0x61, 0x63, 0x6b,
 0x01, 0x14, 0x73, 0x68, 0x6f, 0x77, 0x43, 0x6f,
 0x6c, 0x6f, 0x72, 0x73, 0x01, 0x06, 0x5c, 0x24,
 0x31, 0x01, 0x1a, 0x73, 0x65, 0x61, 0x72, 0x63,
 0x68, 0x50, 0x61, 0x74, 0x74, 0x65, 0x72, 0x6e,
 0x01, 0x0e, 0x65, 0x6e, 0x74, 0x72, 0x69, 0x65,
 0x73, 0x01, 0x1a, 0x73, 0x65, 0x61, 0x72, 0x63,
 0x68, 0x4d, 0x61, 0x74, 0x63, 0x68, 0x65, 0x73,
 0x01, 0x0e, 0x66, 0x6f, 0x72, 0x77, 0x61, 0x72,
 0x64, 0x01, 0x0e, 0x72, 0x65, 0x76, 0x65, 0x72,
 0x73, 0x65, 0x01, 0x1a, 0x2d, 0x73, 0x65, 0x61,
 0x72, 0x63, 0x68, 0x53, 0x74, 0x61, 0x74, 0x65,
 0x5b, 0x01, 0x06, 0x5d, 0x29, 0x60, 0x01, 0x06,
 0x27, 0x3a, 0x20, 0x01, 0x1a, 0x75, 0x70, 0x64,
 0x61, 0x74, 0x65, 0x20, 0x6e, 0x62, 0x61, 0x63,
 0x6b, 0x3d, 0x01, 0x04, 0x20, 0x08, 0x01, 0x04,
 0x3e, 0x20, 0x01, 0x0c, 0x20, 0x20, 0x2e, 0x2e,
 0x2e, 0x20, 0x01, 0x0a, 0x44, 0x45, 0x42, 0x55,
 0x47, 0x01, 0x16, 0x6d, 0x6f, 0x64, 0x75, 0x6c,
 0x65, 0x73, 0x53, 0x61, 0x76, 0x65, 0x01, 0x02,
 0x41, 0x01, 0x02, 0x5a, 0x01, 0x02, 0x7a, 0x01,
 0x0c, 0x73, 0x74, 0x72, 0x4c, 0x65, 0x6e, 0x01,
 0x14, 0x63, 0x68, 0x61, 0x72, 0x43, 0x6f, 0x64,
 0x65, 0x41, 0x74, 0x01, 0x0a, 0x61, 0x72, 0x72,
 0x61, 0x79, 0x01, 0x16, 0x63, 0x6f, 0x64, 0x65,
 0x50, 0x6f, 0x69, 0x6e, 0x74, 0x41, 0x74, 0x01,
 0x04, 0x5b, 0x5d, 0x01, 0x04, 0x7b, 0x7d, 0x01,
 0x14, 0x73, 0x74, 0x79, 0x6c, 0x65, 0x4e, 0x61,
 0x6d, 0x65, 0x73, 0x01, 0x10, 0x6e, 0x75, 0x6d,
 0x4c, 0x69, 0x6e, 0x65, 0x73, 0x01, 0x14, 0x74,
 0x6f, 0x74, 0x61, 0x6c, 0x4c, 0x69, 0x6e, 0x65,
 0x73, 0x01, 0x08, 0x6c, 0x69, 0x73, 0x74, 0x01,
 0x0e, 0x67, 0x65, 0x74, 0x62, 0x79, 0x74, 0x65,
 0x01, 0x0e, 0x77, 0x61, 0x69, 0x74, 0x6b, 0x65,
 0x79, 0x01, 0x04, 0x75, 0x38, 0x01, 0x0e, 0x29,
 0x20, 0x6d, 0x6f, 0x72, 0x65, 0x3f, 0x01, 0x12,
 0x62, 0x72, 0x69, 0x67, 0x68, 0x74, 0x52, 0x65,
 0x64, 0x01, 0x08, 0x74, 0x65, 0x6c, 0x6c, 0x01,
 0x0c, 0x70, 0x61, 0x72, 0x65, 0x6e, 0x74, 0x01,
 0x0e, 0x6f, 0x72, 0x69, 0x67, 0x4f, 0x62, 0x6a,
 0x01, 0x0c, 0x61, 0x73, 0x73, 0x69, 0x67, 0x6e,
 0x01, 0x08, 0x64, 0x65, 0x73, 0x63, 0x01, 0x32,
 0x67, 0x65, 0x74, 0x4f, 0x77, 0x6e, 0x50, 0x72,
 0x6f, 0x70, 0x65, 0x72, 0x74, 0x79, 0x44, 0x65,
 0x73, 0x63, 0x72, 0x69, 0x70, 0x74, 0x6f, 0x72,
 0x73, 0x01, 0x14, 0x70, 0x72, 0x6f, 0x70, 0x65,
 0x72, 0x74, 0x79, 0x20, 0x27, 0x01, 0x2a, 0x27,
 0x20, 0x69, 0x73, 0x20, 0x6e, 0x6f, 0x74, 0x20,
 0x63, 0x6f, 0x6e, 0x66, 0x69, 0x67, 0x75, 0x72,
 0x61, 0x62, 0x6c, 0x65, 0x01, 0x0e, 0x74, 0x68,
 0x69, 0x73, 0x41, 0x72, 0x67, 0x01, 0x0c, 0x6d,
 0x65, 0x6d, 0x6f, 0x46, 0x6e, 0x01, 0x06, 0x72,
 0x65, 0x74, 0x01, 0x06, 0x72, 0x61, 0x6e, 0x01,
 0x14, 0x6d, 0x6f, 0x64, 0x75, 0x6c, 0x65, 0x4e,
 0x61, 0x6d, 0x65, 0x01, 0x10, 0x6d, 0x6f, 0x64,
 0x69, 0x66, 0x69, 0x65, 0x72, 0x01, 0x18, 0x0d,
 0x6c, 0x6f, 0x61, 0x64, 0x4d, 0x6f, 0x64, 0x75,
 0x6c, 0x65, 0x28, 0x01, 0x0e, 0x29, 0x20, 0x45,
 0x52, 0x52, 0x4f, 0x52, 0x01, 0x0c, 0x61, 0x63,
 0x74, 0x69, 0x6f, 0x6e, 0x01, 0x1c, 0x70, 0x72,
 0x65, 0x73, 0x65, 0x72, 0x76, 0x65, 0x43, 0x75,
 0x72, 0x73, 0x6f, 0x72, 0x01, 0x16, 0x68, 0x69,
 0x73, 0x74, 0x6f, 0x72, 0x79, 0x50, 0x61, 0x74,
 0x68, 0x01, 0x10, 0x63, 0x61, 0x6c, 0x6c, 0x62,
 0x61, 0x63, 0x6b, 0x01, 0x16, 0x68, 0x69, 0x73,
 0x74, 0x6f, 0x72, 0x79, 0x4c, 0x6f, 0x61, 0x64,
 0x01, 0x06, 0x77, 0x69, 0x6e, 0x01, 0x08, 0x1b,
 0x5b, 0x30, 0x6d, 0x01, 0x0a, 0x1b, 0x5b, 0x33,
 0x30, 0x6d, 0x01, 0x0a, 0x62, 0x6c, 0x61, 0x63,
 0x6b, 0x01, 0x0a, 0x1b, 0x5b, 0x33, 0x31, 0x6d,
 0x01, 0x0a, 0x1b, 0x5b, 0x33, 0x32, 0x6d, 0x01,
 0x0a, 0x67, 0x72, 0x65, 0x65, 0x6e, 0x01, 0x0a,
 0x1b, 0x5b, 0x33, 0x33, 0x6d, 0x01, 0x0c, 0x79,
 0x65, 0x6c, 0x6c, 0x6f, 0x77, 0x01, 0x0a, 0x1b,
 0x5b, 0x33, 0x34, 0x6d, 0x01, 0x08, 0x62, 0x6c,
 0x75, 0x65, 0x01, 0x0a, 0x1b, 0x5b, 0x33, 0x35,
 0x6d, 0x01, 0x0e, 0x6d, 0x61, 0x67, 0x65, 0x6e,
 0x74, 0x61, 0x01, 0x0a, 0x1b, 0x5b, 0x33, 0x36,
 0x6d, 0x01, 0x0a, 0x1b, 0x5b, 0x33, 0x37, 0x6d,
 0x01, 0x0a, 0x77, 0x68, 0x69, 0x74, 0x65, 0x01,
 0x0e, 0x1b, 0x5b, 0x33, 0x30, 0x3b, 0x31, 0x6d,
 0x01, 0x08, 0x67, 0x72, 0x65, 0x79, 0x01, 0x0e,
 0x1b, 0x5b, 0x33, 0x31, 0x3b, 0x31, 0x6d, 0x01,
 0x0e, 0x1b, 0x5b, 0x33, 0x32, 0x3b, 0x31, 0x6d,
 0x01, 0x16, 0x62, 0x72, 0x69, 0x67, 0x68, 0x74,
 0x47, 0x72, 0x65, 0x65, 0x6e, 0x01, 0x0e, 0x1b,
 0x5b, 0x33, 0x33, 0x3b, 0x31, 0x6d, 0x01, 0x18,
 0x62, 0x72, 0x69, 0x67, 0x68, 0x74, 0x59, 0x65,
 0x6c, 0x6c, 0x6f, 0x77, 0x01, 0x0e, 0x1b, 0x5b,
 0x33, 0x34, 0x3b, 0x31, 0x6d, 0x01, 0x14, 0x62,
 0x72, 0x69, 0x67, 0x68, 0x74, 0x42, 0x6c, 0x75,
 0x65, 0x01, 0x0e, 0x1b, 0x5b, 0x33, 0x35, 0x3b,
 0x31, 0x6d, 0x01, 0x1a, 0x62, 0x72, 0x69, 0x67,
 0x68, 0x74, 0x4d, 0x61, 0x67, 0x65, 0x6e, 0x74,
 0x61, 0x01, 0x0e, 0x1b, 0x5b, 0x33, 0x36, 0x3b,
 0x31, 0x6d, 0x01, 0x14, 0x62, 0x72, 0x69, 0x67,
 0x68, 0x74, 0x43, 0x79, 0x61, 0x6e, 0x01, 0x0e,
 0x1b, 0x5b, 0x33, 0x37, 0x3b, 0x31, 0x6d, 0x01,
 0x16, 0x62, 0x72, 0x69, 0x67, 0x68, 0x74, 0x57,
 0x68, 0x69, 0x74, 0x65, 0x01, 0x1e, 0x6c, 0x6f,
 0x61, 0x64, 0x53, 0x61, 0x76, 0x65, 0x4f, 0x70,
 0x74, 0x69, 0x6f, 0x6e, 0x73, 0x01, 0x16, 0x73,
 0x61, 0x76, 0x65, 0x4f, 0x70, 0x74, 0x69, 0x6f,
 0x6e, 0x73, 0x01, 0x16, 0x70, 0x72, 0x69, 0x6e,
 0x74, 0x52, 0x65, 0x73, 0x75, 0x6c, 0x74, 0x01,
 0x18, 0x68, 0x69, 0x73, 0x74, 0x6f, 0x72, 0x79,
 0x43, 0x6c, 0x65, 0x61, 0x72, 0x01, 0x1a, 0x70,
 0x72, 0x69, 0x6e, 0x74, 0x46, 0x75, 0x6e, 0x63,
 0x74, 0x69, 0x6f, 0x6e, 0x01, 0x24, 0x73, 0x65,
 0x74, 0x75, 0x70, 0x4d, 0x6f, 0x75, 0x73, 0x65,
 0x54, 0x72, 0x61, 0x63, 0x6b, 0x69, 0x6e, 0x67,
 0x01, 0x16, 0x74, 0x6f, 0x53, 0x74, 0x72, 0x69,
 0x6e, 0x67, 0x54, 0x61, 0x67, 0x01, 0x18, 0x65,
 0x76, 0x61, 0x6c, 0x41, 0x6e, 0x64, 0x50, 0x72,
 0x69, 0x6e, 0x74, 0x01, 0x1e, 0x69, 0x6d, 0x70,
 0x6f, 0x72, 0x74, 0x20, 0x61, 0x20, 0x6d, 0x6f,
 0x64, 0x75, 0x6c, 0x65, 0x01, 0x1a, 0x64, 0x65,
 0x66, 0x69, 0x6e, 0x65, 0x43, 0x6f, 0x6d, 0x6d,
 0x61, 0x6e, 0x64, 0x01, 0x1a, 0x64, 0x69, 0x73,
 0x70, 0x6c, 0x61, 0x79, 0x50, 0x72, 0x6f, 0x6d,
 0x70, 0x74, 0x01, 0x28, 0x63, 0x6c, 0x65, 0x61,
 0x72, 0x42, 0x75, 0x66, 0x66, 0x65, 0x72, 0x65,
 0x64, 0x43, 0x6f, 0x6d, 0x6d, 0x61, 0x6e, 0x64,
 0x01, 0x18, 0x73, 0x65, 0x74, 0x75, 0x70, 0x48,
 0x69, 0x73, 0x74, 0x6f, 0x72, 0x79, 0x0d, 0xca,
 0x03, 0x07, 0xcc, 0x03, 0xce, 0x03, 0xd0, 0x03,
 0xd2, 0x03, 0xd4, 0x03, 0xd6, 0x03, 0xd8, 0x03,
 0x03, 0x00, 0x37, 0xda, 0x03, 0x00, 0x47, 0xdc,
 0x03, 0x00, 0x48, 0xde, 0x03, 0x00, 0x20, 0x00,
 0xe0, 0x03, 0x00, 0x01, 0xe2, 0x03, 0x00, 0x02,
 0xe4, 0x03, 0x00, 0x03, 0xe6, 0x03, 0x00, 0x04,
 0xe8, 0x03, 0x00, 0x05, 0xea, 0x03, 0x00, 0x06,
 0xec, 0x03, 0x00, 0x07, 0xee, 0x03, 0x01, 0x08,
 0xf0, 0x03, 0x01, 0x09, 0xf2, 0x03, 0x01, 0x0a,
 0xf4, 0x03, 0x02, 0x0b, 0xf6, 0x03, 0x02, 0x0c,
 0xf8, 0x03, 0x02, 0x0d, 0xfa, 0x03, 0x02, 0x0e,
 0xfc, 0x03, 0x02, 0x0f, 0xfe, 0x03, 0x02, 0x10,
 0x80, 0x04, 0x02, 0x11, 0x82, 0x04, 0x02, 0x12,
 0x84, 0x04, 0x02, 0x13, 0x86, 0x04, 0x02, 0x14,
 0x2c, 0x03, 0x15, 0x88, 0x04, 0x04, 0x16, 0x2c,
 0x05, 0x17, 0x8a, 0x04, 0x06, 0x18, 0x8c, 0x04,
 0x06, 0x19, 0x1a, 0x06, 0x1a, 0x8e, 0x04, 0x06,
 0x1b, 0x90, 0x04, 0x06, 0x1c, 0x92, 0x04, 0x06,
 0x1d, 0x94, 0x04, 0x06, 0x1e, 0x96, 0x04, 0x06,
 0x1f, 0x98, 0x04, 0x06, 0x00, 0x0c, 0x20, 0x0a,
 0x01, 0xa2, 0x01, 0x00, 0x07, 0x00, 0x07, 0x06,
 0x49, 0x7d, 0xd3, 0x0c, 0x07, 0xda, 0x03, 0x02,
 0x00, 0x70, 0x02, 0xee, 0x01, 0x03, 0x01, 0x70,
 0x01, 0xde, 0x03, 0x04, 0x00, 0x30, 0x9a, 0x04,
 0x05, 0x03, 0x75, 0x03, 0x9c, 0x04, 0x05, 0x04,
 0x75, 0x04, 0xee, 0x01, 0x05, 0x05, 0x70, 0x05,
 0x10, 0x00, 0x01, 0x40, 0x00, 0xe0, 0x03, 0x00,
 0x1f, 0xe2, 0x03, 0x01, 0x1f, 0xe4, 0x03, 0x02,
 0x1f, 0xe6, 0x03, 0x03, 0x1f, 0xe8, 0x03, 0x04,
 0x1f, 0xea, 0x03, 0x05, 0x1f, 0xec, 0x03, 0x06,
 0x1f, 0xee, 0x03, 0x07, 0x1f, 0xf0, 0x03, 0x08,
 0x1f, 0xf2, 0x03, 0x09, 0x1f, 0xf4, 0x03, 0x0a,
 0x1f, 0xf6, 0x03, 0x0b, 0x1f, 0xf8, 0x03, 0x0c,
 0x1f, 0xfa, 0x03, 0x0d, 0x1f, 0xfc, 0x03, 0x0e,
 0x1f, 0xfe, 0x03, 0x0f, 0x1f, 0x80, 0x04, 0x10,
 0x1f, 0x82, 0x04, 0x11, 0x1f, 0x84, 0x04, 0x12,
 0x1f, 0x86, 0x04, 0x13, 0x1f, 0xd2, 0x03, 0x14,
 0x1f, 0x88, 0x04, 0x15, 0x1f, 0xd6, 0x03, 0x16,
 0x1f, 0x8a, 0x04, 0x17, 0x1f, 0x8c, 0x04, 0x18,
 0x1f, 0x9e, 0x04, 0x19, 0x1f, 0x8e, 0x04, 0x1a,
 0x1f, 0x90, 0x04, 0x1b, 0x1f, 0xa0, 0x04, 0x1c,
 0x1f, 0xa2, 0x04, 0x1d, 0x1f, 0x96, 0x04, 0x1e,
 0x1f, 0x98, 0x04, 0x1f, 0x1f, 0xa4, 0x04, 0x00,
 0x1e, 0xa6, 0x04, 0x01, 0x06, 0xa8, 0x04, 0x02,
 0x06, 0xaa, 0x04, 0x03, 0x06, 0xac, 0x04, 0x04,
 0x06, 0xae, 0x04, 0x05, 0x06, 0xb0, 0x04, 0x06,
 0x1e, 0xb2, 0x04, 0x07, 0x06, 0xb4, 0x04, 0x08,
 0x06, 0xb6, 0x04, 0x09, 0x06, 0xb8, 0x04, 0x0a,
 0x06, 0xba, 0x04, 0x0b, 0x06, 0xbc, 0x04, 0x0c,
 0x06, 0xbe, 0x04, 0x0d, 0x06, 0xc0, 0x04, 0x0e,
 0x06, 0xc2, 0x04, 0x0f, 0x06, 0xc4, 0x04, 0x10,
 0x06, 0xc6, 0x04, 0x11, 0x06, 0xc8, 0x04, 0x12,
 0x06, 0xca, 0x04, 0x13, 0x06, 0xcc, 0x04, 0x14,
 0x06, 0xce, 0x04, 0x15, 0x06, 0xd0, 0x04, 0x16,
 0x06, 0xda, 0x03, 0x17, 0x16, 0xd2, 0x04, 0x18,
 0x06, 0xd4, 0x04, 0x19, 0x06, 0xd6, 0x04, 0x1a,
 0x06, 0xd8, 0x04, 0x1b, 0x06, 0xda, 0x04, 0x1c,
 0x06, 0xdc, 0x04, 0x1d, 0x06, 0xde, 0x04, 0x1e,
 0x06, 0xe0, 0x04, 0x1f, 0x06, 0xe2, 0x04, 0x20,
 0x06, 0xe4, 0x04, 0x21, 0x06, 0xe6, 0x04, 0x22,
 0x06, 0xe8, 0x04, 0x23, 0x06, 0xea, 0x04, 0x24,
 0x06, 0xf8, 0x03, 0x25, 0x06, 0xec, 0x04, 0x26,
 0x06, 0xdc, 0x03, 0x27, 0x06, 0xde, 0x03, 0x28,
 0x16, 0x0c, 0x02, 0x0a, 0x01, 0x00, 0x01, 0x00,
 0x01, 0x03, 0x00, 0x01, 0x00, 0x08, 0x01, 0xee,
 0x04, 0x00, 0x01, 0x00, 0xfc, 0x03, 0x0e, 0x1a,
 0x64, 0x00, 0x00, 0xb5, 0xb3, 0x23, 0x02, 0x00,
 0xca, 0x03, 0x65, 0x05, 0x02, 0x11, 0x0a, 0x16,
 0x6e, 0x20, 0x3d, 0x3e, 0x20, 0x6d, 0x6f, 0x76,
 0x65, 0x43, 0x75, 0x72, 0x73, 0x6f, 0x72, 0x28,
 0x31, 0x2c, 0x20, 0x2d, 0x31, 0x29, 0x0c, 0x02,
 0x0a, 0x01, 0x00, 0x01, 0x01, 0x01, 0x05, 0x00,
 0x02, 0x00, 0x40, 0x02, 0xee, 0x04, 0x00, 0x01,
 0x00, 0x94, 0x04, 0x01, 0x00, 0x30, 0x10, 0x06,
 0x00, 0xa2, 0x04, 0x1d, 0x1a, 0x60, 0x00, 0x00,
 0xdd, 0x11, 0xaf, 0xea, 0x05, 0x0e, 0x06, 0xec,
 0x06, 0x40, 0x0a, 0x01, 0x00, 0x00, 0x11, 0xaf,
 0xea, 0x05, 0x0e, 0x64, 0x01, 0x00, 0xc9, 0x61,
 0x00, 0x00, 0x41, 0x0b, 0x01, 0x00, 0x00, 0x04,
 0x38, 0x01, 0x00, 0x00, 0x41, 0x39, 0x01, 0x00,
 0x00, 0xd1, 0x24, 0x01, 0x00, 0x24, 0x01, 0x00,
 0x0e, 0x61, 0x00, 0x00, 0x41, 0x3a, 0x01, 0x00,
 0x00, 0x24, 0x00, 0x00, 0x29, 0xca, 0x03, 0x66,
 0x05, 0x0a, 0x86, 0x04, 0x2a, 0x08, 0x34, 0x26,
 0x2b, 0x2d, 0x2a, 0x08, 0x68, 0x6e, 0x20, 0x3d,
 0x3e, 0x20, 0x7b, 0x0a, 0x20, 0x20, 0x20, 0x20,
 0x20, 0x20, 0x63, 0x6f, 0x6e, 0x73, 0x74, 0x20,
 0x6f, 0x75, 0x74, 0x20, 0x3d, 0x20, 0x74, 0x68,
 0x69, 0x73, 0x3f, 0x2e, 0x6f, 0x75, 0x74, 0x20,
 0x3f, 0x3f, 0x20, 0x73, 0x74, 0x64, 0x6f, 0x75,
 0x74, 0x3b, 0x0a, 0x20, 0x20, 0x20, 0x20, 0x20,
 0x20, 0x6f, 0x75, 0x74, 0x2e, 0x70, 0x75, 0x74,
 0x73, 0x28, 0x27, 0x5c, 0x78, 0x30, 0x38, 0x27,
 0x2e, 0x72, 0x65, 0x70, 0x65, 0x61, 0x74, 0x28,
 0x6e, 0x29, 0x29, 0x3b, 0x0a, 0x20, 0x20, 0x20,
 0x20, 0x20, 0x20, 0x6f, 0x75, 0x74, 0x2e, 0x66,
 0x6c, 0x75, 0x73, 0x68, 0x28, 0x29, 0x3b, 0x0a,
 0x20, 0x20, 0x20, 0x20, 0x7d, 0x0c, 0x02, 0x0a,
 0x01, 0x00, 0x01, 0x00, 0x01, 0x02, 0x00, 0x01,
 0x00, 0x07, 0x01, 0xf6, 0x04, 0x00, 0x01, 0x00,
 0x82, 0x04, 0x11, 0x1a, 0x64, 0x00, 0x00, 0xd1,
 0x23, 0x01, 0x00, 0xca, 0x03, 0x8d, 0x01, 0x13,
 0x02, 0x11, 0x20, 0x13, 0x66, 0x64, 0x20, 0x3d,
 0x3e, 0x20, 0x74, 0x74, 0x79, 0x53, 0x65, 0x74,
 0x52, 0x61, 0x77, 0x28, 0x66, 0x64, 0x29, 0x0c,
 0x02, 0x0a, 0x01, 0x00, 0x00, 0x00, 0x00, 0x02,
 0x00, 0x01, 0x00, 0x0b, 0x00, 0x96, 0x04, 0x1e,
 0x1a, 0x64, 0x00, 0x00, 0x04, 0x3c, 0x01, 0x00,
 0x00, 0x23, 0x01, 0x00, 0xca, 0x03, 0x8e, 0x01,
 0x11, 0x02, 0x11, 0x16, 0x2d, 0x28, 0x29, 0x20,
 0x3d, 0x3e, 0x20, 0x70, 0x75, 0x74, 0x73, 0x28,
 0x27, 0x51, 0x75, 0x69, 0x63, 0x6b, 0x4a, 0x53,
 0x20, 0x2d, 0x20, 0x54, 0x79, 0x70, 0x65, 0x20,
 0x22, 0x5c, 0x5c, 0x68, 0x22, 0x20, 0x66, 0x6f,
 0x72, 0x20, 0x68, 0x65, 0x6c, 0x70, 0x5c, 0x6e,
 0x27, 0x29, 0x0c, 0x40, 0x0b, 0x01, 0x00, 0x02,
 0x04, 0x01, 0x04, 0x01, 0x04, 0x01, 0xe5, 0x05,
 0x06, 0x6e, 0x00, 0x01, 0x00, 0xfa, 0x04, 0x00,
 0x01, 0x00, 0x6e, 0x01, 0xff, 0xff, 0xff, 0xff,
 0x0f, 0x20, 0xfa, 0x04, 0x01, 0x01, 0x20, 0xfc,
 0x04, 0x02, 0x00, 0x20, 0x10, 0x00, 0x01, 0x40,
 0x00, 0xee, 0x01, 0x01, 0x18, 0xe8, 0x03, 0x04,
 0x1a, 0xea, 0x03, 0x05, 0x1a, 0xdc, 0x03, 0x47,
 0x02, 0x0c, 0x42, 0x0b, 0x01, 0x00, 0x00, 0x00,
 0x00, 0x03, 0x00, 0x01, 0x00, 0x0a, 0x00, 0x10,
 0x03, 0x00, 0xdd, 0x41, 0x3f, 0x01, 0x00, 0x00,
 0xb4, 0x25, 0x01, 0x00, 0xca, 0x03, 0xfd, 0x01,
 0x15, 0x02, 0x20, 0x16, 0x12, 0x28, 0x29, 0x20,
 0x3d, 0x3e, 0x20, 0x74, 0x68, 0x69, 0x73, 0x2e,
 0x65, 0x78, 0x69, 0x74, 0x28, 0x30, 0x29, 0x08,
 0xcc, 0x2b, 0x64, 0x00, 0x00, 0x11, 0xea, 0x06,
 0xc8, 0x1b, 0x24, 0x00, 0x00, 0x0e, 0x60, 0x01,
 0x00, 0x60, 0x00, 0x00, 0xd1, 0xc9, 0xd2, 0x11,
 0xf2, 0xea, 0x04, 0x0e, 0x0a, 0xda, 0xca, 0x60,
 0x02, 0x00, 0x0b, 0xc8, 0x40, 0x40, 0x01, 0x00,
 0x00, 0x4b, 0x41, 0x01, 0x00, 0x00, 0xc8, 0x40,
 0x42, 0x01, 0x00, 0x00, 0x4b, 0x43, 0x01, 0x00,
 0x00, 0xc8, 0x40, 0x44, 0x01, 0x00, 0x00, 0x4b,
 0x45, 0x01, 0x00, 0x00, 0xc8, 0x40, 0x46, 0x01,
 0x00, 0x00, 0x4b, 0x47, 0x01, 0x00, 0x00, 0xc8,
 0x40, 0x48, 0x01, 0x00, 0x00, 0x4b, 0x49, 0x01,
 0x00, 0x00, 0xc8, 0x40, 0x4a, 0x01, 0x00, 0x00,
 0x4b, 0x4b, 0x01, 0x00, 0x00, 0xc8, 0x40, 0x4c,
 0x01, 0x00, 0x00, 0x4b, 0x4d, 0x01, 0x00, 0x00,
 0xc8, 0x40, 0x4e, 0x01, 0x00, 0x00, 0x4b, 0x38,
 0x01, 0x00, 0x00, 0xc8, 0x40, 0x4f, 0x01, 0x00,
 0x00, 0x4b, 0x50, 0x01, 0x00, 0x00, 0xc8, 0x40,
 0x51, 0x01, 0x00, 0x00, 0x4b, 0x52, 0x01, 0x00,
 0x00, 0xc8, 0x40, 0x53, 0x01, 0x00, 0x00, 0x4b,
 0x54, 0x01, 0x00, 0x00, 0xc8, 0x40, 0x51, 0x01,
 0x00, 0x00, 0x4b, 0x55, 0x01, 0x00, 0x00, 0xc8,
 0x40, 0x56, 0x01, 0x00, 0x00, 0x4b, 0x57, 0x01,
 0x00, 0x00, 0xc8, 0x40, 0x58, 0x01, 0x00, 0x00,
 0x4b, 0x59, 0x01, 0x00, 0x00, 0xc8, 0x40, 0x5a,
 0x01, 0x00, 0x00, 0x4b, 0x5b, 0x01, 0x00, 0x00,
 0xc8, 0x40, 0x5c, 0x01, 0x00, 0x00, 0x4b, 0x5d,
 0x01, 0x00, 0x00, 0xc8, 0x40, 0x5e, 0x01, 0x00,
 0x00, 0x4b, 0x5f, 0x01, 0x00, 0x00, 0xc8, 0x40,
 0x60, 0x01, 0x00, 0x00, 0x4b, 0x61, 0x01, 0x00,
 0x00, 0xc8, 0x40, 0x62, 0x01, 0x00, 0x00, 0x4b,
 0x63, 0x01, 0x00, 0x00, 0xc8, 0x40, 0x64, 0x01,
 0x00, 0x00, 0x4b, 0x65, 0x01, 0x00, 0x00, 0xc8,
 0x40, 0x66, 0x01, 0x00, 0x00, 0x4b, 0x67, 0x01,
 0x00, 0x00, 0xc8, 0x40, 0x68, 0x01, 0x00, 0x00,
 0x4b, 0x69, 0x01, 0x00, 0x00, 0xc8, 0x40, 0x6a,
 0x01, 0x00, 0x00, 0x4b, 0x6b, 0x01, 0x00, 0x00,
 0xc8, 0x40, 0x5a, 0x01, 0x00, 0x00, 0x4b, 0x6c,
 0x01, 0x00, 0x00, 0xc8, 0x40, 0x56, 0x01, 0x00,
 0x00, 0x4b, 0x6d, 0x01, 0x00, 0x00, 0xc8, 0x40,
 0x4a, 0x01, 0x00, 0x00, 0x4b, 0x6e, 0x01, 0x00,
 0x00, 0xc8, 0x40, 0x42, 0x01, 0x00, 0x00, 0x4b,
 0x6f, 0x01, 0x00, 0x00, 0xc8, 0x40, 0x70, 0x01,
 0x00, 0x00, 0x4b, 0x71, 0x01, 0x00, 0x00, 0xc8,
 0x40, 0x72, 0x01, 0x00, 0x00, 0x4b, 0x73, 0x01,
 0x00, 0x00, 0xc8, 0x40, 0x70, 0x01, 0x00, 0x00,
 0x4b, 0x74, 0x01, 0x00, 0x00, 0xc8, 0x40, 0x72,
 0x01, 0x00, 0x00, 0x4b, 0x75, 0x01, 0x00, 0x00,
 0xc8, 0x40, 0x40, 0x01, 0x00, 0x00, 0x4b, 0x76,
 0x01, 0x00, 0x00, 0xc8, 0x40, 0x77, 0x01, 0x00,
 0x00, 0x4b, 0x78, 0x01, 0x00, 0x00, 0xc8, 0x40,
 0x48, 0x01, 0x00, 0x00, 0x4b, 0x79, 0x01, 0x00,
 0x00, 0xc8, 0x40, 0x7a, 0x01, 0x00, 0x00, 0x4b,
 0x7b, 0x01, 0x00, 0x00, 0xc8, 0x40, 0x7c, 0x01,
 0x00, 0x00, 0x4b, 0x7d, 0x01, 0x00, 0x00, 0xc8,
 0x40, 0x5a, 0x01, 0x00, 0x00, 0x4b, 0x7e, 0x01,
 0x00, 0x00, 0xc8, 0x40, 0x56, 0x01, 0x00, 0x00,
 0x4b, 0x7f, 0x01, 0x00, 0x00, 0xc8, 0x40, 0x4a,
 0x01, 0x00, 0x00, 0x4b, 0x80, 0x01, 0x00, 0x00,
 0xc8, 0x40, 0x42, 0x01, 0x00, 0x00, 0x4b, 0x81,
 0x01, 0x00, 0x00, 0xc8, 0x40, 0x48, 0x01, 0x00,
 0x00, 0x4b, 0x82, 0x01, 0x00, 0x00, 0xc8, 0x40,
 0x40, 0x01, 0x00, 0x00, 0x4b, 0x83, 0x01, 0x00,
 0x00, 0xc8, 0x40, 0x84, 0x01, 0x00, 0x00, 0x4b,
 0x85, 0x01, 0x00, 0x00, 0xc8, 0x40, 0x72, 0x01,
 0x00, 0x00, 0x4b, 0x86, 0x01, 0x00, 0x00, 0xc8,
 0x40, 0x87, 0x01, 0x00, 0x00, 0x4b, 0x88, 0x01,
 0x00, 0x00, 0xc8, 0x40, 0x70, 0x01, 0x00, 0x00,
 0x4b, 0x89, 0x01, 0x00, 0x00, 0xc8, 0x40, 0x8a,
 0x01, 0x00, 0x00, 0x4b, 0x8b, 0x01, 0x00, 0x00,
 0xc8, 0x40, 0x8c, 0x01, 0x00, 0x00, 0x4b, 0x8d,
 0x01, 0x00, 0x00, 0xc8, 0x40, 0x8e, 0x01, 0x00,
 0x00, 0x4b, 0x8f, 0x01, 0x00, 0x00, 0xc8, 0x40,
 0x90, 0x01, 0x00, 0x00, 0x4b, 0x91, 0x01, 0x00,
 0x00, 0xc8, 0x40, 0x4e, 0x01, 0x00, 0x00, 0x4b,
 0x92, 0x01, 0x00, 0x00, 0xcb, 0xc8, 0x61, 0x02,
 0x00, 0x42, 0x3e, 0x01, 0x00, 0x00, 0xc8, 0x0b,
 0xc8, 0x40, 0x93, 0x01, 0x00, 0x00, 0x07, 0x52,
 0x06, 0x0e, 0x0e, 0x42, 0x93, 0x01, 0x00, 0x00,
 0xd1, 0x96, 0x04, 0x49, 0x00, 0x00, 0x00, 0xab,
 0xea, 0x0f, 0xc8, 0xd1, 0xc8, 0x40, 0x94, 0x01,
 0x00, 0x00, 0x9c, 0x42, 0x94, 0x01, 0x00, 0x00,
 0x38, 0x8d, 0x00, 0x00, 0x00, 0x40, 0x95, 0x01,
 0x00, 0x00, 0xea, 0x25, 0xc8, 0x41, 0x96, 0x01,
 0x00, 0x00, 0x11, 0xaf, 0xea, 0x19, 0x0e, 0x38,
 0x8d, 0x00, 0x00, 0x00, 0x40, 0x95, 0x01, 0x00,
 0x00, 0x40, 0x97, 0x01, 0x00, 0x00, 0x15, 0x42,
 0x96, 0x01, 0x00, 0x00, 0xec, 0x02, 0x0f, 0x0e,
 0xc8, 0x41, 0x98, 0x01, 0x00, 0x00, 0x24, 0x00,
 0x00, 0x0e, 0x64, 0x01, 0x00, 0x64, 0x02, 0x00,
 0xbf, 0x00, 0xf0, 0x0e, 0xe0, 0xea, 0x0b, 0xc8,
 0x41, 0x99, 0x01, 0x00, 0x00, 0x24, 0x00, 0x00,
 0x0e, 0xc8, 0x41, 0x9a, 0x01, 0x00, 0x00, 0xd2,
 0x24, 0x01, 0x00, 0x29, 0xca, 0x03, 0xb5, 0x01,
 0x03, 0x21, 0x00, 0xd6, 0x04, 0x70, 0x04, 0x00,
 0x09, 0x10, 0x00, 0x63, 0x24, 0x2f, 0x14, 0x0c,
 0x24, 0x7c, 0x2d, 0xb8, 0x2d, 0x20, 0x0a, 0x18,
 0x09, 0x11, 0x0e, 0x36, 0x10, 0x20, 0x0a, 0x17,
 0x27, 0x20, 0x1c, 0xb1, 0x9d, 0x03, 0x63, 0x6c,
 0x61, 0x73, 0x73, 0x20, 0x52, 0x45, 0x50, 0x4c,
 0x20, 0x7b, 0x0a, 0x20, 0x20, 0x70, 0x73, 0x74,
 0x61, 0x74, 0x65, 0x20, 0x3d, 0x20, 0x27, 0x27,
 0x3b, 0x0a, 0x20, 0x20, 0x70, 0x72, 0x6f, 0x6d,
 0x70, 0x74, 0x20, 0x3d, 0x20, 0x27, 0x27, 0x3b,
 0x0a, 0x20, 0x20, 0x70, 0x6c, 0x65, 0x6e, 0x20,
 0x3d, 0x20, 0x30, 0x3b, 0x0a, 0x20, 0x20, 0x70,
 0x73, 0x31, 0x20, 0x3d, 0x20, 0x27, 0x3e, 0x20,
 0x27, 0x3b, 0x0a, 0x20, 0x20, 0x70, 0x73, 0x32,
 0x20, 0x3d, 0x20, 0x27, 0x20, 0x20, 0x2e, 0x2e,
 0x2e, 0x20, 0x27, 0x3b, 0x0a, 0x20, 0x20, 0x75,
 0x74, 0x66, 0x38, 0x20, 0x3d, 0x20, 0x74, 0x72,
 0x75, 0x65, 0x3b, 0x0a, 0x20, 0x20, 0x73, 0x68,
 0x6f, 0x77, 0x54, 0x69, 0x6d, 0x65, 0x20, 0x3d,
 0x20, 0x66, 0x61, 0x6c, 0x73, 0x65, 0x3b, 0x0a,
 0x20, 0x20, 0x73, 0x68, 0x6f, 0x77, 0x43, 0x6f,
 0x6c, 0x6f, 0x72, 0x73, 0x20, 0x3d, 0x20, 0x74,
 0x72, 0x75, 0x65, 0x3b, 0x0a, 0x20, 0x20, 0x65,
 0x76, 0x61, 0x6c, 0x53, 0x74, 0x61, 0x72, 0x74,
 0x54, 0x69, 0x6d, 0x65, 0x20, 0x3d, 0x20, 0x75,
 0x6e, 0x64, 0x65, 0x66, 0x69, 0x6e, 0x65, 0x64,
 0x3b, 0x0a, 0x20, 0x20, 0x65, 0x76, 0x61, 0x6c,
 0x54, 0x69, 0x6d, 0x65, 0x20, 0x3d, 0x20, 0x30,
 0x3b, 0x0a, 0x0a, 0x20, 0x20, 0x6d, 0x65, 0x78,
 0x70, 0x72, 0x20, 0x3d, 0x20, 0x27, 0x27, 0x3b,
 0x0a, 0x20, 0x20, 0x6c, 0x65, 0x76, 0x65, 0x6c,
 0x20, 0x3d, 0x20, 0x30, 0x3b, 0x0a, 0x20, 0x20,
 0x63, 0x6d, 0x64, 0x20, 0x3d, 0x20, 0x27, 0x27,
 0x3b, 0x0a, 0x20, 0x20, 0x63, 0x75, 0x72, 0x73,
 0x6f, 0x72, 0x50, 0x6f, 0x73, 0x20, 0x3d, 0x20,
 0x30, 0x3b, 0x0a, 0x20, 0x20, 0x6c, 0x61, 0x73,
 0x74, 0x43, 0x6d, 0x64, 0x20, 0x3d, 0x20, 0x27,
 0x27, 0x3b, 0x0a, 0x20, 0x20, 0x6c, 0x61, 0x73,
 0x74, 0x43, 0x75, 0x72, 0x73, 0x6f, 0x72, 0x50,
 0x6f, 0x73, 0x20, 0x3d, 0x20, 0x30, 0x3b, 0x0a,
 0x20, 0x20, 0x68, 0x69, 0x73, 0x74, 0x6f, 0x72,
 0x79, 0x20, 0x3d, 0x20, 0x5b, 0x5d, 0x3b, 0x0a,
 0x20, 0x20, 0x68, 0x69, 0x73, 0x74, 0x6f, 0x72,
 0x79, 0x49, 0x6e, 0x64, 0x65, 0x78, 0x20, 0x3d,
 0x20, 0x6e, 0x75, 0x6c, 0x6c, 0x3b, 0x0a, 0x20,
 0x20, 0x74, 0x68, 0x69, 0x73, 0x46, 0x75, 0x6e,
 0x20, 0x3d, 0x20, 0x6e, 0x75, 0x6c, 0x6c, 0x3b,
 0x0a, 0x20, 0x20, 0x6c, 0x61, 0x73, 0x74, 0x46,
 0x75, 0x6e, 0x20, 0x3d, 0x20, 0x6e, 0x75, 0x6c,
 0x6c, 0x3b, 0x0a, 0x20, 0x20, 0x71, 0x75, 0x6f,
 0x74, 0x65, 0x46, 0x6c, 0x61, 0x67, 0x20, 0x3d,
 0x20, 0x66, 0x61, 0x6c, 0x73, 0x65, 0x3b, 0x0a,
 0x20, 0x20, 0x6f, 0x75, 0x74, 0x20, 0x3d, 0x20,
 0x73, 0x74, 0x64, 0x6f, 0x75, 0x74, 0x3b, 0x0a,
 0x20, 0x20, 0x72, 0x65, 0x61, 0x64, 0x42, 0x75,
 0x66, 0x20, 0x3d, 0x20, 0x6e, 0x65, 0x77, 0x20,
 0x55, 0x69, 0x6e, 0x74, 0x38, 0x41, 0x72, 0x72,
 0x61, 0x79, 0x28, 0x72, 0x65, 0x61, 0x64, 0x42,
 0x75, 0x66, 0x53, 0x69, 0x7a, 0x65, 0x29, 0x3b,
 0x0a, 0x20, 0x20, 0x72, 0x65, 0x61, 0x64, 0x6c,
 0x69, 0x6e, 0x65, 0x43, 0x61, 0x6c, 0x6c, 0x62,
 0x61, 0x63, 0x6b, 0x20, 0x3d, 0x20, 0x6e, 0x75,
 0x6c, 0x6c, 0x3b, 0x0a, 0x20, 0x20, 0x73, 0x65,
 0x61, 0x72, 0x63, 0x68, 0x49, 0x6e, 0x64, 0x65,
 0x78, 0x20, 0x3d, 0x20, 0x2d, 0x31, 0x3b, 0x0a,
 0x20, 0x20, 0x73, 0x65, 0x61, 0x72, 0x63, 0x68,
 0x50, 0x61, 0x74, 0x74, 0x65, 0x72, 0x6e, 0x20,
 0x3d, 0x20, 0x27, 0x27, 0x3b, 0x0a, 0x20, 0x20,
 0x73, 0x65, 0x61, 0x72, 0x63, 0x68, 0x4d, 0x61,
 0x74, 0x63, 0x68, 0x65, 0x73, 0x20, 0x3d, 0x20,
 0x5b, 0x5d, 0x3b, 0x0a, 0x0a, 0x20, 0x20, 0x63,
 0x6c, 0x65, 0x61, 0x6e, 0x75, 0x70, 0x48, 0x61,
 0x6e, 0x64, 0x6c, 0x65, 0x72, 0x73, 0x20, 0x3d,
 0x20, 0x6e, 0x65, 0x77, 0x20, 0x53, 0x65, 0x74,
 0x28, 0x29, 0x3b, 0x0a, 0x20, 0x20, 0x6d, 0x6f,
 0x64, 0x75, 0x6c, 0x65, 0x73, 0x20, 0x3d, 0x20,
 0x6e, 0x65, 0x77, 0x20, 0x53, 0x65, 0x74, 0x28,
 0x29, 0x3b, 0x0a, 0x0a, 0x20, 0x20, 0x64, 0x65,
 0x62, 0x75, 0x67, 0x20, 0x3d, 0x20, 0x2f, 0x5c,
 0x62, 0x72, 0x65, 0x70, 0x6c, 0x5c, 0x62, 0x2f,
 0x67, 0x69, 0x2e, 0x74, 0x65, 0x73, 0x74, 0x28,
 0x67, 0x65, 0x74, 0x65, 0x6e, 0x76, 0x28, 0x27,
 0x44, 0x45, 0x42, 0x55, 0x47, 0x27, 0x29, 0x29,
 0x20, 0x3f, 0x20, 0x28, 0x2e, 0x2e, 0x2e, 0x61,
 0x72, 0x67, 0x73, 0x29, 0x20, 0x3d, 0x3e, 0x20,
 0x63, 0x6f, 0x6e, 0x73, 0x6f, 0x6c, 0x65, 0x2e,
 0x6c, 0x6f, 0x67, 0x28, 0x27, 0x52, 0x45, 0x50,
 0x4c, 0x27, 0x2c, 0x20, 0x2e, 0x2e, 0x2e, 0x61,
 0x72, 0x67, 0x73, 0x29, 0x20, 0x3a, 0x20, 0x28,
 0x29, 0x20, 0x3d, 0x3e, 0x20, 0x7b, 0x7d, 0x3b,
 0x0a, 0x0a, 0x20, 0x20, 0x63, 0x6f, 0x6e, 0x73,
 0x74, 0x72, 0x75, 0x63, 0x74, 0x6f, 0x72, 0x28,
 0x6e, 0x61, 0x6d, 0x65, 0x2c, 0x20, 0x73, 0x68,
 0x6f, 0x77, 0x42, 0x61, 0x6e, 0x6e, 0x65, 0x72,
 0x20, 0x3d, 0x20, 0x74, 0x72, 0x75, 0x65, 0x29,
 0x20, 0x7b, 0x0a, 0x20, 0x20, 0x20, 0x20, 0x6c,
 0x65, 0x74, 0x20, 0x63, 0x6f, 0x6d, 0x6d, 0x61,
 0x6e, 0x64, 0x73, 0x20, 0x3d, 0x20, 0x7b, 0x0a,
 0x20, 0x20, 0x20, 0x20, 0x20, 0x20, 0x2f, 0x2a,
 0x20, 0x63, 0x6f, 0x6d, 0x6d, 0x61, 0x6e, 0x64,
 0x20, 0x74, 0x61, 0x62, 0x6c, 0x65, 0x20, 0x2a,
 0x2f, 0x0a, 0x20, 0x20, 0x20, 0x20, 0x20, 0x20,
 0x27, 0x5c, 0x78, 0x30, 0x31, 0x27, 0x3a, 0x20,
 0x74, 0x68, 0x69, 0x73, 0x2e, 0x62, 0x65, 0x67,
 0x69, 0x6e, 0x6e, 0x69, 0x6e, 0x67, 0x4f, 0x66,
 0x4c, 0x69, 0x6e, 0x65, 0x20, 0x2f, 0x2a, 0x20,
 0x5e, 0x41, 0x20, 0x2d, 0x20, 0x62, 0x6f, 0x6c,
 0x20, 0x2a, 0x2f, 0x2c, 0x0a, 0x20, 0x20, 0x20,
 0x20, 0x20, 0x20, 0x27, 0x5c, 0x78, 0x30, 0x32,
 0x27, 0x3a, 0x20, 0x74, 0x68, 0x69, 0x73, 0x2e,
 0x62, 0x61, 0x63, 0x6b, 0x77, 0x61, 0x72, 0x64,
 0x43, 0x68, 0x61, 0x72, 0x20, 0x2f, 0x2a, 0x20,
 0x5e, 0x42, 0x20, 0x2d, 0x20, 0x62, 0x61, 0x63,
 0x6b, 0x77, 0x61, 0x72, 0x64, 0x2d, 0x63, 0x68,
 0x61, 0x72, 0x20, 0x2a, 0x2f, 0x2c, 0x0a, 0x20,
 0x20, 0x20, 0x20, 0x20, 0x20, 0x27, 0x5c, 0x78,
 0x30, 0x33, 0x27, 0x3a, 0x20, 0x74, 0x68, 0x69,
 0x73, 0x2e, 0x63, 0x6f, 0x6e, 0x74, 0x72, 0x6f,
 0x6c, 0x43, 0x20, 0x2f, 0x2a, 0x20, 0x5e, 0x43,
 0x20, 0x2d, 0x20, 0x74, 0x68, 0x69, 0x73, 0x2e,
 0x61, 0x62, 0x6f, 0x72, 0x74, 0x20, 0x2a, 0x2f,
 0x2c, 0x0a, 0x20, 0x20, 0x20, 0x20, 0x20, 0x20,
 0x27, 0x5c, 0x78, 0x30, 0x34, 0x27, 0x3a, 0x20,
 0x74, 0x68, 0x69, 0x73, 0x2e, 0x63, 0x6f, 0x6e,
 0x74, 0x72, 0x6f, 0x6c, 0x44, 0x20, 0x2f, 0x2a,
 0x20, 0x5e, 0x44, 0x20, 0x2d, 0x20, 0x64, 0x65,
 0x6c, 0x65, 0x74, 0x65, 0x2d, 0x63, 0x68, 0x61,
 0x72, 0x20, 0x6f, 0x72, 0x20, 0x65, 0x78, 0x69,
 0x74, 0x20, 0x2a, 0x2f, 0x2c, 0x0a, 0x20, 0x20,
 0x20, 0x20, 0x20, 0x20, 0x27, 0x5c, 0x78, 0x30,
 0x35, 0x27, 0x3a, 0x20, 0x74, 0x68, 0x69, 0x73,
 0x2e, 0x65, 0x6e, 0x64, 0x4f, 0x66, 0x4c, 0x69,
 0x6e, 0x65, 0x20, 0x2f, 0x2a, 0x20, 0x5e, 0x45,
 0x20, 0x2d, 0x20, 0x65, 0x6f, 0x6c, 0x20, 0x2a,
 0x2f, 0x2c, 0x0a, 0x20, 0x20, 0x20, 0x20, 0x20,
 0x20, 0x27, 0x5c, 0x78, 0x30, 0x36, 0x27, 0x3a,
 0x20, 0x74, 0x68, 0x69, 0x73, 0x2e, 0x66, 0x6f,
 0x72, 0x77, 0x61, 0x72, 0x64, 0x43, 0x68, 0x61,
 0x72, 0x20, 0x2f, 0x2a, 0x20, 0x5e, 0x46, 0x20,
 0x2d, 0x20, 0x66, 0x6f, 0x72, 0x77, 0x61, 0x72,
 0x64, 0x2d, 0x63, 0x68, 0x61, 0x72, 0x20, 0x2a,
 0x2f, 0x2c, 0x0a, 0x20, 0x20, 0x20, 0x20, 0x20,
 0x20, 0x27, 0x5c, 0x78, 0x30, 0x37, 0x27, 0x3a,
 0x20, 0x74, 0x68, 0x69, 0x73, 0x2e, 0x61, 0x62,
 0x6f, 0x72, 0x74, 0x20, 0x2f, 0x2a, 0x20, 0x5e,
 0x47, 0x20, 0x2d, 0x20, 0x62, 0x65, 0x6c, 0x6c,
 0x20, 0x2a, 0x2f, 0x2c, 0x0a, 0x20, 0x20, 0x20,
 0x20, 0x20, 0x20, 0x27, 0x5c, 0x78, 0x30, 0x38,
 0x27, 0x3a, 0x20, 0x74, 0x68, 0x69, 0x73, 0x2e,
 0x62, 0x61, 0x63, 0x6b, 0x77, 0x61, 0x72, 0x64,
 0x44, 0x65, 0x6c, 0x65, 0x74, 0x65, 0x43, 0x68,
 0x61, 0x72, 0x20, 0x2f, 0x2a, 0x20, 0x5e, 0x48,
 0x20, 0x2d, 0x20, 0x62, 0x61, 0x63, 0x6b, 0x73,
 0x70, 0x61, 0x63, 0x65, 0x20, 0x2a, 0x2f, 0x2c,
 0x0a, 0x20, 0x20, 0x20, 0x20, 0x20, 0x20, 0x27,
 0x5c, 0x78, 0x30, 0x39, 0x27, 0x3a, 0x20, 0x74,
 0x68, 0x69, 0x73, 0x2e, 0x63, 0x6f, 0x6d, 0x70,
 0x6c, 0x65, 0x74, 0x69, 0x6f, 0x6e, 0x20, 0x2f,
 0x2a, 0x20, 0x5e, 0x49, 0x20, 0x2d, 0x20, 0x68,
 0x69, 0x73, 0x74, 0x6f, 0x72, 0x79, 0x2d, 0x73,
 0x65, 0x61, 0x72, 0x63, 0x68, 0x2d, 0x62, 0x61,
 0x63, 0x6b, 0x77, 0x61, 0x72, 0x64, 0x20, 0x2a,
 0x2f, 0x2c, 0x0a, 0x20, 0x20, 0x20, 0x20, 0x20,
 0x20, 0x27, 0x5c, 0x78, 0x30, 0x61, 0x27, 0x3a,
 0x20, 0x74, 0x68, 0x69, 0x73, 0x2e, 0x61, 0x63,
 0x63, 0x65, 0x70, 0x74, 0x4c, 0x69, 0x6e, 0x65,
 0x20, 0x2f, 0x2a, 0x20, 0x5e, 0x4a, 0x20, 0x2d,
 0x20, 0x6e, 0x65, 0x77, 0x6c, 0x69, 0x6e, 0x65,
 0x20, 0x2a, 0x2f, 0x2c, 0x0a, 0x20, 0x20, 0x20,
 0x20, 0x20, 0x20, 0x27, 0x5c, 0x78, 0x30, 0x62,
 0x27, 0x3a, 0x20, 0x74, 0x68, 0x69, 0x73, 0x2e,
 0x6b, 0x69, 0x6c, 0x6c, 0x4c, 0x69, 0x6e, 0x65,
 0x20, 0x2f, 0x2a, 0x20, 0x5e, 0x4b, 0x20, 0x2d,
 0x20, 0x64, 0x65, 0x6c, 0x65, 0x74, 0x65, 0x20,
 0x74, 0x6f, 0x20, 0x65, 0x6e, 0x64, 0x20, 0x6f,
 0x66, 0x20, 0x6c, 0x69, 0x6e, 0x65, 0x20, 0x2a,
 0x2f, 0x2c, 0x0a, 0x20, 0x20, 0x20, 0x20, 0x20,
 0x20, 0x27, 0x5c, 0x78, 0x30, 0x64, 0x27, 0x3a,
 0x20, 0x74, 0x68, 0x69, 0x73, 0x2e, 0x61, 0x63,
 0x63, 0x65, 0x70, 0x74, 0x4c, 0x69, 0x6e, 0x65,
 0x20, 0x2f, 0x2a, 0x20, 0x5e, 0x4d, 0x20, 0x2d,
 0x20, 0x65, 0x6e, 0x74, 0x65, 0x72, 0x20, 0x2a,
 0x2f, 0x2c, 0x0a, 0x20, 0x20, 0x20, 0x20, 0x20,
 0x20, 0x27, 0x5c, 0x78, 0x30, 0x65, 0x27, 0x3a,
 0x20, 0x74, 0x68, 0x69, 0x73, 0x2e, 0x68, 0x69,
 0x73, 0x74, 0x6f, 0x72, 0x79, 0x4e, 0x65, 0x78,
 0x74, 0x20, 0x2f, 0x2a, 0x20, 0x5e, 0x4e, 0x20,
 0x2d, 0x20, 0x64, 0x6f, 0x77, 0x6e, 0x20, 0x2a,
 0x2f, 0x2c, 0x0a, 0x20, 0x20, 0x20, 0x20, 0x20,
 0x20, 0x27, 0x5c, 0x78, 0x30, 0x66, 0x27, 0x3a,
 0x20, 0x74, 0x68, 0x69, 0x73, 0x2e, 0x63, 0x6f,
 0x6e, 0x74, 0x72, 0x6f, 0x6c, 0x4c, 0x20, 0x2f,
 0x2a, 0x20, 0x5e, 0x4c, 0x20, 0x2d, 0x20, 0x6b,
 0x69, 0x6c, 0x6c, 0x20, 0x6c, 0x69, 0x6e, 0x65,
 0x20, 0x2a, 0x2f, 0x2c, 0x0a, 0x20, 0x20, 0x20,
 0x20, 0x20, 0x20, 0x27, 0x5c, 0x78, 0x31, 0x30,
 0x27, 0x3a, 0x20, 0x74, 0x68, 0x69, 0x73, 0x2e,
 0x68, 0x69, 0x73, 0x74, 0x6f, 0x72, 0x79, 0x50,
 0x72, 0x65, 0x76, 0x69, 0x6f, 0x75, 0x73, 0x20,
 0x2f, 0x2a, 0x20, 0x5e, 0x50, 0x20, 0x2d, 0x20,
 0x75, 0x70, 0x20, 0x2a, 0x2f, 0x2c, 0x0a, 0x20,
 0x20, 0x20, 0x20, 0x20, 0x20, 0x27, 0x5c, 0x78,
 0x31, 0x31, 0x27, 0x3a, 0x20, 0x74, 0x68, 0x69,
 0x73, 0x2e, 0x71, 0x75, 0x6f, 0x74, 0x65, 0x64,
 0x49, 0x6e, 0x73, 0x65, 0x72, 0x74, 0x20, 0x2f,
 0x2a, 0x20, 0x5e, 0x51, 0x20, 0x2d, 0x20, 0x71,
 0x75, 0x6f, 0x74, 0x65, 0x64, 0x2d, 0x74, 0x68,
 0x69, 0x73, 0x2e, 0x69, 0x6e, 0x73, 0x65, 0x72,
 0x74, 0x20, 0x2a, 0x2f, 0x2c, 0x0a, 0x20, 0x20,
 0x20, 0x20, 0x20, 0x20, 0x27, 0x5c, 0x78, 0x31,
 0x32, 0x27, 0x3a, 0x20, 0x74, 0x68, 0x69, 0x73,
 0x2e, 0x72, 0x65, 0x76, 0x65, 0x72, 0x73, 0x65,
 0x53, 0x65, 0x61, 0x72, 0x63, 0x68, 0x20, 0x2f,
 0x2a, 0x20, 0x5e, 0x52, 0x20, 0x2d, 0x20, 0x72,
 0x65, 0x76, 0x65, 0x72, 0x73, 0x65, 0x2d, 0x73,
 0x65, 0x61, 0x72, 0x63, 0x68, 0x20, 0x2a, 0x2f,
 0x2c, 0x0a, 0x20, 0x20, 0x20, 0x20, 0x20, 0x20,
 0x27, 0x5c, 0x78, 0x31, 0x33, 0x27, 0x3a, 0x20,
 0x74, 0x68, 0x69, 0x73, 0x2e, 0x66, 0x6f, 0x72,
 0x77, 0x61, 0x72, 0x64, 0x53, 0x65, 0x61, 0x72,
 0x63, 0x68, 0x20, 0x2f, 0x2a, 0x20, 0x5e, 0x53,
 0x20, 0x2d, 0x20, 0x73, 0x65, 0x61, 0x72, 0x63,
 0x68, 0x20, 0x2a, 0x2f, 0x2c, 0x0a, 0x20, 0x20,
 0x20, 0x20, 0x20, 0x20, 0x27, 0x5c, 0x78, 0x31,
 0x34, 0x27, 0x3a, 0x20, 0x74, 0x68, 0x69, 0x73,
 0x2e, 0x74, 0x72, 0x61, 0x6e, 0x73, 0x70, 0x6f,
 0x73, 0x65, 0x43, 0x68, 0x61, 0x72, 0x73, 0x20,
 0x2f, 0x2a, 0x20, 0x5e, 0x54, 0x20, 0x2d, 0x20,
 0x74, 0x72, 0x61, 0x6e, 0x73, 0x70, 0x6f, 0x73,
 0x65, 0x20, 0x2a, 0x2f, 0x2c, 0x0a, 0x20, 0x20,
 0x20, 0x20, 0x20, 0x20, 0x27, 0x5c, 0x78, 0x31,
 0x35, 0x27, 0x3a, 0x20, 0x74, 0x68, 0x69, 0x73,
 0x2e, 0x64, 0x65, 0x6c, 0x65, 0x74, 0x65, 0x41,
 0x6c, 0x6c, 0x20, 0x2f, 0x2a, 0x20, 0x5e, 0x55,
 0x20, 0x2d, 0x20, 0x64, 0x65, 0x6c, 0x65, 0x74,
 0x65, 0x20, 0x61, 0x6c, 0x6c, 0x20, 0x2a, 0x2f,
 0x2c, 0x0a, 0x20, 0x20, 0x20, 0x20, 0x20, 0x20,
 0x27, 0x5c, 0x78, 0x31, 0x38, 0x27, 0x3a, 0x20,
 0x74, 0x68, 0x69, 0x73, 0x2e, 0x72, 0x65, 0x73,
 0x65, 0x74, 0x20, 0x2f, 0x2a, 0x20, 0x5e, 0x58,
 0x20, 0x2d, 0x20, 0x63, 0x61, 0x6e, 0x63, 0x65,
 0x6c, 0x20, 0x2a, 0x2f, 0x2c, 0x0a, 0x20, 0x20,
 0x20, 0x20, 0x20, 0x20, 0x27, 0x5c, 0x78, 0x31,
 0x39, 0x27, 0x3a, 0x20, 0x74, 0x68, 0x69, 0x73,
 0x2e, 0x79, 0x61, 0x6e, 0x6b, 0x20, 0x2f, 0x2a,
 0x20, 0x5e, 0x59, 0x20, 0x2d, 0x20, 0x74, 0x68,
 0x69, 0x73, 0x2e, 0x79, 0x61, 0x6e, 0x6b, 0x20,
 0x2a, 0x2f, 0x2c, 0x0a, 0x20, 0x20, 0x20, 0x20,
 0x20, 0x20, 0x27, 0x5c, 0x78, 0x31, 0x62, 0x27,
 0x3a, 0x20, 0x74, 0x68, 0x69, 0x73, 0x2e, 0x65,
 0x73, 0x63, 0x61, 0x70, 0x65, 0x2c, 0x0a, 0x20,
 0x20, 0x20, 0x20, 0x20, 0x20, 0x27, 0x5c, 0x78,
 0x31, 0x62, 0x4f, 0x41, 0x27, 0x3a, 0x20, 0x74,
 0x68, 0x69, 0x73, 0x2e, 0x68, 0x69, 0x73, 0x74,
 0x6f, 0x72, 0x79, 0x50, 0x72, 0x65, 0x76, 0x69,
 0x6f, 0x75, 0x73, 0x20, 0x2f, 0x2a, 0x20, 0x5e,
 0x5b, 0x4f, 0x41, 0x20, 0x2d, 0x20, 0x75, 0x70,
 0x20, 0x2a, 0x2f, 0x2c, 0x0a, 0x20, 0x20, 0x20,
 0x20, 0x20, 0x20, 0x27, 0x5c, 0x78, 0x31, 0x62,
 0x4f, 0x42, 0x27, 0x3a, 0x20, 0x74, 0x68, 0x69,
 0x73, 0x2e, 0x68, 0x69, 0x73, 0x74, 0x6f, 0x72,
 0x79, 0x4e, 0x65, 0x78, 0x74, 0x20, 0x2f, 0x2a,
 0x20, 0x5e, 0x5b, 0x4f, 0x42, 0x20, 0x2d, 0x20,
 0x64, 0x6f, 0x77, 0x6e, 0x20, 0x2a, 0x2f, 0x2c,
 0x0a, 0x20, 0x20, 0x20, 0x20, 0x20, 0x20, 0x27,
 0x5c, 0x78, 0x31, 0x62, 0x4f, 0x43, 0x27, 0x3a,
 0x20, 0x74, 0x68, 0x69, 0x73, 0x2e, 0x66, 0x6f,
 0x72, 0x77, 0x61, 0x72, 0x64, 0x43, 0x68, 0x61,
 0x72, 0x20, 0x2f, 0x2a, 0x20, 0x5e, 0x5b, 0x4f,
 0x43, 0x20, 0x2d, 0x20, 0x72, 0x69, 0x67, 0x68,
 0x74, 0x20, 0x2a, 0x2f, 0x2c, 0x0a, 0x20, 0x20,
 0x20, 0x20, 0x20, 0x20, 0x27, 0x5c, 0x78, 0x31,
 0x62, 0x4f, 0x44, 0x27, 0x3a, 0x20, 0x74, 0x68,
 0x69, 0x73, 0x2e, 0x62, 0x61, 0x63, 0x6b, 0x77,
 0x61, 0x72, 0x64, 0x43, 0x68, 0x61, 0x72, 0x20,
 0x2f, 0x2a, 0x20, 0x5e, 0x5b, 0x4f, 0x44, 0x20,
 0x2d, 0x20, 0x6c, 0x65, 0x66, 0x74, 0x20, 0x2a,
 0x2f, 0x2c, 0x0a, 0x20, 0x20, 0x20, 0x20, 0x20,
 0x20, 0x27, 0x5c, 0x78, 0x31, 0x62, 0x4f, 0x46,
 0x27, 0x3a, 0x20, 0x74, 0x68, 0x69, 0x73, 0x2e,
 0x66, 0x6f, 0x72, 0x77, 0x61, 0x72, 0x64, 0x57,
 0x6f, 0x72, 0x64, 0x20, 0x2f, 0x2a, 0x20, 0x5e,
 0x5b, 0x4f, 0x46, 0x20, 0x2d, 0x20, 0x63, 0x74,
 0x72, 0x6c, 0x2d, 0x72, 0x69, 0x67, 0x68, 0x74,
 0x20, 0x2a, 0x2f, 0x2c, 0x0a, 0x20, 0x20, 0x20,
 0x20, 0x20, 0x20, 0x27, 0x5c, 0x78, 0x31, 0x62,
 0x4f, 0x48, 0x27, 0x3a, 0x20, 0x74, 0x68, 0x69,
 0x73, 0x2e, 0x62, 0x61, 0x63, 0x6b, 0x77, 0x61,
 0x72, 0x64, 0x57, 0x6f, 0x72, 0x64, 0x20, 0x2f,
 0x2a, 0x20, 0x5e, 0x5b, 0x4f, 0x48, 0x20, 0x2d,
 0x20, 0x63, 0x74, 0x72, 0x6c, 0x2d, 0x6c, 0x65,
 0x66, 0x74, 0x20, 0x2a, 0x2f, 0x2c, 0x0a, 0x20,
 0x20, 0x20, 0x20, 0x20, 0x20, 0x27, 0x5c, 0x78,
 0x31, 0x62, 0x5b, 0x31, 0x3b, 0x35, 0x43, 0x27,
 0x3a, 0x20, 0x74, 0x68, 0x69, 0x73, 0x2e, 0x66,
 0x6f, 0x72, 0x77, 0x61, 0x72, 0x64, 0x57, 0x6f,
 0x72, 0x64, 0x20, 0x2f, 0x2a, 0x20, 0x5e, 0x5b,
 0x5b, 0x31, 0x3b, 0x35, 0x43, 0x20, 0x2d, 0x20,
 0x63, 0x74, 0x72, 0x6c, 0x2d, 0x72, 0x69, 0x67,
 0x68, 0x74, 0x20, 0x2a, 0x2f, 0x2c, 0x0a, 0x20,
 0x20, 0x20, 0x20, 0x20, 0x20, 0x27, 0x5c, 0x78,
 0x31, 0x62, 0x5b, 0x31, 0x3b, 0x35, 0x44, 0x27,
 0x3a, 0x20, 0x74, 0x68, 0x69, 0x73, 0x2e, 0x62,
 0x61, 0x63, 0x6b, 0x77, 0x61, 0x72, 0x64, 0x57,
 0x6f, 0x72, 0x64, 0x20, 0x2f, 0x2a, 0x20, 0x5e,
 0x5b, 0x5b, 0x31, 0x3b, 0x35, 0x44, 0x20, 0x2d,
 0x20, 0x63, 0x74, 0x72, 0x6c, 0x2d, 0x6c, 0x65,
 0x66, 0x74, 0x20, 0x2a, 0x2f, 0x2c, 0x0a, 0x20,
 0x20, 0x20, 0x20, 0x20, 0x20, 0x27, 0x5c, 0x78,
 0x31, 0x62, 0x5b, 0x31, 0x7e, 0x27, 0x3a, 0x20,
 0x74, 0x68, 0x69, 0x73, 0x2e, 0x62, 0x65, 0x67,
 0x69, 0x6e, 0x6e, 0x69, 0x6e, 0x67, 0x4f, 0x66,
 0x4c, 0x69, 0x6e, 0x65, 0x20, 0x2f, 0x2a, 0x20,
 0x5e, 0x5b, 0x5b, 0x31, 0x7e, 0x20, 0x2d, 0x20,
 0x62, 0x6f, 0x6c, 0x20, 0x2a, 0x2f, 0x2c, 0x0a,
 0x20, 0x20, 0x20, 0x20, 0x20, 0x20, 0x27, 0x5c,
 0x78, 0x31, 0x62, 0x5b, 0x33, 0x7e, 0x27, 0x3a,
 0x20, 0x74, 0x68, 0x69, 0x73, 0x2e, 0x64, 0x65,
 0x6c, 0x65, 0x74, 0x65, 0x43, 0x68, 0x61, 0x72,
 0x20, 0x2f, 0x2a, 0x20, 0x5e, 0x5b, 0x5b, 0x33,
 0x7e, 0x20, 0x2d, 0x20, 0x64, 0x65, 0x6c, 0x65,
 0x74, 0x65, 0x20, 0x2a, 0x2f, 0x2c, 0x0a, 0x20,
 0x20, 0x20, 0x20, 0x20, 0x20, 0x27, 0x5c, 0x78,
 0x31, 0x62, 0x5b, 0x34, 0x7e, 0x27, 0x3a, 0x20,
 0x74, 0x68, 0x69, 0x73, 0x2e, 0x65, 0x6e, 0x64,
 0x4f, 0x66, 0x4c, 0x69, 0x6e, 0x65, 0x20, 0x2f,
 0x2a, 0x20, 0x5e, 0x5b, 0x5b, 0x34, 0x7e, 0x20,
 0x2d, 0x20, 0x65, 0x6f, 0x6c, 0x20, 0x2a, 0x2f,
 0x2c, 0x0a, 0x20, 0x20, 0x20, 0x20, 0x20, 0x20,
 0x27, 0x5c, 0x78, 0x31, 0x62, 0x5b, 0x35, 0x7e,
 0x27, 0x3a, 0x20, 0x74, 0x68, 0x69, 0x73, 0x2e,
 0x68, 0x69, 0x73, 0x74, 0x6f, 0x72, 0x79, 0x53,
 0x65, 0x61, 0x72, 0x63, 0x68, 0x42, 0x61, 0x63,
 0x6b, 0x77, 0x61, 0x72, 0x64, 0x20, 0x2f, 0x2a,
 0x20, 0x5e, 0x5b, 0x5b, 0x35, 0x7e, 0x20, 0x2d,
 0x20, 0x70, 0x61, 0x67, 0x65, 0x20, 0x75, 0x70,
 0x20, 0x2a, 0x2f, 0x2c, 0x0a, 0x20, 0x20, 0x20,
 0x20, 0x20, 0x20, 0x27, 0x5c, 0x78, 0x31, 0x62,
 0x5b, 0x36, 0x7e, 0x27, 0x3a, 0x20, 0x74, 0x68,
 0x69, 0x73, 0x2e, 0x68, 0x69, 0x73, 0x74, 0x6f,
 0x72, 0x79, 0x53, 0x65, 0x61, 0x72, 0x63, 0x68,
 0x46, 0x6f, 0x72, 0x77, 0x61, 0x72, 0x64, 0x20,
 0x2f, 0x2a, 0x20, 0x5e, 0x5b, 0x5b, 0x35, 0x7e,
 0x20, 0x2d, 0x20, 0x70, 0x61, 0x67, 0x65, 0x20,
 0x64, 0x6f, 0x77, 0x6e, 0x20, 0x2a, 0x2f, 0x2c,
 0x0a, 0x20, 0x20, 0x20, 0x20, 0x20, 0x20, 0x27,
 0x5c, 0x78, 0x31, 0x62, 0x5b, 0x41, 0x27, 0x3a,
 0x20, 0x74, 0x68, 0x69, 0x73, 0x2e, 0x68, 0x69,
 0x73, 0x74, 0x6f, 0x72, 0x79, 0x50, 0x72, 0x65,
 0x76, 0x69, 0x6f, 0x75, 0x73, 0x20, 0x2f, 0x2a,
 0x20, 0x5e, 0x5b, 0x5b, 0x41, 0x20, 0x2d, 0x20,
 0x75, 0x70, 0x20, 0x2a, 0x2f, 0x2c, 0x0a, 0x20,
 0x20, 0x20, 0x20, 0x20, 0x20, 0x27, 0x5c, 0x78,
 0x31, 0x62, 0x5b, 0x42, 0x27, 0x3a, 0x20, 0x74,
 0x68, 0x69, 0x73, 0x2e, 0x68, 0x69, 0x73, 0x74,
 0x6f, 0x72, 0x79, 0x4e, 0x65, 0x78, 0x74, 0x20,
 0x2f, 0x2a, 0x20, 0x5e, 0x5b, 0x5b, 0x42, 0x20,
 0x2d, 0x20, 0x64, 0x6f, 0x77, 0x6e, 0x20, 0x2a,
 0x2f, 0x2c, 0x0a, 0x20, 0x20, 0x20, 0x20, 0x20,
 0x20, 0x27, 0x5c, 0x78, 0x31, 0x62, 0x5b, 0x43,
 0x27, 0x3a, 0x20, 0x74, 0x68, 0x69, 0x73, 0x2e,
 0x66, 0x6f, 0x72, 0x77, 0x61, 0x72, 0x64, 0x43,
 0x68, 0x61, 0x72, 0x20, 0x2f, 0x2a, 0x20, 0x5e,
 0x5b, 0x5b, 0x43, 0x20, 0x2d, 0x20, 0x72, 0x69,
 0x67, 0x68, 0x74, 0x20, 0x2a, 0x2f, 0x2c, 0x0a,
 0x20, 0x20, 0x20, 0x20, 0x20, 0x20, 0x27, 0x5c,
 0x78, 0x31, 0x62, 0x5b, 0x44, 0x27, 0x3a, 0x20,
 0x74, 0x68, 0x69, 0x73, 0x2e, 0x62, 0x61, 0x63,
 0x6b, 0x77, 0x61, 0x72, 0x64, 0x43, 0x68, 0x61,
 0x72, 0x20, 0x2f, 0x2a, 0x20, 0x5e, 0x5b, 0x5b,
 0x44, 0x20, 0x2d, 0x20, 0x6c, 0x65, 0x66, 0x74,
 0x20, 0x2a, 0x2f, 0x2c, 0x0a, 0x20, 0x20, 0x20,
 0x20, 0x20, 0x20, 0x27, 0x5c, 0x78, 0x31, 0x62,
 0x5b, 0x46, 0x27, 0x3a, 0x20, 0x74, 0x68, 0x69,
 0x73, 0x2e, 0x65, 0x6e, 0x64, 0x4f, 0x66, 0x4c,
 0x69, 0x6e, 0x65, 0x20, 0x2f, 0x2a, 0x20, 0x5e,
 0x5b, 0x5b, 0x46, 0x20, 0x2d, 0x20, 0x65, 0x6e,
 0x64, 0x20, 0x2a, 0x2f, 0x2c, 0x0a, 0x20, 0x20,
 0x20, 0x20, 0x20, 0x20, 0x27, 0x5c, 0x78, 0x31,
 0x62, 0x5b, 0x48, 0x27, 0x3a, 0x20, 0x74, 0x68,
 0x69, 0x73, 0x2e, 0x62, 0x65, 0x67, 0x69, 0x6e,
 0x6e, 0x69, 0x6e, 0x67, 0x4f, 0x66, 0x4c, 0x69,
 0x6e, 0x65, 0x20, 0x2f, 0x2a, 0x20, 0x5e, 0x5b,
 0x5b, 0x48, 0x20, 0x2d, 0x20, 0x68, 0x6f, 0x6d,
 0x65, 0x20, 0x2a, 0x2f, 0x2c, 0x0a, 0x20, 0x20,
 0x20, 0x20, 0x20, 0x20, 0x27, 0x5c, 0x78, 0x31,
 0x62, 0x5c, 0x78, 0x37, 0x66, 0x27, 0x3a, 0x20,
 0x74, 0x68, 0x69, 0x73, 0x2e, 0x62, 0x61, 0x63,
 0x6b, 0x77, 0x61, 0x72, 0x64, 0x4b, 0x69, 0x6c,
 0x6c, 0x57, 0x6f, 0x72, 0x64, 0x20, 0x2f, 0x2a,
 0x20, 0x4d, 0x2d, 0x43, 0x2d, 0x3f, 0x20, 0x2d,
 0x20, 0x74, 0x68, 0x69, 0x73, 0x2e, 0x62, 0x61,
 0x63, 0x6b, 0x77, 0x61, 0x72, 0x64, 0x4b, 0x69,
 0x6c, 0x6c, 0x57, 0x6f, 0x72, 0x64, 0x20, 0x2a,
 0x2f, 0x2c, 0x0a, 0x20, 0x20, 0x20, 0x20, 0x20,
 0x20, 0x27, 0x5c, 0x78, 0x31, 0x62, 0x62, 0x27,
 0x3a, 0x20, 0x74, 0x68, 0x69, 0x73, 0x2e, 0x62,
 0x61, 0x63, 0x6b, 0x77, 0x61, 0x72, 0x64, 0x57,
 0x6f, 0x72, 0x64, 0x20, 0x2f, 0x2a, 0x20, 0x4d,
 0x2d, 0x62, 0x20, 0x2d, 0x20, 0x74, 0x68, 0x69,
 0x73, 0x2e, 0x62, 0x61, 0x63, 0x6b, 0x77, 0x61,
 0x72, 0x64, 0x57, 0x6f, 0x72, 0x64, 0x20, 0x2a,
 0x2f, 0x2c, 0x0a, 0x20, 0x20, 0x20, 0x20, 0x20,
 0x20, 0x27, 0x5c, 0x78, 0x31, 0x62, 0x64, 0x27,
 0x3a, 0x20, 0x74, 0x68, 0x69, 0x73, 0x2e, 0x6b,
 0x69, 0x6c, 0x6c, 0x57, 0x6f, 0x72, 0x64, 0x20,
 0x2f, 0x2a, 0x20, 0x4d, 0x2d, 0x64, 0x20, 0x2d,
 0x20, 0x74, 0x68, 0x69, 0x73, 0x2e, 0x6b, 0x69,
 0x6c, 0x6c, 0x57, 0x6f, 0x72, 0x64, 0x20, 0x2a,
 0x2f, 0x2c, 0x0a, 0x20, 0x20, 0x20, 0x20, 0x20,
 0x20, 0x27, 0x5c, 0x78, 0x31, 0x62, 0x66, 0x27,
 0x3a, 0x20, 0x74, 0x68, 0x69, 0x73, 0x2e, 0x66,
 0x6f, 0x72, 0x77, 0x61, 0x72, 0x64, 0x57, 0x6f,
 0x72, 0x64, 0x20, 0x2f, 0x2a, 0x20, 0x4d, 0x2d,
 0x66, 0x20, 0x2d, 0x20, 0x74, 0x68, 0x69, 0x73,
 0x2e, 0x62, 0x61, 0x63, 0x6b, 0x77, 0x61, 0x72,
 0x64, 0x57, 0x6f, 0x72, 0x64, 0x20, 0x2a, 0x2f,
 0x2c, 0x0a, 0x20, 0x20, 0x20, 0x20, 0x20, 0x20,
 0x27, 0x5c, 0x78, 0x31, 0x62, 0x6b, 0x27, 0x3a,
 0x20, 0x74, 0x68, 0x69, 0x73, 0x2e, 0x62, 0x61,
 0x63, 0x6b, 0x77, 0x61, 0x72, 0x64, 0x4b, 0x69,
 0x6c, 0x6c, 0x4c, 0x69, 0x6e, 0x65, 0x20, 0x2f,
 0x2a, 0x20, 0x4d, 0x2d, 0x6b, 0x20, 0x2d, 0x20,
 0x74, 0x68, 0x69, 0x73, 0x2e, 0x62, 0x61, 0x63,
 0x6b, 0x77, 0x61, 0x72, 0x64, 0x4b, 0x69, 0x6c,
 0x6c, 0x4c, 0x69, 0x6e, 0x65, 0x20, 0x2a, 0x2f,
 0x2c, 0x0a, 0x20, 0x20, 0x20, 0x20, 0x20, 0x20,
 0x27, 0x5c, 0x78, 0x31, 0x62, 0x6c, 0x27, 0x3a,
 0x20, 0x74, 0x68, 0x69, 0x73, 0x2e, 0x64, 0x6f,
 0x77, 0x6e, 0x63, 0x61, 0x73, 0x65, 0x57, 0x6f,
 0x72, 0x64, 0x20, 0x2f, 0x2a, 0x20, 0x4d, 0x2d,
 0x6c, 0x20, 0x2d, 0x20, 0x74, 0x68, 0x69, 0x73,
 0x2e, 0x64, 0x6f, 0x77, 0x6e, 0x63, 0x61, 0x73,
 0x65, 0x57, 0x6f, 0x72, 0x64, 0x20, 0x2a, 0x2f,
 0x2c, 0x0a, 0x20, 0x20, 0x20, 0x20, 0x20, 0x20,
 0x27, 0x5c, 0x78, 0x31, 0x62, 0x74, 0x27, 0x3a,
 0x20, 0x74, 0x68, 0x69, 0x73, 0x2e, 0x74, 0x72,
 0x61, 0x6e, 0x73, 0x70, 0x6f, 0x73, 0x65, 0x57,
 0x6f, 0x72, 0x64, 0x73, 0x20, 0x2f, 0x2a, 0x20,
 0x4d, 0x2d, 0x74, 0x20, 0x2d, 0x20, 0x74, 0x68,
 0x69, 0x73, 0x2e, 0x74, 0x72, 0x61, 0x6e, 0x73,
 0x70, 0x6f, 0x73, 0x65, 0x57, 0x6f, 0x72, 0x64,
 0x73, 0x20, 0x2a, 0x2f, 0x2c, 0x0a, 0x20, 0x20,
 0x20, 0x20, 0x20, 0x20, 0x27, 0x5c, 0x78, 0x31,
 0x62, 0x75, 0x27, 0x3a, 0x20, 0x74, 0x68, 0x69,
 0x73, 0x2e, 0x75, 0x70, 0x63, 0x61, 0x73, 0x65,
 0x57, 0x6f, 0x72, 0x64, 0x20, 0x2f, 0x2a, 0x20,
 0x4d, 0x2d, 0x75, 0x20, 0x2d, 0x20, 0x74, 0x68,
 0x69, 0x73, 0x2e, 0x75, 0x70, 0x63, 0x61, 0x73,
 0x65, 0x57, 0x6f, 0x72, 0x64, 0x20, 0x2a, 0x2f,
 0x2c, 0x0a, 0x20, 0x20, 0x20, 0x20, 0x20, 0x20,
 0x27, 0x5c, 0x78, 0x37, 0x66, 0x27, 0x3a, 0x20,
 0x74, 0x68, 0x69, 0x73, 0x2e, 0x62, 0x61, 0x63,
 0x6b, 0x77, 0x61, 0x72, 0x64, 0x44, 0x65, 0x6c,
 0x65, 0x74, 0x65, 0x43, 0x68, 0x61, 0x72, 0x20,
 0x2f, 0x2a, 0x20, 0x5e, 0x3f, 0x20, 0x2d, 0x20,
 0x64, 0x65, 0x6c, 0x65, 0x74, 0x65, 0x20, 0x2a,
 0x2f, 0x2c, 0x0a, 0x20, 0x20, 0x20, 0x20, 0x7d,
 0x3b, 0x0a, 0x0a, 0x20, 0x20, 0x20, 0x20, 0x74,
 0x68, 0x69, 0x73, 0x2e, 0x63, 0x6f, 0x6d, 0x6d,
 0x61, 0x6e, 0x64, 0x73, 0x20, 0x3d, 0x20, 0x63,
 0x6f, 0x6d, 0x6d, 0x61, 0x6e, 0x64, 0x73, 0x20,
 0x2f, 0x2a, 0x3f, 0x3f, 0x20, 0x64, 0x65, 0x66,
 0x69, 0x6e, 0x65, 0x28, 0x0a, 0x20, 0x20, 0x20,
 0x20, 0x20, 0x20, 0x7b, 0x7d, 0x2c, 0x0a, 0x20,
 0x20, 0x20, 0x20, 0x20, 0x20, 0x4f, 0x62, 0x6a,
 0x65, 0x63, 0x74, 0x2e, 0x67, 0x65, 0x74, 0x4f,
 0x77, 0x6e, 0x50, 0x72, 0x6f, 0x70, 0x65, 0x72,
 0x74, 0x79, 0x4e, 0x61, 0x6d, 0x65, 0x73, 0x28,
 0x63, 0x6f, 0x6d, 0x6d, 0x61, 0x6e, 0x64, 0x73,
 0x29, 0x2e, 0x72, 0x65, 0x64, 0x75, 0x63, 0x65,
 0x28, 0x28, 0x61, 0x63, 0x63, 0x2c, 0x20, 0x6e,
 0x61, 0x6d, 0x65, 0x29, 0x20, 0x3d, 0x3e, 0x20,
 0x7b, 0x0a, 0x20, 0x20, 0x20, 0x20, 0x20, 0x20,
 0x20, 0x20, 0x61, 0x63, 0x63, 0x5b, 0x6e, 0x61,
 0x6d, 0x65, 0x5d, 0x20, 0x3d, 0x20, 0x63, 0x6f,
 0x6d, 0x6d, 0x61, 0x6e, 0x64, 0x73, 0x5b, 0x6e,
 0x61, 0x6d, 0x65, 0x5d, 0x2e, 0x62, 0x69, 0x6e,
 0x64, 0x28, 0x74, 0x68, 0x69, 0x73, 0x29, 0x3b,
 0x0a, 0x20, 0x20, 0x20, 0x20, 0x20, 0x20, 0x20,
 0x20, 0x72, 0x65, 0x74, 0x75, 0x72, 0x6e, 0x20,
 0x61, 0x63, 0x63, 0x3b, 0x0a, 0x20, 0x20, 0x20,
 0x20, 0x20, 0x20, 0x7d, 0x2c, 0x20, 0x7b, 0x7d,
 0x29, 0x0a, 0x20, 0x20, 0x20, 0x20, 0x29, 0x2a,
 0x2f, 0x3b, 0x0a, 0x0a, 0x20, 0x20, 0x20, 0x20,
 0x74, 0x68, 0x69, 0x73, 0x2e, 0x64, 0x69, 0x72,
 0x65, 0x63, 0x74, 0x69, 0x76, 0x65, 0x73, 0x20,
 0x3d, 0x20, 0x7b, 0x20, 0x2e, 0x2e, 0x2e, 0x74,
 0x68, 0x69, 0x73, 0x2e, 0x64, 0x69, 0x72, 0x65,
 0x63, 0x74, 0x69, 0x76, 0x65, 0x73, 0x20, 0x7d,
 0x3b, 0x0a, 0x0a, 0x20, 0x20, 0x20, 0x20, 0x69,
 0x66, 0x28, 0x74, 0x79, 0x70, 0x65, 0x6f, 0x66,
 0x20, 0x6e, 0x61, 0x6d, 0x65, 0x20, 0x3d, 0x3d,
 0x20, 0x27, 0x73, 0x74, 0x72, 0x69, 0x6e, 0x67,
 0x27, 0x29, 0x20, 0x74, 0x68, 0x69, 0x73, 0x2e,
 0x70, 0x73, 0x31, 0x20, 0x3d, 0x20, 0x6e, 0x61,
 0x6d, 0x65, 0x20, 0x2b, 0x20, 0x74, 0x68, 0x69,
 0x73, 0x2e, 0x70, 0x73, 0x31, 0x3b, 0x0a, 0x0a,
 0x20, 0x20, 0x20, 0x20, 0x69, 0x66, 0x28, 0x67,
 0x6c, 0x6f, 0x62, 0x61, 0x6c, 0x54, 0x68, 0x69,
 0x73, 0x2e, 0x63, 0x6f, 0x6e, 0x73, 0x6f, 0x6c,
 0x65, 0x29, 0x20, 0x74, 0x68, 0x69, 0x73, 0x2e,
 0x69, 0x6e, 0x73, 0x70, 0x65, 0x63, 0x74, 0x4f,
 0x70, 0x74, 0x69, 0x6f, 0x6e, 0x73, 0x20, 0x3f,
 0x3f, 0x3d, 0x20, 0x67, 0x6c, 0x6f, 0x62, 0x61,
 0x6c, 0x54, 0x68, 0x69, 0x73, 0x2e, 0x63, 0x6f,
 0x6e, 0x73, 0x6f, 0x6c, 0x65, 0x2e, 0x6f, 0x70,
 0x74, 0x69, 0x6f, 0x6e, 0x73, 0x3b, 0x0a, 0x0a,
 0x20, 0x20, 0x20, 0x20, 0x74, 0x68, 0x69, 0x73,
 0x2e, 0x74, 0x65, 0x72, 0x6d, 0x49, 0x6e, 0x69,
 0x74, 0x28, 0x29, 0x3b, 0x0a, 0x0a, 0x20, 0x20,
 0x20, 0x20, 0x73, 0x69, 0x67, 0x6e, 0x61, 0x6c,
 0x28, 0x53, 0x49, 0x47, 0x54, 0x45, 0x52, 0x4d,
 0x2c, 0x20, 0x28, 0x29, 0x20, 0x3d, 0x3e, 0x20,
 0x74, 0x68, 0x69, 0x73, 0x2e, 0x65, 0x78, 0x69,
 0x74, 0x28, 0x30, 0x29, 0x29, 0x3b, 0x0a, 0x0a,
 0x20, 0x20, 0x20, 0x20, 0x69, 0x66, 0x28, 0x6c,
 0x6f, 0x61, 0x64, 0x4d, 0x6f, 0x64, 0x75, 0x6c,
 0x65, 0x29, 0x20, 0x74, 0x68, 0x69, 0x73, 0x2e,
 0x6d, 0x6f, 0x64, 0x75, 0x6c, 0x65, 0x73, 0x4c,
 0x6f, 0x61, 0x64, 0x28, 0x29, 0x3b, 0x0a, 0x20,
 0x20, 0x20, 0x20, 0x74, 0x68, 0x69, 0x73, 0x2e,
 0x63, 0x6d, 0x64, 0x53, 0x74, 0x61, 0x72, 0x74,
 0x28, 0x73, 0x68, 0x6f, 0x77, 0x42, 0x61, 0x6e,
 0x6e, 0x65, 0x72, 0x29, 0x3b, 0x0a, 0x20, 0x20,
 0x7d, 0x0a, 0x0a, 0x20, 0x20, 0x6c, 0x6f, 0x61,
 0x64, 0x53, 0x61, 0x76, 0x65, 0x4f, 0x70, 0x74,
 0x69, 0x6f, 0x6e, 0x73, 0x28, 0x66, 0x69, 0x6c,
 0x65, 0x6e, 0x61, 0x6d, 0x65, 0x20, 0x3d, 0x20,
 0x74, 0x68, 0x69, 0x73, 0x2e, 0x6d, 0x61, 0x6b,
 0x65, 0x46, 0x69, 0x6c, 0x65, 0x6e, 0x61, 0x6d,
 0x65, 0x28, 0x27, 0x63, 0x6f, 0x6e, 0x66, 0x69,
 0x67, 0x27, 0x29, 0x29, 0x20, 0x7b, 0x0a, 0x20,
 0x20, 0x20, 0x20, 0x6c, 0x6f, 0x61, 0x64, 0x53,
 0x61, 0x76, 0x65, 0x4f, 0x62, 0x6a, 0x65, 0x63,
 0x74, 0x28, 0x74, 0x68, 0x69, 0x73, 0x2c, 0x20,
 0x27, 0x69, 0x6e, 0x73, 0x70, 0x65, 0x63, 0x74,
 0x4f, 0x70, 0x74, 0x69, 0x6f, 0x6e, 0x73, 0x27,
 0x2c, 0x20, 0x66, 0x69, 0x6c, 0x65, 0x6e, 0x61,
 0x6d, 0x65, 0x29, 0x3b, 0x0a, 0x20, 0x20, 0x7d,
 0x0a, 0x0a, 0x20, 0x20, 0x73, 0x61, 0x76, 0x65,
 0x4f, 0x70, 0x74, 0x69, 0x6f, 0x6e, 0x73, 0x28,
 0x66, 0x69, 0x6c, 0x65, 0x6e, 0x61, 0x6d, 0x65,
 0x20, 0x3d, 0x20, 0x74, 0x68, 0x69, 0x73, 0x2e,
 0x6d, 0x61, 0x6b, 0x65, 0x46, 0x69, 0x6c, 0x65,
 0x6e, 0x61, 0x6d, 0x65, 0x28, 0x27, 0x63, 0x6f,
 0x6e, 0x66, 0x69, 0x67, 0x27, 0x29, 0x29, 0x20,
 0x7b, 0x0a, 0x20, 0x20, 0x20, 0x20, 0x72, 0x65,
 0x74, 0x75, 0x72, 0x6e, 0x20, 0x73, 0x61, 0x76,
 0x65, 0x46, 0x69, 0x6c, 0x65, 0x28, 0x0a, 0x20,
 0x20, 0x20, 0x20, 0x20, 0x20, 0x66, 0x69, 0x6c,
 0x65, 0x6e, 0x61, 0x6d, 0x65, 0x2c, 0x0a, 0x20,
 0x20, 0x20, 0x20, 0x20, 0x20, 0x27, 0x28, 0x27,
 0x20, 0x2b, 0x0a, 0x20, 0x20, 0x20, 0x20, 0x20,
 0x20, 0x20, 0x20, 0x69, 0x6e, 0x73, 0x70, 0x65,
 0x63, 0x74, 0x28, 0x74, 0x68, 0x69, 0x73, 0x2e,
 0x69, 0x6e, 0x73, 0x70, 0x65, 0x63, 0x74, 0x4f,
 0x70, 0x74, 0x69, 0x6f, 0x6e, 0x73, 0x2c, 0x20,
 0x7b, 0x0a, 0x20, 0x20, 0x20, 0x20, 0x20, 0x20,
 0x20, 0x20, 0x20, 0x20, 0x63, 0x6f, 0x6c, 0x6f,
 0x72, 0x73, 0x3a, 0x20, 0x66, 0x61, 0x6c, 0x73,
 0x65, 0x2c, 0x0a, 0x20, 0x20, 0x20, 0x20, 0x20,
 0x20, 0x20, 0x20, 0x20, 0x20, 0x72, 0x65, 0x70,
 0x61, 0x72, 0x73, 0x65, 0x61, 0x62, 0x6c, 0x65,
 0x3a, 0x20, 0x74, 0x72, 0x75, 0x65, 0x2c, 0x0a,
 0x20, 0x20, 0x20, 0x20, 0x20, 0x20, 0x20, 0x20,
 0x20, 0x20, 0x63, 0x6f, 0x6d, 0x70, 0x61, 0x63,
 0x74, 0x3a, 0x20, 0x66, 0x61, 0x6c, 0x73, 0x65,
 0x2c, 0x0a, 0x20, 0x20, 0x20, 0x20, 0x20, 0x20,
 0x20, 0x20, 0x20, 0x20, 0x6d, 0x61, 0x78, 0x41,
 0x72, 0x72, 0x61, 0x79, 0x4c, 0x65, 0x6e, 0x67,
 0x74, 0x68, 0x3a, 0x20, 0x49, 0x6e, 0x66, 0x69,
 0x6e, 0x69, 0x74, 0x79, 0x2c, 0x0a, 0x20, 0x20,
 0x20, 0x20, 0x20, 0x20, 0x20, 0x20, 0x20, 0x20,
 0x6d, 0x61, 0x78, 0x53, 0x74, 0x72, 0x69, 0x6e,
 0x67, 0x4c, 0x65, 0x6e, 0x67, 0x74, 0x68, 0x3a,
 0x20, 0x49, 0x6e, 0x66, 0x69, 0x6e, 0x69, 0x74,
 0x79, 0x2c, 0x0a, 0x20, 0x20, 0x20, 0x20, 0x20,
 0x20, 0x20, 0x20, 0x7d, 0x29, 0x20, 0x2b, 0x0a,
 0x20, 0x20, 0x20, 0x20, 0x20, 0x20, 0x20, 0x20,
 0x27, 0x29, 0x5c, 0x6e, 0x27, 0x2c, 0x0a, 0x20,
 0x20, 0x20, 0x20, 0x29, 0x3b, 0x0a, 0x20, 0x20,
 0x7d, 0x0a, 0x0a, 0x20, 0x20, 0x61, 0x64, 0x64,
 0x43, 0x6c, 0x65, 0x61, 0x6e, 0x75, 0x70, 0x48,
 0x61, 0x6e, 0x64, 0x6c, 0x65, 0x72, 0x28, 0x66,
 0x6e, 0x29, 0x20, 0x7b, 0x0a, 0x20, 0x20, 0x20,
 0x20, 0x74, 0x68, 0x69, 0x73, 0x2e, 0x63, 0x6c,
 0x65, 0x61, 0x6e, 0x75, 0x70, 0x48, 0x61, 0x6e,
 0x64, 0x6c, 0x65, 0x72, 0x73, 0x2e, 0x61, 0x64,
 0x64, 0x28, 0x66, 0x6e, 0x29, 0x3b, 0x0a, 0x20,
 0x20, 0x7d, 0x0a, 0x0a, 0x20, 0x20, 0x65, 0x78,
 0x69, 0x74, 0x28, 0x65, 0x78, 0x69, 0x74, 0x43,
 0x6f, 0x64, 0x65, 0x20, 0x3d, 0x20, 0x30, 0x29,
 0x20, 0x7b, 0x0a, 0x20, 0x20, 0x20, 0x20, 0x66,
 0x6f, 0x72, 0x28, 0x63, 0x6f, 0x6e, 0x73, 0x74,
 0x20, 0x68, 0x61, 0x6e, 0x64, 0x6c, 0x65, 0x72,
 0x20, 0x6f, 0x66, 0x20, 0x74, 0x68, 0x69, 0x73,
 0x2e, 0x63, 0x6c, 0x65, 0x61, 0x6e, 0x75, 0x70,
 0x48, 0x61, 0x6e, 0x64, 0x6c, 0x65, 0x72, 0x73,
 0x29, 0x20, 0x68, 0x61, 0x6e, 0x64, 0x6c, 0x65,
 0x72, 0x2e, 0x63, 0x61, 0x6c, 0x6c, 0x28, 0x74,
 0x68, 0x69, 0x73, 0x29, 0x3b, 0x0a, 0x0a, 0x20,
 0x20, 0x20, 0x20, 0x74, 0x68, 0x69, 0x73, 0x2e,
 0x72, 0x75, 0x6e, 0x6e, 0x69, 0x6e, 0x67, 0x20,
 0x3d, 0x20, 0x66, 0x61, 0x6c, 0x73, 0x65, 0x3b,
 0x0a, 0x20, 0x20, 0x20, 0x20, 0x73, 0x74, 0x64,
 0x2e, 0x65, 0x78, 0x69, 0x74, 0x28, 0x65, 0x78,
 0x69, 0x74, 0x43, 0x6f, 0x64, 0x65, 0x29, 0x3b,
 0x0a, 0x20, 0x20, 0x7d, 0x0a, 0x0a, 0x20, 0x20,
 0x61, 0x62, 0x6f, 0x72, 0x74, 0x28, 0x29, 0x20,
 0x7b, 0x0a, 0x20, 0x20, 0x20, 0x20, 0x74, 0x68,
 0x69, 0x73, 0x2e, 0x63, 0x6d, 0x64, 0x20, 0x3d,
 0x20, 0x27, 0x27, 0x3b, 0x0a, 0x20, 0x20, 0x20,
 0x20, 0x74, 0x68, 0x69, 0x73, 0x2e, 0x63, 0x75,
 0x72, 0x73, 0x6f, 0x72, 0x50, 0x6f, 0x73, 0x20,
 0x3d, 0x20, 0x30, 0x3b, 0x0a, 0x20, 0x20, 0x20,
 0x20, 0x72, 0x65, 0x74, 0x75, 0x72, 0x6e, 0x20,
 0x2d, 0x32, 0x3b, 0x0a, 0x20, 0x20, 0x7d, 0x0a,
 0x0a, 0x20, 0x20, 0x61, 0x63, 0x63, 0x65, 0x70,
 0x74, 0x4c, 0x69, 0x6e, 0x65, 0x28, 0x29, 0x20,
 0x7b, 0x0a, 0x20, 0x20, 0x20, 0x20, 0x73, 0x74,
 0x64, 0x6f, 0x75, 0x74, 0x2e, 0x70, 0x75, 0x74,
 0x73, 0x28, 0x27, 0x5c, 0x6e, 0x27, 0x29, 0x3b,
 0x0a, 0x20, 0x20, 0x20, 0x20, 0x73, 0x74, 0x64,
 0x6f, 0x75, 0x74, 0x2e, 0x66, 0x6c, 0x75, 0x73,
 0x68, 0x28, 0x29, 0x3b, 0x0a, 0x20, 0x20, 0x20,
 0x20, 0x72, 0x65, 0x74, 0x75, 0x72, 0x6e, 0x20,
 0x2d, 0x31, 0x3b, 0x0a, 0x20, 0x20, 0x7d, 0x0a,
 0x0a, 0x20, 0x20, 0x61, 0x6c, 0x65, 0x72, 0x74,
 0x28, 0x29, 0x20, 0x7b, 0x7d, 0x0a, 0x0a, 0x20,
 0x20, 0x62, 0x61, 0x63, 0x6b, 0x77, 0x61, 0x72,
 0x64, 0x43, 0x68, 0x61, 0x72, 0x28, 0x29, 0x20,
 0x7b, 0x0a, 0x20, 0x20, 0x20, 0x20, 0x69, 0x66,
 0x28, 0x74, 0x68, 0x69, 0x73, 0x2e, 0x63, 0x75,
 0x72, 0x73, 0x6f, 0x72, 0x50, 0x6f, 0x73, 0x20,
 0x3e, 0x20, 0x30, 0x29, 0x20, 0x7b, 0x0a, 0x20,
 0x20, 0x20, 0x20, 0x20, 0x20, 0x74, 0x68, 0x69,
 0x73, 0x2e, 0x63, 0x75, 0x72, 0x73, 0x6f, 0x72,
 0x50, 0x6f, 0x73, 0x2d, 0x2d, 0x3b, 0x0a, 0x20,
 0x20, 0x20, 0x20, 0x20, 0x20, 0x77, 0x68, 0x69,
 0x6c, 0x65, 0x28, 0x69, 0x73, 0x54, 0x72, 0x61,
 0x69, 0x6c, 0x69, 0x6e, 0x67, 0x53, 0x75, 0x72,
 0x72, 0x6f, 0x67, 0x61, 0x74, 0x65, 0x28, 0x74,
 0x68, 0x69, 0x73, 0x2e, 0x63, 0x6d, 0x64, 0x2e,
 0x63, 0x68, 0x61, 0x72, 0x41, 0x74, 0x28, 0x74,
 0x68, 0x69, 0x73, 0x2e, 0x63, 0x75, 0x72, 0x73,
 0x6f, 0x72, 0x50, 0x6f, 0x73, 0x29, 0x29, 0x29,
 0x20, 0x74, 0x68, 0x69, 0x73, 0x2e, 0x63, 0x75,
 0x72, 0x73, 0x6f, 0x72, 0x50, 0x6f, 0x73, 0x2d,
 0x2d, 0x3b, 0x0a, 0x20, 0x20, 0x20, 0x20, 0x7d,
 0x0a, 0x20, 0x20, 0x7d, 0x0a, 0x0a, 0x20, 0x20,
 0x62, 0x61, 0x63, 0x6b, 0x77, 0x61, 0x72, 0x64,
 0x44, 0x65, 0x6c, 0x65, 0x74, 0x65, 0x43, 0x68,
 0x61, 0x72, 0x28, 0x29, 0x20, 0x7b, 0x0a, 0x20,
 0x20, 0x20, 0x20, 0x74, 0x68, 0x69, 0x73, 0x2e,
 0x64, 0x65, 0x6c, 0x65, 0x74, 0x65, 0x43, 0x68,
 0x61, 0x72, 0x44, 0x69, 0x72, 0x28, 0x2d, 0x31,
 0x29, 0x3b, 0x0a, 0x20, 0x20, 0x7d, 0x0a, 0x0a,
 0x20, 0x20, 0x62, 0x61, 0x63, 0x6b, 0x77, 0x61,
 0x72, 0x64, 0x4b, 0x69, 0x6c, 0x6c, 0x4c, 0x69,
 0x6e, 0x65, 0x28, 0x29, 0x20, 0x7b, 0x0a, 0x20,
 0x20, 0x20, 0x20, 0x74, 0x68, 0x69, 0x73, 0x2e,
 0x6b, 0x69, 0x6c, 0x6c, 0x52, 0x65, 0x67, 0x69,
 0x6f, 0x6e, 0x28, 0x30, 0x2c, 0x20, 0x74, 0x68,
 0x69, 0x73, 0x2e, 0x63, 0x75, 0x72, 0x73, 0x6f,
 0x72, 0x50, 0x6f, 0x73, 0x2c, 0x20, 0x2d, 0x31,
 0x29, 0x3b, 0x0a, 0x20, 0x20, 0x7d, 0x0a, 0x0a,
 0x20, 0x20, 0x62, 0x61, 0x63, 0x6b, 0x77, 0x61,
 0x72, 0x64, 0x4b, 0x69, 0x6c, 0x6c, 0x57, 0x6f,
 0x72, 0x64, 0x28, 0x29, 0x20, 0x7b, 0x0a, 0x20,
 0x20, 0x20, 0x20, 0x74, 0x68, 0x69, 0x73, 0x2e,
 0x6b, 0x69, 0x6c, 0x6c, 0x52, 0x65, 0x67, 0x69,
 0x6f, 0x6e, 0x28, 0x74, 0x68, 0x69, 0x73, 0x2e,
 0x73, 0x6b, 0x69, 0x70, 0x57, 0x6f, 0x72, 0x64,
 0x42, 0x61, 0x63, 0x6b, 0x77, 0x61, 0x72, 0x64,
 0x28, 0x74, 0x68, 0x69, 0x73, 0x2e, 0x63, 0x75,
 0x72, 0x73, 0x6f, 0x72, 0x50, 0x6f, 0x73, 0x29,
 0x2c, 0x20, 0x74, 0x68, 0x69, 0x73, 0x2e, 0x63,
 0x75, 0x72, 0x73, 0x6f, 0x72, 0x50, 0x6f, 0x73,
 0x2c, 0x20, 0x2d, 0x31, 0x29, 0x3b, 0x0a, 0x20,
 0x20, 0x7d, 0x0a, 0x0a, 0x20, 0x20, 0x62, 0x61,
 0x63, 0x6b, 0x77, 0x61, 0x72, 0x64, 0x57, 0x6f,
 0x72, 0x64, 0x28, 0x29, 0x20, 0x7b, 0x0a, 0x20,
 0x20, 0x20, 0x20, 0x74, 0x68, 0x69, 0x73, 0x2e,
 0x63, 0x75, 0x72, 0x73, 0x6f, 0x72, 0x50, 0x6f,
 0x73, 0x20, 0x3d, 0x20, 0x74, 0x68, 0x69, 0x73,
 0x2e, 0x73, 0x6b, 0x69, 0x70, 0x57, 0x6f, 0x72,
 0x64, 0x42, 0x61, 0x63, 0x6b, 0x77, 0x61, 0x72,
 0x64, 0x28, 0x74, 0x68, 0x69, 0x73, 0x2e, 0x63,
 0x75, 0x72, 0x73, 0x6f, 0x72, 0x50, 0x6f, 0x73,
 0x29, 0x3b, 0x0a, 0x20, 0x20, 0x7d, 0x0a, 0x0a,
 0x20, 0x20, 0x62, 0x65, 0x67, 0x69, 0x6e, 0x6e,
 0x69, 0x6e, 0x67, 0x4f, 0x66, 0x4c, 0x69, 0x6e,
 0x65, 0x28, 0x29, 0x20, 0x7b, 0x0a, 0x20, 0x20,
 0x20, 0x20, 0x74, 0x68, 0x69, 0x73, 0x2e, 0x63,
 0x75, 0x72, 0x73, 0x6f, 0x72, 0x50, 0x6f, 0x73,
 0x20, 0x3d, 0x20, 0x30, 0x3b, 0x0a, 0x20, 0x20,
 0x7d, 0x0a, 0x0a, 0x20, 0x20, 0x62, 0x69, 0x67,
 0x66, 0x6c, 0x6f, 0x61, 0x74, 0x54, 0x6f, 0x53,
 0x74, 0x72, 0x69, 0x6e, 0x67, 0x28, 0x61, 0x2c,
 0x20, 0x72, 0x61, 0x64, 0x69, 0x78, 0x29, 0x20,
 0x7b, 0x0a, 0x20, 0x20, 0x20, 0x20, 0x76, 0x61,
 0x72, 0x20, 0x73, 0x20, 0x3d, 0x20, 0x6e, 0x75,
 0x6c, 0x6c, 0x3b, 0x0a, 0x20, 0x20, 0x20, 0x20,
 0x69, 0x66, 0x28, 0x21, 0x42, 0x69, 0x67, 0x46,
 0x6c, 0x6f, 0x61, 0x74, 0x2e, 0x69, 0x73, 0x46,
 0x69, 0x6e, 0x69, 0x74, 0x65, 0x28, 0x61, 0x29,
 0x29, 0x20, 0x7b, 0x0a, 0x20, 0x20, 0x20, 0x20,
 0x20, 0x20, 0x2f, 0x2a, 0x20, 0x4e, 0x61, 0x4e,
 0x2c, 0x20, 0x49, 0x6e, 0x66, 0x69, 0x6e, 0x69,
 0x74, 0x65, 0x20, 0x2a, 0x2f, 0x0a, 0x20, 0x20,
 0x20, 0x20, 0x20, 0x20, 0x69, 0x66, 0x28, 0x65,
 0x76, 0x61, 0x6c, 0x4d, 0x6f, 0x64, 0x65, 0x20,
 0x21, 0x3d, 0x3d, 0x20, 0x27, 0x6d, 0x61, 0x74,
 0x68, 0x27, 0x29, 0x20, 0x7b, 0x0a, 0x20, 0x20,
 0x20, 0x20, 0x20, 0x20, 0x20, 0x20, 0x72, 0x65,
 0x74, 0x75, 0x72, 0x6e, 0x20, 0x27, 0x42, 0x69,
 0x67, 0x46, 0x6c, 0x6f, 0x61, 0x74, 0x28, 0x27,
 0x20, 0x2b, 0x20, 0x61, 0x2e, 0x74, 0x6f, 0x53,
 0x74, 0x72, 0x69, 0x6e, 0x67, 0x28, 0x29, 0x20,
 0x2b, 0x20, 0x27, 0x29, 0x27, 0x3b, 0x0a, 0x20,
 0x20, 0x20, 0x20, 0x20, 0x20, 0x7d, 0x20, 0x65,
 0x6c, 0x73, 0x65, 0x20, 0x7b, 0x0a, 0x20, 0x20,
 0x20, 0x20, 0x20, 0x20, 0x20, 0x20, 0x72, 0x65,
 0x74, 0x75, 0x72, 0x6e, 0x20, 0x61, 0x2e, 0x74,
 0x6f, 0x53, 0x74, 0x72, 0x69, 0x6e, 0x67, 0x28,
 0x29, 0x3b, 0x0a, 0x20, 0x20, 0x20, 0x20, 0x20,
 0x20, 0x7d, 0x0a, 0x20, 0x20, 0x20, 0x20, 0x7d,
 0x20, 0x65, 0x6c, 0x73, 0x65, 0x20, 0x7b, 0x0a,
 0x20, 0x20, 0x20, 0x20, 0x20, 0x20, 0x69, 0x66,
 0x28, 0x61, 0x20, 0x3d, 0x3d, 0x20, 0x30, 0x29,
 0x20, 0x7b, 0x0a, 0x20, 0x20, 0x20, 0x20, 0x20,
 0x20, 0x20, 0x20, 0x69, 0x66, 0x28, 0x31, 0x20,
 0x2f, 0x20, 0x61, 0x20, 0x3c, 0x20, 0x30, 0x29,
 0x20, 0x73, 0x20, 0x3d, 0x20, 0x27, 0x2d, 0x30,
 0x27, 0x3b, 0x0a, 0x20, 0x20, 0x20, 0x20, 0x20,
 0x20, 0x20, 0x20, 0x65, 0x6c, 0x73, 0x65, 0x20,
 0x73, 0x20, 0x3d, 0x20, 0x27, 0x30, 0x27, 0x3b,
 0x0a, 0x20, 0x20, 0x20, 0x20, 0x20, 0x20, 0x7d,
 0x20, 0x65, 0x6c, 0x73, 0x65, 0x20, 0x7b, 0x0a,
 0x20, 0x20, 0x20, 0x20, 0x20, 0x20, 0x20, 0x20,
 0x69, 0x66, 0x28, 0x72, 0x61, 0x64, 0x69, 0x78,
 0x20, 0x3d, 0x3d, 0x20, 0x31, 0x36, 0x29, 0x20,
 0x7b, 0x0a, 0x20, 0x20, 0x20, 0x20, 0x20, 0x20,
 0x20, 0x20, 0x20, 0x20, 0x76, 0x61, 0x72, 0x20,
 0x73, 0x20, 0x3d, 0x20, 0x6e, 0x75, 0x6c, 0x6c,
 0x3b, 0x0a, 0x20, 0x20, 0x20, 0x20, 0x20, 0x20,
 0x20, 0x20, 0x20, 0x20, 0x69, 0x66, 0x28, 0x61,
 0x20, 0x3c, 0x20, 0x30, 0x29, 0x20, 0x7b, 0x0a,
 0x20, 0x20, 0x20, 0x20, 0x20, 0x20, 0x20, 0x20,
 0x20, 0x20, 0x20, 0x20, 0x61, 0x20, 0x3d, 0x20,
 0x2d, 0x61, 0x3b, 0x0a, 0x20, 0x20, 0x20, 0x20,
 0x20, 0x20, 0x20, 0x20, 0x20, 0x20, 0x20, 0x20,
 0x73, 0x20, 0x3d, 0x20, 0x27, 0x2d, 0x27, 0x3b,
 0x0a, 0x20, 0x20, 0x20, 0x20, 0x20, 0x20, 0x20,
 0x20, 0x20, 0x20, 0x7d, 0x20, 0x65, 0x6c, 0x73,
 0x65, 0x20, 0x7b, 0x0a, 0x20, 0x20, 0x20, 0x20,
 0x20, 0x20, 0x20, 0x20, 0x20, 0x20, 0x20, 0x20,
 0x73, 0x20, 0x3d, 0x20, 0x27, 0x27, 0x3b, 0x0a,
 0x20, 0x20, 0x20, 0x20, 0x20, 0x20, 0x20, 0x20,
 0x20, 0x20, 0x7d, 0x0a, 0x20, 0x20, 0x20, 0x20,
 0x20, 0x20, 0x20, 0x20, 0x20, 0x20, 0x73, 0x20,
 0x2b, 0x3d, 0x20, 0x27, 0x30, 0x78, 0x27, 0x20,
 0x2b, 0x20, 0x61, 0x2e, 0x74, 0x6f, 0x53, 0x74,
 0x72, 0x69, 0x6e, 0x67, 0x28, 0x31, 0x36, 0x29,
 0x3b, 0x0a, 0x20, 0x20, 0x20, 0x20, 0x20, 0x20,
 0x20, 0x20, 0x7d, 0x20, 0x65, 0x6c, 0x73, 0x65,
 0x20, 0x7b, 0x0a, 0x20, 0x20, 0x20, 0x20, 0x20,
 0x20, 0x20, 0x20, 0x20, 0x20, 0x73, 0x20, 0x3d,
 0x20, 0x61, 0x2e, 0x74, 0x6f, 0x53, 0x74, 0x72,
 0x69, 0x6e, 0x67, 0x28, 0x29, 0x3b, 0x0a, 0x20,
 0x20, 0x20, 0x20, 0x20, 0x20, 0x20, 0x20, 0x7d,
 0x0a, 0x20, 0x20, 0x20, 0x20, 0x20, 0x20, 0x7d,
 0x0a, 0x20, 0x20, 0x20, 0x20, 0x20, 0x20, 0x69,
 0x66, 0x28, 0x74, 0x79, 0x70, 0x65, 0x6f, 0x66,
 0x20, 0x61, 0x20, 0x3d, 0x3d, 0x3d, 0x20, 0x27,
 0x62, 0x69, 0x67, 0x66, 0x6c, 0x6f, 0x61, 0x74,
 0x27, 0x20, 0x26, 0x26, 0x20, 0x65, 0x76, 0x61,
 0x6c, 0x4d, 0x6f, 0x64, 0x65, 0x20, 0x21, 0x3d,
 0x3d, 0x20, 0x27, 0x6d, 0x61, 0x74, 0x68, 0x27,
 0x29, 0x20, 0x7b, 0x0a, 0x20, 0x20, 0x20, 0x20,
 0x20, 0x20, 0x20, 0x20, 0x73, 0x20, 0x2b, 0x3d,
 0x20, 0x27, 0x6c, 0x27, 0x3b, 0x0a, 0x20, 0x20,
 0x20, 0x20, 0x20, 0x20, 0x7d, 0x20, 0x65, 0x6c,
 0x73, 0x65, 0x20, 0x69, 0x66, 0x28, 0x65, 0x76,
 0x61, 0x6c, 0x4d, 0x6f, 0x64, 0x65, 0x20, 0x21,
 0x3d, 0x3d, 0x20, 0x27, 0x73, 0x74, 0x64, 0x27,
 0x20, 0x26, 0x26, 0x20, 0x73, 0x2e, 0x69, 0x6e,
 0x64, 0x65, 0x78, 0x4f, 0x66, 0x28, 0x27, 0x2e,
 0x27, 0x29, 0x20, 0x3c, 0x20, 0x30, 0x20, 0x26,
 0x26, 0x20, 0x28, 0x28, 0x72, 0x61, 0x64, 0x69,
 0x78, 0x20, 0x3d, 0x3d, 0x20, 0x31, 0x36, 0x20,
 0x26, 0x26, 0x20, 0x73, 0x2e, 0x69, 0x6e, 0x64,
 0x65, 0x78, 0x4f, 0x66, 0x28, 0x27, 0x70, 0x27,
 0x29, 0x20, 0x3c, 0x20, 0x30, 0x29, 0x20, 0x7c,
 0x7c, 0x20, 0x28, 0x72, 0x61, 0x64, 0x69, 0x78,
 0x20, 0x3d, 0x3d, 0x20, 0x31, 0x30, 0x20, 0x26,
 0x26, 0x20, 0x73, 0x2e, 0x69, 0x6e, 0x64, 0x65,
 0x78, 0x4f, 0x66, 0x28, 0x27, 0x65, 0x27, 0x29,
 0x20, 0x3c, 0x20, 0x30, 0x29, 0x29, 0x29, 0x20,
 0x7b, 0x0a, 0x20, 0x20, 0x20, 0x20, 0x20, 0x20,
 0x20, 0x20, 0x2f, 0x2a, 0x20, 0x61, 0x64, 0x64,
 0x20, 0x61, 0x20, 0x64, 0x65, 0x63, 0x69, 0x6d,
 0x61, 0x6c, 0x20, 0x70, 0x6f, 0x69, 0x6e, 0x74,
 0x20, 0x73, 0x6f, 0x20, 0x74, 0x68, 0x61, 0x74,
 0x20, 0x74, 0x68, 0x65, 0x20, 0x66, 0x6c, 0x6f,
 0x61, 0x74, 0x69, 0x6e, 0x67, 0x20, 0x70, 0x6f,
 0x69, 0x6e, 0x74, 0x20, 0x74, 0x79, 0x70, 0x65,
 0x20, 0x69, 0x73, 0x20, 0x76, 0x69, 0x73, 0x69,
 0x62, 0x6c, 0x65, 0x20, 0x2a, 0x2f, 0x0a, 0x20,
 0x20, 0x20, 0x20, 0x20, 0x20, 0x20, 0x20, 0x73,
 0x20, 0x2b, 0x3d, 0x20, 0x27, 0x2e, 0x30, 0x27,
 0x3b, 0x0a, 0x20, 0x20, 0x20, 0x20, 0x20, 0x20,
 0x7d, 0x0a, 0x20, 0x20, 0x20, 0x20, 0x20, 0x20,
 0x72, 0x65, 0x74, 0x75, 0x72, 0x6e, 0x20, 0x73,
 0x3b, 0x0a, 0x20, 0x20, 0x20, 0x20, 0x7d, 0x0a,
 0x20, 0x20, 0x7d, 0x0a, 0x0a, 0x20, 0x20, 0x62,
 0x69, 0x67, 0x69, 0x6e, 0x74, 0x54, 0x6f, 0x53,
 0x74, 0x72, 0x69, 0x6e, 0x67, 0x28, 0x61, 0x2c,
 0x20, 0x72, 0x61, 0x64, 0x69, 0x78, 0x29, 0x20,
 0x7b, 0x0a, 0x20, 0x20, 0x20, 0x20, 0x76, 0x61,
 0x72, 0x20, 0x73, 0x20, 0x3d, 0x20, 0x6e, 0x75,
 0x6c, 0x6c, 0x3b, 0x0a, 0x20, 0x20, 0x20, 0x20,
 0x69, 0x66, 0x28, 0x72, 0x61, 0x64, 0x69, 0x78,
 0x20, 0x3d, 0x3d, 0x20, 0x31, 0x36, 0x29, 0x20,
 0x7b, 0x0a, 0x20, 0x20, 0x20, 0x20, 0x20, 0x20,
 0x76, 0x61, 0x72, 0x20, 0x73, 0x20, 0x3d, 0x20,
 0x6e, 0x75, 0x6c, 0x6c, 0x3b, 0x0a, 0x20, 0x20,
 0x20, 0x20, 0x20, 0x20, 0x69, 0x66, 0x28, 0x61,
 0x20, 0x3c, 0x20, 0x30, 0x29, 0x20, 0x7b, 0x0a,
 0x20, 0x20, 0x20, 0x20, 0x20, 0x20, 0x20, 0x20,
 0x61, 0x20, 0x3d, 0x20, 0x2d, 0x61, 0x3b, 0x0a,
 0x20, 0x20, 0x20, 0x20, 0x20, 0x20, 0x20, 0x20,
 0x73, 0x20, 0x3d, 0x20, 0x27, 0x2d, 0x27, 0x3b,
 0x0a, 0x20, 0x20, 0x20, 0x20, 0x20, 0x20, 0x7d,
 0x20, 0x65, 0x6c, 0x73, 0x65, 0x20, 0x7b, 0x0a,
 0x20, 0x20, 0x20, 0x20, 0x20, 0x20, 0x20, 0x20,
 0x73, 0x20, 0x3d, 0x20, 0x27, 0x27, 0x3b, 0x0a,
 0x20, 0x20, 0x20, 0x20, 0x20, 0x20, 0x7d, 0x0a,
 0x20, 0x20, 0x20, 0x20, 0x20, 0x20, 0x73, 0x20,
 0x2b, 0x3d, 0x20, 0x27, 0x30, 0x78, 0x27, 0x20,
 0x2b, 0x20, 0x61, 0x2e, 0x74, 0x6f, 0x53, 0x74,
 0x72, 0x69, 0x6e, 0x67, 0x28, 0x31, 0x36, 0x29,
 0x3b, 0x0a, 0x20, 0x20, 0x20, 0x20, 0x7d, 0x20,
 0x65, 0x6c, 0x73, 0x65, 0x20, 0x7b, 0x0a, 0x20,
 0x20, 0x20, 0x20, 0x20, 0x20, 0x73, 0x20, 0x3d,
 0x20, 0x61, 0x2e, 0x74, 0x6f, 0x53, 0x74, 0x72,
 0x69, 0x6e, 0x67, 0x28, 0x29, 0x3b, 0x0a, 0x20,
 0x20, 0x20, 0x20, 0x7d, 0x0a, 0x20, 0x20, 0x20,
 0x20, 0x69, 0x66, 0x28, 0x65, 0x76, 0x61, 0x6c,
 0x4d, 0x6f, 0x64, 0x65, 0x20, 0x3d, 0x3d, 0x3d,
 0x20, 0x27, 0x73, 0x74, 0x64, 0x27, 0x29, 0x20,
 0x73, 0x20, 0x2b, 0x3d, 0x20, 0x27, 0x6e, 0x27,
 0x3b, 0x0a, 0x20, 0x20, 0x20, 0x20, 0x72, 0x65,
 0x74, 0x75, 0x72, 0x6e, 0x20, 0x73, 0x3b, 0x0a,
 0x20, 0x20, 0x7d, 0x0a, 0x0a, 0x20, 0x20, 0x63,
 0x6d, 0x64, 0x52, 0x65, 0x61, 0x64, 0x6c, 0x69,
 0x6e, 0x65, 0x53, 0x74, 0x61, 0x72, 0x74, 0x28,
 0x29, 0x20, 0x7b, 0x0a, 0x20, 0x20, 0x20, 0x20,
 0x74, 0x68, 0x69, 0x73, 0x2e, 0x72, 0x65, 0x61,
 0x64, 0x6c, 0x69, 0x6e, 0x65, 0x53, 0x74, 0x61,
 0x72, 0x74, 0x28, 0x74, 0x68, 0x69, 0x73, 0x2e,
 0x64, 0x75, 0x70, 0x73, 0x74, 0x72, 0x28, 0x27,
 0x20, 0x20, 0x20, 0x20, 0x27, 0x2c, 0x20, 0x74,
 0x68, 0x69, 0x73, 0x2e, 0x6c, 0x65, 0x76, 0x65,
 0x6c, 0x29, 0x2c, 0x20, 0x74, 0x68, 0x69, 0x73,
 0x2e, 0x72, 0x65, 0x61, 0x64, 0x6c, 0x69, 0x6e,
 0x65, 0x48, 0x61, 0x6e, 0x64, 0x6c, 0x65, 0x43,
 0x6d, 0x64, 0x29, 0x3b, 0x0a, 0x20, 0x20, 0x7d,
 0x0a, 0x0a, 0x20, 0x20, 0x63, 0x6d, 0x64, 0x53,
 0x74, 0x61, 0x72, 0x74, 0x28, 0x73, 0x68, 0x6f,
 0x77, 0x42, 0x61, 0x6e, 0x6e, 0x65, 0x72, 0x20,
 0x3d, 0x20, 0x74, 0x72, 0x75, 0x65, 0x29, 0x20,
 0x7b, 0x0a, 0x20, 0x20, 0x20, 0x20, 0x69, 0x66,
 0x28, 0x73, 0x68, 0x6f, 0x77, 0x42, 0x61, 0x6e,
 0x6e, 0x65, 0x72, 0x29, 0x20, 0x70, 0x75, 0x74,
 0x42, 0x61, 0x6e, 0x6e, 0x65, 0x72, 0x28, 0x29,
 0x3b, 0x0a, 0x0a, 0x20, 0x20, 0x20, 0x20, 0x69,
 0x66, 0x28, 0x68, 0x61, 0x73, 0x42, 0x69, 0x67,
 0x6e, 0x75, 0x6d, 0x29, 0x20, 0x7b, 0x0a, 0x20,
 0x20, 0x20, 0x20, 0x20, 0x20, 0x6c, 0x6f, 0x67,
 0x32, 0x5f, 0x31, 0x30, 0x20, 0x3d, 0x20, 0x4d,
 0x61, 0x74, 0x68, 0x2e, 0x6c, 0x6f, 0x67, 0x28,
 0x31, 0x30, 0x29, 0x20, 0x2f, 0x20, 0x4d, 0x61,
 0x74, 0x68, 0x2e, 0x6c, 0x6f, 0x67, 0x28, 0x32,
 0x29, 0x3b, 0x0a, 0x20, 0x20, 0x20, 0x20, 0x20,
 0x20, 0x70, 0x72, 0x65, 0x63, 0x20, 0x3d, 0x20,
 0x31, 0x31, 0x33, 0x3b, 0x0a, 0x20, 0x20, 0x20,
 0x20, 0x20, 0x20, 0x65, 0x78, 0x70, 0x42, 0x69,
 0x74, 0x73, 0x20, 0x3d, 0x20, 0x31, 0x35, 0x3b,
 0x0a, 0x20, 0x20, 0x20, 0x20, 0x20, 0x20, 0x69,
 0x66, 0x28, 0x68, 0x61, 0x73, 0x4a, 0x73, 0x63,
 0x61, 0x6c, 0x63, 0x29, 0x20, 0x7b, 0x0a, 0x20,
 0x20, 0x20, 0x20, 0x20, 0x20, 0x20, 0x20, 0x65,
 0x76, 0x61, 0x6c, 0x4d, 0x6f, 0x64, 0x65, 0x20,
 0x3d, 0x20, 0x27, 0x6d, 0x61, 0x74, 0x68, 0x27,
 0x3b, 0x0a, 0x20, 0x20, 0x20, 0x20, 0x20, 0x20,
 0x20, 0x20, 0x2f, 0x2a, 0x20, 0x58, 0x58, 0x58,
 0x3a, 0x20, 0x6e, 0x75, 0x6d, 0x65, 0x72, 0x69,
 0x63, 0x20, 0x6d, 0x6f, 0x64, 0x65, 0x20, 0x73,
 0x68, 0x6f, 0x75, 0x6c, 0x64, 0x20, 0x61, 0x6c,
 0x77, 0x61, 0x79, 0x73, 0x20, 0x62, 0x65, 0x20,
 0x74, 0x68, 0x65, 0x20, 0x64, 0x65, 0x66, 0x61,
 0x75, 0x6c, 0x74, 0x20, 0x3f, 0x20, 0x2a, 0x2f,
 0x0a, 0x20, 0x20, 0x20, 0x20, 0x20, 0x20, 0x20,
 0x20, 0x67, 0x6c, 0x6f, 0x62, 0x61, 0x6c, 0x54,
 0x68, 0x69, 0x73, 0x2e, 0x61, 0x6c, 0x67, 0x65,
 0x62, 0x72, 0x61, 0x69, 0x63, 0x4d, 0x6f, 0x64,
 0x65, 0x20, 0x3d, 0x20, 0x63, 0x6f, 0x6e, 0x66,
 0x69, 0x67, 0x4e, 0x75, 0x6d, 0x63, 0x61, 0x6c,
 0x63, 0x3b, 0x0a, 0x20, 0x20, 0x20, 0x20, 0x20,
 0x20, 0x7d, 0x0a, 0x20, 0x20, 0x20, 0x20, 0x7d,
 0x0a, 0x0a, 0x20, 0x20, 0x20, 0x20, 0x74, 0x68,
 0x69, 0x73, 0x2e, 0x63, 0x6d, 0x64, 0x52, 0x65,
 0x61, 0x64, 0x6c, 0x69, 0x6e, 0x65, 0x53, 0x74,
 0x61, 0x72, 0x74, 0x28, 0x29, 0x3b, 0x0a, 0x20,
 0x20, 0x7d, 0x0a, 0x0a, 0x20, 0x20, 0x63, 0x6f,
 0x6c, 0x6f, 0x72, 0x69, 0x7a, 0x65, 0x4a, 0x73,
 0x28, 0x73, 0x74, 0x72, 0x29, 0x20, 0x7b, 0x0a,
 0x20, 0x20, 0x20, 0x20, 0x76, 0x61, 0x72, 0x20,
 0x69, 0x2c, 0x0a, 0x20, 0x20, 0x20, 0x20, 0x20,
 0x20, 0x63, 0x2c, 0x0a, 0x20, 0x20, 0x20, 0x20,
 0x20, 0x20, 0x73, 0x74, 0x61, 0x72, 0x74, 0x2c,
 0x0a, 0x20, 0x20, 0x20, 0x20, 0x20, 0x20, 0x6e,
 0x20, 0x3d, 0x20, 0x73, 0x74, 0x72, 0x2e, 0x6c,
 0x65, 0x6e, 0x67, 0x74, 0x68, 0x3b, 0x0a, 0x20,
 0x20, 0x20, 0x20, 0x76, 0x61, 0x72, 0x20, 0x73,
 0x74, 0x79, 0x6c, 0x65, 0x2c, 0x0a, 0x20, 0x20,
 0x20, 0x20, 0x20, 0x20, 0x73, 0x74, 0x61, 0x74,
 0x65, 0x20, 0x3d, 0x20, 0x27, 0x27, 0x2c, 0x0a,
 0x20, 0x20, 0x20, 0x20, 0x20, 0x20, 0x6c, 0x65,
 0x76, 0x65, 0x6c, 0x20, 0x3d, 0x20, 0x30, 0x3b,
 0x0a, 0x20, 0x20, 0x20, 0x20, 0x76, 0x61, 0x72,
 0x20, 0x70, 0x72, 0x69, 0x6d, 0x61, 0x72, 0x79,
 0x2c, 0x0a, 0x20, 0x20, 0x20, 0x20, 0x20, 0x20,
 0x63, 0x61, 0x6e, 0x52, 0x65, 0x67, 0x65, 0x78,
 0x20, 0x3d, 0x20, 0x31, 0x3b, 0x0a, 0x20, 0x20,
 0x20, 0x20, 0x76, 0x61, 0x72, 0x20, 0x72, 0x20,
 0x3d, 0x20, 0x5b, 0x5d, 0x3b, 0x0a, 0x0a, 0x20,
 0x20, 0x20, 0x20, 0x66, 0x75, 0x6e, 0x63, 0x74,
 0x69, 0x6f, 0x6e, 0x20, 0x70, 0x75, 0x73, 0x68,
 0x53, 0x74, 0x61, 0x74, 0x65, 0x28, 0x63, 0x29,
 0x20, 0x7b, 0x0a, 0x20, 0x20, 0x20, 0x20, 0x20,
 0x20, 0x73, 0x74, 0x61, 0x74, 0x65, 0x20, 0x2b,
 0x3d, 0x20, 0x63, 0x3b, 0x0a, 0x20, 0x20, 0x20,
 0x20, 0x7d, 0x0a, 0x20, 0x20, 0x20, 0x20, 0x66,
 0x75, 0x6e, 0x63, 0x74, 0x69, 0x6f, 0x6e, 0x20,
 0x6c, 0x61, 0x73, 0x74, 0x53, 0x74, 0x61, 0x74,
 0x65, 0x28, 0x63, 0x29, 0x20, 0x7b, 0x0a, 0x20,
 0x20, 0x20, 0x20, 0x20, 0x20, 0x72, 0x65, 0x74,
 0x75, 0x72, 0x6e, 0x20, 0x73, 0x74, 0x61, 0x74,
 0x65, 0x2e, 0x73, 0x75, 0x62, 0x73, 0x74, 0x72,
 0x69, 0x6e, 0x67, 0x28, 0x73, 0x74, 0x61, 0x74,
 0x65, 0x2e, 0x6c, 0x65, 0x6e, 0x67, 0x74, 0x68,
 0x20, 0x2d, 0x20, 0x31, 0x29, 0x3b, 0x0a, 0x20,
 0x20, 0x20, 0x20, 0x7d, 0x0a, 0x20, 0x20, 0x20,
 0x20, 0x66, 0x75, 0x6e, 0x63, 0x74, 0x69, 0x6f,
 0x6e, 0x20, 0x70, 0x6f, 0x70, 0x53, 0x74, 0x61,
 0x74, 0x65, 0x28, 0x63, 0x29, 0x20, 0x7b, 0x0a,
 0x20, 0x20, 0x20, 0x20, 0x20, 0x20, 0x76, 0x61,
 0x72, 0x20, 0x63, 0x20, 0x3d, 0x20, 0x6c, 0x61,
 0x73, 0x74, 0x53, 0x74, 0x61, 0x74, 0x65, 0x28,
 0x29, 0x3b, 0x0a, 0x20, 0x20, 0x20, 0x20, 0x20,
 0x20, 0x73, 0x74, 0x61, 0x74, 0x65, 0x20, 0x3d,
 0x20, 0x73, 0x74, 0x61, 0x74, 0x65, 0x2e, 0x73,
 0x75, 0x62, 0x73, 0x74, 0x72, 0x69, 0x6e, 0x67,
 0x28, 0x30, 0x2c, 0x20, 0x73, 0x74, 0x61, 0x74,
 0x65, 0x2e, 0x6c, 0x65, 0x6e, 0x67, 0x74, 0x68,
 0x20, 0x2d, 0x20, 0x31, 0x29, 0x3b, 0x0a, 0x20,
 0x20, 0x20, 0x20, 0x20, 0x20, 0x72, 0x65, 0x74,
 0x75, 0x72, 0x6e, 0x20, 0x63, 0x3b, 0x0a, 0x20,
 0x20, 0x20, 0x20, 0x7d, 0x0a, 0x0a, 0x20, 0x20,
 0x20, 0x20, 0x66, 0x75, 0x6e, 0x63, 0x74, 0x69,
 0x6f, 0x6e, 0x20, 0x70, 0x61, 0x72, 0x73, 0x65,
 0x42, 0x6c, 0x6f, 0x63, 0x6b, 0x43, 0x6f, 0x6d,
 0x6d, 0x65, 0x6e, 0x74, 0x28, 0x29, 0x20, 0x7b,
 0x0a, 0x20, 0x20, 0x20, 0x20, 0x20, 0x20, 0x73,
 0x74, 0x79, 0x6c, 0x65, 0x20, 0x3d, 0x20, 0x27,
 0x63, 0x6f, 0x6d, 0x6d, 0x65, 0x6e, 0x74, 0x27,
 0x3b, 0x0a, 0x20, 0x20, 0x20, 0x20, 0x20, 0x20,
 0x70, 0x75, 0x73, 0x68, 0x53, 0x74, 0x61, 0x74,
 0x65, 0x28, 0x27, 0x2f, 0x27, 0x29, 0x3b, 0x0a,
 0x20, 0x20, 0x20, 0x20, 0x20, 0x20, 0x66, 0x6f,
 0x72, 0x28, 0x69, 0x2b, 0x2b, 0x3b, 0x20, 0x69,
 0x20, 0x3c, 0x20, 0x6e, 0x20, 0x2d, 0x20, 0x31,
 0x3b, 0x20, 0x69, 0x2b, 0x2b, 0x29, 0x20, 0x7b,
 0x0a, 0x20, 0x20, 0x20, 0x20, 0x20, 0x20, 0x20,
 0x20, 0x69, 0x66, 0x28, 0x73, 0x74, 0x72, 0x5b,
 0x69, 0x5d, 0x20, 0x3d, 0x3d, 0x20, 0x27, 0x2a,
 0x27, 0x20, 0x26, 0x26, 0x20, 0x73, 0x74, 0x72,
 0x5b, 0x69, 0x20, 0x2b, 0x20, 0x31, 0x5d, 0x20,
 0x3d, 0x3d, 0x20, 0x27, 0x2f, 0x27, 0x29, 0x20,
 0x7b, 0x0a, 0x20, 0x20, 0x20, 0x20, 0x20, 0x20,
 0x20, 0x20, 0x20, 0x20, 0x69, 0x20, 0x2b, 0x3d,
 0x20, 0x32, 0x3b, 0x0a, 0x20, 0x20, 0x20, 0x20,
 0x20, 0x20, 0x20, 0x20, 0x20, 0x20, 0x70, 0x6f,
 0x70, 0x53, 0x74, 0x61, 0x74, 0x65, 0x28, 0x27,
 0x2f, 0x27, 0x29, 0x3b, 0x0a, 0x20, 0x20, 0x20,
 0x20, 0x20, 0x20, 0x20, 0x20, 0x20, 0x20, 0x62,
 0x72, 0x65, 0x61, 0x6b, 0x3b, 0x0a, 0x20, 0x20,
 0x20, 0x20, 0x20, 0x20, 0x20, 0x20, 0x7d, 0x0a,
 0x20, 0x20, 0x20, 0x20, 0x20, 0x20, 0x7d, 0x0a,
 0x20, 0x20, 0x20, 0x20, 0x7d, 0x0a, 0x0a, 0x20,
 0x20, 0x20, 0x20, 0x66, 0x75, 0x6e, 0x63, 0x74,
 0x69, 0x6f, 0x6e, 0x20, 0x70, 0x61, 0x72, 0x73,
 0x65, 0x4c, 0x69, 0x6e, 0x65, 0x43, 0x6f, 0x6d,
 0x6d, 0x65, 0x6e, 0x74, 0x28, 0x29, 0x20, 0x7b,
 0x0a, 0x20, 0x20, 0x20, 0x20, 0x20, 0x20, 0x73,
 0x74, 0x79, 0x6c, 0x65, 0x20, 0x3d, 0x20, 0x27,
 0x63, 0x6f, 0x6d, 0x6d, 0x65, 0x6e, 0x74, 0x27,
 0x3b, 0x0a, 0x20, 0x20, 0x20, 0x20, 0x20, 0x20,
 0x66, 0x6f, 0x72, 0x28, 0x69, 0x2b, 0x2b, 0x3b,
 0x20, 0x69, 0x20, 0x3c, 0x20, 0x6e, 0x3b, 0x20,
 0x69, 0x2b, 0x2b, 0x29, 0x20, 0x7b, 0x0a, 0x20,
 0x20, 0x20, 0x20, 0x20, 0x20, 0x20, 0x20, 0x69,
 0x66, 0x28, 0x73, 0x74, 0x72, 0x5b, 0x69, 0x5d,
 0x20, 0x3d, 0x3d, 0x20, 0x27, 0x5c, 0x6e, 0x27,
 0x29, 0x20, 0x7b, 0x0a, 0x20, 0x20, 0x20, 0x20,
 0x20, 0x20, 0x20, 0x20, 0x20, 0x20, 0x62, 0x72,
 0x65, 0x61, 0x6b, 0x3b, 0x0a, 0x20, 0x20, 0x20,
 0x20, 0x20, 0x20, 0x20, 0x20, 0x7d, 0x0a, 0x20,
 0x20, 0x20, 0x20, 0x20, 0x20, 0x7d, 0x0a, 0x20,
 0x20, 0x20, 0x20, 0x7d, 0x0a, 0x0a, 0x20, 0x20,
 0x20, 0x20, 0x66, 0x75, 0x6e, 0x63, 0x74, 0x69,
 0x6f, 0x6e, 0x20, 0x70, 0x61, 0x72, 0x73, 0x65,
 0x53, 0x74, 0x72, 0x69, 0x6e, 0x67, 0x28, 0x64,
 0x65, 0x6c, 0x69, 0x6d, 0x29, 0x20, 0x7b, 0x0a,
 0x20, 0x20, 0x20, 0x20, 0x20, 0x20, 0x73, 0x74,
 0x79, 0x6c, 0x65, 0x20, 0x3d, 0x20, 0x27, 0x73,
 0x74, 0x72, 0x69, 0x6e, 0x67, 0x27, 0x3b, 0x0a,
 0x20, 0x20, 0x20, 0x20, 0x20, 0x20, 0x70, 0x75,
 0x73, 0x68, 0x53, 0x74, 0x61, 0x74, 0x65, 0x28,
 0x64, 0x65, 0x6c, 0x69, 0x6d, 0x29, 0x3b, 0x0a,
 0x20, 0x20, 0x20, 0x20, 0x20, 0x20, 0x77, 0x68,
 0x69, 0x6c, 0x65, 0x28, 0x69, 0x20, 0x3c, 0x20,
 0x6e, 0x29, 0x20, 0x7b, 0x0a, 0x20, 0x20, 0x20,
 0x20, 0x20, 0x20, 0x20, 0x20, 0x63, 0x20, 0x3d,
 0x20, 0x73, 0x74, 0x72, 0x5b, 0x69, 0x2b, 0x2b,
 0x5d, 0x3b, 0x0a, 0x20, 0x20, 0x20, 0x20, 0x20,
 0x20, 0x20, 0x20, 0x69, 0x66, 0x28, 0x63, 0x20,
 0x3d, 0x3d, 0x20, 0x27, 0x5c, 0x6e, 0x27, 0x29,
 0x20, 0x7b, 0x0a, 0x20, 0x20, 0x20, 0x20, 0x20,
 0x20, 0x20, 0x20, 0x20, 0x20, 0x73, 0x74, 0x79,
 0x6c, 0x65, 0x20, 0x3d, 0x20, 0x27, 0x65, 0x72,
 0x72, 0x6f, 0x72, 0x27, 0x3b, 0x0a, 0x20, 0x20,
 0x20, 0x20, 0x20, 0x20, 0x20, 0x20, 0x20, 0x20,
 0x63, 0x6f, 0x6e, 0x74, 0x69, 0x6e, 0x75, 0x65,
 0x3b, 0x0a, 0x20, 0x20, 0x20, 0x20, 0x20, 0x20,
 0x20, 0x20, 0x7d, 0x0a, 0x20, 0x20, 0x20, 0x20,
 0x20, 0x20, 0x20, 0x20, 0x69, 0x66, 0x28, 0x63,
 0x20, 0x3d, 0x3d, 0x20, 0x27, 0x5c, 0x5c, 0x27,
 0x29, 0x20, 0x7b, 0x0a, 0x20, 0x20, 0x20, 0x20,
 0x20, 0x20, 0x20, 0x20, 0x20, 0x20, 0x69, 0x66,
 0x28, 0x69, 0x20, 0x3e, 0x3d, 0x20, 0x6e, 0x29,
 0x20, 0x62, 0x72, 0x65, 0x61, 0x6b, 0x3b, 0x0a,
 0x20, 0x20, 0x20, 0x20, 0x20, 0x20, 0x20, 0x20,
 0x20, 0x20, 0x69, 0x2b, 0x2b, 0x3b, 0x0a, 0x20,
 0x20, 0x20, 0x20, 0x20, 0x20, 0x20, 0x20, 0x7d,
 0x20, 0x65, 0x6c, 0x73, 0x65, 0x20, 0x69, 0x66,
 0x28, 0x63, 0x20, 0x3d, 0x3d, 0x20, 0x64, 0x65,
 0x6c, 0x69, 0x6d, 0x29, 0x20, 0x7b, 0x0a, 0x20,
 0x20, 0x20, 0x20, 0x20, 0x20, 0x20, 0x20, 0x20,
 0x20, 0x70, 0x6f, 0x70, 0x53, 0x74, 0x61, 0x74,
 0x65, 0x28, 0x29, 0x3b, 0x0a, 0x20, 0x20, 0x20,
 0x20, 0x20, 0x20, 0x20, 0x20, 0x20, 0x20, 0x62,
 0x72, 0x65, 0x61, 0x6b, 0x3b, 0x0a, 0x20, 0x20,
 0x20, 0x20, 0x20, 0x20, 0x20, 0x20, 0x7d, 0x0a,
 0x20, 0x20, 0x20, 0x20, 0x20, 0x20, 0x7d, 0x0a,
 0x20, 0x20, 0x20, 0x20, 0x7d, 0x0a, 0x0a, 0x20,
 0x20, 0x20, 0x20, 0x66, 0x75, 0x6e, 0x63, 0x74,
 0x69, 0x6f, 0x6e, 0x20, 0x70, 0x61, 0x72, 0x73,
 0x65, 0x52, 0x65, 0x67, 0x65, 0x78, 0x28, 0x29,
 0x20, 0x7b, 0x0a, 0x20, 0x20, 0x20, 0x20, 0x20,
 0x20, 0x73, 0x74, 0x79, 0x6c, 0x65, 0x20, 0x3d,
 0x20, 0x27, 0x72, 0x65, 0x67, 0x65, 0x78, 0x27,
 0x3b, 0x0a, 0x20, 0x20, 0x20, 0x20, 0x20, 0x20,
 0x70, 0x75, 0x73, 0x68, 0x53, 0x74, 0x61, 0x74,
 0x65, 0x28, 0x27, 0x2f, 0x27, 0x29, 0x3b, 0x0a,
 0x20, 0x20, 0x20, 0x20, 0x20, 0x20, 0x77, 0x68,
 0x69, 0x6c, 0x65, 0x28, 0x69, 0x20, 0x3c, 0x20,
 0x6e, 0x29, 0x20, 0x7b, 0x0a, 0x20, 0x20, 0x20,
 0x20, 0x20, 0x20, 0x20, 0x20, 0x63, 0x20, 0x3d,
 0x20, 0x73, 0x74, 0x72, 0x5b, 0x69, 0x2b, 0x2b,
 0x5d, 0x3b, 0x0a, 0x20, 0x20, 0x20, 0x20, 0x20,
 0x20, 0x20, 0x20, 0x69, 0x66, 0x28, 0x63, 0x20,
 0x3d, 0x3d, 0x20, 0x27, 0x5c, 0x6e, 0x27, 0x29,
 0x20, 0x7b, 0x0a, 0x20, 0x20, 0x20, 0x20, 0x20,
 0x20, 0x20, 0x20, 0x20, 0x20, 0x73, 0x74, 0x79,
 0x6c, 0x65, 0x20, 0x3d, 0x20, 0x27, 0x65, 0x72,
 0x72, 0x6f, 0x72, 0x27, 0x3b, 0x0a, 0x20, 0x20,
 0x20, 0x20, 0x20, 0x20, 0x20, 0x20, 0x20, 0x20,
 0x63, 0x6f, 0x6e, 0x74, 0x69, 0x6e, 0x75, 0x65,
 0x3b, 0x0a, 0x20, 0x20, 0x20, 0x20, 0x20, 0x20,
 0x20, 0x20, 0x7d, 0x0a, 0x20, 0x20, 0x20, 0x20,
 0x20, 0x20, 0x20, 0x20, 0x69, 0x66, 0x28, 0x63,
 0x20, 0x3d, 0x3d, 0x20, 0x27, 0x5c, 0x5c, 0x27,
 0x29, 0x20, 0x7b, 0x0a, 0x20, 0x20, 0x20, 0x20,
 0x20, 0x20, 0x20, 0x20, 0x20, 0x20, 0x69, 0x66,
 0x28, 0x69, 0x20, 0x3c, 0x20, 0x6e, 0x29, 0x20,
 0x7b, 0x0a, 0x20, 0x20, 0x20, 0x20, 0x20, 0x20,
 0x20, 0x20, 0x20, 0x20, 0x20, 0x20, 0x69, 0x2b,
 0x2b, 0x3b, 0x0a, 0x20, 0x20, 0x20, 0x20, 0x20,
 0x20, 0x20, 0x20, 0x20, 0x20, 0x7d, 0x0a, 0x20,
 0x20, 0x20, 0x20, 0x20, 0x20, 0x20, 0x20, 0x20,
 0x20, 0x63, 0x6f, 0x6e, 0x74, 0x69, 0x6e, 0x75,
 0x65, 0x3b, 0x0a, 0x20, 0x20, 0x20, 0x20, 0x20,
 0x20, 0x20, 0x20, 0x7d, 0x0a, 0x20, 0x20, 0x20,
 0x20, 0x20, 0x20, 0x20, 0x20, 0x69, 0x66, 0x28,
 0x6c, 0x61, 0x73, 0x74, 0x53, 0x74, 0x61, 0x74,
 0x65, 0x28, 0x29, 0x20, 0x3d, 0x3d, 0x20, 0x27,
 0x5b, 0x27, 0x29, 0x20, 0x7b, 0x0a, 0x20, 0x20,
 0x20, 0x20, 0x20, 0x20, 0x20, 0x20, 0x20, 0x20,
 0x69, 0x66, 0x28, 0x63, 0x20, 0x3d, 0x3d, 0x20,
 0x27, 0x5d, 0x27, 0x29, 0x20, 0x7b, 0x0a, 0x20,
 0x20, 0x20, 0x20, 0x20, 0x20, 0x20, 0x20, 0x20,
 0x20, 0x20, 0x20, 0x70, 0x6f, 0x70, 0x53, 0x74,
 0x61, 0x74, 0x65, 0x28, 0x29, 0x3b, 0x0a, 0x20,
 0x20, 0x20, 0x20, 0x20, 0x20, 0x20, 0x20, 0x20,
 0x20, 0x7d, 0x0a, 0x20, 0x20, 0x20, 0x20, 0x20,
 0x20, 0x20, 0x20, 0x20, 0x20, 0x2f, 0x2f, 0x20,
 0x45, 0x43, 0x4d, 0x41, 0x20, 0x35, 0x3a, 0x20,
 0x69, 0x67, 0x6e, 0x6f, 0x72, 0x65, 0x20, 0x27,
 0x2f, 0x27, 0x20, 0x69, 0x6e, 0x73, 0x69, 0x64,
 0x65, 0x20, 0x63, 0x68, 0x61, 0x72, 0x20, 0x63,
 0x6c, 0x61, 0x73, 0x73, 0x65, 0x73, 0x0a, 0x20,
 0x20, 0x20, 0x20, 0x20, 0x20, 0x20, 0x20, 0x20,
 0x20, 0x63, 0x6f, 0x6e, 0x74, 0x69, 0x6e, 0x75,
 0x65, 0x3b, 0x0a, 0x20, 0x20, 0x20, 0x20, 0x20,
 0x20, 0x20, 0x20, 0x7d, 0x0a, 0x20, 0x20, 0x20,
 0x20, 0x20, 0x20, 0x20, 0x20, 0x69, 0x66, 0x28,
 0x63, 0x20, 0x3d, 0x3d, 0x20, 0x27, 0x5b, 0x27,
 0x29, 0x20, 0x7b, 0x0a, 0x20, 0x20, 0x20, 0x20,
 0x20, 0x20, 0x20, 0x20, 0x20, 0x20, 0x70, 0x75,
 0x73, 0x68, 0x53, 0x74, 0x61, 0x74, 0x65, 0x28,
 0x27, 0x5b, 0x27, 0x29, 0x3b, 0x0a, 0x20, 0x20,
 0x20, 0x20, 0x20, 0x20, 0x20, 0x20, 0x20, 0x20,
 0x69, 0x66, 0x28, 0x73, 0x74, 0x72, 0x5b, 0x69,
 0x5d, 0x20, 0x3d, 0x3d, 0x20, 0x27, 0x5b, 0x27,
 0x20, 0x7c, 0x7c, 0x20, 0x73, 0x74, 0x72, 0x5b,
 0x69, 0x5d, 0x20, 0x3d, 0x3d, 0x20, 0x27, 0x5d,
 0x27, 0x29, 0x20, 0x69, 0x2b, 0x2b, 0x3b, 0x0a,
 0x20, 0x20, 0x20, 0x20, 0x20, 0x20, 0x20, 0x20,
 0x20, 0x20, 0x63, 0x6f, 0x6e, 0x74, 0x69, 0x6e,
 0x75, 0x65, 0x3b, 0x0a, 0x20, 0x20, 0x20, 0x20,
 0x20, 0x20, 0x20, 0x20, 0x7d, 0x0a, 0x20, 0x20,
 0x20, 0x20, 0x20, 0x20, 0x20, 0x20, 0x69, 0x66,
 0x28, 0x63, 0x20, 0x3d, 0x3d, 0x20, 0x27, 0x2f,
 0x27, 0x29, 0x20, 0x7b, 0x0a, 0x20, 0x20, 0x20,
 0x20, 0x20, 0x20, 0x20, 0x20, 0x20, 0x20, 0x70,
 0x6f, 0x70, 0x53, 0x74, 0x61, 0x74, 0x65, 0x28,
 0x29, 0x3b, 0x0a, 0x20, 0x20, 0x20, 0x20, 0x20,
 0x20, 0x20, 0x20, 0x20, 0x20, 0x77, 0x68, 0x69,
 0x6c, 0x65, 0x28, 0x69, 0x20, 0x3c, 0x20, 0x6e,
 0x20, 0x26, 0x26, 0x20, 0x69, 0x73, 0x57, 0x6f,
 0x72, 0x64, 0x28, 0x73, 0x74, 0x72, 0x5b, 0x69,
 0x5d, 0x29, 0x29, 0x20, 0x69, 0x2b, 0x2b, 0x3b,
 0x0a, 0x20, 0x20, 0x20, 0x20, 0x20, 0x20, 0x20,
 0x20, 0x20, 0x20, 0x62, 0x72, 0x65, 0x61, 0x6b,
 0x3b, 0x0a, 0x20, 0x20, 0x20, 0x20, 0x20, 0x20,
 0x20, 0x20, 0x7d, 0x0a, 0x20, 0x20, 0x20, 0x20,
 0x20, 0x20, 0x7d, 0x0a, 0x20, 0x20, 0x20, 0x20,
 0x7d, 0x0a, 0x0a, 0x20, 0x20, 0x20, 0x20, 0x66,
 0x75, 0x6e, 0x63, 0x74, 0x69, 0x6f, 0x6e, 0x20,
 0x70, 0x61, 0x72, 0x73, 0x65, 0x4e, 0x75, 0x6d,
 0x62, 0x65, 0x72, 0x28, 0x29, 0x20, 0x7b, 0x0a,
 0x20, 0x20, 0x20, 0x20, 0x20, 0x20, 0x73, 0x74,
 0x79, 0x6c, 0x65, 0x20, 0x3d, 0x20, 0x27, 0x6e,
 0x75, 0x6d, 0x62, 0x65, 0x72, 0x27, 0x3b, 0x0a,
 0x20, 0x20, 0x20, 0x20, 0x20, 0x20, 0x77, 0x68,
 0x69, 0x6c, 0x65, 0x28, 0x69, 0x20, 0x3c, 0x20,
 0x6e, 0x20, 0x26, 0x26, 0x20, 0x28, 0x69, 0x73,
 0x57, 0x6f, 0x72, 0x64, 0x28, 0x73, 0x74, 0x72,
 0x5b, 0x69, 0x5d, 0x29, 0x20, 0x7c, 0x7c, 0x20,
 0x28, 0x73, 0x74, 0x72, 0x5b, 0x69, 0x5d, 0x20,
 0x3d, 0x3d, 0x20, 0x27, 0x2e, 0x27, 0x20, 0x26,
 0x26, 0x20, 0x28, 0x69, 0x20, 0x3d, 0x3d, 0x20,
 0x6e, 0x20, 0x2d, 0x20, 0x31, 0x20, 0x7c, 0x7c,
 0x20, 0x73, 0x74, 0x72, 0x5b, 0x69, 0x20, 0x2b,
 0x20, 0x31, 0x5d, 0x20, 0x21, 0x3d, 0x20, 0x27,
 0x2e, 0x27, 0x29, 0x29, 0x29, 0x29, 0x20, 0x7b,
 0x0a, 0x20, 0x20, 0x20, 0x20, 0x20, 0x20, 0x20,
 0x20, 0x69, 0x2b, 0x2b, 0x3b, 0x0a, 0x20, 0x20,
 0x20, 0x20, 0x20, 0x20, 0x7d, 0x0a, 0x20, 0x20,
 0x20, 0x20, 0x7d, 0x0a, 0x0a, 0x20, 0x20, 0x20,
 0x20, 0x76, 0x61, 0x72, 0x20, 0x6a, 0x73, 0x4b,
 0x65, 0x79, 0x77, 0x6f, 0x72, 0x64, 0x73, 0x20,
 0x3d, 0x0a, 0x20, 0x20, 0x20, 0x20, 0x20, 0x20,
 0x27, 0x7c, 0x27, 0x20, 0x2b, 0x0a, 0x20, 0x20,
 0x20, 0x20, 0x20, 0x20, 0x27, 0x62, 0x72, 0x65,
 0x61, 0x6b, 0x7c, 0x63, 0x61, 0x73, 0x65, 0x7c,
 0x63, 0x61, 0x74, 0x63, 0x68, 0x7c, 0x63, 0x6f,
 0x6e, 0x74, 0x69, 0x6e, 0x75, 0x65, 0x7c, 0x64,
 0x65, 0x62, 0x75, 0x67, 0x67, 0x65, 0x72, 0x7c,
 0x64, 0x65, 0x66, 0x61, 0x75, 0x6c, 0x74, 0x7c,
 0x64, 0x65, 0x6c, 0x65, 0x74, 0x65, 0x7c, 0x64,
 0x6f, 0x7c, 0x27, 0x20, 0x2b, 0x0a, 0x20, 0x20,
 0x20, 0x20, 0x20, 0x20, 0x27, 0x65, 0x6c, 0x73,
 0x65, 0x7c, 0x66, 0x69, 0x6e, 0x61, 0x6c, 0x6c,
 0x79, 0x7c, 0x66, 0x6f, 0x72, 0x7c, 0x66, 0x75,
 0x6e, 0x63, 0x74, 0x69, 0x6f, 0x6e, 0x7c, 0x69,
 0x66, 0x7c, 0x69, 0x6e, 0x7c, 0x69, 0x6e, 0x73,
 0x74, 0x61, 0x6e, 0x63, 0x65, 0x6f, 0x66, 0x7c,
 0x6e, 0x65, 0x77, 0x7c, 0x27, 0x20, 0x2b, 0x0a,
 0x20, 0x20, 0x20, 0x20, 0x20, 0x20, 0x27, 0x72,
 0x65, 0x74, 0x75, 0x72, 0x6e, 0x7c, 0x73, 0x77,
 0x69, 0x74, 0x63, 0x68, 0x7c, 0x74, 0x68, 0x69,
 0x73, 0x7c, 0x74, 0x68, 0x72, 0x6f, 0x77, 0x7c,
 0x74, 0x72, 0x79, 0x7c, 0x74, 0x79, 0x70, 0x65,
 0x6f, 0x66, 0x7c, 0x77, 0x68, 0x69, 0x6c, 0x65,
 0x7c, 0x77, 0x69, 0x74, 0x68, 0x7c, 0x27, 0x20,
 0x2b, 0x0a, 0x20, 0x20, 0x20, 0x20, 0x20, 0x20,
 0x27, 0x63, 0x6c, 0x61, 0x73, 0x73, 0x7c, 0x63,
 0x6f, 0x6e, 0x73, 0x74, 0x7c, 0x65, 0x6e, 0x75,
 0x6d, 0x7c, 0x69, 0x6d, 0x70, 0x6f, 0x72, 0x74,
 0x7c, 0x65, 0x78, 0x70, 0x6f, 0x72, 0x74, 0x7c,
 0x65, 0x78, 0x74, 0x65, 0x6e, 0x64, 0x73, 0x7c,
 0x73, 0x75, 0x70, 0x65, 0x72, 0x7c, 0x27, 0x20,
 0x2b, 0x0a, 0x20, 0x20, 0x20, 0x20, 0x20, 0x20,
 0x27, 0x69, 0x6d, 0x70, 0x6c, 0x65, 0x6d, 0x65,
 0x6e, 0x74, 0x73, 0x7c, 0x69, 0x6e, 0x74, 0x65,
 0x72, 0x66, 0x61, 0x63, 0x65, 0x7c, 0x6c, 0x65,
 0x74, 0x7c, 0x70, 0x61, 0x63, 0x6b, 0x61, 0x67,
 0x65, 0x7c, 0x70, 0x72, 0x69, 0x76, 0x61, 0x74,
 0x65, 0x7c, 0x70, 0x72, 0x6f, 0x74, 0x65, 0x63,
 0x74, 0x65, 0x64, 0x7c, 0x27, 0x20, 0x2b, 0x0a,
 0x20, 0x20, 0x20, 0x20, 0x20, 0x20, 0x27, 0x70,
 0x75, 0x62, 0x6c, 0x69, 0x63, 0x7c, 0x73, 0x74,
 0x61, 0x74, 0x69, 0x63, 0x7c, 0x79, 0x69, 0x65,
 0x6c, 0x64, 0x7c, 0x27, 0x20, 0x2b, 0x0a, 0x20,
 0x20, 0x20, 0x20, 0x20, 0x20, 0x27, 0x75, 0x6e,
 0x64, 0x65, 0x66, 0x69, 0x6e, 0x65, 0x64, 0x7c,
 0x6e, 0x75, 0x6c, 0x6c, 0x7c, 0x74, 0x72, 0x75,
 0x65, 0x7c, 0x66, 0x61, 0x6c, 0x73, 0x65, 0x7c,
 0x49, 0x6e, 0x66, 0x69, 0x6e, 0x69, 0x74, 0x79,
 0x7c, 0x4e, 0x61, 0x4e, 0x7c, 0x27, 0x20, 0x2b,
 0x0a, 0x20, 0x20, 0x20, 0x20, 0x20, 0x20, 0x27,
 0x65, 0x76, 0x61, 0x6c, 0x7c, 0x61, 0x72, 0x67,
 0x75, 0x6d, 0x65, 0x6e, 0x74, 0x73, 0x7c, 0x27,
 0x20, 0x2b, 0x0a, 0x20, 0x20, 0x20, 0x20, 0x20,
 0x20, 0x27, 0x61, 0x77, 0x61, 0x69, 0x74, 0x7c,
 0x27, 0x3b, 0x0a, 0x0a, 0x20, 0x20, 0x20, 0x20,
 0x76, 0x61, 0x72, 0x20, 0x6a, 0x73, 0x4e, 0x6f,
 0x52, 0x65, 0x67, 0x65, 0x78, 0x20, 0x3d, 0x20,
 0x27, 0x7c, 0x74, 0x68, 0x69, 0x73, 0x7c, 0x73,
 0x75, 0x70, 0x65, 0x72, 0x7c, 0x75, 0x6e, 0x64,
 0x65, 0x66, 0x69, 0x6e, 0x65, 0x64, 0x7c, 0x6e,
 0x75, 0x6c, 0x6c, 0x7c, 0x74, 0x72, 0x75, 0x65,
 0x7c, 0x66, 0x61, 0x6c, 0x73, 0x65, 0x7c, 0x49,
 0x6e, 0x66, 0x69, 0x6e, 0x69, 0x74, 0x79, 0x7c,
 0x4e, 0x61, 0x4e, 0x7c, 0x61, 0x72, 0x67, 0x75,
 0x6d, 0x65, 0x6e, 0x74, 0x73, 0x7c, 0x27, 0x3b,
 0x0a, 0x20, 0x20, 0x20, 0x20, 0x76, 0x61, 0x72,
 0x20, 0x6a, 0x73, 0x54, 0x79, 0x70, 0x65, 0x73,
 0x20, 0x3d, 0x20, 0x27, 0x7c, 0x76, 0x6f, 0x69,
 0x64, 0x7c, 0x76, 0x61, 0x72, 0x7c, 0x27, 0x3b,
 0x0a, 0x0a, 0x20, 0x20, 0x20, 0x20, 0x66, 0x75,
 0x6e, 0x63, 0x74, 0x69, 0x6f, 0x6e, 0x20, 0x70,
 0x61, 0x72, 0x73, 0x65, 0x49, 0x64, 0x65, 0x6e,
 0x74, 0x69, 0x66, 0x69, 0x65, 0x72, 0x28, 0x29,
 0x20, 0x7b, 0x0a, 0x20, 0x20, 0x20, 0x20, 0x20,
 0x20, 0x63, 0x61, 0x6e, 0x52, 0x65, 0x67, 0x65,
 0x78, 0x20, 0x3d, 0x20, 0x31, 0x3b, 0x0a, 0x0a,
 0x20, 0x20, 0x20, 0x20, 0x20, 0x20, 0x77, 0x68,
 0x69, 0x6c, 0x65, 0x28, 0x69, 0x20, 0x3c, 0x20,
 0x6e, 0x20, 0x26, 0x26, 0x20, 0x69, 0x73, 0x57,
 0x6f, 0x72, 0x64, 0x28, 0x73, 0x74, 0x72, 0x5b,
 0x69, 0x5d, 0x29, 0x29, 0x20, 0x69, 0x2b, 0x2b,
 0x3b, 0x0a, 0x0a, 0x20, 0x20, 0x20, 0x20, 0x20,
 0x20, 0x76, 0x61, 0x72, 0x20, 0x77, 0x20, 0x3d,
 0x20, 0x27, 0x7c, 0x27, 0x20, 0x2b, 0x20, 0x73,
 0x74, 0x72, 0x2e, 0x73, 0x75, 0x62, 0x73, 0x74,
 0x72, 0x69, 0x6e, 0x67, 0x28, 0x73, 0x74, 0x61,
 0x72, 0x74, 0x2c, 0x20, 0x69, 0x29, 0x20, 0x2b,
 0x20, 0x27, 0x7c, 0x27, 0x3b, 0x0a, 0x0a, 0x20,
 0x20, 0x20, 0x20, 0x20, 0x20, 0x69, 0x66, 0x28,
 0x6a, 0x73, 0x4b, 0x65, 0x79, 0x77, 0x6f, 0x72,
 0x64, 0x73, 0x2e, 0x69, 0x6e, 0x64, 0x65, 0x78,
 0x4f, 0x66, 0x28, 0x77, 0x29, 0x20, 0x3e, 0x3d,
 0x20, 0x30, 0x29, 0x20, 0x7b, 0x0a, 0x20, 0x20,
 0x20, 0x20, 0x20, 0x20, 0x20, 0x20, 0x73, 0x74,
 0x79, 0x6c, 0x65, 0x20, 0x3d, 0x20, 0x27, 0x6b,
 0x65, 0x79, 0x77, 0x6f, 0x72, 0x64, 0x27, 0x3b,
 0x0a, 0x20, 0x20, 0x20, 0x20, 0x20, 0x20, 0x20,
 0x20, 0x69, 0x66, 0x28, 0x6a, 0x73, 0x4e, 0x6f,
 0x52, 0x65, 0x67, 0x65, 0x78, 0x2e, 0x69, 0x6e,
 0x64, 0x65, 0x78, 0x4f, 0x66, 0x28, 0x77, 0x29,
 0x20, 0x3e, 0x3d, 0x20, 0x30, 0x29, 0x20, 0x63,
 0x61, 0x6e, 0x52, 0x65, 0x67, 0x65, 0x78, 0x20,
 0x3d, 0x20, 0x30, 0x3b, 0x0a, 0x20, 0x20, 0x20,
 0x20, 0x20, 0x20, 0x20, 0x20, 0x72, 0x65, 0x74,
 0x75, 0x72, 0x6e, 0x3b, 0x0a, 0x20, 0x20, 0x20,
 0x20, 0x20, 0x20, 0x7d, 0x0a, 0x0a, 0x20, 0x20,
 0x20, 0x20, 0x20, 0x20, 0x76, 0x61, 0x72, 0x20,
 0x69, 0x31, 0x20, 0x3d, 0x20, 0x69, 0x3b, 0x0a,
 0x20, 0x20, 0x20, 0x20, 0x20, 0x20, 0x77, 0x68,
 0x69, 0x6c, 0x65, 0x28, 0x69, 0x31, 0x20, 0x3c,
 0x20, 0x6e, 0x20, 0x26, 0x26, 0x20, 0x73, 0x74,
 0x72, 0x5b, 0x69, 0x31, 0x5d, 0x20, 0x3d, 0x3d,
 0x20, 0x27, 0x20, 0x27, 0x29, 0x20, 0x69, 0x31,
 0x2b, 0x2b, 0x3b, 0x0a, 0x0a, 0x20, 0x20, 0x20,
 0x20, 0x20, 0x20, 0x69, 0x66, 0x28, 0x69, 0x31,
 0x20, 0x3c, 0x20, 0x6e, 0x20, 0x26, 0x26, 0x20,
 0x73, 0x74, 0x72, 0x5b, 0x69, 0x31, 0x5d, 0x20,
 0x3d, 0x3d, 0x20, 0x27, 0x28, 0x27, 0x29, 0x20,
 0x7b, 0x0a, 0x20, 0x20, 0x20, 0x20, 0x20, 0x20,
 0x20, 0x20, 0x73, 0x74, 0x79, 0x6c, 0x65, 0x20,
 0x3d, 0x20, 0x27, 0x66, 0x75, 0x6e, 0x63, 0x74,
 0x69, 0x6f, 0x6e, 0x27, 0x3b, 0x0a, 0x20, 0x20,
 0x20, 0x20, 0x20, 0x20, 0x20, 0x20, 0x72, 0x65,
 0x74, 0x75, 0x72, 0x6e, 0x3b, 0x0a, 0x20, 0x20,
 0x20, 0x20, 0x20, 0x20, 0x7d, 0x0a, 0x0a, 0x20,
 0x20, 0x20, 0x20, 0x20, 0x20, 0x69, 0x66, 0x28,
 0x6a, 0x73, 0x54, 0x79, 0x70, 0x65, 0x73, 0x2e,
 0x69, 0x6e, 0x64, 0x65, 0x78, 0x4f, 0x66, 0x28,
 0x77, 0x29, 0x20, 0x3e, 0x3d, 0x20, 0x30, 0x29,
 0x20, 0x7b, 0x0a, 0x20, 0x20, 0x20, 0x20, 0x20,
 0x20, 0x20, 0x20, 0x73, 0x74, 0x79, 0x6c, 0x65,
 0x20, 0x3d, 0x20, 0x27, 0x74, 0x79, 0x70, 0x65,
 0x27, 0x3b, 0x0a, 0x20, 0x20, 0x20, 0x20, 0x20,
 0x20, 0x20, 0x20, 0x72, 0x65, 0x74, 0x75, 0x72,
 0x6e, 0x3b, 0x0a, 0x20, 0x20, 0x20, 0x20, 0x20,
 0x20, 0x7d, 0x0a, 0x0a, 0x20, 0x20, 0x20, 0x20,
 0x20, 0x20, 0x73, 0x74, 0x79, 0x6c, 0x65, 0x20,
 0x3d, 0x20, 0x27, 0x69, 0x64, 0x65, 0x6e, 0x74,
 0x69, 0x66, 0x69, 0x65, 0x72, 0x27, 0x3b, 0x0a,
 0x20, 0x20, 0x20, 0x20, 0x20, 0x20, 0x63, 0x61,
 0x6e, 0x52, 0x65, 0x67, 0x65, 0x78, 0x20, 0x3d,
 0x20, 0x30, 0x3b, 0x0a, 0x20, 0x20, 0x20, 0x20,
 0x7d, 0x0a, 0x0a, 0x20, 0x20, 0x20, 0x20, 0x66,
 0x75, 0x6e, 0x63, 0x74, 0x69, 0x6f, 0x6e, 0x20,
 0x73, 0x65, 0x74, 0x53, 0x74, 0x79, 0x6c, 0x65,
 0x28, 0x66, 0x72, 0x6f, 0x6d, 0x2c, 0x20, 0x74,
 0x6f, 0x29, 0x20, 0x7b, 0x0a, 0x20, 0x20, 0x20,
 0x20, 0x20, 0x20, 0x77, 0x68, 0x69, 0x6c, 0x65,
 0x28, 0x72, 0x2e, 0x6c, 0x65, 0x6e, 0x67, 0x74,
 0x68, 0x20, 0x3c, 0x20, 0x66, 0x72, 0x6f, 0x6d,
 0x29, 0x20, 0x72, 0x2e, 0x70, 0x75, 0x73, 0x68,
 0x28, 0x27, 0x64, 0x65, 0x66, 0x61, 0x75, 0x6c,
 0x74, 0x27, 0x29, 0x3b, 0x0a, 0x20, 0x20, 0x20,
 0x20, 0x20, 0x20, 0x77, 0x68, 0x69, 0x6c, 0x65,
 0x28, 0x72, 0x2e, 0x6c, 0x65, 0x6e, 0x67, 0x74,
 0x68, 0x20, 0x3c, 0x20, 0x74, 0x6f, 0x29, 0x20,
 0x72, 0x2e, 0x70, 0x75, 0x73, 0x68, 0x28, 0x73,
 0x74, 0x79, 0x6c, 0x65, 0x29, 0x3b, 0x0a, 0x20,
 0x20, 0x20, 0x20, 0x7d, 0x0a, 0x0a, 0x20, 0x20,
 0x20, 0x20, 0x66, 0x6f, 0x72, 0x28, 0x69, 0x20,
 0x3d, 0x20, 0x30, 0x3b, 0x20, 0x69, 0x20, 0x3c,
 0x20, 0x6e, 0x3b, 0x20, 0x29, 0x20, 0x7b, 0x0a,
 0x20, 0x20, 0x20, 0x20, 0x20, 0x20, 0x73, 0x74,
 0x79, 0x6c, 0x65, 0x20, 0x3d, 0x20, 0x6e, 0x75,
 0x6c, 0x6c, 0x3b, 0x0a, 0x20, 0x20, 0x20, 0x20,
 0x20, 0x20, 0x73, 0x74, 0x61, 0x72, 0x74, 0x20,
 0x3d, 0x20, 0x69, 0x3b, 0x0a, 0x20, 0x20, 0x20,
 0x20, 0x20, 0x20, 0x73, 0x77, 0x69, 0x74, 0x63,
 0x68, 0x20, 0x28, 0x28, 0x63, 0x20, 0x3d, 0x20,
 0x73, 0x74, 0x72, 0x5b, 0x69, 0x2b, 0x2b, 0x5d,
 0x29, 0x29, 0x20, 0x7b, 0x0a, 0x20, 0x20, 0x20,
 0x20, 0x20, 0x20, 0x20, 0x20, 0x63, 0x61, 0x73,
 0x65, 0x20, 0x27, 0x20, 0x27, 0x3a, 0x0a, 0x20,
 0x20, 0x20, 0x20, 0x20, 0x20, 0x20, 0x20, 0x63,
 0x61, 0x73, 0x65, 0x20, 0x27, 0x5c, 0x74, 0x27,
 0x3a, 0x0a, 0x20, 0x20, 0x20, 0x20, 0x20, 0x20,
 0x20, 0x20, 0x63, 0x61, 0x73, 0x65, 0x20, 0x27,
 0x5c, 0x72, 0x27, 0x3a, 0x0a, 0x20, 0x20, 0x20,
 0x20, 0x20, 0x20, 0x20, 0x20, 0x63, 0x61, 0x73,
 0x65, 0x20, 0x27, 0x5c, 0x6e, 0x27, 0x3a, 0x0a,
 0x20, 0x20, 0x20, 0x20, 0x20, 0x20, 0x20, 0x20,
 0x20, 0x20, 0x63, 0x6f, 0x6e, 0x74, 0x69, 0x6e,
 0x75, 0x65, 0x3b, 0x0a, 0x20, 0x20, 0x20, 0x20,
 0x20, 0x20, 0x20, 0x20, 0x63, 0x61, 0x73, 0x65,
 0x20, 0x27, 0x2b, 0x27, 0x3a, 0x0a, 0x20, 0x20,
 0x20, 0x20, 0x20, 0x20, 0x20, 0x20, 0x63, 0x61,
 0x73, 0x65, 0x20, 0x27, 0x2d, 0x27, 0x3a, 0x0a,
 0x20, 0x20, 0x20, 0x20, 0x20, 0x20, 0x20, 0x20,
 0x20, 0x20, 0x69, 0x66, 0x28, 0x69, 0x20, 0x3c,
 0x20, 0x6e, 0x20, 0x26, 0x26, 0x20, 0x73, 0x74,
 0x72, 0x5b, 0x69, 0x5d, 0x20, 0x3d, 0x3d, 0x20,
 0x63, 0x29, 0x20, 0x7b, 0x0a, 0x20, 0x20, 0x20,
 0x20, 0x20, 0x20, 0x20, 0x20, 0x20, 0x20, 0x20,
 0x20, 0x69, 0x2b, 0x2b, 0x3b, 0x0a, 0x20, 0x20,
 0x20, 0x20, 0x20, 0x20, 0x20, 0x20, 0x20, 0x20,
 0x20, 0x20, 0x63, 0x6f, 0x6e, 0x74, 0x69, 0x6e,
 0x75, 0x65, 0x3b, 0x0a, 0x20, 0x20, 0x20, 0x20,
 0x20, 0x20, 0x20, 0x20, 0x20, 0x20, 0x7d, 0x0a,
 0x20, 0x20, 0x20, 0x20, 0x20, 0x20, 0x20, 0x20,
 0x20, 0x20, 0x63, 0x61, 0x6e, 0x52, 0x65, 0x67,
 0x65, 0x78, 0x20, 0x3d, 0x20, 0x31, 0x3b, 0x0a,
 0x20, 0x20, 0x20, 0x20, 0x20, 0x20, 0x20, 0x20,
 0x20, 0x20, 0x63, 0x6f, 0x6e, 0x74, 0x69, 0x6e,
 0x75, 0x65, 0x3b, 0x0a, 0x20, 0x20, 0x20, 0x20,
 0x20, 0x20, 0x20, 0x20, 0x63, 0x61, 0x73, 0x65,
 0x20, 0x27, 0x2f, 0x27, 0x3a, 0x0a, 0x20, 0x20,
 0x20, 0x20, 0x20, 0x20, 0x20, 0x20, 0x20, 0x20,
 0x69, 0x66, 0x28, 0x69, 0x20, 0x3c, 0x20, 0x6e,
 0x20, 0x26, 0x26, 0x20, 0x73, 0x74, 0x72, 0x5b,
 0x69, 0x5d, 0x20, 0x3d, 0x3d, 0x20, 0x27, 0x2a,
 0x27, 0x29, 0x20, 0x7b, 0x0a, 0x20, 0x20, 0x20,
 0x20, 0x20, 0x20, 0x20, 0x20, 0x20, 0x20, 0x20,
 0x20, 0x2f, 0x2f, 0x20, 0x62, 0x6c, 0x6f, 0x63,
 0x6b, 0x20, 0x63, 0x6f, 0x6d, 0x6d, 0x65, 0x6e,
 0x74, 0x0a, 0x20, 0x20, 0x20, 0x20, 0x20, 0x20,
 0x20, 0x20, 0x20, 0x20, 0x20, 0x20, 0x70, 0x61,
 0x72, 0x73, 0x65, 0x42, 0x6c, 0x6f, 0x63, 0x6b,
 0x43, 0x6f, 0x6d, 0x6d, 0x65, 0x6e, 0x74, 0x28,
 0x29, 0x3b, 0x0a, 0x20, 0x20, 0x20, 0x20, 0x20,
 0x20, 0x20, 0x20, 0x20, 0x20, 0x20, 0x20, 0x62,
 0x72, 0x65, 0x61, 0x6b, 0x3b, 0x0a, 0x20, 0x20,
 0x20, 0x20, 0x20, 0x20, 0x20, 0x20, 0x20, 0x20,
 0x7d, 0x0a, 0x20, 0x20, 0x20, 0x20, 0x20, 0x20,
 0x20, 0x20, 0x20, 0x20, 0x69, 0x66, 0x28, 0x69,
 0x20, 0x3c, 0x20, 0x6e, 0x20, 0x26, 0x26, 0x20,
 0x73, 0x74, 0x72, 0x5b, 0x69, 0x5d, 0x20, 0x3d,
 0x3d, 0x20, 0x27, 0x2f, 0x27, 0x29, 0x20, 0x7b,
 0x0a, 0x20, 0x20, 0x20, 0x20, 0x20, 0x20, 0x20,
 0x20, 0x20, 0x20, 0x20, 0x20, 0x2f, 0x2f, 0x20,
 0x6c, 0x69, 0x6e, 0x65, 0x20, 0x63, 0x6f, 0x6d,
 0x6d, 0x65, 0x6e, 0x74, 0x0a, 0x20, 0x20, 0x20,
 0x20, 0x20, 0x20, 0x20, 0x20, 0x20, 0x20, 0x20,
 0x20, 0x70, 0x61, 0x72, 0x73, 0x65, 0x4c, 0x69,
 0x6e, 0x65, 0x43, 0x6f, 0x6d, 0x6d, 0x65, 0x6e,
 0x74, 0x28, 0x29, 0x3b, 0x0a, 0x20, 0x20, 0x20,
 0x20, 0x20, 0x20, 0x20, 0x20, 0x20, 0x20, 0x20,
 0x20, 0x62, 0x72, 0x65, 0x61, 0x6b, 0x3b, 0x0a,
 0x20, 0x20, 0x20, 0x20, 0x20, 0x20, 0x20, 0x20,
 0x20, 0x20, 0x7d, 0x0a, 0x20, 0x20, 0x20, 0x20,
 0x20, 0x20, 0x20, 0x20, 0x20, 0x20, 0x69, 0x66,
 0x28, 0x63, 0x61, 0x6e, 0x52, 0x65, 0x67, 0x65,
 0x78, 0x29, 0x20, 0x7b, 0x0a, 0x20, 0x20, 0x20,
 0x20, 0x20, 0x20, 0x20, 0x20, 0x20, 0x20, 0x20,
 0x20, 0x70, 0x61, 0x72, 0x73, 0x65, 0x52, 0x65,
 0x67, 0x65, 0x78, 0x28, 0x29, 0x3b, 0x0a, 0x20,
 0x20, 0x20, 0x20, 0x20, 0x20, 0x20, 0x20, 0x20,
 0x20, 0x20, 0x20, 0x63, 0x61, 0x6e, 0x52, 0x65,
 0x67, 0x65, 0x78, 0x20, 0x3d, 0x20, 0x30, 0x3b,
 0x0a, 0x20, 0x20, 0x20, 0x20, 0x20, 0x20, 0x20,
 0x20, 0x20, 0x20, 0x20, 0x20, 0x62, 0x72, 0x65,
 0x61, 0x6b, 0x3b, 0x0a, 0x20, 0x20, 0x20, 0x20,
 0x20, 0x20, 0x20, 0x20, 0x20, 0x20, 0x7d, 0x0a,
 0x20, 0x20, 0x20, 0x20, 0x20, 0x20, 0x20, 0x20,
 0x20, 0x20, 0x63, 0x61, 0x6e, 0x52, 0x65, 0x67,
 0x65, 0x78, 0x20, 0x3d, 0x20, 0x31, 0x3b, 0x0a,
 0x20, 0x20, 0x20, 0x20, 0x20, 0x20, 0x20, 0x20,
 0x20, 0x20, 0x63, 0x6f, 0x6e, 0x74, 0x69, 0x6e,
 0x75, 0x65, 0x3b, 0x0a, 0x20, 0x20, 0x20, 0x20,
 0x20, 0x20, 0x20, 0x20, 0x63, 0x61, 0x73, 0x65,
 0x20, 0x22, 0x27, 0x22, 0x3a, 0x0a, 0x20, 0x20,
 0x20, 0x20, 0x20, 0x20, 0x20, 0x20, 0x63, 0x61,
 0x73, 0x65, 0x20, 0x27, 0x22, 0x27, 0x3a, 0x0a,
 0x20, 0x20, 0x20, 0x20, 0x20, 0x20, 0x20, 0x20,
 0x63, 0x61, 0x73, 0x65, 0x20, 0x27, 0x60, 0x27,
 0x3a, 0x0a, 0x20, 0x20, 0x20, 0x20, 0x20, 0x20,
 0x20, 0x20, 0x20, 0x20, 0x70, 0x61, 0x72, 0x73,
 0x65, 0x53, 0x74, 0x72, 0x69, 0x6e, 0x67, 0x28,
 0x63, 0x29, 0x3b, 0x0a, 0x20, 0x20, 0x20, 0x20,
 0x20, 0x20, 0x20, 0x20, 0x20, 0x20, 0x63, 0x61,
 0x6e, 0x52, 0x65, 0x67, 0x65, 0x78, 0x20, 0x3d,
 0x20, 0x30, 0x3b, 0x0a, 0x20, 0x20, 0x20, 0x20,
 0x20, 0x20, 0x20, 0x20, 0x20, 0x20, 0x62, 0x72,
 0x65, 0x61, 0x6b, 0x3b, 0x0a, 0x20, 0x20, 0x20,
 0x20, 0x20, 0x20, 0x20, 0x20, 0x63, 0x61, 0x73,
 0x65, 0x20, 0x27, 0x28, 0x27, 0x3a, 0x0a, 0x20,
 0x20, 0x20, 0x20, 0x20, 0x20, 0x20, 0x20, 0x63,
 0x61, 0x73, 0x65, 0x20, 0x27, 0x5b, 0x27, 0x3a,
 0x0a, 0x20, 0x20, 0x20, 0x20, 0x20, 0x20, 0x20,
 0x20, 0x63, 0x61, 0x73, 0x65, 0x20, 0x27, 0x7b,
 0x27, 0x3a, 0x0a, 0x20, 0x20, 0x20, 0x20, 0x20,
 0x20, 0x20, 0x20, 0x20, 0x20, 0x63, 0x61, 0x6e,
 0x52, 0x65, 0x67, 0x65, 0x78, 0x20, 0x3d, 0x20,
 0x31, 0x3b, 0x0a, 0x20, 0x20, 0x20, 0x20, 0x20,
 0x20, 0x20, 0x20, 0x20, 0x20, 0x6c, 0x65, 0x76,
 0x65, 0x6c, 0x2b, 0x2b, 0x3b, 0x0a, 0x20, 0x20,
 0x20, 0x20, 0x20, 0x20, 0x20, 0x20, 0x20, 0x20,
 0x70, 0x75, 0x73, 0x68, 0x53, 0x74, 0x61, 0x74,
 0x65, 0x28, 0x63, 0x29, 0x3b, 0x0a, 0x20, 0x20,
 0x20, 0x20, 0x20, 0x20, 0x20, 0x20, 0x20, 0x20,
 0x63, 0x6f, 0x6e, 0x74, 0x69, 0x6e, 0x75, 0x65,
 0x3b, 0x0a, 0x20, 0x20, 0x20, 0x20, 0x20, 0x20,
 0x20, 0x20, 0x63, 0x61, 0x73, 0x65, 0x20, 0x27,
 0x29, 0x27, 0x3a, 0x0a, 0x20, 0x20, 0x20, 0x20,
 0x20, 0x20, 0x20, 0x20, 0x63, 0x61, 0x73, 0x65,
 0x20, 0x27, 0x5d, 0x27, 0x3a, 0x0a, 0x20, 0x20,
 0x20, 0x20, 0x20, 0x20, 0x20, 0x20, 0x63, 0x61,
 0x73, 0x65, 0x20, 0x27, 0x7d, 0x27, 0x3a, 0x0a,
 0x20, 0x20, 0x20, 0x20, 0x20, 0x20, 0x20, 0x20,
 0x20, 0x20, 0x63, 0x61, 0x6e, 0x52, 0x65, 0x67,
 0x65, 0x78, 0x20, 0x3d, 0x20, 0x30, 0x3b, 0x0a,
 0x20, 0x20, 0x20, 0x20, 0x20, 0x20, 0x20, 0x20,
 0x20, 0x20, 0x69, 0x66, 0x28, 0x6c, 0x65, 0x76,
 0x65, 0x6c, 0x20, 0x3e, 0x20, 0x30, 0x20, 0x26,
 0x26, 0x20, 0x69, 0x73, 0x42, 0x61, 0x6c, 0x61,
 0x6e, 0x63, 0x65, 0x64, 0x28, 0x6c, 0x61, 0x73,
 0x74, 0x53, 0x74, 0x61, 0x74, 0x65, 0x28, 0x29,
 0x2c, 0x20, 0x63, 0x29, 0x29, 0x20, 0x7b, 0x0a,
 0x20, 0x20, 0x20, 0x20, 0x20, 0x20, 0x20, 0x20,
 0x20, 0x20, 0x20, 0x20, 0x6c, 0x65, 0x76, 0x65,
 0x6c, 0x2d, 0x2d, 0x3b, 0x0a, 0x20, 0x20, 0x20,
 0x20, 0x20, 0x20, 0x20, 0x20, 0x20, 0x20, 0x20,
 0x20, 0x70, 0x6f, 0x70, 0x53, 0x74, 0x61, 0x74,
 0x65, 0x28, 0x29, 0x3b, 0x0a, 0x20, 0x20, 0x20,
 0x20, 0x20, 0x20, 0x20, 0x20, 0x20, 0x20, 0x20,
 0x20, 0x63, 0x6f, 0x6e, 0x74, 0x69, 0x6e, 0x75,
 0x65, 0x3b, 0x0a, 0x20, 0x20, 0x20, 0x20, 0x20,
 0x20, 0x20, 0x20, 0x20, 0x20, 0x7d, 0x0a, 0x20,
 0x20, 0x20, 0x20, 0x20, 0x20, 0x20, 0x20, 0x20,
 0x20, 0x73, 0x74, 0x79, 0x6c, 0x65, 0x20, 0x3d,
 0x20, 0x27, 0x65, 0x72, 0x72, 0x6f, 0x72, 0x27,
 0x3b, 0x0a, 0x20, 0x20, 0x20, 0x20, 0x20, 0x20,
 0x20, 0x20, 0x20, 0x20, 0x62, 0x72, 0x65, 0x61,
 0x6b, 0x3b, 0x0a, 0x20, 0x20, 0x20, 0x20, 0x20,
 0x20, 0x20, 0x20, 0x64, 0x65, 0x66, 0x61, 0x75,
 0x6c, 0x74, 0x3a, 0x0a, 0x20, 0x20, 0x20, 0x20,
 0x20, 0x20, 0x20, 0x20, 0x20, 0x20, 0x69, 0x66,
 0x28, 0x69, 0x73, 0x44, 0x69, 0x67, 0x69, 0x74,
 0x28, 0x63, 0x29, 0x29, 0x20, 0x7b, 0x0a, 0x20,
 0x20, 0x20, 0x20, 0x20, 0x20, 0x20, 0x20, 0x20,
 0x20, 0x20, 0x20, 0x70, 0x61, 0x72, 0x73, 0x65,
 0x4e, 0x75, 0x6d, 0x62, 0x65, 0x72, 0x28, 0x29,
 0x3b, 0x0a, 0x20, 0x20, 0x20, 0x20, 0x20, 0x20,
 0x20, 0x20, 0x20, 0x20, 0x20, 0x20, 0x63, 0x61,
 0x6e, 0x52, 0x65, 0x67, 0x65, 0x78, 0x20, 0x3d,
 0x20, 0x30, 0x3b, 0x0a, 0x20, 0x20, 0x20, 0x20,
 0x20, 0x20, 0x20, 0x20, 0x20, 0x20, 0x20, 0x20,
 0x62, 0x72, 0x65, 0x61, 0x6b, 0x3b, 0x0a, 0x20,
 0x20, 0x20, 0x20, 0x20, 0x20, 0x20, 0x20, 0x20,
 0x20, 0x7d, 0x0a, 0x20, 0x20, 0x20, 0x20, 0x20,
 0x20, 0x20, 0x20, 0x20, 0x20, 0x69, 0x66, 0x28,
 0x69, 0x73, 0x57, 0x6f, 0x72, 0x64, 0x28, 0x63,
 0x29, 0x20, 0x7c, 0x7c, 0x20, 0x63, 0x20, 0x3d,
 0x3d, 0x20, 0x27, 0x24, 0x27, 0x29, 0x20, 0x7b,
 0x0a, 0x20, 0x20, 0x20, 0x20, 0x20, 0x20, 0x20,
 0x20, 0x20, 0x20, 0x20, 0x20, 0x70, 0x61, 0x72,
 0x73, 0x65, 0x49, 0x64, 0x65, 0x6e, 0x74, 0x69,
 0x66, 0x69, 0x65, 0x72, 0x28, 0x29, 0x3b, 0x0a,
 0x20, 0x20, 0x20, 0x20, 0x20, 0x20, 0x20, 0x20,
 0x20, 0x20, 0x20, 0x20, 0x62, 0x72, 0x65, 0x61,
 0x6b, 0x3b, 0x0a, 0x20, 0x20, 0x20, 0x20, 0x20,
 0x20, 0x20, 0x20, 0x20, 0x20, 0x7d, 0x0a, 0x20,
 0x20, 0x20, 0x20, 0x20, 0x20, 0x20, 0x20, 0x20,
 0x20, 0x63, 0x61, 0x6e, 0x52, 0x65, 0x67, 0x65,
 0x78, 0x20, 0x3d, 0x20, 0x31, 0x3b, 0x0a, 0x20,
 0x20, 0x20, 0x20, 0x20, 0x20, 0x20, 0x20, 0x20,
 0x20, 0x63, 0x6f, 0x6e, 0x74, 0x69, 0x6e, 0x75,
 0x65, 0x3b, 0x0a, 0x20, 0x20, 0x20, 0x20, 0x20,
 0x20, 0x7d, 0x0a, 0x20, 0x20, 0x20, 0x20, 0x20,
 0x20, 0x69, 0x66, 0x28, 0x73, 0x74, 0x79, 0x6c,
 0x65, 0x29, 0x20, 0x73, 0x65, 0x74, 0x53, 0x74,
 0x79, 0x6c, 0x65, 0x28, 0x73, 0x74, 0x61, 0x72,
 0x74, 0x2c, 0x20, 0x69, 0x29, 0x3b, 0x0a, 0x20,
 0x20, 0x20, 0x20, 0x7d, 0x0a, 0x20, 0x20, 0x20,
 0x20, 0x73, 0x65, 0x74, 0x53, 0x74, 0x79, 0x6c,
 0x65, 0x28, 0x6e, 0x2c, 0x20, 0x6e, 0x29, 0x3b,
 0x0a, 0x20, 0x20, 0x20, 0x20, 0x72, 0x65, 0x74,
 0x75, 0x72, 0x6e, 0x20, 0x5b, 0x73, 0x74, 0x61,
 0x74, 0x65, 0x2c, 0x20, 0x6c, 0x65, 0x76, 0x65,
 0x6c, 0x2c, 0x20, 0x72, 0x5d, 0x3b, 0x0a, 0x20,
 0x20, 0x7d, 0x0a, 0x0a, 0x20, 0x20, 0x63, 0x6f,
 0x6d, 0x70, 0x6c, 0x65, 0x74, 0x69, 0x6f, 0x6e,
 0x28, 0x29, 0x20, 0x7b, 0x0a, 0x20, 0x20, 0x20,
 0x20, 0x76, 0x61, 0x72, 0x20, 0x74, 0x61, 0x62,
 0x2c, 0x20, 0x72, 0x65, 0x73, 0x2c, 0x20, 0x73,
 0x2c, 0x20, 0x69, 0x2c, 0x20, 0x6a, 0x2c, 0x20,
 0x6c, 0x65, 0x6e, 0x2c, 0x20, 0x74, 0x3b, 0x0a,
 0x20, 0x20, 0x20, 0x20, 0x72, 0x65, 0x73, 0x20,
 0x3d, 0x20, 0x74, 0x68, 0x69, 0x73, 0x2e, 0x67,
 0x65, 0x74, 0x43, 0x6f, 0x6d, 0x70, 0x6c, 0x65,
 0x74, 0x69, 0x6f, 0x6e, 0x73, 0x28, 0x74, 0x68,
 0x69, 0x73, 0x2e, 0x63, 0x6d, 0x64, 0x2c, 0x20,
 0x74, 0x68, 0x69, 0x73, 0x2e, 0x63, 0x75, 0x72,
 0x73, 0x6f, 0x72, 0x50, 0x6f, 0x73, 0x29, 0x3b,
 0x0a, 0x20, 0x20, 0x20, 0x20, 0x74, 0x61, 0x62,
 0x20, 0x3d, 0x20, 0x72, 0x65, 0x73, 0x2e, 0x74,
 0x61, 0x62, 0x3b, 0x0a, 0x20, 0x20, 0x20, 0x20,
 0x69, 0x66, 0x28, 0x74, 0x61, 0x62, 0x2e, 0x6c,
 0x65, 0x6e, 0x67, 0x74, 0x68, 0x20, 0x3d, 0x3d,
 0x3d, 0x20, 0x30, 0x29, 0x20, 0x72, 0x65, 0x74,
 0x75, 0x72, 0x6e, 0x3b, 0x0a, 0x20, 0x20, 0x20,
 0x20, 0x73, 0x20, 0x3d, 0x20, 0x74, 0x61, 0x62,
 0x5b, 0x30, 0x5d, 0x3b, 0x0a, 0x20, 0x20, 0x20,
 0x20, 0x6c, 0x65, 0x6e, 0x20, 0x3d, 0x20, 0x73,
 0x2e, 0x6c, 0x65, 0x6e, 0x67, 0x74, 0x68, 0x3b,
 0x0a, 0x20, 0x20, 0x20, 0x20, 0x2f, 0x2a, 0x20,
 0x61, 0x64, 0x64, 0x20, 0x74, 0x68, 0x65, 0x20,
 0x63, 0x68, 0x61, 0x72, 0x73, 0x20, 0x77, 0x68,
 0x69, 0x63, 0x68, 0x20, 0x61, 0x72, 0x65, 0x20,
 0x69, 0x64, 0x65, 0x6e, 0x74, 0x69, 0x63, 0x61,
 0x6c, 0x20, 0x69, 0x6e, 0x20, 0x61, 0x6c, 0x6c,
 0x20, 0x74, 0x68, 0x65, 0x20, 0x63, 0x6f, 0x6d,
 0x70, 0x6c, 0x65, 0x74, 0x69, 0x6f, 0x6e, 0x73,
 0x20, 0x2a, 0x2f, 0x0a, 0x20, 0x20, 0x20, 0x20,
 0x66, 0x6f, 0x72, 0x28, 0x69, 0x20, 0x3d, 0x20,
 0x31, 0x3b, 0x20, 0x69, 0x20, 0x3c, 0x20, 0x74,
 0x61, 0x62, 0x2e, 0x6c, 0x65, 0x6e, 0x67, 0x74,
 0x68, 0x3b, 0x20, 0x69, 0x2b, 0x2b, 0x29, 0x20,
 0x7b, 0x0a, 0x20, 0x20, 0x20, 0x20, 0x20, 0x20,
 0x74, 0x20, 0x3d, 0x20, 0x74, 0x61, 0x62, 0x5b,
 0x69, 0x5d, 0x3b, 0x0a, 0x20, 0x20, 0x20, 0x20,
 0x20, 0x20, 0x66, 0x6f, 0x72, 0x28, 0x6a, 0x20,
 0x3d, 0x20, 0x30, 0x3b, 0x20, 0x6a, 0x20, 0x3c,
 0x20, 0x6c, 0x65, 0x6e, 0x3b, 0x20, 0x6a, 0x2b,
 0x2b, 0x29, 0x20, 0x7b, 0x0a, 0x20, 0x20, 0x20,
 0x20, 0x20, 0x20, 0x20, 0x20, 0x69, 0x66, 0x28,
 0x74, 0x5b, 0x6a, 0x5d, 0x20, 0x21, 0x3d, 0x3d,
 0x20, 0x73, 0x5b, 0x6a, 0x5d, 0x29, 0x20, 0x7b,
 0x0a, 0x20, 0x20, 0x20, 0x20, 0x20, 0x20, 0x20,
 0x20, 0x20, 0x20, 0x6c, 0x65, 0x6e, 0x20, 0x3d,
 0x20, 0x6a, 0x3b, 0x0a, 0x20, 0x20, 0x20, 0x20,
 0x20, 0x20, 0x20, 0x20, 0x20, 0x20, 0x62, 0x72,
 0x65, 0x61, 0x6b, 0x3b, 0x0a, 0x20, 0x20, 0x20,
 0x20, 0x20, 0x20, 0x20, 0x20, 0x7d, 0x0a, 0x20,
 0x20, 0x20, 0x20, 0x20, 0x20, 0x7d, 0x0a, 0x20,
 0x20, 0x20, 0x20, 0x7d, 0x0a, 0x20, 0x20, 0x20,
 0x20, 0x66, 0x6f, 0x72, 0x28, 0x69, 0x20, 0x3d,
 0x20, 0x72, 0x65, 0x73, 0x2e, 0x70, 0x6f, 0x73,
 0x3b, 0x20, 0x69, 0x20, 0x3c, 0x20, 0x6c, 0x65,
 0x6e, 0x3b, 0x20, 0x69, 0x2b, 0x2b, 0x29, 0x20,
 0x7b, 0x0a, 0x20, 0x20, 0x20, 0x20, 0x20, 0x20,
 0x74, 0x68, 0x69, 0x73, 0x2e, 0x69, 0x6e, 0x73,
 0x65, 0x72, 0x74, 0x28, 0x73, 0x5b, 0x69, 0x5d,
 0x29, 0x3b, 0x0a, 0x20, 0x20, 0x20, 0x20, 0x7d,
 0x0a, 0x20, 0x20, 0x20, 0x20, 0x69, 0x66, 0x28,
 0x74, 0x68, 0x69, 0x73, 0x2e, 0x6c, 0x61, 0x73,
 0x74, 0x46, 0x75, 0x6e, 0x20, 0x3d, 0x3d, 0x3d,
 0x20, 0x74, 0x68, 0x69, 0x73, 0x2e, 0x63, 0x6f,
 0x6d, 0x70, 0x6c, 0x65, 0x74, 0x69, 0x6f, 0x6e,
 0x20, 0x26, 0x26, 0x20, 0x74, 0x61, 0x62, 0x2e,
 0x6c, 0x65, 0x6e, 0x67, 0x74, 0x68, 0x20, 0x3d,
 0x3d, 0x20, 0x31, 0x29, 0x20, 0x7b, 0x0a, 0x20,
 0x20, 0x20, 0x20, 0x20, 0x20, 0x2f, 0x2a, 0x20,
 0x61, 0x70, 0x70, 0x65, 0x6e, 0x64, 0x20, 0x70,
 0x61, 0x72, 0x65, 0x6e, 0x74, 0x68, 0x65, 0x73,
 0x65, 0x73, 0x20, 0x74, 0x6f, 0x20, 0x66, 0x75,
 0x6e, 0x63, 0x74, 0x69, 0x6f, 0x6e, 0x20, 0x6e,
 0x61, 0x6d, 0x65, 0x73, 0x20, 0x2a, 0x2f, 0x0a,
 0x20, 0x20, 0x20, 0x20, 0x20, 0x20, 0x76, 0x61,
 0x72, 0x20, 0x6d, 0x20, 0x3d, 0x20, 0x72, 0x65,
 0x73, 0x2e, 0x63, 0x74, 0x78, 0x5b, 0x74, 0x61,
 0x62, 0x5b, 0x30, 0x5d, 0x5d, 0x3b, 0x0a, 0x20,
 0x20, 0x20, 0x20, 0x20, 0x20, 0x69, 0x66, 0x28,
 0x74, 0x79, 0x70, 0x65, 0x6f, 0x66, 0x20, 0x6d,
 0x20, 0x3d, 0x3d, 0x20, 0x27, 0x66, 0x75, 0x6e,
 0x63, 0x74, 0x69, 0x6f, 0x6e, 0x27, 0x29, 0x20,
 0x7b, 0x0a, 0x20, 0x20, 0x20, 0x20, 0x20, 0x20,
 0x20, 0x20, 0x74, 0x68, 0x69, 0x73, 0x2e, 0x69,
 0x6e, 0x73, 0x65, 0x72, 0x74, 0x28, 0x27, 0x28,
 0x27, 0x29, 0x3b, 0x0a, 0x20, 0x20, 0x20, 0x20,
 0x20, 0x20, 0x20, 0x20, 0x69, 0x66, 0x28, 0x6d,
 0x2e, 0x6c, 0x65, 0x6e, 0x67, 0x74, 0x68, 0x20,
 0x3d, 0x3d, 0x20, 0x30, 0x29, 0x20, 0x74, 0x68,
 0x69, 0x73, 0x2e, 0x69, 0x6e, 0x73, 0x65, 0x72,
 0x74, 0x28, 0x27, 0x29, 0x27, 0x29, 0x3b, 0x0a,
 0x20, 0x20, 0x20, 0x20, 0x20, 0x20, 0x7d, 0x20,
 0x65, 0x6c, 0x73, 0x65, 0x20, 0x69, 0x66, 0x28,
 0x74, 0x79, 0x70, 0x65, 0x6f, 0x66, 0x20, 0x6d,
 0x20, 0x3d, 0x3d, 0x20, 0x27, 0x6f, 0x62, 0x6a,
 0x65, 0x63, 0x74, 0x27, 0x29, 0x20, 0x7b, 0x0a,
 0x20, 0x20, 0x20, 0x20, 0x20, 0x20, 0x20, 0x20,
 0x74, 0x68, 0x69, 0x73, 0x2e, 0x69, 0x6e, 0x73,
 0x65, 0x72, 0x74, 0x28, 0x27, 0x2e, 0x27, 0x29,
 0x3b, 0x0a, 0x20, 0x20, 0x20, 0x20, 0x20, 0x20,
 0x7d, 0x0a, 0x20, 0x20, 0x20, 0x20, 0x7d, 0x0a,
 0x20, 0x20, 0x20, 0x20, 0x2f, 0x2f, 0x63, 0x6f,
 0x6e, 0x73, 0x6f, 0x6c, 0x65, 0x2e, 0x6c, 0x6f,
 0x67, 0x28, 0x27, 0x72, 0x65, 0x70, 0x6c, 0x2e,
 0x63, 0x6f, 0x6d, 0x70, 0x6c, 0x65, 0x74, 0x69,
 0x6f, 0x6e, 0x27, 0x2c, 0x20, 0x72, 0x65, 0x73,
 0x2e, 0x74, 0x61, 0x62, 0x2e, 0x6c, 0x65, 0x6e,
 0x67, 0x74, 0x68, 0x2c, 0x20, 0x74, 0x68, 0x69,
 0x73, 0x2e, 0x6c, 0x61, 0x73, 0x74, 0x46, 0x75,
 0x6e, 0x29, 0x3b, 0x0a, 0x0a, 0x20, 0x20, 0x20,
 0x20, 0x2f, 0x2a, 0x20, 0x73, 0x68, 0x6f, 0x77,
 0x20, 0x74, 0x68, 0x65, 0x20, 0x70, 0x6f, 0x73,
 0x73, 0x69, 0x62, 0x6c, 0x65, 0x20, 0x63, 0x6f,
 0x6d, 0x70, 0x6c, 0x65, 0x74, 0x69, 0x6f, 0x6e,
 0x73, 0x20, 0x2a, 0x2f, 0x0a, 0x20, 0x20, 0x20,
 0x20, 0x69, 0x66, 0x28, 0x74, 0x68, 0x69, 0x73,
 0x2e, 0x6c, 0x61, 0x73, 0x74, 0x46, 0x75, 0x6e,
 0x20, 0x3d, 0x3d, 0x3d, 0x20, 0x74, 0x68, 0x69,
 0x73, 0x2e, 0x63, 0x6f, 0x6d, 0x70, 0x6c, 0x65,
 0x74, 0x69, 0x6f, 0x6e, 0x20, 0x26, 0x26, 0x20,
 0x74, 0x61, 0x62, 0x2e, 0x6c, 0x65, 0x6e, 0x67,
 0x74, 0x68, 0x20, 0x3e, 0x3d, 0x20, 0x32, 0x29,
 0x20, 0x7b, 0x0a, 0x20, 0x20, 0x20, 0x20, 0x20,
 0x20, 0x74, 0x68, 0x69, 0x73, 0x2e, 0x73, 0x68,
 0x6f, 0x77, 0x43, 0x6f, 0x6d, 0x70, 0x6c, 0x65,
 0x74, 0x69, 0x6f, 0x6e, 0x73, 0x28, 0x74, 0x61,
 0x62, 0x29, 0x3b, 0x0a, 0x0a, 0x20, 0x20, 0x20,
 0x20, 0x20, 0x20, 0x2f, 0x2a, 0x20, 0x73, 0x68,
 0x6f, 0x77, 0x20, 0x61, 0x20, 0x6e, 0x65, 0x77,
 0x20, 0x74, 0x68, 0x69, 0x73, 0x2e, 0x70, 0x72,
 0x6f, 0x6d, 0x70, 0x74, 0x20, 0x2a, 0x2f, 0x0a,
 0x20, 0x20, 0x20, 0x20, 0x20, 0x20, 0x74, 0x68,
 0x69, 0x73, 0x2e, 0x72, 0x65, 0x61, 0x64, 0x6c,
 0x69, 0x6e, 0x65, 0x50, 0x72, 0x69, 0x6e, 0x74,
 0x50, 0x72, 0x6f, 0x6d, 0x70, 0x74, 0x28, 0x29,
 0x3b, 0x0a, 0x20, 0x20, 0x20, 0x20, 0x7d, 0x0a,
 0x20, 0x20, 0x7d, 0x0a, 0x0a, 0x20, 0x20, 0x73,
 0x68, 0x6f, 0x77, 0x43, 0x6f, 0x6d, 0x70, 0x6c,
 0x65, 0x74, 0x69, 0x6f, 0x6e, 0x73, 0x28, 0x74,
 0x61, 0x62, 0x29, 0x20, 0x7b, 0x0a, 0x20, 0x20,
 0x20, 0x20, 0x6c, 0x65, 0x74, 0x20, 0x6d, 0x61,
 0x78, 0x57, 0x69, 0x64, 0x74, 0x68, 0x20, 0x3d,
 0x20, 0x30, 0x3b, 0x0a, 0x0a, 0x20, 0x20, 0x20,
 0x20, 0x66, 0x6f, 0x72, 0x28, 0x6c, 0x65, 0x74,
 0x20, 0x69, 0x20, 0x3d, 0x20, 0x30, 0x3b, 0x20,
 0x69, 0x20, 0x3c, 0x20, 0x74, 0x61, 0x62, 0x2e,
 0x6c, 0x65, 0x6e, 0x67, 0x74, 0x68, 0x3b, 0x20,
 0x69, 0x2b, 0x2b, 0x29, 0x20, 0x6d, 0x61, 0x78,
 0x57, 0x69, 0x64, 0x74, 0x68, 0x20, 0x3d, 0x20,
 0x4d, 0x61, 0x74, 0x68, 0x2e, 0x6d, 0x61, 0x78,
 0x28, 0x6d, 0x61, 0x78, 0x57, 0x69, 0x64, 0x74,
 0x68, 0x2c, 0x20, 0x74, 0x61, 0x62, 0x5b, 0x69,
 0x5d, 0x2e, 0x6c, 0x65, 0x6e, 0x67, 0x74, 0x68,
 0x29, 0x3b, 0x0a, 0x0a, 0x20, 0x20, 0x20, 0x20,
 0x6d, 0x61, 0x78, 0x57, 0x69, 0x64, 0x74, 0x68,
 0x20, 0x2b, 0x3d, 0x20, 0x32, 0x3b, 0x0a, 0x0a,
 0x20, 0x20, 0x20, 0x20, 0x63, 0x6f, 0x6e, 0x73,
 0x74, 0x20, 0x6e, 0x43, 0x6f, 0x6c, 0x73, 0x20,
 0x3d, 0x20, 0x4d, 0x61, 0x74, 0x68, 0x2e, 0x6d,
 0x61, 0x78, 0x28, 0x31, 0x2c, 0x20, 0x4d, 0x61,
 0x74, 0x68, 0x2e, 0x66, 0x6c, 0x6f, 0x6f, 0x72,
 0x28, 0x28, 0x74, 0x68, 0x69, 0x73, 0x2e, 0x63,
 0x6f, 0x6c, 0x75, 0x6d, 0x6e, 0x73, 0x20, 0x2b,
 0x20, 0x31, 0x29, 0x20, 0x2f, 0x20, 0x6d, 0x61,
 0x78, 0x57, 0x69, 0x64, 0x74, 0x68, 0x29, 0x29,
 0x3b, 0x0a, 0x20, 0x20, 0x20, 0x20, 0x63, 0x6f,
 0x6e, 0x73, 0x74, 0x20, 0x6e, 0x52, 0x6f, 0x77,
 0x73, 0x20, 0x3d, 0x20, 0x4d, 0x61, 0x74, 0x68,
 0x2e, 0x63, 0x65, 0x69, 0x6c, 0x28, 0x74, 0x61,
 0x62, 0x2e, 0x6c, 0x65, 0x6e, 0x67, 0x74, 0x68,
 0x20, 0x2f, 0x20, 0x6e, 0x43, 0x6f, 0x6c, 0x73,
 0x29, 0x3b, 0x0a, 0x0a, 0x20, 0x20, 0x20, 0x20,
 0x73, 0x74, 0x64, 0x6f, 0x75, 0x74, 0x2e, 0x70,
 0x75, 0x74, 0x73, 0x28, 0x27, 0x5c, 0x6e, 0x27,
 0x29, 0x3b, 0x0a, 0x20, 0x20, 0x20, 0x20, 0x73,
 0x74, 0x64, 0x6f, 0x75, 0x74, 0x2e, 0x66, 0x6c,
 0x75, 0x73, 0x68, 0x28, 0x29, 0x3b, 0x0a, 0x0a,
 0x20, 0x20, 0x20, 0x20, 0x2f, 0x2a, 0x20, 0x64,
 0x69, 0x73, 0x70, 0x6c, 0x61, 0x79, 0x20, 0x74,
 0x68, 0x65, 0x20, 0x73, 0x6f, 0x72, 0x74, 0x65,
 0x64, 0x20, 0x6c, 0x69, 0x73, 0x74, 0x20, 0x63,
 0x6f, 0x6c, 0x75, 0x6d, 0x6e, 0x2d, 0x77, 0x69,
 0x73, 0x65, 0x20, 0x2a, 0x2f, 0x0a, 0x20, 0x20,
 0x20, 0x20, 0x66, 0x6f, 0x72, 0x28, 0x6c, 0x65,
 0x74, 0x20, 0x72, 0x6f, 0x77, 0x20, 0x3d, 0x20,
 0x30, 0x3b, 0x20, 0x72, 0x6f, 0x77, 0x20, 0x3c,
 0x20, 0x6e, 0x52, 0x6f, 0x77, 0x73, 0x3b, 0x20,
 0x72, 0x6f, 0x77, 0x2b, 0x2b, 0x29, 0x20, 0x7b,
 0x0a, 0x20, 0x20, 0x20, 0x20, 0x20, 0x20, 0x66,
 0x6f, 0x72, 0x28, 0x6c, 0x65, 0x74, 0x20, 0x63,
 0x6f, 0x6c, 0x20, 0x3d, 0x20, 0x30, 0x3b, 0x20,
 0x63, 0x6f, 0x6c, 0x20, 0x3c, 0x20, 0x6e, 0x43,
 0x6f, 0x6c, 0x73, 0x3b, 0x20, 0x63, 0x6f, 0x6c,
 0x2b, 0x2b, 0x29, 0x20, 0x7b, 0x0a, 0x20, 0x20,
 0x20, 0x20, 0x20, 0x20, 0x20, 0x20, 0x6c, 0x65,
 0x74, 0x20, 0x69, 0x20, 0x3d, 0x20, 0x63, 0x6f,
 0x6c, 0x20, 0x2a, 0x20, 0x6e, 0x52, 0x6f, 0x77,
 0x73, 0x20, 0x2b, 0x20, 0x72, 0x6f, 0x77, 0x3b,
 0x0a, 0x20, 0x20, 0x20, 0x20, 0x20, 0x20, 0x20,
 0x20, 0x69, 0x66, 0x28, 0x69, 0x20, 0x3e, 0x3d,
 0x20, 0x74, 0x61, 0x62, 0x2e, 0x6c, 0x65, 0x6e,
 0x67, 0x74, 0x68, 0x29, 0x20, 0x62, 0x72, 0x65,
 0x61, 0x6b, 0x3b, 0x0a, 0x20, 0x20, 0x20, 0x20,
 0x20, 0x20, 0x20, 0x20, 0x6c, 0x65, 0x74, 0x20,
 0x73, 0x20, 0x3d, 0x20, 0x74, 0x61, 0x62, 0x5b,
 0x69, 0x5d, 0x3b, 0x0a, 0x20, 0x20, 0x20, 0x20,
 0x20, 0x20, 0x20, 0x20, 0x69, 0x66, 0x28, 0x63,
 0x6f, 0x6c, 0x20, 0x21, 0x3d, 0x20, 0x6e, 0x43,
 0x6f, 0x6c, 0x73, 0x20, 0x2d, 0x20, 0x31, 0x29,
 0x20, 0x73, 0x20, 0x3d, 0x20, 0x73, 0x2e, 0x70,
 0x61, 0x64, 0x45, 0x6e, 0x64, 0x28, 0x6d, 0x61,
 0x78, 0x57, 0x69, 0x64, 0x74, 0x68, 0x29, 0x3b,
 0x0a, 0x20, 0x20, 0x20, 0x20, 0x20, 0x20, 0x20,
 0x20, 0x73, 0x74, 0x64, 0x6f, 0x75, 0x74, 0x2e,
 0x70, 0x75, 0x74, 0x73, 0x28, 0x73, 0x29, 0x3b,
 0x0a, 0x20, 0x20, 0x20, 0x20, 0x20, 0x20, 0x7d,
 0x0a, 0x20, 0x20, 0x20, 0x20, 0x20, 0x20, 0x73,
 0x74, 0x64, 0x6f, 0x75, 0x74, 0x2e, 0x70, 0x75,
 0x74, 0x73, 0x28, 0x27, 0x5c, 0x6e, 0x27, 0x29,
 0x3b, 0x0a, 0x20, 0x20, 0x20, 0x20, 0x20, 0x20,
 0x73, 0x74, 0x64, 0x6f, 0x75, 0x74, 0x2e, 0x66,
 0x6c, 0x75, 0x73, 0x68, 0x28, 0x29, 0x3b, 0x0a,
 0x20, 0x20, 0x20, 0x20, 0x7d, 0x0a, 0x20, 0x20,
 0x7d, 0x0a, 0x0a, 0x20, 0x20, 0x63, 0x6f, 0x6e,
 0x74, 0x72, 0x6f, 0x6c, 0x43, 0x28, 0x29, 0x20,
 0x7b, 0x0a, 0x20, 0x20, 0x20, 0x20, 0x2f, 0x2f,
 0x69, 0x66, 0x28, 0x73, 0x75, 0x70, 0x70, 0x6f,
 0x72, 0x74, 0x73, 0x41, 0x6e, 0x73, 0x69, 0x29,
 0x20, 0x70, 0x72, 0x69, 0x6e, 0x74, 0x43, 0x73,
 0x69, 0x28, 0x31, 0x32, 0x2c, 0x20, 0x27, 0x69,
 0x27, 0x29, 0x3b, 0x0a, 0x0a, 0x20, 0x20, 0x20,
 0x20, 0x69, 0x66, 0x28, 0x74, 0x68, 0x69, 0x73,
 0x2e, 0x6c, 0x61, 0x73, 0x74, 0x46, 0x75, 0x6e,
 0x20, 0x3d, 0x3d, 0x3d, 0x20, 0x74, 0x68, 0x69,
 0x73, 0x2e, 0x63, 0x6f, 0x6e, 0x74, 0x72, 0x6f,
 0x6c, 0x43, 0x29, 0x20, 0x7b, 0x0a, 0x20, 0x20,
 0x20, 0x20, 0x20, 0x20, 0x73, 0x74, 0x64, 0x6f,
 0x75, 0x74, 0x2e, 0x70, 0x75, 0x74, 0x73, 0x28,
 0x27, 0x5c, 0x6e, 0x27, 0x29, 0x3b, 0x0a, 0x20,
 0x20, 0x20, 0x20, 0x20, 0x20, 0x73, 0x74, 0x64,
 0x6f, 0x75, 0x74, 0x2e, 0x66, 0x6c, 0x75, 0x73,
 0x68, 0x28, 0x29, 0x3b, 0x0a, 0x0a, 0x20, 0x20,
 0x20, 0x20, 0x20, 0x20, 0x66, 0x6f, 0x72, 0x28,
 0x63, 0x6f, 0x6e, 0x73, 0x74, 0x20, 0x68, 0x61,
 0x6e, 0x64, 0x6c, 0x65, 0x72, 0x20, 0x6f, 0x66,
 0x20, 0x74, 0x68, 0x69, 0x73, 0x2e, 0x63, 0x6c,
 0x65, 0x61, 0x6e, 0x75, 0x70, 0x48, 0x61, 0x6e,
 0x64, 0x6c, 0x65, 0x72, 0x73, 0x29, 0x20, 0x68,
 0x61, 0x6e, 0x64, 0x6c, 0x65, 0x72, 0x2e, 0x63,
 0x61, 0x6c, 0x6c, 0x28, 0x74, 0x68, 0x69, 0x73,
 0x29, 0x3b, 0x0a, 0x0a, 0x20, 0x20, 0x20, 0x20,
 0x20, 0x20, 0x74, 0x68, 0x69, 0x73, 0x2e, 0x65,
 0x78, 0x69, 0x74, 0x28, 0x30, 0x29, 0x3b, 0x0a,
 0x20, 0x20, 0x20, 0x20, 0x20, 0x20, 0x72, 0x65,
 0x74, 0x75, 0x72, 0x6e, 0x20, 0x2d, 0x33, 0x3b,
 0x0a, 0x20, 0x20, 0x20, 0x20, 0x7d, 0x20, 0x65,
 0x6c, 0x73, 0x65, 0x20, 0x7b, 0x0a, 0x20, 0x20,
 0x20, 0x20, 0x20, 0x20, 0x73, 0x74, 0x64, 0x6f,
 0x75, 0x74, 0x2e, 0x70, 0x75, 0x74, 0x73, 0x28,
 0x27, 0x5c, 0x6e, 0x28, 0x50, 0x72, 0x65, 0x73,
 0x73, 0x20, 0x43, 0x74, 0x72, 0x6c, 0x2d, 0x43,
 0x20, 0x61, 0x67, 0x61, 0x69, 0x6e, 0x20, 0x74,
 0x6f, 0x20, 0x71, 0x75, 0x69, 0x74, 0x29, 0x5c,
 0x6e, 0x27, 0x29, 0x3b, 0x0a, 0x20, 0x20, 0x20,
 0x20, 0x20, 0x20, 0x73, 0x74, 0x64, 0x6f, 0x75,
 0x74, 0x2e, 0x66, 0x6c, 0x75, 0x73, 0x68, 0x28,
 0x29, 0x3b, 0x0a, 0x20, 0x20, 0x20, 0x20, 0x20,
 0x20, 0x74, 0x68, 0x69, 0x73, 0x2e, 0x72, 0x65,
 0x61, 0x64, 0x6c, 0x69, 0x6e, 0x65, 0x50, 0x72,
 0x69, 0x6e, 0x74, 0x50, 0x72, 0x6f, 0x6d, 0x70,
 0x74, 0x28, 0x29, 0x3b, 0x0a, 0x20, 0x20, 0x20,
 0x20, 0x7d, 0x0a, 0x20, 0x20, 0x7d, 0x0a, 0x0a,
 0x20, 0x20, 0x63, 0x6f, 0x6e, 0x74, 0x72, 0x6f,
 0x6c, 0x44, 0x28, 0x29, 0x20, 0x7b, 0x0a, 0x20,
 0x20, 0x20, 0x20, 0x69, 0x66, 0x28, 0x74, 0x68,
 0x69, 0x73, 0x2e, 0x63, 0x6d, 0x64, 0x2e, 0x6c,
 0x65, 0x6e, 0x67, 0x74, 0x68, 0x20, 0x3d, 0x3d,
 0x20, 0x30, 0x29, 0x20, 0x7b, 0x0a, 0x20, 0x20,
 0x20, 0x20, 0x20, 0x20, 0x73, 0x74, 0x64, 0x6f,
 0x75, 0x74, 0x2e, 0x70, 0x75, 0x74, 0x73, 0x28,
 0x27, 0x5c, 0x6e, 0x27, 0x29, 0x3b, 0x0a, 0x20,
 0x20, 0x20, 0x20, 0x20, 0x20, 0x73, 0x74, 0x64,
 0x6f, 0x75, 0x74, 0x2e, 0x66, 0x6c, 0x75, 0x73,
 0x68, 0x28, 0x29, 0x3b, 0x0a, 0x20, 0x20, 0x20,
 0x20, 0x20, 0x20, 0x72, 0x65, 0x74, 0x75, 0x72,
 0x6e, 0x20, 0x2d, 0x33, 0x3b, 0x20, 0x2f, 0x2a,
 0x20, 0x65, 0x78, 0x69, 0x74, 0x20, 0x72, 0x65,
 0x61, 0x64, 0x20, 0x65, 0x76, 0x61, 0x6c, 0x20,
 0x74, 0x68, 0x69, 0x73, 0x2e, 0x70, 0x72, 0x69,
 0x6e, 0x74, 0x20, 0x6c, 0x6f, 0x6f, 0x70, 0x20,
 0x2a, 0x2f, 0x0a, 0x20, 0x20, 0x20, 0x20, 0x7d,
 0x20, 0x65, 0x6c, 0x73, 0x65, 0x20, 0x7b, 0x0a,
 0x20, 0x20, 0x20, 0x20, 0x20, 0x20, 0x74, 0x68,
 0x69, 0x73, 0x2e, 0x64, 0x65, 0x6c, 0x65, 0x74,
 0x65, 0x43, 0x68, 0x61, 0x72, 0x44, 0x69, 0x72,
 0x28, 0x31, 0x29, 0x3b, 0x0a, 0x20, 0x20, 0x20,
 0x20, 0x7d, 0x0a, 0x20, 0x20, 0x7d, 0x0a, 0x0a,
 0x20, 0x20, 0x63, 0x6f, 0x6e, 0x74, 0x72, 0x6f,
 0x6c, 0x4c, 0x28, 0x29, 0x20, 0x7b, 0x0a, 0x20,
 0x20, 0x20, 0x20, 0x2f, 0x2f, 0x70, 0x75, 0x74,
 0x73, 0x28, 0x60, 0x63, 0x6f, 0x6e, 0x74, 0x72,
 0x6f, 0x6c, 0x4c, 0x20, 0x27, 0x24, 0x7b, 0x4f,
 0x62, 0x6a, 0x65, 0x63, 0x74, 0x2e, 0x67, 0x65,
 0x74, 0x4f, 0x77, 0x6e, 0x50, 0x72, 0x6f, 0x70,
 0x65, 0x72, 0x74, 0x79, 0x4e, 0x61, 0x6d, 0x65,
 0x73, 0x28, 0x4f, 0x62, 0x6a, 0x65, 0x63, 0x74,
 0x2e, 0x67, 0x65, 0x74, 0x50, 0x72, 0x6f, 0x74,
 0x6f, 0x74, 0x79, 0x70, 0x65, 0x4f, 0x66, 0x28,
 0x74, 0x68, 0x69, 0x73, 0x29, 0x29, 0x20, 0x2e,
 0x66, 0x69, 0x6c, 0x74, 0x65, 0x72, 0x28, 0x6e,
 0x20, 0x3d, 0x3e, 0x20, 0x74, 0x79, 0x70, 0x65,
 0x6f, 0x66, 0x20, 0x74, 0x68, 0x69, 0x73, 0x5b,
 0x6e, 0x5d, 0x20, 0x21, 0x3d, 0x20, 0x27, 0x66,
 0x75, 0x6e, 0x63, 0x74, 0x69, 0x6f, 0x6e, 0x27,
 0x29, 0x20, 0x2e, 0x6a, 0x6f, 0x69, 0x6e, 0x28,
 0x27, 0x20, 0x27, 0x29, 0x7d, 0x27, 0x5c, 0x6e,
 0x60, 0x20, 0x29, 0x3b, 0x0a, 0x0a, 0x20, 0x20,
 0x20, 0x20, 0x69, 0x66, 0x28, 0x74, 0x68, 0x69,
 0x73, 0x2e, 0x63, 0x6d, 0x64, 0x2e, 0x6c, 0x65,
 0x6e, 0x67, 0x74, 0x68, 0x20, 0x3e, 0x20, 0x30,
 0x29, 0x20, 0x74, 0x68, 0x69, 0x73, 0x2e, 0x64,
 0x65, 0x6c, 0x65, 0x74, 0x65, 0x41, 0x6c, 0x6c,
 0x28, 0x29, 0x3b, 0x0a, 0x20, 0x20, 0x7d, 0x0a,
 0x0a, 0x20, 0x20, 0x64, 0x65, 0x6c, 0x65, 0x74,
 0x65, 0x43, 0x68, 0x61, 0x72, 0x28, 0x29, 0x20,
 0x7b, 0x0a, 0x20, 0x20, 0x20, 0x20, 0x74, 0x68,
 0x69, 0x73, 0x2e, 0x64, 0x65, 0x6c, 0x65, 0x74,
 0x65, 0x43, 0x68, 0x61, 0x72, 0x44, 0x69, 0x72,
 0x28, 0x31, 0x29, 0x3b, 0x0a, 0x20, 0x20, 0x7d,
 0x0a, 0x0a, 0x20, 0x20, 0x64, 0x65, 0x6c, 0x65,
 0x74, 0x65, 0x43, 0x68, 0x61, 0x72, 0x44, 0x69,
 0x72, 0x28, 0x64, 0x69, 0x72, 0x29, 0x20, 0x7b,
 0x0a, 0x20, 0x20, 0x20, 0x20, 0x76, 0x61, 0x72,
 0x20, 0x73, 0x74, 0x61, 0x72, 0x74, 0x2c, 0x0a,
 0x20, 0x20, 0x20, 0x20, 0x20, 0x20, 0x65, 0x6e,
 0x64, 0x20, 0x3d, 0x20, 0x6e, 0x75, 0x6c, 0x6c,
 0x3b, 0x0a, 0x0a, 0x20, 0x20, 0x20, 0x20, 0x73,
 0x74, 0x61, 0x72, 0x74, 0x20, 0x3d, 0x20, 0x74,
 0x68, 0x69, 0x73, 0x2e, 0x63, 0x75, 0x72, 0x73,
 0x6f, 0x72, 0x50, 0x6f, 0x73, 0x3b, 0x0a, 0x20,
 0x20, 0x20, 0x20, 0x69, 0x66, 0x28, 0x64, 0x69,
 0x72, 0x20, 0x3c, 0x20, 0x30, 0x29, 0x20, 0x7b,
 0x0a, 0x20, 0x20, 0x20, 0x20, 0x20, 0x20, 0x73,
 0x74, 0x61, 0x72, 0x74, 0x2d, 0x2d, 0x3b, 0x0a,
 0x20, 0x20, 0x20, 0x20, 0x20, 0x20, 0x77, 0x68,
 0x69, 0x6c, 0x65, 0x28, 0x69, 0x73, 0x54, 0x72,
 0x61, 0x69, 0x6c, 0x69, 0x6e, 0x67, 0x53, 0x75,
 0x72, 0x72, 0x6f, 0x67, 0x61, 0x74, 0x65, 0x28,
 0x74, 0x68, 0x69, 0x73, 0x2e, 0x63, 0x6d, 0x64,
 0x2e, 0x63, 0x68, 0x61, 0x72, 0x41, 0x74, 0x28,
 0x73, 0x74, 0x61, 0x72, 0x74, 0x29, 0x29, 0x29,
 0x20, 0x73, 0x74, 0x61, 0x72, 0x74, 0x2d, 0x2d,
 0x3b, 0x0a, 0x20, 0x20, 0x20, 0x20, 0x7d, 0x0a,
 0x20, 0x20, 0x20, 0x20, 0x65, 0x6e, 0x64, 0x20,
 0x3d, 0x20, 0x73, 0x74, 0x61, 0x72, 0x74, 0x20,
 0x2b, 0x20, 0x31, 0x3b, 0x0a, 0x20, 0x20, 0x20,
 0x20, 0x77, 0x68, 0x69, 0x6c, 0x65, 0x28, 0x69,
 0x73, 0x54, 0x72, 0x61, 0x69, 0x6c, 0x69, 0x6e,
 0x67, 0x53, 0x75, 0x72, 0x72, 0x6f, 0x67, 0x61,
 0x74, 0x65, 0x28, 0x74, 0x68, 0x69, 0x73, 0x2e,
 0x63, 0x6d, 0x64, 0x2e, 0x63, 0x68, 0x61, 0x72,
 0x41, 0x74, 0x28, 0x65, 0x6e, 0x64, 0x29, 0x29,
 0x29, 0x20, 0x65, 0x6e, 0x64, 0x2b, 0x2b, 0x3b,
 0x0a, 0x0a, 0x20, 0x20, 0x20, 0x20, 0x69, 0x66,
 0x28, 0x73, 0x74, 0x61, 0x72, 0x74, 0x20, 0x3e,
 0x3d, 0x20, 0x30, 0x20, 0x26, 0x26, 0x20, 0x73,
 0x74, 0x61, 0x72, 0x74, 0x20, 0x3c, 0x20, 0x74,
 0x68, 0x69, 0x73, 0x2e, 0x63, 0x6d, 0x64, 0x2e,
 0x6c, 0x65, 0x6e, 0x67, 0x74, 0x68, 0x29, 0x20,
 0x7b, 0x0a, 0x20, 0x20, 0x20, 0x20, 0x20, 0x20,
 0x69, 0x66, 0x28, 0x74, 0x68, 0x69, 0x73, 0x2e,
 0x6c, 0x61, 0x73, 0x74, 0x46, 0x75, 0x6e, 0x20,
 0x3d, 0x3d, 0x3d, 0x20, 0x74, 0x68, 0x69, 0x73,
 0x2e, 0x6b, 0x69, 0x6c, 0x6c, 0x52, 0x65, 0x67,
 0x69, 0x6f, 0x6e, 0x29, 0x20, 0x7b, 0x0a, 0x20,
 0x20, 0x20, 0x20, 0x20, 0x20, 0x20, 0x20, 0x74,
 0x68, 0x69, 0x73, 0x2e, 0x6b, 0x69, 0x6c, 0x6c,
 0x52, 0x65, 0x67, 0x69, 0x6f, 0x6e, 0x28, 0x73,
 0x74, 0x61, 0x72, 0x74, 0x2c, 0x20, 0x65, 0x6e,
 0x64, 0x2c, 0x20, 0x64, 0x69, 0x72, 0x29, 0x3b,
 0x0a, 0x20, 0x20, 0x20, 0x20, 0x20, 0x20, 0x7d,
 0x20, 0x65, 0x6c, 0x73, 0x65, 0x20, 0x7b, 0x0a,
 0x20, 0x20, 0x20, 0x20, 0x20, 0x20, 0x20, 0x20,
 0x74, 0x68, 0x69, 0x73, 0x2e, 0x63, 0x6d, 0x64,
 0x20, 0x3d, 0x20, 0x74, 0x68, 0x69, 0x73, 0x2e,
 0x63, 0x6d, 0x64, 0x2e, 0x73, 0x75, 0x62, 0x73,
 0x74, 0x72, 0x69, 0x6e, 0x67, 0x28, 0x30, 0x2c,
 0x20, 0x73, 0x74, 0x61, 0x72, 0x74, 0x29, 0x20,
 0x2b, 0x20, 0x74, 0x68, 0x69, 0x73, 0x2e, 0x63,
 0x6d, 0x64, 0x2e, 0x73, 0x75, 0x62, 0x73, 0x74,
 0x72, 0x69, 0x6e, 0x67, 0x28, 0x65, 0x6e, 0x64,
 0x29, 0x3b, 0x0a, 0x20, 0x20, 0x20, 0x20, 0x20,
 0x20, 0x20, 0x20, 0x74, 0x68, 0x69, 0x73, 0x2e,
 0x63, 0x75, 0x72, 0x73, 0x6f, 0x72, 0x50, 0x6f,
 0x73, 0x20, 0x3d, 0x20, 0x73, 0x74, 0x61, 0x72,
 0x74, 0x3b, 0x0a, 0x20, 0x20, 0x20, 0x20, 0x20,
 0x20, 0x7d, 0x0a, 0x20, 0x20, 0x20, 0x20, 0x7d,
 0x0a, 0x20, 0x20, 0x7d, 0x0a, 0x0a, 0x20, 0x20,
 0x64, 0x65, 0x6c, 0x65, 0x74, 0x65, 0x41, 0x6c,
 0x6c, 0x28, 0x29, 0x20, 0x7b, 0x0a, 0x20, 0x20,
 0x20, 0x20, 0x74, 0x68, 0x69, 0x73, 0x2e, 0x6b,
 0x69, 0x6c, 0x6c, 0x52, 0x65, 0x67, 0x69, 0x6f,
 0x6e, 0x28, 0x30, 0x2c, 0x20, 0x74, 0x68, 0x69,
 0x73, 0x2e, 0x63, 0x6d, 0x64, 0x2e, 0x6c, 0x65,
 0x6e, 0x67, 0x74, 0x68, 0x2c, 0x20, 0x31, 0x29,
 0x3b, 0x0a, 0x0a, 0x20, 0x20, 0x20, 0x20, 0x2f,
 0x2a, 0x20, 0x74, 0x68, 0x69, 0x73, 0x2e, 0x63,
 0x75, 0x72, 0x73, 0x6f, 0x72, 0x50, 0x6f, 0x73,
 0x20, 0x3d, 0x20, 0x30, 0x3b, 0x0a, 0x20, 0x20,
 0x20, 0x20, 0x74, 0x68, 0x69, 0x73, 0x2e, 0x63,
 0x6d, 0x64, 0x20, 0x3d, 0x20, 0x27, 0x27, 0x3b,
 0x0a, 0x20, 0x20, 0x20, 0x20, 0x74, 0x68, 0x69,
 0x73, 0x2e, 0x75, 0x70, 0x64, 0x61, 0x74, 0x65,
 0x28, 0x29, 0x3b, 0x2a, 0x2f, 0x0a, 0x20, 0x20,
 0x7d, 0x0a, 0x0a, 0x20, 0x20, 0x64, 0x6f, 0x77,
 0x6e, 0x63, 0x61, 0x73, 0x65, 0x57, 0x6f, 0x72,
 0x64, 0x28, 0x29, 0x20, 0x7b, 0x0a, 0x20, 0x20,
 0x20, 0x20, 0x76, 0x61, 0x72, 0x20, 0x65, 0x6e,
 0x64, 0x20, 0x3d, 0x20, 0x74, 0x68, 0x69, 0x73,
 0x2e, 0x73, 0x6b, 0x69, 0x70, 0x57, 0x6f, 0x72,
 0x64, 0x46, 0x6f, 0x72, 0x77, 0x61, 0x72, 0x64,
 0x28, 0x74, 0x68, 0x69, 0x73, 0x2e, 0x63, 0x75,
 0x72, 0x73, 0x6f, 0x72, 0x50, 0x6f, 0x73, 0x29,
 0x3b, 0x0a, 0x20, 0x20, 0x20, 0x20, 0x74, 0x68,
 0x69, 0x73, 0x2e, 0x63, 0x6d, 0x64, 0x20, 0x3d,
 0x20, 0x74, 0x68, 0x69, 0x73, 0x2e, 0x63, 0x6d,
 0x64, 0x2e, 0x73, 0x75, 0x62, 0x73, 0x74, 0x72,
 0x69, 0x6e, 0x67, 0x28, 0x30, 0x2c, 0x20, 0x74,
 0x68, 0x69, 0x73, 0x2e, 0x63, 0x75, 0x72, 0x73,
 0x6f, 0x72, 0x50, 0x6f, 0x73, 0x29, 0x20, 0x2b,
 0x20, 0x74, 0x68, 0x69, 0x73, 0x2e, 0x63, 0x6d,
 0x64, 0x2e, 0x73, 0x75, 0x62, 0x73, 0x74, 0x72,
 0x69, 0x6e, 0x67, 0x28, 0x74, 0x68, 0x69, 0x73,
 0x2e, 0x63, 0x75, 0x72, 0x73, 0x6f, 0x72, 0x50,
 0x6f, 0x73, 0x2c, 0x20, 0x65, 0x6e, 0x64, 0x29,
 0x2e, 0x74, 0x6f, 0x4c, 0x6f, 0x77, 0x65, 0x72,
 0x43, 0x61, 0x73, 0x65, 0x28, 0x29, 0x20, 0x2b,
 0x20, 0x74, 0x68, 0x69, 0x73, 0x2e, 0x63, 0x6d,
 0x64, 0x2e, 0x73, 0x75, 0x62, 0x73, 0x74, 0x72,
 0x69, 0x6e, 0x67, 0x28, 0x65, 0x6e, 0x64, 0x29,
 0x3b, 0x0a, 0x20, 0x20, 0x7d, 0x0a, 0x0a, 0x20,
 0x20, 0x64, 0x75, 0x70, 0x73, 0x74, 0x72, 0x28,
 0x73, 0x74, 0x72, 0x2c, 0x20, 0x63, 0x6f, 0x75,
 0x6e, 0x74, 0x29, 0x20, 0x7b, 0x0a, 0x20, 0x20,
 0x20, 0x20, 0x76, 0x61, 0x72, 0x20, 0x72, 0x65,
 0x73, 0x20, 0x3d, 0x20, 0x27, 0x27, 0x3b, 0x0a,
 0x20, 0x20, 0x20, 0x20, 0x77, 0x68, 0x69, 0x6c,
 0x65, 0x28, 0x63, 0x6f, 0x75, 0x6e, 0x74, 0x2d,
 0x2d, 0x20, 0x3e, 0x20, 0x30, 0x29, 0x20, 0x72,
 0x65, 0x73, 0x20, 0x2b, 0x3d, 0x20, 0x73, 0x74,
 0x72, 0x3b, 0x0a, 0x20, 0x20, 0x20, 0x20, 0x72,
 0x65, 0x74, 0x75, 0x72, 0x6e, 0x20, 0x72, 0x65,
 0x73, 0x3b, 0x0a, 0x20, 0x20, 0x7d, 0x0a, 0x0a,
 0x20, 0x20, 0x65, 0x6e, 0x64, 0x4f, 0x66, 0x4c,
 0x69, 0x6e, 0x65, 0x28, 0x29, 0x20, 0x7b, 0x0a,
 0x20, 0x20, 0x20, 0x20, 0x74, 0x68, 0x69, 0x73,
 0x2e, 0x63, 0x75, 0x72, 0x73, 0x6f, 0x72, 0x50,
 0x6f, 0x73, 0x20, 0x3d, 0x20, 0x74, 0x68, 0x69,
 0x73, 0x2e, 0x63, 0x6d, 0x64, 0x2e, 0x6c, 0x65,
 0x6e, 0x67, 0x74, 0x68, 0x3b, 0x0a, 0x20, 0x20,
 0x7d, 0x0a, 0x0a, 0x20, 0x20, 0x72, 0x65, 0x61,
 0x64, 0x6c, 0x69, 0x6e, 0x65, 0x52, 0x65, 0x6d,
 0x6f, 0x76, 0x65, 0x50, 0x72, 0x6f, 0x6d, 0x70,
 0x74, 0x28, 0x29, 0x20, 0x7b, 0x0a, 0x20, 0x20,
 0x20, 0x20, 0x69, 0x66, 0x28, 0x21, 0x63, 0x6c,
 0x65, 0x61, 0x72, 0x4c, 0x69, 0x6e, 0x65, 0x28,
 0x31, 0x2c, 0x20, 0x32, 0x29, 0x29, 0x20, 0x73,
 0x74, 0x64, 0x6f, 0x75, 0x74, 0x2e, 0x70, 0x75,
 0x74, 0x73, 0x28, 0x27, 0x5c, 0x72, 0x27, 0x20,
 0x2b, 0x20, 0x27, 0x20, 0x27, 0x2e, 0x72, 0x65,
 0x70, 0x65, 0x61, 0x74, 0x28, 0x74, 0x65, 0x72,
 0x6d, 0x43, 0x75, 0x72, 0x73, 0x6f, 0x72, 0x58,
 0x29, 0x29, 0x3b, 0x0a, 0x0a, 0x20, 0x20, 0x20,
 0x20, 0x69, 0x66, 0x28, 0x21, 0x73, 0x65, 0x74,
 0x43, 0x75, 0x72, 0x73, 0x6f, 0x72, 0x50, 0x6f,
 0x73, 0x69, 0x74, 0x69, 0x6f, 0x6e, 0x28, 0x31,
 0x2c, 0x20, 0x30, 0x29, 0x29, 0x20, 0x73, 0x74,
 0x64, 0x6f, 0x75, 0x74, 0x2e, 0x70, 0x75, 0x74,
 0x73, 0x28, 0x27, 0x5c, 0x72, 0x27, 0x29, 0x3b,
 0x0a, 0x0a, 0x20, 0x20, 0x20, 0x20, 0x73, 0x74,
 0x64, 0x6f, 0x75, 0x74, 0x2e, 0x66, 0x6c, 0x75,
 0x73, 0x68, 0x28, 0x29, 0x3b, 0x0a, 0x0a, 0x20,
 0x20, 0x20, 0x20, 0x74, 0x65, 0x72, 0x6d, 0x43,
 0x75, 0x72, 0x73, 0x6f, 0x72, 0x58, 0x20, 0x3d,
 0x20, 0x30, 0x3b, 0x0a, 0x20, 0x20, 0x7d, 0x0a,
 0x0a, 0x20, 0x20, 0x70, 0x72, 0x69, 0x6e, 0x74,
 0x52, 0x65, 0x73, 0x75, 0x6c, 0x74, 0x28, 0x72,
 0x65, 0x73, 0x75, 0x6c, 0x74, 0x29, 0x20, 0x7b,
 0x0a, 0x20, 0x20, 0x20, 0x20, 0x69, 0x66, 0x28,
 0x72, 0x65, 0x73, 0x75, 0x6c, 0x74, 0x20, 0x21,
 0x3d, 0x3d, 0x20, 0x74, 0x68, 0x69, 0x73, 0x5b,
 0x27, 0x24, 0x27, 0x5d, 0x29, 0x20, 0x74, 0x68,
 0x69, 0x73, 0x2e, 0x72, 0x65, 0x73, 0x75, 0x6c,
 0x74, 0x49, 0x64, 0x20, 0x3d, 0x20, 0x28, 0x74,
 0x68, 0x69, 0x73, 0x2e, 0x72, 0x65, 0x73, 0x75,
 0x6c, 0x74, 0x49, 0x64, 0x20, 0x7c, 0x20, 0x30,
 0x29, 0x20, 0x2b, 0x20, 0x31, 0x3b, 0x0a, 0x0a,
 0x20, 0x20, 0x20, 0x20, 0x69, 0x66, 0x28, 0x74,
 0x79, 0x70, 0x65, 0x73, 0x2e, 0x69, 0x73, 0x50,
 0x72, 0x6f, 0x6d, 0x69, 0x73, 0x65, 0x28, 0x72,
 0x65, 0x73, 0x75, 0x6c, 0x74, 0x29, 0x29, 0x20,
 0x74, 0x68, 0x69, 0x73, 0x2e, 0x70, 0x72, 0x69,
 0x6e, 0x74, 0x50, 0x72, 0x6f, 0x6d, 0x69, 0x73,
 0x65, 0x28, 0x72, 0x65, 0x73, 0x75, 0x6c, 0x74,
 0x29, 0x3b, 0x0a, 0x20, 0x20, 0x20, 0x20, 0x65,
 0x6c, 0x73, 0x65, 0x20, 0x74, 0x68, 0x69, 0x73,
 0x2e, 0x70, 0x72, 0x69, 0x6e, 0x74, 0x53, 0x74,
 0x61, 0x74, 0x75, 0x73, 0x28, 0x5b, 0x63, 0x6f,
 0x6c, 0x6f, 0x72, 0x73, 0x5b, 0x73, 0x74, 0x79,
 0x6c, 0x65, 0x73, 0x2e, 0x72, 0x65, 0x73, 0x75,
 0x6c, 0x74, 0x5d, 0x2c, 0x20, 0x72, 0x65, 0x73,
 0x75, 0x6c, 0x74, 0x2c, 0x20, 0x63, 0x6f, 0x6c,
 0x6f, 0x72, 0x73, 0x2e, 0x6e, 0x6f, 0x6e, 0x65,
 0x5d, 0x29, 0x3b, 0x0a, 0x0a, 0x20, 0x20, 0x20,
 0x20, 0x69, 0x66, 0x28, 0x74, 0x79, 0x70, 0x65,
 0x6f, 0x66, 0x20, 0x72, 0x65, 0x73, 0x75, 0x6c,
 0x74, 0x20, 0x3d, 0x3d, 0x20, 0x27, 0x75, 0x6e,
 0x6b, 0x6e, 0x6f, 0x77, 0x6e, 0x27, 0x29, 0x20,
 0x72, 0x65, 0x73, 0x75, 0x6c, 0x74, 0x20, 0x3d,
 0x20, 0x75, 0x6e, 0x64, 0x65, 0x66, 0x69, 0x6e,
 0x65, 0x64, 0x3b, 0x0a, 0x0a, 0x20, 0x20, 0x20,
 0x20, 0x74, 0x68, 0x69, 0x73, 0x5b, 0x27, 0x24,
 0x27, 0x5d, 0x20, 0x3d, 0x20, 0x72, 0x65, 0x73,
 0x75, 0x6c, 0x74, 0x3b, 0x0a, 0x20, 0x20, 0x20,
 0x20, 0x67, 0x6c, 0x6f, 0x62, 0x61, 0x6c, 0x54,
 0x68, 0x69, 0x73, 0x2e, 0x5f, 0x20, 0x3d, 0x20,
 0x72, 0x65, 0x73, 0x75, 0x6c, 0x74, 0x3b, 0x0a,
 0x20, 0x20, 0x7d, 0x0a, 0x0a, 0x20, 0x20, 0x70,
 0x72, 0x69, 0x6e, 0x74, 0x50, 0x72, 0x6f, 0x6d,
 0x69, 0x73, 0x65, 0x28, 0x72, 0x65, 0x73, 0x75,
 0x6c, 0x74, 0x2c, 0x20, 0x66, 0x6d, 0x74, 0x20,
 0x3d, 0x20, 0x69, 0x64, 0x20, 0x3d, 0x3e, 0x20,
 0x60, 0x24, 0x7b, 0x63, 0x6f, 0x6c, 0x6f, 0x72,
 0x73, 0x2e, 0x67, 0x72, 0x61, 0x79, 0x7d, 0x3c,
 0x24, 0x7b, 0x63, 0x6f, 0x6c, 0x6f, 0x72, 0x73,
 0x2e, 0x72, 0x65, 0x64, 0x7d, 0x72, 0x65, 0x73,
 0x75, 0x6c, 0x74, 0x24, 0x7b, 0x63, 0x6f, 0x6c,
 0x6f, 0x72, 0x73, 0x2e, 0x67, 0x72, 0x61, 0x79,
 0x7d, 0x23, 0x24, 0x7b, 0x63, 0x6f, 0x6c, 0x6f,
 0x72, 0x73, 0x2e, 0x63, 0x79, 0x61, 0x6e, 0x7d,
 0x24, 0x7b, 0x69, 0x64, 0x7d, 0x24, 0x7b, 0x63,
 0x6f, 0x6c, 0x6f, 0x72, 0x73, 0x2e, 0x67, 0x72,
 0x61, 0x79, 0x7d, 0x3e, 0x24, 0x7b, 0x63, 0x6f,
 0x6c, 0x6f, 0x72, 0x73, 0x2e, 0x6e, 0x6f, 0x6e,
 0x65, 0x7d, 0x60, 0x29, 0x20, 0x7b, 0x0a, 0x20,
 0x20, 0x20, 0x20, 0x63, 0x6f, 0x6e, 0x73, 0x74,
 0x20, 0x69, 0x64, 0x20, 0x3d, 0x20, 0x74, 0x68,
 0x69, 0x73, 0x2e, 0x72, 0x65, 0x73, 0x75, 0x6c,
 0x74, 0x49, 0x64, 0x3b, 0x0a, 0x20, 0x20, 0x20,
 0x20, 0x63, 0x6f, 0x6e, 0x73, 0x74, 0x20, 0x62,
 0x61, 0x6e, 0x6e, 0x65, 0x72, 0x20, 0x3d, 0x20,
 0x66, 0x6d, 0x74, 0x28, 0x69, 0x64, 0x29, 0x3b,
 0x0a, 0x0a, 0x20, 0x20, 0x20, 0x20, 0x69, 0x66,
 0x28, 0x72, 0x65, 0x73, 0x75, 0x6c, 0x74, 0x20,
 0x21, 0x3d, 0x3d, 0x20, 0x74, 0x68, 0x69, 0x73,
 0x5b, 0x27, 0x24, 0x27, 0x5d, 0x29, 0x0a, 0x20,
 0x20, 0x20, 0x20, 0x20, 0x20, 0x72, 0x65, 0x73,
 0x75, 0x6c, 0x74, 0x0a, 0x20, 0x20, 0x20, 0x20,
 0x20, 0x20, 0x20, 0x20, 0x2e, 0x74, 0x68, 0x65,
 0x6e, 0x28, 0x76, 0x61, 0x6c, 0x75, 0x65, 0x20,
 0x3d, 0x3e, 0x20, 0x7b, 0x0a, 0x20, 0x20, 0x20,
 0x20, 0x20, 0x20, 0x20, 0x20, 0x20, 0x20, 0x74,
 0x68, 0x69, 0x73, 0x2e, 0x5f, 0x20, 0x3d, 0x20,
 0x76, 0x61, 0x6c, 0x75, 0x65, 0x3b, 0x0a, 0x20,
 0x20, 0x20, 0x20, 0x20, 0x20, 0x20, 0x20, 0x20,
 0x20, 0x67, 0x6c, 0x6f, 0x62, 0x61, 0x6c, 0x54,
 0x68, 0x69, 0x73, 0x2e, 0x5f, 0x20, 0x3d, 0x20,
 0x76, 0x61, 0x6c, 0x75, 0x65, 0x3b, 0x0a, 0x20,
 0x20, 0x20, 0x20, 0x20, 0x20, 0x20, 0x20, 0x20,
 0x20, 0x74, 0x68, 0x69, 0x73, 0x2e, 0x70, 0x72,
 0x69, 0x6e, 0x74, 0x53, 0x74, 0x61, 0x74, 0x75,
 0x73, 0x28, 0x5b, 0x62, 0x61, 0x6e, 0x6e, 0x65,
 0x72, 0x2c, 0x20, 0x60, 0x20, 0x72, 0x65, 0x73,
 0x6f, 0x6c, 0x76, 0x65, 0x64, 0x20, 0x74, 0x6f,
 0x3a, 0x5c, 0x6e, 0x60, 0x2c, 0x20, 0x76, 0x61,
 0x6c, 0x75, 0x65, 0x5d, 0x29, 0x3b, 0x0a, 0x20,
 0x20, 0x20, 0x20, 0x20, 0x20, 0x20, 0x20, 0x7d,
 0x29, 0x0a, 0x20, 0x20, 0x20, 0x20, 0x20, 0x20,
 0x20, 0x20, 0x2e, 0x63, 0x61, 0x74, 0x63, 0x68,
 0x28, 0x76, 0x61, 0x6c, 0x75, 0x65, 0x20, 0x3d,
 0x3e, 0x20, 0x7b, 0x0a, 0x20, 0x20, 0x20, 0x20,
 0x20, 0x20, 0x20, 0x20, 0x20, 0x20, 0x74, 0x68,
 0x69, 0x73, 0x5b, 0x27, 0x21, 0x27, 0x5d, 0x20,
 0x3d, 0x20, 0x76, 0x61, 0x6c, 0x75, 0x65, 0x3b,
 0x0a, 0x20, 0x20, 0x20, 0x20, 0x20, 0x20, 0x20,
 0x20, 0x20, 0x20, 0x74, 0x68, 0x69, 0x73, 0x2e,
 0x70, 0x72, 0x69, 0x6e, 0x74, 0x53, 0x74, 0x61,
 0x74, 0x75, 0x73, 0x28, 0x5b, 0x62, 0x61, 0x6e,
 0x6e, 0x65, 0x72, 0x2c, 0x20, 0x60, 0x20, 0x72,
 0x65, 0x6a, 0x65, 0x63, 0x74, 0x65, 0x64, 0x20,
 0x28, 0x60, 0x2c, 0x20, 0x76, 0x61, 0x6c, 0x75,
 0x65, 0x2c, 0x20, 0x60, 0x29, 0x60, 0x5d, 0x29,
 0x3b, 0x0a, 0x20, 0x20, 0x20, 0x20, 0x20, 0x20,
 0x20, 0x20, 0x7d, 0x29, 0x3b, 0x0a, 0x0a, 0x20,
 0x20, 0x20, 0x20, 0x74, 0x68, 0x69, 0x73, 0x2e,
 0x70, 0x72, 0x69, 0x6e, 0x74, 0x53, 0x74, 0x61,
 0x74, 0x75, 0x73, 0x28, 0x28, 0x29, 0x20, 0x3d,
 0x3e, 0x20, 0x63, 0x6f, 0x6e, 0x73, 0x6f, 0x6c,
 0x65, 0x2e, 0x6c, 0x6f, 0x67, 0x28, 0x60, 0x24,
 0x7b, 0x62, 0x61, 0x6e, 0x6e, 0x65, 0x72, 0x7d,
 0x20, 0x2d, 0x3e, 0x20, 0x70, 0x65, 0x6e, 0x64,
 0x69, 0x6e, 0x67, 0x20, 0x50, 0x72, 0x6f, 0x6d,
 0x69, 0x73, 0x65, 0x60, 0x29, 0x29, 0x3b, 0x0a,
 0x20, 0x20, 0x7d, 0x0a, 0x0a, 0x20, 0x20, 0x2f,
 0x2a, 0x20, 0x65, 0x76, 0x61, 0x6c, 0x41, 0x6e,
 0x64, 0x50, 0x72, 0x69, 0x6e, 0x74, 0x28, 0x65,
 0x78, 0x70, 0x72, 0x29, 0x20, 0x7b, 0x0a, 0x20,
 0x20, 0x20, 0x20, 0x76, 0x61, 0x72, 0x20, 0x72,
 0x65, 0x73, 0x75, 0x6c, 0x74, 0x20, 0x3d, 0x20,
 0x6e, 0x75, 0x6c, 0x6c, 0x3b, 0x0a, 0x20, 0x20,
 0x20, 0x20, 0x63, 0x6f, 0x6e, 0x73, 0x74, 0x20,
 0x7b, 0x20, 0x69, 0x6e, 0x73, 0x70, 0x65, 0x63,
 0x74, 0x4f, 0x70, 0x74, 0x69, 0x6f, 0x6e, 0x73,
 0x20, 0x7d, 0x20, 0x3d, 0x20, 0x74, 0x68, 0x69,
 0x73, 0x3b, 0x0a, 0x0a, 0x20, 0x20, 0x20, 0x20,
 0x74, 0x72, 0x79, 0x20, 0x7b, 0x0a, 0x20, 0x20,
 0x20, 0x20, 0x20, 0x20, 0x69, 0x66, 0x28, 0x65,
 0x76, 0x61, 0x6c, 0x4d, 0x6f, 0x64, 0x65, 0x20,
 0x3d, 0x3d, 0x3d, 0x20, 0x27, 0x6d, 0x61, 0x74,
 0x68, 0x27, 0x29, 0x20, 0x65, 0x78, 0x70, 0x72,
 0x20, 0x3d, 0x20, 0x27, 0x22, 0x75, 0x73, 0x65,
 0x20, 0x6d, 0x61, 0x74, 0x68, 0x22, 0x3b, 0x20,
 0x76, 0x6f, 0x69, 0x64, 0x20, 0x30, 0x3b, 0x27,
 0x20, 0x2b, 0x20, 0x65, 0x78, 0x70, 0x72, 0x3b,
 0x0a, 0x20, 0x20, 0x20, 0x20, 0x20, 0x20, 0x76,
 0x61, 0x72, 0x20, 0x6e, 0x6f, 0x77, 0x20, 0x3d,
 0x20, 0x44, 0x61, 0x74, 0x65, 0x2e, 0x6e, 0x6f,
 0x77, 0x28, 0x29, 0x3b, 0x0a, 0x20, 0x20, 0x20,
 0x20, 0x20, 0x20, 0x74, 0x68, 0x69, 0x73, 0x2e,
 0x65, 0x76, 0x61, 0x6c, 0x52, 0x75, 0x6e, 0x6e,
 0x69, 0x6e, 0x67, 0x20, 0x3d, 0x20, 0x74, 0x72,
 0x75, 0x65, 0x3b, 0x0a, 0x20, 0x20, 0x20, 0x20,
 0x20, 0x20, 0x2f, 0x2f, 0x20, 0x65, 0x76, 0x61,
 0x6c, 0x20, 0x61, 0x73, 0x20, 0x61, 0x20, 0x73,
 0x63, 0x72, 0x69, 0x70, 0x74, 0x0a, 0x20, 0x20,
 0x20, 0x20, 0x20, 0x20, 0x72, 0x65, 0x73, 0x75,
 0x6c, 0x74, 0x20, 0x3d, 0x20, 0x65, 0x76, 0x61,
 0x6c, 0x53, 0x63, 0x72, 0x69, 0x70, 0x74, 0x28,
 0x65, 0x78, 0x70, 0x72, 0x2c, 0x20, 0x7b, 0x20,
 0x62, 0x61, 0x63, 0x6b, 0x74, 0x72, 0x61, 0x63,
 0x65, 0x42, 0x61, 0x72, 0x72, 0x69, 0x65, 0x72,
 0x3a, 0x20, 0x74, 0x72, 0x75, 0x65, 0x20, 0x7d,
 0x29, 0x3b, 0x0a, 0x20, 0x20, 0x20, 0x20, 0x20,
 0x20, 0x74, 0x68, 0x69, 0x73, 0x2e, 0x65, 0x76,
 0x61, 0x6c, 0x54, 0x69, 0x6d, 0x65, 0x20, 0x3d,
 0x20, 0x44, 0x61, 0x74, 0x65, 0x2e, 0x6e, 0x6f,
 0x77, 0x28, 0x29, 0x20, 0x2d, 0x20, 0x6e, 0x6f,
 0x77, 0x3b, 0x0a, 0x20, 0x20, 0x20, 0x20, 0x20,
 0x20, 0x74, 0x68, 0x69, 0x73, 0x2e, 0x65, 0x76,
 0x61, 0x6c, 0x52, 0x75, 0x6e, 0x6e, 0x69, 0x6e,
 0x67, 0x20, 0x3d, 0x20, 0x66, 0x61, 0x6c, 0x73,
 0x65, 0x3b, 0x0a, 0x0a, 0x20, 0x20, 0x20, 0x20,
 0x20, 0x20, 0x74, 0x68, 0x69, 0x73, 0x2e, 0x70,
 0x72, 0x69, 0x6e, 0x74, 0x52, 0x65, 0x73, 0x75,
 0x6c, 0x74, 0x28, 0x72, 0x65, 0x73, 0x75, 0x6c,
 0x74, 0x29, 0x3b, 0x0a, 0x0a, 0x20, 0x20, 0x20,
 0x20, 0x20, 0x20, 0x2f, 0x2f, 0x20, 0x73, 0x65,
 0x74, 0x20, 0x74, 0x68, 0x65, 0x20, 0x6c, 0x61,
 0x73, 0x74, 0x20, 0x72, 0x65, 0x73, 0x75, 0x6c,
 0x74, 0x20, 0x0a, 0x20, 0x20, 0x20, 0x20, 0x7d,
 0x20, 0x63, 0x61, 0x74, 0x63, 0x68, 0x28, 0x65,
 0x72, 0x72, 0x6f, 0x72, 0x29, 0x20, 0x7b, 0x0a,
 0x20, 0x20, 0x20, 0x20, 0x20, 0x20, 0x6c, 0x65,
 0x74, 0x20, 0x6f, 0x75, 0x74, 0x70, 0x75, 0x74,
 0x20, 0x3d, 0x20, 0x27, 0x27, 0x3b, 0x0a, 0x20,
 0x20, 0x20, 0x20, 0x20, 0x20, 0x67, 0x6c, 0x6f,
 0x62, 0x61, 0x6c, 0x54, 0x68, 0x69, 0x73, 0x2e,
 0x6c, 0x61, 0x73, 0x74, 0x45, 0x72, 0x72, 0x6f,
 0x72, 0x20, 0x3d, 0x20, 0x65, 0x72, 0x72, 0x6f,
 0x72, 0x3b, 0x0a, 0x20, 0x20, 0x20, 0x20, 0x20,
 0x20, 0x6f, 0x75, 0x74, 0x70, 0x75, 0x74, 0x20,
 0x2b, 0x3d, 0x20, 0x63, 0x6f, 0x6c, 0x6f, 0x72,
 0x73, 0x5b, 0x73, 0x74, 0x79, 0x6c, 0x65, 0x73,
 0x2e, 0x65, 0x72, 0x72, 0x6f, 0x72, 0x4d, 0x73,
 0x67, 0x5d, 0x3b, 0x0a, 0x20, 0x20, 0x20, 0x20,
 0x20, 0x20, 0x69, 0x66, 0x28, 0x65, 0x72, 0x72,
 0x6f, 0x72, 0x20, 0x69, 0x6e, 0x73, 0x74, 0x61,
 0x6e, 0x63, 0x65, 0x6f, 0x66, 0x20, 0x45, 0x72,
 0x72, 0x6f, 0x72, 0x29, 0x20, 0x7b, 0x0a, 0x20,
 0x20, 0x20, 0x20, 0x20, 0x20, 0x20, 0x20, 0x6f,
 0x75, 0x74, 0x70, 0x75, 0x74, 0x20, 0x2b, 0x3d,
 0x20, 0x27, 0x45, 0x72, 0x72, 0x6f, 0x72, 0x3a,
 0x20, 0x27, 0x3b, 0x0a, 0x0a, 0x20, 0x20, 0x20,
 0x20, 0x20, 0x20, 0x20, 0x20, 0x6f, 0x75, 0x74,
 0x70, 0x75, 0x74, 0x20, 0x2b, 0x3d, 0x20, 0x65,
 0x72, 0x72, 0x6f, 0x72, 0x2e, 0x6d, 0x65, 0x73,
 0x73, 0x61, 0x67, 0x65, 0x3b, 0x0a, 0x0a, 0x20,
 0x20, 0x20, 0x20, 0x20, 0x20, 0x20, 0x20, 0x69,
 0x66, 0x28, 0x65, 0x72, 0x72, 0x6f, 0x72, 0x2e,
 0x73, 0x74, 0x61, 0x63, 0x6b, 0x29, 0x20, 0x6f,
 0x75, 0x74, 0x70, 0x75, 0x74, 0x20, 0x2b, 0x3d,
 0x20, 0x65, 0x72, 0x72, 0x6f, 0x72, 0x2e, 0x73,
 0x74, 0x61, 0x63, 0x6b, 0x3b, 0x0a, 0x20, 0x20,
 0x20, 0x20, 0x20, 0x20, 0x7d, 0x20, 0x65, 0x6c,
 0x73, 0x65, 0x20, 0x7b, 0x0a, 0x20, 0x20, 0x20,
 0x20, 0x20, 0x20, 0x20, 0x20, 0x6f, 0x75, 0x74,
 0x70, 0x75, 0x74, 0x20, 0x2b, 0x3d, 0x20, 0x27,
 0x54, 0x68, 0x72, 0x6f, 0x77, 0x3a, 0x20, 0x27,
 0x3b, 0x0a, 0x0a, 0x20, 0x20, 0x20, 0x20, 0x20,
 0x20, 0x20, 0x20, 0x69, 0x66, 0x28, 0x65, 0x72,
 0x72, 0x6f, 0x72, 0x3f, 0x2e, 0x6d, 0x65, 0x73,
 0x73, 0x61, 0x67, 0x65, 0x29, 0x20, 0x6f, 0x75,
 0x74, 0x70, 0x75, 0x74, 0x20, 0x2b, 0x3d, 0x20,
 0x65, 0x72, 0x72, 0x6f, 0x72, 0x2e, 0x6d, 0x65,
 0x73, 0x73, 0x61, 0x67, 0x65, 0x3b, 0x0a, 0x20,
 0x20, 0x20, 0x20, 0x20, 0x20, 0x20, 0x20, 0x65,
 0x6c, 0x73, 0x65, 0x20, 0x6f, 0x75, 0x74, 0x70,
 0x75, 0x74, 0x20, 0x2b, 0x3d, 0x20, 0x69, 0x6e,
 0x73, 0x70, 0x65, 0x63, 0x74, 0x28, 0x65, 0x72,
 0x72, 0x6f, 0x72, 0x2c, 0x20, 0x7b, 0x20, 0x2e,
 0x2e, 0x2e, 0x69, 0x6e, 0x73, 0x70, 0x65, 0x63,
 0x74, 0x4f, 0x70, 0x74, 0x69, 0x6f, 0x6e, 0x73,
 0x2c, 0x20, 0x6d, 0x61, 0x78, 0x41, 0x72, 0x72,
 0x61, 0x79, 0x4c, 0x65, 0x6e, 0x67, 0x74, 0x68,
 0x3a, 0x20, 0x49, 0x6e, 0x66, 0x69, 0x6e, 0x69,
 0x74, 0x79, 0x2c, 0x20, 0x63, 0x6f, 0x6c, 0x6f,
 0x72, 0x73, 0x3a, 0x20, 0x66, 0x61, 0x6c, 0x73,
 0x65, 0x20, 0x7d, 0x29, 0x3b, 0x0a, 0x20, 0x20,
 0x20, 0x20, 0x20, 0x20, 0x7d, 0x0a, 0x20, 0x20,
 0x20, 0x20, 0x20, 0x20, 0x6f, 0x75, 0x74, 0x70,
 0x75, 0x74, 0x20, 0x3d, 0x20, 0x6f, 0x75, 0x74,
 0x70, 0x75, 0x74, 0x2e, 0x74, 0x72, 0x69, 0x6d,
 0x45, 0x6e, 0x64, 0x28, 0x29, 0x3b, 0x0a, 0x0a,
 0x20, 0x20, 0x20, 0x20, 0x20, 0x20, 0x6f, 0x75,
 0x74, 0x70, 0x75, 0x74, 0x20, 0x2b, 0x3d, 0x20,
 0x63, 0x6f, 0x6c, 0x6f, 0x72, 0x73, 0x2e, 0x6e,
 0x6f, 0x6e, 0x65, 0x3b, 0x0a, 0x20, 0x20, 0x20,
 0x20, 0x20, 0x20, 0x6f, 0x75, 0x74, 0x70, 0x75,
 0x74, 0x20, 0x2b, 0x3d, 0x20, 0x27, 0x5c, 0x6e,
 0x27, 0x3b, 0x0a, 0x20, 0x20, 0x20, 0x20, 0x20,
 0x20, 0x74, 0x68, 0x69, 0x73, 0x2e, 0x70, 0x72,
 0x69, 0x6e, 0x74, 0x53, 0x74, 0x61, 0x74, 0x75,
 0x73, 0x28, 0x6f, 0x75, 0x74, 0x70, 0x75, 0x74,
 0x29, 0x3b, 0x0a, 0x20, 0x20, 0x20, 0x20, 0x7d,
 0x0a, 0x20, 0x20, 0x7d, 0x0a, 0x2a, 0x2f, 0x0a,
 0x20, 0x20, 0x65, 0x78, 0x74, 0x72, 0x61, 0x63,
 0x74, 0x44, 0x69, 0x72, 0x65, 0x63, 0x74, 0x69,
 0x76, 0x65, 0x28, 0x61, 0x29, 0x20, 0x7b, 0x0a,
 0x20, 0x20, 0x20, 0x20, 0x76, 0x61, 0x72, 0x20,
 0x70, 0x6f, 0x73, 0x20, 0x3d, 0x20, 0x6e, 0x75,
 0x6c, 0x6c, 0x3b, 0x0a, 0x20, 0x20, 0x20, 0x20,
 0x69, 0x66, 0x28, 0x61, 0x5b, 0x30, 0x5d, 0x20,
 0x21, 0x3d, 0x3d, 0x20, 0x27, 0x5c, 0x5c, 0x27,
 0x29, 0x20, 0x72, 0x65, 0x74, 0x75, 0x72, 0x6e,
 0x20, 0x27, 0x27, 0x3b, 0x0a, 0x20, 0x20, 0x20,
 0x20, 0x66, 0x6f, 0x72, 0x28, 0x70, 0x6f, 0x73,
 0x20, 0x3d, 0x20, 0x31, 0x3b, 0x20, 0x70, 0x6f,
 0x73, 0x20, 0x3c, 0x20, 0x61, 0x2e, 0x6c, 0x65,
 0x6e, 0x67, 0x74, 0x68, 0x3b, 0x20, 0x70, 0x6f,
 0x73, 0x2b, 0x2b, 0x29, 0x20, 0x7b, 0x0a, 0x20,
 0x20, 0x20, 0x20, 0x20, 0x20, 0x69, 0x66, 0x28,
 0x21, 0x69, 0x73, 0x41, 0x6c, 0x70, 0x68, 0x61,
 0x28, 0x61, 0x5b, 0x70, 0x6f, 0x73, 0x5d, 0x29,
 0x29, 0x20, 0x62, 0x72, 0x65, 0x61, 0x6b, 0x3b,
 0x0a, 0x20, 0x20, 0x20, 0x20, 0x7d, 0x0a, 0x20,
 0x20, 0x20, 0x20, 0x72, 0x65, 0x74, 0x75, 0x72,
 0x6e, 0x20, 0x61, 0x2e, 0x73, 0x75, 0x62, 0x73,
 0x74, 0x72, 0x69, 0x6e, 0x67, 0x28, 0x31, 0x2c,
 0x20, 0x70, 0x6f, 0x73, 0x29, 0x3b, 0x0a, 0x20,
 0x20, 0x7d, 0x0a, 0x0a, 0x20, 0x20, 0x66, 0x6f,
 0x72, 0x77, 0x61, 0x72, 0x64, 0x43, 0x68, 0x61,
 0x72, 0x28, 0x29, 0x20, 0x7b, 0x0a, 0x20, 0x20,
 0x20, 0x20, 0x69, 0x66, 0x28, 0x74, 0x68, 0x69,
 0x73, 0x2e, 0x63, 0x75, 0x72, 0x73, 0x6f, 0x72,
 0x50, 0x6f, 0x73, 0x20, 0x3c, 0x20, 0x74, 0x68,
 0x69, 0x73, 0x2e, 0x63, 0x6d, 0x64, 0x2e, 0x6c,
 0x65, 0x6e, 0x67, 0x74, 0x68, 0x29, 0x20, 0x7b,
 0x0a, 0x20, 0x20, 0x20, 0x20, 0x20, 0x20, 0x74,
 0x68, 0x69, 0x73, 0x2e, 0x63, 0x75, 0x72, 0x73,
 0x6f, 0x72, 0x50, 0x6f, 0x73, 0x2b, 0x2b, 0x3b,
 0x0a, 0x20, 0x20, 0x20, 0x20, 0x20, 0x20, 0x77,
 0x68, 0x69, 0x6c, 0x65, 0x28, 0x69, 0x73, 0x54,
 0x72, 0x61, 0x69, 0x6c, 0x69, 0x6e, 0x67, 0x53,
 0x75, 0x72, 0x72, 0x6f, 0x67, 0x61, 0x74, 0x65,
 0x28, 0x74, 0x68, 0x69, 0x73, 0x2e, 0x63, 0x6d,
 0x64, 0x2e, 0x63, 0x68, 0x61, 0x72, 0x41, 0x74,
 0x28, 0x74, 0x68, 0x69, 0x73, 0x2e, 0x63, 0x75,
 0x72, 0x73, 0x6f, 0x72, 0x50, 0x6f, 0x73, 0x29,
 0x29, 0x29, 0x20, 0x74, 0x68, 0x69, 0x73, 0x2e,
 0x63, 0x75, 0x72, 0x73, 0x6f, 0x72, 0x50, 0x6f,
 0x73, 0x2b, 0x2b, 0x3b, 0x0a, 0x20, 0x20, 0x20,
 0x20, 0x7d, 0x0a, 0x20, 0x20, 0x7d, 0x0a, 0x0a,
 0x20, 0x20, 0x66, 0x6f, 0x72, 0x77, 0x61, 0x72,
 0x64, 0x57, 0x6f, 0x72, 0x64, 0x28, 0x29, 0x20,
 0x7b, 0x0a, 0x20, 0x20, 0x20, 0x20, 0x74, 0x68,
 0x69, 0x73, 0x2e, 0x63, 0x75, 0x72, 0x73, 0x6f,
 0x72, 0x50, 0x6f, 0x73, 0x20, 0x3d, 0x20, 0x74,
 0x68, 0x69, 0x73, 0x2e, 0x73, 0x6b, 0x69, 0x70,
 0x57, 0x6f, 0x72, 0x64, 0x46, 0x6f, 0x72, 0x77,
 0x61, 0x72, 0x64, 0x28, 0x74, 0x68, 0x69, 0x73,
 0x2e, 0x63, 0x75, 0x72, 0x73, 0x6f, 0x72, 0x50,
 0x6f, 0x73, 0x29, 0x3b, 0x0a, 0x20, 0x20, 0x7d,
 0x0a, 0x0a, 0x20, 0x20, 0x67, 0x65, 0x74, 0x43,
 0x6f, 0x6d, 0x70, 0x6c, 0x65, 0x74, 0x69, 0x6f,
 0x6e, 0x73, 0x28, 0x6c, 0x69, 0x6e, 0x65, 0x2c,
 0x20, 0x70, 0x6f, 0x73, 0x29, 0x20, 0x7b, 0x0a,
 0x20, 0x20, 0x20, 0x20, 0x69, 0x66, 0x28, 0x6c,
 0x69, 0x6e, 0x65, 0x2e, 0x73, 0x74, 0x61, 0x72,
 0x74, 0x73, 0x57, 0x69, 0x74, 0x68, 0x28, 0x27,
 0x5c, 0x5c, 0x27, 0x29, 0x29, 0x20, 0x7b, 0x0a,
 0x20, 0x20, 0x20, 0x20, 0x20, 0x20, 0x2f, 0x2f,
 0x63, 0x6f, 0x6e, 0x73, 0x6f, 0x6c, 0x65, 0x2e,
 0x6c, 0x6f, 0x67, 0x28, 0x27, 0x67, 0x65, 0x74,
 0x43, 0x6f, 0x6d, 0x70, 0x6c, 0x65, 0x74, 0x69,
 0x6f, 0x6e, 0x73, 0x27, 0x2c, 0x20, 0x7b, 0x20,
 0x6c, 0x69, 0x6e, 0x65, 0x2c, 0x70, 0x6f, 0x73,
 0x7d, 0x29, 0x3b, 0x0a, 0x20, 0x20, 0x20, 0x20,
 0x20, 0x20, 0x6c, 0x65, 0x74, 0x20, 0x64, 0x69,
 0x72, 0x65, 0x63, 0x74, 0x69, 0x76, 0x65, 0x3b,
 0x0a, 0x20, 0x20, 0x20, 0x20, 0x20, 0x20, 0x69,
 0x66, 0x28, 0x28, 0x64, 0x69, 0x72, 0x65, 0x63,
 0x74, 0x69, 0x76, 0x65, 0x20, 0x3d, 0x20, 0x74,
 0x68, 0x69, 0x73, 0x2e, 0x67, 0x65, 0x74, 0x44,
 0x69, 0x72, 0x65, 0x63, 0x74, 0x69, 0x76, 0x65,
 0x28, 0x6c, 0x69, 0x6e, 0x65, 0x2e, 0x73, 0x6c,
 0x69, 0x63, 0x65, 0x28, 0x31, 0x2c, 0x20, 0x6c,
 0x69, 0x6e, 0x65, 0x2e, 0x69, 0x6e, 0x64, 0x65,
 0x78, 0x4f, 0x66, 0x28, 0x27, 0x20, 0x27, 0x29,
 0x29, 0x29, 0x29, 0x29, 0x20, 0x7b, 0x0a, 0x20,
 0x20, 0x20, 0x20, 0x20, 0x20, 0x20, 0x20, 0x6c,
 0x65, 0x74, 0x20, 0x5b, 0x66, 0x6e, 0x2c, 0x20,
 0x68, 0x65, 0x6c, 0x70, 0x2c, 0x20, 0x63, 0x6f,
 0x6d, 0x70, 0x6c, 0x65, 0x74, 0x65, 0x5d, 0x20,
 0x3d, 0x20, 0x64, 0x69, 0x72, 0x65, 0x63, 0x74,
 0x69, 0x76, 0x65, 0x3b, 0x0a, 0x0a, 0x20, 0x20,
 0x20, 0x20, 0x20, 0x20, 0x20, 0x20, 0x2f, 0x2f,
 0x63, 0x6f, 0x6e, 0x73, 0x6f, 0x6c, 0x65, 0x2e,
 0x6c, 0x6f, 0x67, 0x28, 0x27, 0x67, 0x65, 0x74,
 0x43, 0x6f, 0x6d, 0x70, 0x6c, 0x65, 0x74, 0x69,
 0x6f, 0x6e, 0x73, 0x27, 0x2c, 0x20, 0x7b, 0x20,
 0x66, 0x6e, 0x2c, 0x20, 0x68, 0x65, 0x6c, 0x70,
 0x2c, 0x20, 0x63, 0x6f, 0x6d, 0x70, 0x6c, 0x65,
 0x74, 0x65, 0x20, 0x7d, 0x29, 0x3b, 0x0a, 0x20,
 0x20, 0x20, 0x20, 0x20, 0x20, 0x20, 0x20, 0x72,
 0x65, 0x74, 0x75, 0x72, 0x6e, 0x20, 0x28, 0x74,
 0x79, 0x70, 0x65, 0x6f, 0x66, 0x20, 0x63, 0x6f,
 0x6d, 0x70, 0x6c, 0x65, 0x74, 0x65, 0x20, 0x3d,
 0x3d, 0x20, 0x27, 0x66, 0x75, 0x6e, 0x63, 0x74,
 0x69, 0x6f, 0x6e, 0x27, 0x20, 0x26, 0x26, 0x20,
 0x63, 0x6f, 0x6d, 0x70, 0x6c, 0x65, 0x74, 0x65,
 0x28, 0x6c, 0x69, 0x6e, 0x65, 0x2c, 0x20, 0x70,
 0x6f, 0x73, 0x29, 0x29, 0x20, 0x7c, 0x7c, 0x20,
 0x7b, 0x20, 0x74, 0x61, 0x62, 0x3a, 0x20, 0x5b,
 0x5d, 0x2c, 0x20, 0x70, 0x6f, 0x73, 0x3a, 0x20,
 0x30, 0x20, 0x7d, 0x3b, 0x0a, 0x20, 0x20, 0x20,
 0x20, 0x20, 0x20, 0x7d, 0x0a, 0x20, 0x20, 0x20,
 0x20, 0x7d, 0x0a, 0x20, 0x20, 0x20, 0x20, 0x76,
 0x61, 0x72, 0x20, 0x73, 0x2c, 0x0a, 0x20, 0x20,
 0x20, 0x20, 0x20, 0x20, 0x6f, 0x62, 0x6a, 0x2c,
 0x0a, 0x20, 0x20, 0x20, 0x20, 0x20, 0x20, 0x63,
 0x74, 0x78, 0x4f, 0x62, 0x6a, 0x2c, 0x0a, 0x20,
 0x20, 0x20, 0x20, 0x20, 0x20, 0x72, 0x2c, 0x0a,
 0x20, 0x20, 0x20, 0x20, 0x20, 0x20, 0x69, 0x2c,
 0x0a, 0x20, 0x20, 0x20, 0x20, 0x20, 0x20, 0x6a,
 0x2c, 0x0a, 0x20, 0x20, 0x20, 0x20, 0x20, 0x20,
 0x70, 0x61, 0x72, 0x65, 0x6e, 0x20, 0x3d, 0x20,
 0x6e, 0x75, 0x6c, 0x6c, 0x3b, 0x0a, 0x0a, 0x20,
 0x20, 0x20, 0x20, 0x73, 0x20, 0x3d, 0x20, 0x74,
 0x68, 0x69, 0x73, 0x2e, 0x67, 0x65, 0x74, 0x43,
 0x6f, 0x6e, 0x74, 0x65, 0x78, 0x74, 0x57, 0x6f,
 0x72, 0x64, 0x28, 0x6c, 0x69, 0x6e, 0x65, 0x2c,
 0x20, 0x70, 0x6f, 0x73, 0x29, 0x3b, 0x0a, 0x20,
 0x20, 0x20, 0x20, 0x63, 0x74, 0x78, 0x4f, 0x62,
 0x6a, 0x20, 0x3d, 0x20, 0x74, 0x68, 0x69, 0x73,
 0x2e, 0x67, 0x65, 0x74, 0x43, 0x6f, 0x6e, 0x74,
 0x65, 0x78, 0x74, 0x4f, 0x62, 0x6a, 0x65, 0x63,
 0x74, 0x28, 0x6c, 0x69, 0x6e, 0x65, 0x2c, 0x20,
 0x70, 0x6f, 0x73, 0x20, 0x2d, 0x20, 0x73, 0x2e,
 0x6c, 0x65, 0x6e, 0x67, 0x74, 0x68, 0x29, 0x3b,
 0x0a, 0x20, 0x20, 0x20, 0x20, 0x72, 0x20, 0x3d,
 0x20, 0x5b, 0x5d, 0x3b, 0x0a, 0x20, 0x20, 0x20,
 0x20, 0x2f, 0x2a, 0x20, 0x65, 0x6e, 0x75, 0x6d,
 0x65, 0x72, 0x61, 0x74, 0x65, 0x20, 0x70, 0x72,
 0x6f, 0x70, 0x65, 0x72, 0x74, 0x69, 0x65, 0x73,
 0x20, 0x66, 0x72, 0x6f, 0x6d, 0x20, 0x6f, 0x62,
 0x6a, 0x65, 0x63, 0x74, 0x20, 0x61, 0x6e, 0x64,
 0x20, 0x69, 0x74, 0x73, 0x20, 0x70, 0x72, 0x6f,
 0x74, 0x6f, 0x74, 0x79, 0x70, 0x65, 0x20, 0x63,
 0x68, 0x61, 0x69, 0x6e, 0x2c, 0x0a, 0x20, 0x20,
 0x20, 0x20, 0x20, 0x20, 0x20, 0x61, 0x64, 0x64,
 0x20, 0x6e, 0x6f, 0x6e, 0x2d, 0x6e, 0x75, 0x6d,
 0x65, 0x72, 0x69, 0x63, 0x20, 0x72, 0x65, 0x67,
 0x75, 0x6c, 0x61, 0x72, 0x20, 0x70, 0x72, 0x6f,
 0x70, 0x65, 0x72, 0x74, 0x69, 0x65, 0x73, 0x20,
 0x77, 0x69, 0x74, 0x68, 0x20, 0x73, 0x20, 0x61,
 0x73, 0x20, 0x65, 0x20, 0x70, 0x72, 0x65, 0x66,
 0x69, 0x78, 0x0a, 0x20, 0x20, 0x20, 0x20, 0x20,
 0x2a, 0x2f, 0x0a, 0x20, 0x20, 0x20, 0x20, 0x66,
 0x6f, 0x72, 0x28, 0x69, 0x20, 0x3d, 0x20, 0x30,
 0x2c, 0x20, 0x6f, 0x62, 0x6a, 0x20, 0x3d, 0x20,
 0x63, 0x74, 0x78, 0x4f, 0x62, 0x6a, 0x3b, 0x20,
 0x69, 0x20, 0x3c, 0x20, 0x31, 0x30, 0x20, 0x26,
 0x26, 0x20, 0x6f, 0x62, 0x6a, 0x20, 0x21, 0x3d,
 0x3d, 0x20, 0x6e, 0x75, 0x6c, 0x6c, 0x20, 0x26,
 0x26, 0x20, 0x6f, 0x62, 0x6a, 0x20, 0x21, 0x3d,
 0x3d, 0x20, 0x76, 0x6f, 0x69, 0x64, 0x20, 0x30,
 0x3b, 0x20, 0x69, 0x2b, 0x2b, 0x29, 0x20, 0x7b,
 0x0a, 0x20, 0x20, 0x20, 0x20, 0x20, 0x20, 0x76,
 0x61, 0x72, 0x20, 0x70, 0x72, 0x6f, 0x70, 0x73,
 0x20, 0x3d, 0x20, 0x4f, 0x62, 0x6a, 0x65, 0x63,
 0x74, 0x2e, 0x67, 0x65, 0x74, 0x4f, 0x77, 0x6e,
 0x50, 0x72, 0x6f, 0x70, 0x65, 0x72, 0x74, 0x79,
 0x4e, 0x61, 0x6d, 0x65, 0x73, 0x28, 0x6f, 0x62,
 0x6a, 0x29, 0x3b, 0x0a, 0x20, 0x20, 0x20, 0x20,
 0x20, 0x20, 0x2f, 0x2a, 0x20, 0x61, 0x64, 0x64,
 0x20, 0x6e, 0x6f, 0x6e, 0x2d, 0x6e, 0x75, 0x6d,
 0x65, 0x72, 0x69, 0x63, 0x20, 0x72, 0x65, 0x67,
 0x75, 0x6c, 0x61, 0x72, 0x20, 0x70, 0x72, 0x6f,
 0x70, 0x65, 0x72, 0x74, 0x69, 0x65, 0x73, 0x20,
 0x2a, 0x2f, 0x0a, 0x20, 0x20, 0x20, 0x20, 0x20,
 0x20, 0x66, 0x6f, 0x72, 0x28, 0x6a, 0x20, 0x3d,
 0x20, 0x30, 0x3b, 0x20, 0x6a, 0x20, 0x3c, 0x20,
 0x70, 0x72, 0x6f, 0x70, 0x73, 0x2e, 0x6c, 0x65,
 0x6e, 0x67, 0x74, 0x68, 0x3b, 0x20, 0x6a, 0x2b,
 0x2b, 0x29, 0x20, 0x7b, 0x0a, 0x20, 0x20, 0x20,
 0x20, 0x20, 0x20, 0x20, 0x20, 0x76, 0x61, 0x72,
 0x20, 0x70, 0x72, 0x6f, 0x70, 0x20, 0x3d, 0x20,
 0x70, 0x72, 0x6f, 0x70, 0x73, 0x5b, 0x6a, 0x5d,
 0x3b, 0x0a, 0x20, 0x20, 0x20, 0x20, 0x20, 0x20,
 0x20, 0x20, 0x69, 0x66, 0x28, 0x74, 0x79, 0x70,
 0x65, 0x6f, 0x66, 0x20, 0x70, 0x72, 0x6f, 0x70,
 0x20, 0x3d, 0x3d, 0x20, 0x27, 0x73, 0x74, 0x72,
 0x69, 0x6e, 0x67, 0x27, 0x20, 0x26, 0x26, 0x20,
 0x27, 0x27, 0x20, 0x2b, 0x20, 0x2b, 0x70, 0x72,
 0x6f, 0x70, 0x20, 0x21, 0x3d, 0x20, 0x70, 0x72,
 0x6f, 0x70, 0x20, 0x26, 0x26, 0x20, 0x70, 0x72,
 0x6f, 0x70, 0x2e, 0x73, 0x74, 0x61, 0x72, 0x74,
 0x73, 0x57, 0x69, 0x74, 0x68, 0x28, 0x73, 0x29,
 0x29, 0x20, 0x72, 0x2e, 0x70, 0x75, 0x73, 0x68,
 0x28, 0x70, 0x72, 0x6f, 0x70, 0x29, 0x3b, 0x0a,
 0x20, 0x20, 0x20, 0x20, 0x20, 0x20, 0x7d, 0x0a,
 0x20, 0x20, 0x20, 0x20, 0x20, 0x20, 0x6f, 0x62,
 0x6a, 0x20, 0x3d, 0x20, 0x4f, 0x62, 0x6a, 0x65,
 0x63, 0x74, 0x2e, 0x67, 0x65, 0x74, 0x50, 0x72,
 0x6f, 0x74, 0x6f, 0x74, 0x79, 0x70, 0x65, 0x4f,
 0x66, 0x28, 0x6f, 0x62, 0x6a, 0x29, 0x3b, 0x0a,
 0x20, 0x20, 0x20, 0x20, 0x7d, 0x0a, 0x20, 0x20,
 0x20, 0x20, 0x69, 0x66, 0x28, 0x30, 0x29, 0x0a,
 0x20, 0x20, 0x20, 0x20, 0x20, 0x20, 0x69, 0x66,
 0x28, 0x72, 0x2e, 0x6c, 0x65, 0x6e, 0x67, 0x74,
 0x68, 0x20, 0x3e, 0x20, 0x31, 0x29, 0x20, 0x7b,
 0x0a, 0x20, 0x20, 0x20, 0x20, 0x20, 0x20, 0x20,
 0x20, 0x2f, 0x2a, 0x20, 0x73, 0x6f, 0x72, 0x74,
 0x20, 0x6c, 0x69, 0x73, 0x74, 0x20, 0x77, 0x69,
 0x74, 0x68, 0x20, 0x69, 0x6e, 0x74, 0x65, 0x72,
 0x6e, 0x61, 0x6c, 0x20, 0x6e, 0x61, 0x6d, 0x65,
 0x73, 0x20, 0x6c, 0x61, 0x73, 0x74, 0x20, 0x61,
 0x6e, 0x64, 0x20, 0x72, 0x65, 0x6d, 0x6f, 0x76,
 0x65, 0x20, 0x64, 0x75, 0x70, 0x6c, 0x69, 0x63,
 0x61, 0x74, 0x65, 0x73, 0x20, 0x2a, 0x2f, 0x0a,
 0x20, 0x20, 0x20, 0x20, 0x20, 0x20, 0x20, 0x20,
 0x66, 0x75, 0x6e, 0x63, 0x74, 0x69, 0x6f, 0x6e,
 0x20, 0x73, 0x79, 0x6d, 0x63, 0x6d, 0x70, 0x28,
 0x61, 0x2c, 0x20, 0x62, 0x29, 0x20, 0x7b, 0x0a,
 0x20, 0x20, 0x20, 0x20, 0x20, 0x20, 0x20, 0x20,
 0x20, 0x20, 0x69, 0x66, 0x28, 0x61, 0x5b, 0x30,
 0x5d, 0x20, 0x21, 0x3d, 0x20, 0x62, 0x5b, 0x30,
 0x5d, 0x29, 0x20, 0x7b, 0x0a, 0x20, 0x20, 0x20,
 0x20, 0x20, 0x20, 0x20, 0x20, 0x20, 0x20, 0x20,
 0x20, 0x69, 0x66, 0x28, 0x61, 0x5b, 0x30, 0x5d,
 0x20, 0x3d, 0x3d, 0x20, 0x27, 0x5f, 0x27, 0x29,
 0x20, 0x72, 0x65, 0x74, 0x75, 0x72, 0x6e, 0x20,
 0x31, 0x3b, 0x0a, 0x20, 0x20, 0x20, 0x20, 0x20,
 0x20, 0x20, 0x20, 0x20, 0x20, 0x20, 0x20, 0x69,
 0x66, 0x28, 0x62, 0x5b, 0x30, 0x5d, 0x20, 0x3d,
 0x3d, 0x20, 0x27, 0x5f, 0x27, 0x29, 0x20, 0x72,
 0x65, 0x74, 0x75, 0x72, 0x6e, 0x20, 0x2d, 0x31,
 0x3b, 0x0a, 0x20, 0x20, 0x20, 0x20, 0x20, 0x20,
 0x20, 0x20, 0x20, 0x20, 0x7d, 0x0a, 0x20, 0x20,
 0x20, 0x20, 0x20, 0x20, 0x20, 0x20, 0x20, 0x20,
 0x69, 0x66, 0x28, 0x61, 0x20, 0x3c, 0x20, 0x62,
 0x29, 0x20, 0x72, 0x65, 0x74, 0x75, 0x72, 0x6e,
 0x20, 0x2d, 0x31, 0x3b, 0x0a, 0x20, 0x20, 0x20,
 0x20, 0x20, 0x20, 0x20, 0x20, 0x20, 0x20, 0x69,
 0x66, 0x28, 0x61, 0x20, 0x3e, 0x20, 0x62, 0x29,
 0x20, 0x72, 0x65, 0x74, 0x75, 0x72, 0x6e, 0x20,
 0x2b, 0x31, 0x3b, 0x0a, 0x20, 0x20, 0x20, 0x20,
 0x20, 0x20, 0x20, 0x20, 0x20, 0x20, 0x72, 0x65,
 0x74, 0x75, 0x72, 0x6e, 0x20, 0x30, 0x3b, 0x0a,
 0x20, 0x20, 0x20, 0x20, 0x20, 0x20, 0x20, 0x20,
 0x7d, 0x0a, 0x20, 0x20, 0x20, 0x20, 0x20, 0x20,
 0x20, 0x20, 0x72, 0x2e, 0x73, 0x6f, 0x72, 0x74,
 0x28, 0x74, 0x68, 0x69, 0x73, 0x2e, 0x73, 0x79,
 0x6d, 0x63, 0x6d, 0x70, 0x29, 0x3b, 0x0a, 0x20,
 0x20, 0x20, 0x20, 0x20, 0x20, 0x20, 0x20, 0x66,
 0x6f, 0x72, 0x28, 0x69, 0x20, 0x3d, 0x20, 0x6a,
 0x20, 0x3d, 0x20, 0x31, 0x3b, 0x20, 0x69, 0x20,
 0x3c, 0x20, 0x72, 0x2e, 0x6c, 0x65, 0x6e, 0x67,
 0x74, 0x68, 0x3b, 0x20, 0x69, 0x2b, 0x2b, 0x29,
 0x20, 0x7b, 0x0a, 0x20, 0x20, 0x20, 0x20, 0x20,
 0x20, 0x20, 0x20, 0x20, 0x20, 0x69, 0x66, 0x28,
 0x72, 0x5b, 0x69, 0x5d, 0x20, 0x21, 0x3d, 0x20,
 0x72, 0x5b, 0x69, 0x20, 0x2d, 0x20, 0x31, 0x5d,
 0x29, 0x20, 0x72, 0x5b, 0x6a, 0x2b, 0x2b, 0x5d,
 0x20, 0x3d, 0x20, 0x72, 0x5b, 0x69, 0x5d, 0x3b,
 0x0a, 0x20, 0x20, 0x20, 0x20, 0x20, 0x20, 0x20,
 0x20, 0x7d, 0x0a, 0x20, 0x20, 0x20, 0x20, 0x20,
 0x20, 0x20, 0x20, 0x72, 0x2e, 0x6c, 0x65, 0x6e,
 0x67, 0x74, 0x68, 0x20, 0x3d, 0x20, 0x6a, 0x3b,
 0x0a, 0x20, 0x20, 0x20, 0x20, 0x20, 0x20, 0x7d,
 0x0a, 0x20, 0x20, 0x20, 0x20, 0x72, 0x20, 0x3d,
 0x20, 0x75, 0x6e, 0x69, 0x71, 0x75, 0x65, 0x28,
 0x72, 0x29, 0x3b, 0x0a, 0x20, 0x20, 0x20, 0x20,
 0x2f, 0x2a, 0x20, 0x27, 0x74, 0x61, 0x62, 0x27,
 0x20, 0x3d, 0x20, 0x6c, 0x69, 0x73, 0x74, 0x20,
 0x6f, 0x66, 0x20, 0x63, 0x6f, 0x6d, 0x70, 0x6c,
 0x65, 0x74, 0x69, 0x6f, 0x6e, 0x73, 0x2c, 0x20,
 0x27, 0x70, 0x6f, 0x73, 0x27, 0x20, 0x3d, 0x20,
 0x63, 0x75, 0x72, 0x73, 0x6f, 0x72, 0x20, 0x70,
 0x6f, 0x73, 0x69, 0x74, 0x69, 0x6f, 0x6e, 0x20,
 0x69, 0x6e, 0x73, 0x69, 0x64, 0x65, 0x0a, 0x20,
 0x20, 0x20, 0x20, 0x20, 0x20, 0x20, 0x74, 0x68,
 0x65, 0x20, 0x63, 0x6f, 0x6d, 0x70, 0x6c, 0x65,
 0x74, 0x69, 0x6f, 0x6e, 0x73, 0x20, 0x2a, 0x2f,
 0x0a, 0x20, 0x20, 0x20, 0x20, 0x72, 0x65, 0x74,
 0x75, 0x72, 0x6e, 0x20, 0x7b, 0x20, 0x74, 0x61,
 0x62, 0x3a, 0x20, 0x72, 0x2c, 0x20, 0x70, 0x6f,
 0x73, 0x3a, 0x20, 0x73, 0x2e, 0x6c, 0x65, 0x6e,
 0x67, 0x74, 0x68, 0x2c, 0x20, 0x63, 0x74, 0x78,
 0x3a, 0x20, 0x63, 0x74, 0x78, 0x4f, 0x62, 0x6a,
 0x20, 0x7d, 0x3b, 0x0a, 0x20, 0x20, 0x7d, 0x0a,
 0x0a, 0x20, 0x20, 0x67, 0x65, 0x74, 0x43, 0x6f,
 0x6e, 0x74, 0x65, 0x78, 0x74, 0x4f, 0x62, 0x6a,
 0x65, 0x63, 0x74, 0x28, 0x6c, 0x69, 0x6e, 0x65,
 0x2c, 0x20, 0x70, 0x6f, 0x73, 0x29, 0x20, 0x7b,
 0x0a, 0x20, 0x20, 0x20, 0x20, 0x74, 0x72, 0x79,
 0x20, 0x7b, 0x0a, 0x20, 0x20, 0x20, 0x20, 0x20,
 0x20, 0x76, 0x61, 0x72, 0x20, 0x6f, 0x62, 0x6a,
 0x2c, 0x0a, 0x20, 0x20, 0x20, 0x20, 0x20, 0x20,
 0x20, 0x20, 0x62, 0x61, 0x73, 0x65, 0x2c, 0x0a,
 0x20, 0x20, 0x20, 0x20, 0x20, 0x20, 0x20, 0x20,
 0x63, 0x20, 0x3d, 0x20, 0x6e, 0x75, 0x6c, 0x6c,
 0x3b, 0x0a, 0x20, 0x20, 0x20, 0x20, 0x20, 0x20,
 0x69, 0x66, 0x28, 0x70, 0x6f, 0x73, 0x20, 0x3c,
 0x3d, 0x20, 0x30, 0x20, 0x7c, 0x7c, 0x20, 0x27,
 0x20, 0x7e, 0x21, 0x25, 0x5e, 0x26, 0x2a, 0x28,
 0x2d, 0x2b, 0x3d, 0x7b, 0x5b, 0x7c, 0x3a, 0x3b,
 0x2c, 0x3c, 0x3e, 0x3f, 0x2f, 0x27, 0x2e, 0x69,
 0x6e, 0x64, 0x65, 0x78, 0x4f, 0x66, 0x28, 0x6c,
 0x69, 0x6e, 0x65, 0x5b, 0x70, 0x6f, 0x73, 0x20,
 0x2d, 0x20, 0x31, 0x5d, 0x29, 0x20, 0x3e, 0x3d,
 0x20, 0x30, 0x29, 0x20, 0x72, 0x65, 0x74, 0x75,
 0x72, 0x6e, 0x20, 0x67, 0x6c, 0x6f, 0x62, 0x61,
 0x6c, 0x54, 0x68, 0x69, 0x73, 0x3b, 0x0a, 0x20,
 0x20, 0x20, 0x20, 0x20, 0x20, 0x69, 0x66, 0x28,
 0x70, 0x6f, 0x73, 0x20, 0x3e, 0x3d, 0x20, 0x32,
 0x20, 0x26, 0x26, 0x20, 0x6c, 0x69, 0x6e, 0x65,
 0x5b, 0x70, 0x6f, 0x73, 0x20, 0x2d, 0x20, 0x31,
 0x5d, 0x20, 0x3d, 0x3d, 0x3d, 0x20, 0x27, 0x2e,
 0x27, 0x29, 0x20, 0x7b, 0x0a, 0x20, 0x20, 0x20,
 0x20, 0x20, 0x20, 0x20, 0x20, 0x70, 0x6f, 0x73,
 0x2d, 0x2d, 0x3b, 0x0a, 0x20, 0x20, 0x20, 0x20,
 0x20, 0x20, 0x20, 0x20, 0x6f, 0x62, 0x6a, 0x20,
 0x3d, 0x20, 0x7b, 0x7d, 0x3b, 0x0a, 0x20, 0x20,
 0x20, 0x20, 0x20, 0x20, 0x20, 0x20, 0x73, 0x77,
 0x69, 0x74, 0x63, 0x68, 0x20, 0x28, 0x28, 0x63,
 0x20, 0x3d, 0x20, 0x6c, 0x69, 0x6e, 0x65, 0x5b,
 0x70, 0x6f, 0x73, 0x20, 0x2d, 0x20, 0x31, 0x5d,
 0x29, 0x29, 0x20, 0x7b, 0x0a, 0x20, 0x20, 0x20,
 0x20, 0x20, 0x20, 0x20, 0x20, 0x20, 0x20, 0x63,
 0x61, 0x73, 0x65, 0x20, 0x22, 0x27, 0x22, 0x3a,
 0x0a, 0x0a, 0x20, 0x20, 0x20, 0x20, 0x20, 0x20,
 0x20, 0x20, 0x20, 0x20, 0x63, 0x61, 0x73, 0x65,
 0x20, 0x27, 0x22, 0x27, 0x3a, 0x0a, 0x20, 0x20,
 0x20, 0x20, 0x20, 0x20, 0x20, 0x20, 0x20, 0x20,
 0x20, 0x20, 0x72, 0x65, 0x74, 0x75, 0x72, 0x6e,
 0x20, 0x27, 0x61, 0x27, 0x3b, 0x0a, 0x20, 0x20,
 0x20, 0x20, 0x20, 0x20, 0x20, 0x20, 0x20, 0x20,
 0x63, 0x61, 0x73, 0x65, 0x20, 0x27, 0x5d, 0x27,
 0x3a, 0x0a, 0x20, 0x20, 0x20, 0x20, 0x20, 0x20,
 0x20, 0x20, 0x20, 0x20, 0x20, 0x20, 0x72, 0x65,
 0x74, 0x75, 0x72, 0x6e, 0x20, 0x5b, 0x5d, 0x3b,
 0x0a, 0x20, 0x20, 0x20, 0x20, 0x20, 0x20, 0x20,
 0x20, 0x20, 0x20, 0x63, 0x61, 0x73, 0x65, 0x20,
 0x27, 0x7d, 0x27, 0x3a, 0x0a, 0x20, 0x20, 0x20,
 0x20, 0x20, 0x20, 0x20, 0x20, 0x20, 0x20, 0x20,
 0x20, 0x72, 0x65, 0x74, 0x75, 0x72, 0x6e, 0x20,
 0x7b, 0x7d, 0x3b, 0x0a, 0x20, 0x20, 0x20, 0x20,
 0x20, 0x20, 0x20, 0x20, 0x20, 0x20, 0x63, 0x61,
 0x73, 0x65, 0x20, 0x27, 0x2f, 0x27, 0x3a, 0x0a,
 0x20, 0x20, 0x20, 0x20, 0x20, 0x20, 0x20, 0x20,
 0x20, 0x20, 0x20, 0x20, 0x72, 0x65, 0x74, 0x75,
 0x72, 0x6e, 0x20, 0x2f, 0x20, 0x2f, 0x3b, 0x0a,
 0x20, 0x20, 0x20, 0x20, 0x20, 0x20, 0x20, 0x20,
 0x20, 0x20, 0x64, 0x65, 0x66, 0x61, 0x75, 0x6c,
 0x74, 0x3a, 0x0a, 0x20, 0x20, 0x20, 0x20, 0x20,
 0x20, 0x20, 0x20, 0x20, 0x20, 0x20, 0x20, 0x69,
 0x66, 0x28, 0x69, 0x73, 0x57, 0x6f, 0x72, 0x64,
 0x28, 0x63, 0x29, 0x29, 0x20, 0x7b, 0x0a, 0x20,
 0x20, 0x20, 0x20, 0x20, 0x20, 0x20, 0x20, 0x20,
 0x20, 0x20, 0x20, 0x20, 0x20, 0x62, 0x61, 0x73,
 0x65, 0x20, 0x3d, 0x20, 0x74, 0x68, 0x69, 0x73,
 0x2e, 0x67, 0x65, 0x74, 0x43, 0x6f, 0x6e, 0x74,
 0x65, 0x78, 0x74, 0x57, 0x6f, 0x72, 0x64, 0x28,
 0x6c, 0x69, 0x6e, 0x65, 0x2c, 0x20, 0x70, 0x6f,
 0x73, 0x29, 0x3b, 0x0a, 0x20, 0x20, 0x20, 0x20,
 0x20, 0x20, 0x20, 0x20, 0x20, 0x20, 0x20, 0x20,
 0x20, 0x20, 0x69, 0x66, 0x28, 0x5b, 0x27, 0x74,
 0x72, 0x75, 0x65, 0x27, 0x2c, 0x20, 0x27, 0x66,
 0x61, 0x6c, 0x73, 0x65, 0x27, 0x2c, 0x20, 0x27,
 0x6e, 0x75, 0x6c, 0x6c, 0x27, 0x2c, 0x20, 0x27,
 0x74, 0x68, 0x69, 0x73, 0x27, 0x5d, 0x2e, 0x69,
 0x6e, 0x63, 0x6c, 0x75, 0x64, 0x65, 0x73, 0x28,
 0x62, 0x61, 0x73, 0x65, 0x29, 0x20, 0x7c, 0x7c,
 0x20, 0x21, 0x69, 0x73, 0x4e, 0x61, 0x4e, 0x28,
 0x2b, 0x62, 0x61, 0x73, 0x65, 0x29, 0x29, 0x20,
 0x72, 0x65, 0x74, 0x75, 0x72, 0x6e, 0x20, 0x65,
 0x76, 0x61, 0x6c, 0x28, 0x62, 0x61, 0x73, 0x65,
 0x29, 0x3b, 0x0a, 0x20, 0x20, 0x20, 0x20, 0x20,
 0x20, 0x20, 0x20, 0x20, 0x20, 0x20, 0x20, 0x20,
 0x20, 0x6f, 0x62, 0x6a, 0x20, 0x3d, 0x20, 0x74,
 0x68, 0x69, 0x73, 0x2e, 0x67, 0x65, 0x74, 0x43,
 0x6f, 0x6e, 0x74, 0x65, 0x78, 0x74, 0x4f, 0x62,
 0x6a, 0x65, 0x63, 0x74, 0x28, 0x6c, 0x69, 0x6e,
 0x65, 0x2c, 0x20, 0x70, 0x6f, 0x73, 0x20, 0x2d,
 0x20, 0x62, 0x61, 0x73, 0x65, 0x2e, 0x6c, 0x65,
 0x6e, 0x67, 0x74, 0x68, 0x29, 0x3b, 0x0a, 0x20,
 0x20, 0x20, 0x20, 0x20, 0x20, 0x20, 0x20, 0x20,
 0x20, 0x20, 0x20, 0x20, 0x20, 0x69, 0x66, 0x28,
 0x6f, 0x62, 0x6a, 0x20, 0x3d, 0x3d, 0x3d, 0x20,
 0x6e, 0x75, 0x6c, 0x6c, 0x20, 0x7c, 0x7c, 0x20,
 0x6f, 0x62, 0x6a, 0x20, 0x3d, 0x3d, 0x3d, 0x20,
 0x76, 0x6f, 0x69, 0x64, 0x20, 0x30, 0x29, 0x20,
 0x72, 0x65, 0x74, 0x75, 0x72, 0x6e, 0x20, 0x6f,
 0x62, 0x6a, 0x3b, 0x0a, 0x20, 0x20, 0x20, 0x20,
 0x20, 0x20, 0x20, 0x20, 0x20, 0x20, 0x20, 0x20,
 0x20, 0x20, 0x69, 0x66, 0x28, 0x6f, 0x62, 0x6a,
 0x20, 0x3d, 0x3d, 0x3d, 0x20, 0x67, 0x6c, 0x6f,
 0x62, 0x61, 0x6c, 0x54, 0x68, 0x69, 0x73, 0x20,
 0x26, 0x26, 0x20, 0x6f, 0x62, 0x6a, 0x5b, 0x62,
 0x61, 0x73, 0x65, 0x5d, 0x20, 0x3d, 0x3d, 0x3d,
 0x20, 0x76, 0x6f, 0x69, 0x64, 0x20, 0x30, 0x29,
 0x20, 0x72, 0x65, 0x74, 0x75, 0x72, 0x6e, 0x20,
 0x65, 0x76, 0x61, 0x6c, 0x28, 0x62, 0x61, 0x73,
 0x65, 0x29, 0x3b, 0x0a, 0x20, 0x20, 0x20, 0x20,
 0x20, 0x20, 0x20, 0x20, 0x20, 0x20, 0x20, 0x20,
 0x20, 0x20, 0x65, 0x6c, 0x73, 0x65, 0x20, 0x72,
 0x65, 0x74, 0x75, 0x72, 0x6e, 0x20, 0x6f, 0x62,
 0x6a, 0x5b, 0x62, 0x61, 0x73, 0x65, 0x5d, 0x3b,
 0x0a, 0x20, 0x20, 0x20, 0x20, 0x20, 0x20, 0x20,
 0x20, 0x20, 0x20, 0x20, 0x20, 0x7d, 0x0a, 0x20,
 0x20, 0x20, 0x20, 0x20, 0x20, 0x20, 0x20, 0x20,
 0x20, 0x20, 0x20, 0x72, 0x65, 0x74, 0x75, 0x72,
 0x6e, 0x20, 0x7b, 0x7d, 0x3b, 0x0a, 0x20, 0x20,
 0x20, 0x20, 0x20, 0x20, 0x20, 0x20, 0x7d, 0x0a,
 0x20, 0x20, 0x20, 0x20, 0x20, 0x20, 0x7d, 0x0a,
 0x20, 0x20, 0x20, 0x20, 0x7d, 0x20, 0x63, 0x61,
 0x74, 0x63, 0x68, 0x28, 0x65, 0x29, 0x20, 0x7b,
 0x7d, 0x0a, 0x20, 0x20, 0x20, 0x20, 0x72, 0x65,
 0x74, 0x75, 0x72, 0x6e, 0x20, 0x76, 0x6f, 0x69,
 0x64, 0x20, 0x30, 0x3b, 0x0a, 0x20, 0x20, 0x7d,
 0x0a, 0x0a, 0x20, 0x20, 0x67, 0x65, 0x74, 0x43,
 0x6f, 0x6e, 0x74, 0x65, 0x78, 0x74, 0x57, 0x6f,
 0x72, 0x64, 0x28, 0x6c, 0x69, 0x6e, 0x65, 0x2c,
 0x20, 0x70, 0x6f, 0x73, 0x29, 0x20, 0x7b, 0x0a,
 0x20, 0x20, 0x20, 0x20, 0x76, 0x61, 0x72, 0x20,
 0x73, 0x20, 0x3d, 0x20, 0x27, 0x27, 0x3b, 0x0a,
 0x20, 0x20, 0x20, 0x20, 0x77, 0x68, 0x69, 0x6c,
 0x65, 0x28, 0x70, 0x6f, 0x73, 0x20, 0x3e, 0x20,
 0x30, 0x20, 0x26, 0x26, 0x20, 0x69, 0x73, 0x57,
 0x6f, 0x72, 0x64, 0x28, 0x6c, 0x69, 0x6e, 0x65,
 0x5b, 0x70, 0x6f, 0x73, 0x20, 0x2d, 0x20, 0x31,
 0x5d, 0x29, 0x29, 0x20, 0x7b, 0x0a, 0x20, 0x20,
 0x20, 0x20, 0x20, 0x20, 0x70, 0x6f, 0x73, 0x2d,
 0x2d, 0x3b, 0x0a, 0x20, 0x20, 0x20, 0x20, 0x20,
 0x20, 0x73, 0x20, 0x3d, 0x20, 0x6c, 0x69, 0x6e,
 0x65, 0x5b, 0x70, 0x6f, 0x73, 0x5d, 0x20, 0x2b,
 0x20, 0x73, 0x3b, 0x0a, 0x20, 0x20, 0x20, 0x20,
 0x7d, 0x0a, 0x20, 0x20, 0x20, 0x20, 0x72, 0x65,
 0x74, 0x75, 0x72, 0x6e, 0x20, 0x73, 0x3b, 0x0a,
 0x20, 0x20, 0x7d, 0x0a, 0x0a, 0x20, 0x20, 0x68,
 0x61, 0x6e, 0x64, 0x6c, 0x65, 0x42, 0x79, 0x74,
 0x65, 0x28, 0x63, 0x29, 0x20, 0x7b, 0x0a, 0x20,
 0x20, 0x20, 0x20, 0x69, 0x66, 0x28, 0x21, 0x74,
 0x68, 0x69, 0x73, 0x2e, 0x75, 0x74, 0x66, 0x38,
 0x29, 0x20, 0x7b, 0x0a, 0x20, 0x20, 0x20, 0x20,
 0x20, 0x20, 0x74, 0x68, 0x69, 0x73, 0x2e, 0x68,
 0x61, 0x6e, 0x64, 0x6c, 0x65, 0x43, 0x68, 0x61,
 0x72, 0x28, 0x63, 0x29, 0x3b, 0x0a, 0x20, 0x20,
 0x20, 0x20, 0x7d, 0x20, 0x65, 0x6c, 0x73, 0x65,
 0x20, 0x69, 0x66, 0x28, 0x75, 0x74, 0x66, 0x38,
 0x5f, 0x73, 0x74, 0x61, 0x74, 0x65, 0x20, 0x21,
 0x3d, 0x3d, 0x20, 0x30, 0x20, 0x26, 0x26, 0x20,
 0x63, 0x20, 0x3e, 0x3d, 0x20, 0x30, 0x78, 0x38,
 0x30, 0x20, 0x26, 0x26, 0x20, 0x63, 0x20, 0x3c,
 0x20, 0x30, 0x78, 0x63, 0x30, 0x29, 0x20, 0x7b,
 0x0a, 0x20, 0x20, 0x20, 0x20, 0x20, 0x20, 0x75,
 0x74, 0x66, 0x38, 0x5f, 0x76, 0x61, 0x6c, 0x20,
 0x3d, 0x20, 0x28, 0x75, 0x74, 0x66, 0x38, 0x5f,
 0x76, 0x61, 0x6c, 0x20, 0x3c, 0x3c, 0x20, 0x36,
 0x29, 0x20, 0x7c, 0x20, 0x28, 0x63, 0x20, 0x26,
 0x20, 0x30, 0x78, 0x33, 0x66, 0x29, 0x3b, 0x0a,
 0x20, 0x20, 0x20, 0x20, 0x20, 0x20, 0x75, 0x74,
 0x66, 0x38, 0x5f, 0x73, 0x74, 0x61, 0x74, 0x65,
 0x2d, 0x2d, 0x3b, 0x0a, 0x20, 0x20, 0x20, 0x20,
 0x20, 0x20, 0x69, 0x66, 0x28, 0x75, 0x74, 0x66,
 0x38, 0x5f, 0x73, 0x74, 0x61, 0x74, 0x65, 0x20,
 0x3d, 0x3d, 0x3d, 0x20, 0x30, 0x29, 0x20, 0x7b,
 0x0a, 0x20, 0x20, 0x20, 0x20, 0x20, 0x20, 0x20,
 0x20, 0x74, 0x68, 0x69, 0x73, 0x2e, 0x68, 0x61,
 0x6e, 0x64, 0x6c, 0x65, 0x43, 0x68, 0x61, 0x72,
 0x28, 0x75, 0x74, 0x66, 0x38, 0x5f, 0x76, 0x61,
 0x6c, 0x29, 0x3b, 0x0a, 0x20, 0x20, 0x20, 0x20,
 0x20, 0x20, 0x7d, 0x0a, 0x20, 0x20, 0x20, 0x20,
 0x7d, 0x20, 0x65, 0x6c, 0x73, 0x65, 0x20, 0x69,
 0x66, 0x28, 0x63, 0x20, 0x3e, 0x3d, 0x20, 0x30,
 0x78, 0x63, 0x30, 0x20, 0x26, 0x26, 0x20, 0x63,
 0x20, 0x3c, 0x20, 0x30, 0x78, 0x66, 0x38, 0x29,
 0x20, 0x7b, 0x0a, 0x20, 0x20, 0x20, 0x20, 0x20,
 0x20, 0x75, 0x74, 0x66, 0x38, 0x5f, 0x73, 0x74,
 0x61, 0x74, 0x65, 0x20, 0x3d, 0x20, 0x31, 0x20,
 0x2b, 0x20, 0x28, 0x63, 0x20, 0x3e, 0x3d, 0x20,
 0x30, 0x78, 0x65, 0x30, 0x29, 0x20, 0x2b, 0x20,
 0x28, 0x63, 0x20, 0x3e, 0x3d, 0x20, 0x30, 0x78,
 0x66, 0x30, 0x29, 0x3b, 0x0a, 0x20, 0x20, 0x20,
 0x20, 0x20, 0x20, 0x75, 0x74, 0x66, 0x38, 0x5f,
 0x76, 0x61, 0x6c, 0x20, 0x3d, 0x20, 0x63, 0x20,
 0x26, 0x20, 0x28, 0x28, 0x31, 0x20, 0x3c, 0x3c,
 0x20, 0x28, 0x36, 0x20, 0x2d, 0x20, 0x75, 0x74,
 0x66, 0x38, 0x5f, 0x73, 0x74, 0x61, 0x74, 0x65,
 0x29, 0x29, 0x20, 0x2d, 0x20, 0x31, 0x29, 0x3b,
 0x0a, 0x20, 0x20, 0x20, 0x20, 0x7d, 0x20, 0x65,
 0x6c, 0x73, 0x65, 0x20, 0x7b, 0x0a, 0x20, 0x20,
 0x20, 0x20, 0x20, 0x20, 0x75, 0x74, 0x66, 0x38,
 0x5f, 0x73, 0x74, 0x61, 0x74, 0x65, 0x20, 0x3d,
 0x20, 0x30, 0x3b, 0x0a, 0x20, 0x20, 0x20, 0x20,
 0x20, 0x20, 0x74, 0x68, 0x69, 0x73, 0x2e, 0x68,
 0x61, 0x6e, 0x64, 0x6c, 0x65, 0x43, 0x68, 0x61,
 0x72, 0x28, 0x63, 0x29, 0x3b, 0x0a, 0x20, 0x20,
 0x20, 0x20, 0x7d, 0x0a, 0x20, 0x20, 0x7d, 0x0a,
 0x0a, 0x20, 0x20, 0x68, 0x61, 0x6e, 0x64, 0x6c,
 0x65, 0x43, 0x68, 0x61, 0x72, 0x28, 0x63, 0x31,
 0x29, 0x20, 0x7b, 0x0a, 0x20, 0x20, 0x20, 0x20,
 0x76, 0x61, 0x72, 0x20, 0x63, 0x20, 0x3d, 0x20,
 0x6e, 0x75, 0x6c, 0x6c, 0x3b, 0x0a, 0x20, 0x20,
 0x20, 0x20, 0x63, 0x20, 0x3d, 0x20, 0x53, 0x74,
 0x72, 0x69, 0x6e, 0x67, 0x2e, 0x66, 0x72, 0x6f,
 0x6d, 0x43, 0x6f, 0x64, 0x65, 0x50, 0x6f, 0x69,
 0x6e, 0x74, 0x28, 0x63, 0x31, 0x29, 0x3b, 0x0a,
 0x20, 0x20, 0x20, 0x20, 0x66, 0x6f, 0x72, 0x28,
 0x3b, 0x3b, 0x29, 0x20, 0x7b, 0x0a, 0x20, 0x20,
 0x20, 0x20, 0x20, 0x20, 0x73, 0x77, 0x69, 0x74,
 0x63, 0x68, 0x20, 0x28, 0x72, 0x65, 0x61, 0x64,
 0x6c, 0x69, 0x6e, 0x65, 0x53, 0x74, 0x61, 0x74,
 0x65, 0x29, 0x20, 0x7b, 0x0a, 0x20, 0x20, 0x20,
 0x20, 0x20, 0x20, 0x20, 0x20, 0x63, 0x61, 0x73,
 0x65, 0x20, 0x30, 0x3a, 0x0a, 0x20, 0x20, 0x20,
 0x20, 0x20, 0x20, 0x20, 0x20, 0x20, 0x20, 0x69,
 0x66, 0x28, 0x63, 0x20, 0x3d, 0x3d, 0x20, 0x27,
 0x5c, 0x78, 0x31, 0x62, 0x27, 0x29, 0x20, 0x7b,
 0x0a, 0x20, 0x20, 0x20, 0x20, 0x20, 0x20, 0x20,
 0x20, 0x20, 0x20, 0x20, 0x20, 0x2f, 0x2a, 0x20,
 0x27, 0x5e, 0x5b, 0x27, 0x20, 0x2d, 0x20, 0x45,
 0x53, 0x43, 0x20, 0x2a, 0x2f, 0x0a, 0x20, 0x20,
 0x20, 0x20, 0x20, 0x20, 0x20, 0x20, 0x20, 0x20,
 0x20, 0x20, 0x72, 0x65, 0x61, 0x64, 0x6c, 0x69,
 0x6e, 0x65, 0x4b, 0x65, 0x79, 0x73, 0x20, 0x3d,
 0x20, 0x63, 0x3b, 0x0a, 0x20, 0x20, 0x20, 0x20,
 0x20, 0x20, 0x20, 0x20, 0x20, 0x20, 0x20, 0x20,
 0x72, 0x65, 0x61, 0x64, 0x6c, 0x69, 0x6e, 0x65,
 0x53, 0x74, 0x61, 0x74, 0x65, 0x20, 0x3d, 0x20,
 0x31, 0x3b, 0x0a, 0x20, 0x20, 0x20, 0x20, 0x20,
 0x20, 0x20, 0x20, 0x20, 0x20, 0x7d, 0x20, 0x65,
 0x6c, 0x73, 0x65, 0x20, 0x7b, 0x0a, 0x20, 0x20,
 0x20, 0x20, 0x20, 0x20, 0x20, 0x20, 0x20, 0x20,
 0x20, 0x20, 0x74, 0x68, 0x69, 0x73, 0x2e, 0x68,
 0x61, 0x6e, 0x64, 0x6c, 0x65, 0x4b, 0x65, 0x79,
 0x28, 0x63, 0x29, 0x3b, 0x0a, 0x20, 0x20, 0x20,
 0x20, 0x20, 0x20, 0x20, 0x20, 0x20, 0x20, 0x7d,
 0x0a, 0x20, 0x20, 0x20, 0x20, 0x20, 0x20, 0x20,
 0x20, 0x20, 0x20, 0x62, 0x72, 0x65, 0x61, 0x6b,
 0x3b, 0x0a, 0x0a, 0x20, 0x20, 0x20, 0x20, 0x20,
 0x20, 0x20, 0x20, 0x63, 0x61, 0x73, 0x65, 0x20,
 0x31, 0x20, 0x2f, 0x2a, 0x20, 0x27, 0x5e, 0x5b,
 0x20, 0x2a, 0x2f, 0x3a, 0x0a, 0x20, 0x20, 0x20,
 0x20, 0x20, 0x20, 0x20, 0x20, 0x20, 0x20, 0x72,
 0x65, 0x61, 0x64, 0x6c, 0x69, 0x6e, 0x65, 0x4b,
 0x65, 0x79, 0x73, 0x20, 0x2b, 0x3d, 0x20, 0x63,
 0x3b, 0x0a, 0x20, 0x20, 0x20, 0x20, 0x20, 0x20,
 0x20, 0x20, 0x20, 0x20, 0x69, 0x66, 0x28, 0x63,
 0x20, 0x3d, 0x3d, 0x20, 0x27, 0x5b, 0x27, 0x29,
 0x20, 0x7b, 0x0a, 0x20, 0x20, 0x20, 0x20, 0x20,
 0x20, 0x20, 0x20, 0x20, 0x20, 0x20, 0x20, 0x72,
 0x65, 0x61, 0x64, 0x6c, 0x69, 0x6e, 0x65, 0x53,
 0x74, 0x61, 0x74, 0x65, 0x20, 0x3d, 0x20, 0x32,
 0x3b, 0x0a, 0x20, 0x20, 0x20, 0x20, 0x20, 0x20,
 0x20, 0x20, 0x20, 0x20, 0x7d, 0x20, 0x65, 0x6c,
 0x73, 0x65, 0x20, 0x69, 0x66, 0x28, 0x63, 0x20,
 0x3d, 0x3d, 0x20, 0x27, 0x4f, 0x27, 0x29, 0x20,
 0x7b, 0x0a, 0x20, 0x20, 0x20, 0x20, 0x20, 0x20,
 0x20, 0x20, 0x20, 0x20, 0x20, 0x20, 0x72, 0x65,
 0x61, 0x64, 0x6c, 0x69, 0x6e, 0x65, 0x53, 0x74,
 0x61, 0x74, 0x65, 0x20, 0x3d, 0x20, 0x33, 0x3b,
 0x0a, 0x20, 0x20, 0x20, 0x20, 0x20, 0x20, 0x20,
 0x20, 0x20, 0x20, 0x7d, 0x20, 0x65, 0x6c, 0x73,
 0x65, 0x20, 0x7b, 0x0a, 0x20, 0x20, 0x20, 0x20,
 0x20, 0x20, 0x20, 0x20, 0x20, 0x20, 0x20, 0x20,
 0x74, 0x68, 0x69, 0x73, 0x2e, 0x68, 0x61, 0x6e,
 0x64, 0x6c, 0x65, 0x4b, 0x65, 0x79, 0x28, 0x72,
 0x65, 0x61, 0x64, 0x6c, 0x69, 0x6e, 0x65, 0x4b,
 0x65, 0x79, 0x73, 0x29, 0x3b, 0x0a, 0x20, 0x20,
 0x20, 0x20, 0x20, 0x20, 0x20, 0x20, 0x20, 0x20,
 0x20, 0x20, 0x72, 0x65, 0x61, 0x64, 0x6c, 0x69,
 0x6e, 0x65, 0x53, 0x74, 0x61, 0x74, 0x65, 0x20,
 0x3d, 0x20, 0x30, 0x3b, 0x0a, 0x20, 0x20, 0x20,
 0x20, 0x20, 0x20, 0x20, 0x20, 0x20, 0x20, 0x7d,
 0x0a, 0x20, 0x20, 0x20, 0x20, 0x20, 0x20, 0x20,
 0x20, 0x20, 0x20, 0x62, 0x72, 0x65, 0x61, 0x6b,
 0x3b, 0x0a, 0x0a, 0x20, 0x20, 0x20, 0x20, 0x20,
 0x20, 0x20, 0x20, 0x63, 0x61, 0x73, 0x65, 0x20,
 0x32, 0x20, 0x2f, 0x2a, 0x20, 0x27, 0x5e, 0x5b,
 0x5b, 0x27, 0x20, 0x2d, 0x20, 0x43, 0x53, 0x49,
 0x20, 0x2a, 0x2f, 0x3a, 0x0a, 0x20, 0x20, 0x20,
 0x20, 0x20, 0x20, 0x20, 0x20, 0x20, 0x20, 0x72,
 0x65, 0x61, 0x64, 0x6c, 0x69, 0x6e, 0x65, 0x4b,
 0x65, 0x79, 0x73, 0x20, 0x2b, 0x3d, 0x20, 0x63,
 0x3b, 0x0a, 0x20, 0x20, 0x20, 0x20, 0x20, 0x20,
 0x20, 0x20, 0x20, 0x20, 0x69, 0x66, 0x28, 0x63,
 0x20, 0x3d, 0x3d, 0x20, 0x27, 0x3c, 0x27, 0x29,
 0x20, 0x7b, 0x0a, 0x20, 0x20, 0x20, 0x20, 0x20,
 0x20, 0x20, 0x20, 0x20, 0x20, 0x20, 0x20, 0x72,
 0x65, 0x61, 0x64, 0x6c, 0x69, 0x6e, 0x65, 0x53,
 0x74, 0x61, 0x74, 0x65, 0x20, 0x3d, 0x20, 0x34,
 0x3b, 0x0a, 0x20, 0x20, 0x20, 0x20, 0x20, 0x20,
 0x20, 0x20, 0x20, 0x20, 0x7d, 0x20, 0x65, 0x6c,
 0x73, 0x65, 0x20, 0x69, 0x66, 0x28, 0x21, 0x28,
 0x63, 0x20, 0x3d, 0x3d, 0x20, 0x27, 0x3b, 0x27,
 0x20, 0x7c, 0x7c, 0x20, 0x28, 0x63, 0x20, 0x3e,
 0x3d, 0x20, 0x27, 0x30, 0x27, 0x20, 0x26, 0x26,
 0x20, 0x63, 0x20, 0x3c, 0x3d, 0x20, 0x27, 0x39,
 0x27, 0x29, 0x29, 0x29, 0x20, 0x7b, 0x0a, 0x20,
 0x20, 0x20, 0x20, 0x20, 0x20, 0x20, 0x20, 0x20,
 0x20, 0x20, 0x20, 0x74, 0x68, 0x69, 0x73, 0x2e,
 0x68, 0x61, 0x6e, 0x64, 0x6c, 0x65, 0x4b, 0x65,
 0x79, 0x28, 0x72, 0x65, 0x61, 0x64, 0x6c, 0x69,
 0x6e, 0x65, 0x4b, 0x65, 0x79, 0x73, 0x29, 0x3b,
 0x0a, 0x20, 0x20, 0x20, 0x20, 0x20, 0x20, 0x20,
 0x20, 0x20, 0x20, 0x20, 0x20, 0x72, 0x65, 0x61,
 0x64, 0x6c, 0x69, 0x6e, 0x65, 0x53, 0x74, 0x61,
 0x74, 0x65, 0x20, 0x3d, 0x20, 0x30, 0x3b, 0x0a,
 0x20, 0x20, 0x20, 0x20, 0x20, 0x20, 0x20, 0x20,
 0x20, 0x20, 0x7d, 0x0a, 0x20, 0x20, 0x20, 0x20,
 0x20, 0x20, 0x20, 0x20, 0x20, 0x20, 0x62, 0x72,
 0x65, 0x61, 0x6b, 0x3b, 0x0a, 0x0a, 0x20, 0x20,
 0x20, 0x20, 0x20, 0x20, 0x20, 0x20, 0x63, 0x61,
 0x73, 0x65, 0x20, 0x33, 0x20, 0x2f, 0x2a, 0x20,
 0x27, 0x5e, 0x5b, 0x4f, 0x27, 0x20, 0x2d, 0x20,
 0x45, 0x53, 0x43, 0x32, 0x20, 0x2a, 0x2f, 0x3a,
 0x0a, 0x20, 0x20, 0x20, 0x20, 0x20, 0x20, 0x20,
 0x20, 0x20, 0x20, 0x72, 0x65, 0x61, 0x64, 0x6c,
 0x69, 0x6e, 0x65, 0x4b, 0x65, 0x79, 0x73, 0x20,
 0x2b, 0x3d, 0x20, 0x63, 0x3b, 0x0a, 0x20, 0x20,
 0x20, 0x20, 0x20, 0x20, 0x20, 0x20, 0x20, 0x20,
 0x74, 0x68, 0x69, 0x73, 0x2e, 0x68, 0x61, 0x6e,
 0x64, 0x6c, 0x65, 0x4b, 0x65, 0x79, 0x28, 0x72,
 0x65, 0x61, 0x64, 0x6c, 0x69, 0x6e, 0x65, 0x4b,
 0x65, 0x79, 0x73, 0x29, 0x3b, 0x0a, 0x20, 0x20,
 0x20, 0x20, 0x20, 0x20, 0x20, 0x20, 0x20, 0x20,
 0x72, 0x65, 0x61, 0x64, 0x6c, 0x69, 0x6e, 0x65,
 0x53, 0x74, 0x61, 0x74, 0x65, 0x20, 0x3d, 0x20,
 0x30, 0x3b, 0x0a, 0x20, 0x20, 0x20, 0x20, 0x20,
 0x20, 0x20, 0x20, 0x20, 0x20, 0x62, 0x72, 0x65,
 0x61, 0x6b, 0x3b, 0x0a, 0x0a, 0x20, 0x20, 0x20,
 0x20, 0x20, 0x20, 0x20, 0x20, 0x63, 0x61, 0x73,
 0x65, 0x20, 0x34, 0x3a, 0x0a, 0x20, 0x20, 0x20,
 0x20, 0x20, 0x20, 0x20, 0x20, 0x20, 0x20, 0x69,
 0x66, 0x28, 0x21, 0x28, 0x63, 0x20, 0x3d, 0x3d,
 0x20, 0x27, 0x3b, 0x27, 0x20, 0x7c, 0x7c, 0x20,
 0x28, 0x63, 0x20, 0x3e, 0x3d, 0x20, 0x27, 0x30,
 0x27, 0x20, 0x26, 0x26, 0x20, 0x63, 0x20, 0x3c,
 0x3d, 0x20, 0x27, 0x39, 0x27, 0x29, 0x20, 0x7c,
 0x7c, 0x20, 0x63, 0x20, 0x3d, 0x3d, 0x20, 0x27,
 0x4d, 0x27, 0x20, 0x7c, 0x7c, 0x20, 0x63, 0x20,
 0x3d, 0x3d, 0x20, 0x27, 0x6d, 0x27, 0x29, 0x29,
 0x20, 0x7b, 0x0a, 0x20, 0x20, 0x20, 0x20, 0x20,
 0x20, 0x20, 0x20, 0x20, 0x20, 0x20, 0x20, 0x74,
 0x68, 0x69, 0x73, 0x2e, 0x68, 0x61, 0x6e, 0x64,
 0x6c, 0x65, 0x4d, 0x6f, 0x75, 0x73, 0x65, 0x28,
 0x72, 0x65, 0x61, 0x64, 0x6c, 0x69, 0x6e, 0x65,
 0x4b, 0x65, 0x79, 0x73, 0x29, 0x3b, 0x0a, 0x20,
 0x20, 0x20, 0x20, 0x20, 0x20, 0x20, 0x20, 0x20,
 0x20, 0x20, 0x20, 0x72, 0x65, 0x61, 0x64, 0x6c,
 0x69, 0x6e, 0x65, 0x53, 0x74, 0x61, 0x74, 0x65,
 0x20, 0x3d, 0x20, 0x30, 0x3b, 0x0a, 0x20, 0x20,
 0x20, 0x20, 0x20, 0x20, 0x20, 0x20, 0x20, 0x20,
 0x20, 0x20, 0x72, 0x65, 0x61, 0x64, 0x6c, 0x69,
 0x6e, 0x65, 0x4b, 0x65, 0x79, 0x73, 0x20, 0x3d,
 0x20, 0x27, 0x27, 0x3b, 0x0a, 0x20, 0x20, 0x20,
 0x20, 0x20, 0x20, 0x20, 0x20, 0x20, 0x20, 0x20,
 0x20, 0x63, 0x6f, 0x6e, 0x74, 0x69, 0x6e, 0x75,
 0x65, 0x3b, 0x0a, 0x20, 0x20, 0x20, 0x20, 0x20,
 0x20, 0x20, 0x20, 0x20, 0x20, 0x7d, 0x20, 0x65,
 0x6c, 0x73, 0x65, 0x20, 0x7b, 0x0a, 0x20, 0x20,
 0x20, 0x20, 0x20, 0x20, 0x20, 0x20, 0x20, 0x20,
 0x20, 0x20, 0x72, 0x65, 0x61, 0x64, 0x6c, 0x69,
 0x6e, 0x65, 0x4b, 0x65, 0x79, 0x73, 0x20, 0x2b,
 0x3d, 0x20, 0x63, 0x3b, 0x0a, 0x20, 0x20, 0x20,
 0x20, 0x20, 0x20, 0x20, 0x20, 0x20, 0x20, 0x7d,
 0x0a, 0x20, 0x20, 0x20, 0x20, 0x20, 0x20, 0x20,
 0x20, 0x20, 0x20, 0x62, 0x72, 0x65, 0x61, 0x6b,
 0x3b, 0x0a, 0x20, 0x20, 0x20, 0x20, 0x20, 0x20,
 0x7d, 0x0a, 0x20, 0x20, 0x20, 0x20, 0x20, 0x20,
 0x62, 0x72, 0x65, 0x61, 0x6b, 0x3b, 0x0a, 0x20,
 0x20, 0x20, 0x20, 0x7d, 0x0a, 0x20, 0x20, 0x7d,
 0x0a, 0x0a, 0x20, 0x20, 0x68, 0x61, 0x6e, 0x64,
 0x6c, 0x65, 0x4d, 0x6f, 0x75, 0x73, 0x65, 0x28,
 0x6b, 0x65, 0x79, 0x73, 0x29, 0x20, 0x7b, 0x0a,
 0x20, 0x20, 0x20, 0x20, 0x74, 0x68, 0x69, 0x73,
 0x2e, 0x64, 0x65, 0x62, 0x75, 0x67, 0x28, 0x27,
 0x68, 0x61, 0x6e, 0x64, 0x6c, 0x65, 0x4d, 0x6f,
 0x75, 0x73, 0x65, 0x27, 0x2c, 0x20, 0x7b, 0x20,
 0x6b, 0x65, 0x79, 0x73, 0x20, 0x7d, 0x29, 0x3b,
 0x0a, 0x0a, 0x20, 0x20, 0x20, 0x20, 0x63, 0x6f,
 0x6e, 0x73, 0x74, 0x20, 0x5b, 0x62, 0x75, 0x74,
 0x74, 0x6f, 0x6e, 0x2c, 0x20, 0x78, 0x2c, 0x20,
 0x79, 0x2c, 0x20, 0x63, 0x6d, 0x64, 0x5d, 0x20,
 0x3d, 0x20, 0x5b, 0x2e, 0x2e, 0x2e, 0x6b, 0x65,
 0x79, 0x73, 0x2e, 0x6d, 0x61, 0x74, 0x63, 0x68,
 0x41, 0x6c, 0x6c, 0x28, 0x2f, 0x28, 0x5b, 0x30,
 0x2d, 0x39, 0x5d, 0x2b, 0x7c, 0x5b, 0x41, 0x2d,
 0x5a, 0x61, 0x2d, 0x7a, 0x5d, 0x2b, 0x29, 0x2f,
 0x67, 0x29, 0x5d, 0x2e, 0x6d, 0x61, 0x70, 0x28,
 0x70, 0x20, 0x3d, 0x3e, 0x20, 0x70, 0x5b, 0x31,
 0x5d, 0x29, 0x2e, 0x6d, 0x61, 0x70, 0x28, 0x70,
 0x20, 0x3d, 0x3e, 0x20, 0x28, 0x21, 0x69, 0x73,
 0x4e, 0x61, 0x4e, 0x28, 0x2b, 0x70, 0x29, 0x20,
 0x3f, 0x20, 0x2b, 0x70, 0x20, 0x3a, 0x20, 0x70,
 0x29, 0x29, 0x3b, 0x0a, 0x20, 0x20, 0x20, 0x20,
 0x6c, 0x65, 0x74, 0x20, 0x70, 0x72, 0x65, 0x73,
 0x73, 0x20, 0x3d, 0x20, 0x63, 0x6d, 0x64, 0x20,
 0x3d, 0x3d, 0x20, 0x27, 0x6d, 0x27, 0x3b, 0x0a,
 0x0a, 0x20, 0x20, 0x20, 0x20, 0x74, 0x68, 0x69,
 0x73, 0x2e, 0x64, 0x65, 0x62, 0x75, 0x67, 0x28,
 0x27, 0x68, 0x61, 0x6e, 0x64, 0x6c, 0x65, 0x4d,
 0x6f, 0x75, 0x73, 0x65, 0x27, 0x2c, 0x20, 0x7b,
 0x20, 0x62, 0x75, 0x74, 0x74, 0x6f, 0x6e, 0x2c,
 0x20, 0x78, 0x2c, 0x20, 0x79, 0x2c, 0x20, 0x70,
 0x72, 0x65, 0x73, 0x73, 0x20, 0x7d, 0x29, 0x3b,
 0x0a, 0x20, 0x20, 0x7d, 0x0a, 0x0a, 0x20, 0x20,
 0x68, 0x61, 0x6e, 0x64, 0x6c, 0x65, 0x43, 0x6d,
 0x64, 0x28, 0x65, 0x78, 0x70, 0x72, 0x29, 0x20,
 0x7b, 0x0a, 0x20, 0x20, 0x20, 0x20, 0x76, 0x61,
 0x72, 0x20, 0x63, 0x6f, 0x6c, 0x6f, 0x72, 0x73,
 0x74, 0x61, 0x74, 0x65, 0x2c, 0x0a, 0x20, 0x20,
 0x20, 0x20, 0x20, 0x20, 0x63, 0x6d, 0x64, 0x20,
 0x3d, 0x20, 0x6e, 0x75, 0x6c, 0x6c, 0x3b, 0x0a,
 0x0a, 0x20, 0x20, 0x20, 0x20, 0x69, 0x66, 0x28,
 0x65, 0x78, 0x70, 0x72, 0x20, 0x3d, 0x3d, 0x3d,
 0x20, 0x6e, 0x75, 0x6c, 0x6c, 0x29, 0x20, 0x7b,
 0x0a, 0x20, 0x20, 0x20, 0x20, 0x20, 0x20, 0x65,
 0x78, 0x70, 0x72, 0x20, 0x3d, 0x20, 0x27, 0x27,
 0x3b, 0x0a, 0x20, 0x20, 0x20, 0x20, 0x20, 0x20,
 0x72, 0x65, 0x74, 0x75, 0x72, 0x6e, 0x20, 0x66,
 0x61, 0x6c, 0x73, 0x65, 0x3b, 0x0a, 0x20, 0x20,
 0x20, 0x20, 0x7d, 0x0a, 0x20, 0x20, 0x20, 0x20,
 0x69, 0x66, 0x28, 0x65, 0x78, 0x70, 0x72, 0x20,
 0x3d, 0x3d, 0x3d, 0x20, 0x27, 0x3f, 0x27, 0x29,
 0x20, 0x7b, 0x0a, 0x20, 0x20, 0x20, 0x20, 0x20,
 0x20, 0x74, 0x68, 0x69, 0x73, 0x2e, 0x68, 0x65,
 0x6c, 0x70, 0x28, 0x29, 0x3b, 0x0a, 0x20, 0x20,
 0x20, 0x20, 0x20, 0x20, 0x72, 0x65, 0x74, 0x75,
 0x72, 0x6e, 0x20, 0x66, 0x61, 0x6c, 0x73, 0x65,
 0x3b, 0x0a, 0x20, 0x20, 0x20, 0x20, 0x7d, 0x0a,
 0x20, 0x20, 0x20, 0x20, 0x63, 0x6d, 0x64, 0x20,
 0x3d, 0x20, 0x74, 0x68, 0x69, 0x73, 0x2e, 0x63,
 0x6d, 0x64, 0x20, 0x3d, 0x20, 0x74, 0x68, 0x69,
 0x73, 0x2e, 0x65, 0x78, 0x74, 0x72, 0x61, 0x63,
 0x74, 0x44, 0x69, 0x72, 0x65, 0x63, 0x74, 0x69,
 0x76, 0x65, 0x28, 0x65, 0x78, 0x70, 0x72, 0x29,
 0x3b, 0x0a, 0x20, 0x20, 0x20, 0x20, 0x69, 0x66,
 0x28, 0x63, 0x6d, 0x64, 0x2e, 0x6c, 0x65, 0x6e,
 0x67, 0x74, 0x68, 0x20, 0x3e, 0x20, 0x30, 0x29,
 0x20, 0x7b, 0x0a, 0x20, 0x20, 0x20, 0x20, 0x20,
 0x20, 0x69, 0x66, 0x28, 0x21, 0x74, 0x68, 0x69,
 0x73, 0x2e, 0x68, 0x61, 0x6e, 0x64, 0x6c, 0x65,
 0x44, 0x69, 0x72, 0x65, 0x63, 0x74, 0x69, 0x76,
 0x65, 0x28, 0x63, 0x6d, 0x64, 0x2c, 0x20, 0x65,
 0x78, 0x70, 0x72, 0x29, 0x29, 0x20, 0x7b, 0x0a,
 0x20, 0x20, 0x20, 0x20, 0x20, 0x20, 0x20, 0x20,
 0x72, 0x65, 0x74, 0x75, 0x72, 0x6e, 0x20, 0x66,
 0x61, 0x6c, 0x73, 0x65, 0x3b, 0x0a, 0x20, 0x20,
 0x20, 0x20, 0x20, 0x20, 0x7d, 0x0a, 0x20, 0x20,
 0x20, 0x20, 0x20, 0x20, 0x65, 0x78, 0x70, 0x72,
 0x20, 0x3d, 0x20, 0x65, 0x78, 0x70, 0x72, 0x2e,
 0x73, 0x75, 0x62, 0x73, 0x74, 0x72, 0x69, 0x6e,
 0x67, 0x28, 0x63, 0x6d, 0x64, 0x2e, 0x6c, 0x65,
 0x6e, 0x67, 0x74, 0x68, 0x20, 0x2b, 0x20, 0x31,
 0x29, 0x3b, 0x0a, 0x20, 0x20, 0x20, 0x20, 0x7d,
 0x0a, 0x20, 0x20, 0x20, 0x20, 0x69, 0x66, 0x28,
 0x65, 0x78, 0x70, 0x72, 0x20, 0x3d, 0x3d, 0x3d,
 0x20, 0x27, 0x27, 0x29, 0x20, 0x72, 0x65, 0x74,
 0x75, 0x72, 0x6e, 0x20, 0x66, 0x61, 0x6c, 0x73,
 0x65, 0x3b, 0x0a, 0x0a, 0x20, 0x20, 0x20, 0x20,
 0x69, 0x66, 0x28, 0x74, 0x68, 0x69, 0x73, 0x2e,
 0x6d, 0x65, 0x78, 0x70, 0x72, 0x29, 0x20, 0x65,
 0x78, 0x70, 0x72, 0x20, 0x3d, 0x20, 0x74, 0x68,
 0x69, 0x73, 0x2e, 0x6d, 0x65, 0x78, 0x70, 0x72,
 0x20, 0x2b, 0x20, 0x27, 0x5c, 0x6e, 0x27, 0x20,
 0x2b, 0x20, 0x65, 0x78, 0x70, 0x72, 0x3b, 0x0a,
 0x20, 0x20, 0x20, 0x20, 0x63, 0x6f, 0x6c, 0x6f,
 0x72, 0x73, 0x74, 0x61, 0x74, 0x65, 0x20, 0x3d,
 0x20, 0x74, 0x68, 0x69, 0x73, 0x2e, 0x63, 0x6f,
 0x6c, 0x6f, 0x72, 0x69, 0x7a, 0x65, 0x4a, 0x73,
 0x28, 0x65, 0x78, 0x70, 0x72, 0x29, 0x3b, 0x0a,
 0x20, 0x20, 0x20, 0x20, 0x74, 0x68, 0x69, 0x73,
 0x2e, 0x70, 0x73, 0x74, 0x61, 0x74, 0x65, 0x20,
 0x3d, 0x20, 0x63, 0x6f, 0x6c, 0x6f, 0x72, 0x73,
 0x74, 0x61, 0x74, 0x65, 0x5b, 0x30, 0x5d, 0x3b,
 0x0a, 0x20, 0x20, 0x20, 0x20, 0x74, 0x68, 0x69,
 0x73, 0x2e, 0x6c, 0x65, 0x76, 0x65, 0x6c, 0x20,
 0x3d, 0x20, 0x63, 0x6f, 0x6c, 0x6f, 0x72, 0x73,
 0x74, 0x61, 0x74, 0x65, 0x5b, 0x31, 0x5d, 0x3b,
 0x0a, 0x0a, 0x20, 0x20, 0x20, 0x20, 0x69, 0x66,
 0x28, 0x74, 0x68, 0x69, 0x73, 0x2e, 0x70, 0x73,
 0x74, 0x61, 0x74, 0x65, 0x29, 0x20, 0x7b, 0x0a,
 0x20, 0x20, 0x20, 0x20, 0x20, 0x20, 0x74, 0x68,
 0x69, 0x73, 0x2e, 0x6d, 0x65, 0x78, 0x70, 0x72,
 0x20, 0x3d, 0x20, 0x65, 0x78, 0x70, 0x72, 0x3b,
 0x0a, 0x20, 0x20, 0x20, 0x20, 0x20, 0x20, 0x72,
 0x65, 0x74, 0x75, 0x72, 0x6e, 0x20, 0x66, 0x61,
 0x6c, 0x73, 0x65, 0x3b, 0x0a, 0x20, 0x20, 0x20,
 0x20, 0x7d, 0x0a, 0x0a, 0x20, 0x20, 0x20, 0x20,
 0x74, 0x68, 0x69, 0x73, 0x2e, 0x6d, 0x65, 0x78,
 0x70, 0x72, 0x20, 0x3d, 0x20, 0x27, 0x27, 0x3b,
 0x0a, 0x0a, 0x20, 0x20, 0x20, 0x20, 0x69, 0x66,
 0x28, 0x68, 0x61, 0x73, 0x42, 0x69, 0x67, 0x6e,
 0x75, 0x6d, 0x29, 0x20, 0x7b, 0x0a, 0x20, 0x20,
 0x20, 0x20, 0x20, 0x20, 0x2f, 0x2f, 0x42, 0x69,
 0x67, 0x46, 0x6c, 0x6f, 0x61, 0x74, 0x45, 0x6e,
 0x76, 0x2e, 0x73, 0x65, 0x74, 0x50, 0x72, 0x65,
 0x63, 0x28, 0x74, 0x68, 0x69, 0x73, 0x2e, 0x65,
 0x76, 0x61, 0x6c, 0x41, 0x6e, 0x64, 0x50, 0x72,
 0x69, 0x6e, 0x74, 0x53, 0x74, 0x61, 0x72, 0x74,
 0x2e, 0x62, 0x69, 0x6e, 0x64, 0x28, 0x74, 0x68,
 0x69, 0x73, 0x2c, 0x20, 0x65, 0x78, 0x70, 0x72,
 0x2c, 0x20, 0x2f, 0x5c, 0x62, 0x61, 0x77, 0x61,
 0x69, 0x74, 0x5c, 0x62, 0x2f, 0x2e, 0x74, 0x65,
 0x73, 0x74, 0x28, 0x65, 0x78, 0x70, 0x72, 0x29,
 0x29, 0x2c, 0x20, 0x70, 0x72, 0x65, 0x63, 0x2c,
 0x20, 0x65, 0x78, 0x70, 0x42, 0x69, 0x74, 0x73,
 0x29, 0x3b, 0x0a, 0x20, 0x20, 0x20, 0x20, 0x20,
 0x20, 0x42, 0x69, 0x67, 0x46, 0x6c, 0x6f, 0x61,
 0x74, 0x45, 0x6e, 0x76, 0x2e, 0x73, 0x65, 0x74,
 0x50, 0x72, 0x65, 0x63, 0x28, 0x28, 0x29, 0x20,
 0x3d, 0x3e, 0x20, 0x74, 0x68, 0x69, 0x73, 0x2e,
 0x65, 0x76, 0x61, 0x6c, 0x41, 0x6e, 0x64, 0x50,
 0x72, 0x69, 0x6e, 0x74, 0x53, 0x74, 0x61, 0x72,
 0x74, 0x28, 0x65, 0x78, 0x70, 0x72, 0x2c, 0x20,
 0x2f, 0x5c, 0x62, 0x61, 0x77, 0x61, 0x69, 0x74,
 0x5c, 0x62, 0x2f, 0x2e, 0x74, 0x65, 0x73, 0x74,
 0x28, 0x65, 0x78, 0x70, 0x72, 0x29, 0x29, 0x2c,
 0x20, 0x70, 0x72, 0x65, 0x63, 0x2c, 0x20, 0x65,
 0x78, 0x70, 0x42, 0x69, 0x74, 0x73, 0x29, 0x3b,
 0x0a, 0x20, 0x20, 0x20, 0x20, 0x7d, 0x20, 0x65,
 0x6c, 0x73, 0x65, 0x20, 0x7b, 0x0a, 0x20, 0x20,
 0x20, 0x20, 0x20, 0x20, 0x74, 0x68, 0x69, 0x73,
 0x2e, 0x68, 0x61, 0x6e, 0x64, 0x6c, 0x65, 0x49,
 0x6e, 0x70, 0x75, 0x74, 0x28, 0x65, 0x78, 0x70,
 0x72, 0x29, 0x3b, 0x0a, 0x20, 0x20, 0x20, 0x20,
 0x7d, 0x0a, 0x0a, 0x20, 0x20, 0x20, 0x20, 0x74,
 0x68, 0x69, 0x73, 0x2e, 0x6c, 0x65, 0x76, 0x65,
 0x6c, 0x20, 0x3d, 0x20, 0x30, 0x3b, 0x0a, 0x0a,
 0x20, 0x20, 0x20, 0x20, 0x2f, 0x2a, 0x20, 0x72,
 0x75, 0x6e, 0x20, 0x74, 0x68, 0x65, 0x20, 0x67,
 0x61, 0x72, 0x62, 0x61, 0x67, 0x65, 0x20, 0x63,
 0x6f, 0x6c, 0x6c, 0x65, 0x63, 0x74, 0x6f, 0x72,
 0x20, 0x61, 0x66, 0x74, 0x65, 0x72, 0x20, 0x65,
 0x61, 0x63, 0x68, 0x20, 0x63, 0x6f, 0x6d, 0x6d,
 0x61, 0x6e, 0x64, 0x20, 0x2a, 0x2f, 0x0a, 0x20,
 0x20, 0x20, 0x20, 0x2f, 0x2f, 0x67, 0x63, 0x28,
 0x29, 0x3b, 0x0a, 0x0a, 0x20, 0x20, 0x20, 0x20,
 0x72, 0x65, 0x74, 0x75, 0x72, 0x6e, 0x20, 0x74,
 0x72, 0x75, 0x65, 0x3b, 0x0a, 0x20, 0x20, 0x7d,
 0x0a, 0x0a, 0x20, 0x20, 0x65, 0x76, 0x61, 0x6c,
 0x41, 0x6e, 0x64, 0x50, 0x72, 0x69, 0x6e, 0x74,
 0x53, 0x74, 0x61, 0x72, 0x74, 0x28, 0x65, 0x78,
 0x70, 0x72, 0x2c, 0x20, 0x69, 0x73, 0x5f, 0x61,
 0x73, 0x79, 0x6e, 0x63, 0x29, 0x20, 0x7b, 0x0a,
 0x20, 0x20, 0x20, 0x20, 0x76, 0x61, 0x72, 0x20,
 0x72, 0x65, 0x73, 0x75, 0x6c, 0x74, 0x3b, 0x0a,
 0x0a, 0x20, 0x20, 0x20, 0x20, 0x69, 0x66, 0x28,
 0x65, 0x78, 0x70, 0x72, 0x20, 0x3d, 0x3d, 0x20,
 0x27, 0x27, 0x29, 0x20, 0x72, 0x65, 0x74, 0x75,
 0x72, 0x6e, 0x3b, 0x0a, 0x0a, 0x20, 0x20, 0x20,
 0x20, 0x74, 0x68, 0x69, 0x73, 0x2e, 0x68, 0x69,
 0x73, 0x74, 0x6f, 0x72, 0x79, 0x41, 0x64, 0x64,
 0x28, 0x65, 0x78, 0x70, 0x72, 0x29, 0x3b, 0x0a,
 0x0a, 0x20, 0x20, 0x20, 0x20, 0x74, 0x72, 0x79,
 0x20, 0x7b, 0x0a, 0x20, 0x20, 0x20, 0x20, 0x20,
 0x20, 0x69, 0x66, 0x28, 0x65, 0x76, 0x61, 0x6c,
 0x4d, 0x6f, 0x64, 0x65, 0x20, 0x3d, 0x3d, 0x3d,
 0x20, 0x27, 0x6d, 0x61, 0x74, 0x68, 0x27, 0x29,
 0x20, 0x65, 0x78, 0x70, 0x72, 0x20, 0x3d, 0x20,
 0x27, 0x22, 0x75, 0x73, 0x65, 0x20, 0x6d, 0x61,
 0x74, 0x68, 0x22, 0x3b, 0x20, 0x76, 0x6f, 0x69,
 0x64, 0x20, 0x30, 0x3b, 0x27, 0x20, 0x2b, 0x20,
 0x65, 0x78, 0x70, 0x72, 0x3b, 0x0a, 0x20, 0x20,
 0x20, 0x20, 0x20, 0x20, 0x74, 0x68, 0x69, 0x73,
 0x2e, 0x65, 0x76, 0x61, 0x6c, 0x53, 0x74, 0x61,
 0x72, 0x74, 0x54, 0x69, 0x6d, 0x65, 0x20, 0x3d,
 0x20, 0x44, 0x61, 0x74, 0x65, 0x2e, 0x6e, 0x6f,
 0x77, 0x28, 0x29, 0x3b, 0x0a, 0x0a, 0x20, 0x20,
 0x20, 0x20, 0x20, 0x20, 0x2f, 0x2a, 0x20, 0x65,
 0x76, 0x61, 0x6c, 0x20, 0x61, 0x73, 0x20, 0x61,
 0x20, 0x73, 0x63, 0x72, 0x69, 0x70, 0x74, 0x20,
 0x2a, 0x2f, 0x0a, 0x20, 0x20, 0x20, 0x20, 0x20,
 0x20, 0x2f, 0x2f, 0x72, 0x65, 0x73, 0x75, 0x6c,
 0x74, 0x20, 0x3d, 0x20, 0x65, 0x76, 0x61, 0x6c,
 0x53, 0x63, 0x72, 0x69, 0x70, 0x74, 0x28, 0x65,
 0x78, 0x70, 0x72, 0x2c, 0x20, 0x7b, 0x20, 0x62,
 0x61, 0x63, 0x6b, 0x74, 0x72, 0x61, 0x63, 0x65,
 0x5f, 0x62, 0x61, 0x72, 0x72, 0x69, 0x65, 0x72,
 0x3a, 0x20, 0x74, 0x72, 0x75, 0x65, 0x2c, 0x20,
 0x61, 0x73, 0x79, 0x6e, 0x63, 0x3a, 0x20, 0x69,
 0x73, 0x5f, 0x61, 0x73, 0x79, 0x6e, 0x63, 0x20,
 0x7d, 0x29, 0x3b, 0x0a, 0x20, 0x20, 0x20, 0x20,
 0x20, 0x20, 0x72, 0x65, 0x73, 0x75, 0x6c, 0x74,
 0x20, 0x3d, 0x20, 0x65, 0x76, 0x61, 0x6c, 0x42,
 0x75, 0x66, 0x28, 0x65, 0x78, 0x70, 0x72, 0x2c,
 0x20, 0x7b, 0x20, 0x62, 0x61, 0x63, 0x6b, 0x74,
 0x72, 0x61, 0x63, 0x65, 0x5f, 0x62, 0x61, 0x72,
 0x72, 0x69, 0x65, 0x72, 0x3a, 0x20, 0x74, 0x72,
 0x75, 0x65, 0x2c, 0x20, 0x61, 0x73, 0x79, 0x6e,
 0x63, 0x3a, 0x20, 0x69, 0x73, 0x5f, 0x61, 0x73,
 0x79, 0x6e, 0x63, 0x20, 0x7d, 0x29, 0x3b, 0x0a,
 0x0a, 0x20, 0x20, 0x20, 0x20, 0x20, 0x20, 0x69,
 0x66, 0x28, 0x69, 0x73, 0x5f, 0x61, 0x73, 0x79,
 0x6e, 0x63, 0x29, 0x20, 0x7b, 0x0a, 0x20, 0x20,
 0x20, 0x20, 0x20, 0x20, 0x20, 0x20, 0x2f, 0x2a,
 0x20, 0x72, 0x65, 0x73, 0x75, 0x6c, 0x74, 0x20,
 0x69, 0x73, 0x20, 0x61, 0x20, 0x70, 0x72, 0x6f,
 0x6d, 0x69, 0x73, 0x65, 0x20, 0x2a, 0x2f, 0x0a,
 0x20, 0x20, 0x20, 0x20, 0x20, 0x20, 0x20, 0x20,
 0x72, 0x65, 0x73, 0x75, 0x6c, 0x74, 0x2e, 0x74,
 0x68, 0x65, 0x6e, 0x28, 0x0a, 0x20, 0x20, 0x20,
 0x20, 0x20, 0x20, 0x20, 0x20, 0x20, 0x20, 0x72,
 0x65, 0x73, 0x75, 0x6c, 0x74, 0x20, 0x3d, 0x3e,
 0x20, 0x74, 0x68, 0x69, 0x73, 0x2e, 0x70, 0x72,
 0x69, 0x6e, 0x74, 0x45, 0x76, 0x61, 0x6c, 0x52,
 0x65, 0x73, 0x75, 0x6c, 0x74, 0x28, 0x72, 0x65,
 0x73, 0x75, 0x6c, 0x74, 0x29, 0x2c, 0x0a, 0x20,
 0x20, 0x20, 0x20, 0x20, 0x20, 0x20, 0x20, 0x20,
 0x20, 0x65, 0x72, 0x72, 0x20, 0x3d, 0x3e, 0x20,
 0x74, 0x68, 0x69, 0x73, 0x2e, 0x70, 0x72, 0x69,
 0x6e, 0x74, 0x45, 0x76, 0x61, 0x6c, 0x45, 0x72,
 0x72, 0x6f, 0x72, 0x28, 0x65, 0x72, 0x72, 0x29,
 0x2c, 0x0a, 0x20, 0x20, 0x20, 0x20, 0x20, 0x20,
 0x20, 0x20, 0x29, 0x3b, 0x0a, 0x20, 0x20, 0x20,
 0x20, 0x20, 0x20, 0x7d, 0x20, 0x65, 0x6c, 0x73,
 0x65, 0x20, 0x7b, 0x0a, 0x20, 0x20, 0x20, 0x20,
 0x20, 0x20, 0x20, 0x20, 0x74, 0x68, 0x69, 0x73,
 0x2e, 0x70, 0x72, 0x69, 0x6e, 0x74, 0x45, 0x76,
 0x61, 0x6c, 0x52, 0x65, 0x73, 0x75, 0x6c, 0x74,
 0x28, 0x72, 0x65, 0x73, 0x75, 0x6c, 0x74, 0x29,
 0x3b, 0x0a, 0x20, 0x20, 0x20, 0x20, 0x20, 0x20,
 0x7d, 0x0a, 0x20, 0x20, 0x20, 0x20, 0x7d, 0x20,
 0x63, 0x61, 0x74, 0x63, 0x68, 0x28, 0x65, 0x72,
 0x72, 0x6f, 0x72, 0x29, 0x20, 0x7b, 0x0a, 0x20,
 0x20, 0x20, 0x20, 0x20, 0x20, 0x74, 0x68, 0x69,
 0x73, 0x2e, 0x70, 0x72, 0x69, 0x6e, 0x74, 0x45,
 0x76, 0x61, 0x6c, 0x45, 0x72, 0x72, 0x6f, 0x72,
 0x28, 0x65, 0x72, 0x72, 0x6f, 0x72, 0x29, 0x3b,
 0x0a, 0x20, 0x20, 0x20, 0x20, 0x7d, 0x0a, 0x20,
 0x20, 0x7d, 0x0a, 0x0a, 0x20, 0x20, 0x70, 0x72,
 0x69, 0x6e, 0x74, 0x45, 0x76, 0x61, 0x6c, 0x52,
 0x65, 0x73, 0x75, 0x6c, 0x74, 0x28, 0x72, 0x65,
 0x73, 0x75, 0x6c, 0x74, 0x29, 0x20, 0x7b, 0x0a,
 0x20, 0x20, 0x20, 0x20, 0x74, 0x68, 0x69, 0x73,
 0x2e, 0x65, 0x76, 0x61, 0x6c, 0x54, 0x69, 0x6d,
 0x65, 0x20, 0x3d, 0x20, 0x44, 0x61, 0x74, 0x65,
 0x2e, 0x6e, 0x6f, 0x77, 0x28, 0x29, 0x20, 0x2d,
 0x20, 0x74, 0x68, 0x69, 0x73, 0x2e, 0x65, 0x76,
 0x61, 0x6c, 0x53, 0x74, 0x61, 0x72, 0x74, 0x54,
 0x69, 0x6d, 0x65, 0x3b, 0x0a, 0x20, 0x20, 0x20,
 0x20, 0x70, 0x75, 0x74, 0x73, 0x28, 0x63, 0x6f,
 0x6c, 0x6f, 0x72, 0x73, 0x5b, 0x73, 0x74, 0x79,
 0x6c, 0x65, 0x73, 0x2e, 0x72, 0x65, 0x73, 0x75,
 0x6c, 0x74, 0x5d, 0x29, 0x3b, 0x0a, 0x20, 0x20,
 0x20, 0x20, 0x70, 0x72, 0x69, 0x6e, 0x74, 0x28,
 0x69, 0x6e, 0x73, 0x70, 0x65, 0x63, 0x74, 0x28,
 0x72, 0x65, 0x73, 0x75, 0x6c, 0x74, 0x2c, 0x20,
 0x74, 0x68, 0x69, 0x73, 0x2e, 0x69, 0x6e, 0x73,
 0x70, 0x65, 0x63, 0x74, 0x4f, 0x70, 0x74, 0x69,
 0x6f, 0x6e, 0x73, 0x29, 0x29, 0x3b, 0x0a, 0x20,
 0x20, 0x20, 0x20, 0x70, 0x75, 0x74, 0x73, 0x28,
 0x27, 0x5c, 0x6e, 0x27, 0x29, 0x3b, 0x0a, 0x20,
 0x20, 0x20, 0x20, 0x70, 0x75, 0x74, 0x73, 0x28,
 0x63, 0x6f, 0x6c, 0x6f, 0x72, 0x73, 0x2e, 0x6e,
 0x6f, 0x6e, 0x65, 0x29, 0x3b, 0x0a, 0x20, 0x20,
 0x20, 0x20, 0x2f, 0x2a, 0x20, 0x73, 0x65, 0x74,
 0x20, 0x74, 0x68, 0x65, 0x20, 0x6c, 0x61, 0x73,
 0x74, 0x20, 0x72, 0x65, 0x73, 0x75, 0x6c, 0x74,
 0x20, 0x2a, 0x2f, 0x0a, 0x20, 0x20, 0x20, 0x20,
 0x74, 0x68, 0x69, 0x73, 0x2e, 0x5f, 0x20, 0x3d,
 0x20, 0x72, 0x65, 0x73, 0x75, 0x6c, 0x74, 0x3b,
 0x0a, 0x0a, 0x20, 0x20, 0x20, 0x20, 0x74, 0x68,
 0x69, 0x73, 0x2e, 0x68, 0x61, 0x6e, 0x64, 0x6c,
 0x65, 0x43, 0x6d, 0x64, 0x45, 0x6e, 0x64, 0x28,
 0x29, 0x3b, 0x0a, 0x20, 0x20, 0x7d, 0x0a, 0x0a,
 0x20, 0x20, 0x70, 0x72, 0x69, 0x6e, 0x74, 0x45,
 0x76, 0x61, 0x6c, 0x45, 0x72, 0x72, 0x6f, 0x72,
 0x28, 0x65, 0x72, 0x72, 0x6f, 0x72, 0x29, 0x20,
 0x7b, 0x0a, 0x20, 0x20, 0x20, 0x20, 0x2f, 0x2f,
 0x70, 0x75, 0x74, 0x73, 0x28, 0x27, 0x70, 0x72,
 0x69, 0x6e, 0x74, 0x45, 0x76, 0x61, 0x6c, 0x45,
 0x72, 0x72, 0x6f, 0x72, 0x27, 0x29, 0x3b, 0x0a,
 0x20, 0x20, 0x20, 0x20, 0x70, 0x75, 0x74, 0x73,
 0x28, 0x63, 0x6f, 0x6c, 0x6f, 0x72, 0x73, 0x5b,
 0x73, 0x74, 0x79, 0x6c, 0x65, 0x73, 0x2e, 0x65,
 0x72, 0x72, 0x6f, 0x72, 0x4d, 0x73, 0x67, 0x5d,
 0x29, 0x3b, 0x0a, 0x0a, 0x20, 0x20, 0x20, 0x20,
 0x69, 0x66, 0x28, 0x65, 0x72, 0x72, 0x6f, 0x72,
 0x20, 0x69, 0x6e, 0x73, 0x74, 0x61, 0x6e, 0x63,
 0x65, 0x6f, 0x66, 0x20, 0x45, 0x72, 0x72, 0x6f,
 0x72, 0x29, 0x20, 0x7b, 0x0a, 0x20, 0x20, 0x20,
 0x20, 0x20, 0x20, 0x70, 0x75, 0x74, 0x73, 0x28,
 0x65, 0x72, 0x72, 0x6f, 0x72, 0x2e, 0x6d, 0x65,
 0x73, 0x73, 0x61, 0x67, 0x65, 0x29, 0x3b, 0x0a,
 0x0a, 0x20, 0x20, 0x20, 0x20, 0x20, 0x20, 0x69,
 0x66, 0x28, 0x65, 0x72, 0x72, 0x6f, 0x72, 0x2e,
 0x73, 0x74, 0x61, 0x63, 0x6b, 0x29, 0x20, 0x70,
 0x75, 0x74, 0x73, 0x28, 0x27, 0x5c, 0x6e, 0x27,
 0x20, 0x2b, 0x20, 0x65, 0x72, 0x72, 0x6f, 0x72,
 0x2e, 0x73, 0x74, 0x61, 0x63, 0x6b, 0x29, 0x3b,
 0x0a, 0x20, 0x20, 0x20, 0x20, 0x7d, 0x20, 0x65,
 0x6c, 0x73, 0x65, 0x20, 0x7b, 0x0a, 0x20, 0x20,
 0x20, 0x20, 0x20, 0x20, 0x70, 0x75, 0x74, 0x73,
 0x28, 0x27, 0x54, 0x68, 0x72, 0x6f, 0x77, 0x3a,
 0x20, 0x27, 0x29, 0x3b, 0x0a, 0x20, 0x20, 0x20,
 0x20, 0x20, 0x20, 0x70, 0x75, 0x74, 0x73, 0x28,
 0x65, 0x72, 0x72, 0x6f, 0x72, 0x2e, 0x6d, 0x65,
 0x73, 0x73, 0x61, 0x67, 0x65, 0x29, 0x3b, 0x0a,
 0x20, 0x20, 0x20, 0x20, 0x7d, 0x0a, 0x0a, 0x20,
 0x20, 0x20, 0x20, 0x70, 0x75, 0x74, 0x73, 0x28,
 0x63, 0x6f, 0x6c, 0x6f, 0x72, 0x73, 0x2e, 0x6e,
 0x6f, 0x6e, 0x65, 0x29, 0x3b, 0x0a, 0x0a, 0x20,
 0x20, 0x20, 0x20, 0x74, 0x68, 0x69, 0x73, 0x2e,
 0x68, 0x61, 0x6e, 0x64, 0x6c, 0x65, 0x43, 0x6d,
 0x64, 0x45, 0x6e, 0x64, 0x28, 0x29, 0x3b, 0x0a,
 0x20, 0x20, 0x7d, 0x0a, 0x0a, 0x20, 0x20, 0x68,
 0x61, 0x6e, 0x64, 0x6c, 0x65, 0x43, 0x6d, 0x64,
 0x45, 0x6e, 0x64, 0x28, 0x29, 0x20, 0x7b, 0x0a,
 0x20, 0x20, 0x20, 0x20, 0x74, 0x68, 0x69, 0x73,
 0x2e, 0x6c, 0x65, 0x76, 0x65, 0x6c, 0x20, 0x3d,
 0x20, 0x30, 0x3b, 0x0a, 0x20, 0x20, 0x20, 0x20,
 0x2f, 0x2a, 0x20, 0x72, 0x75, 0x6e, 0x20, 0x74,
 0x68, 0x65, 0x20, 0x67, 0x61, 0x72, 0x62, 0x61,
 0x67, 0x65, 0x20, 0x63, 0x6f, 0x6c, 0x6c, 0x65,
 0x63, 0x74, 0x6f, 0x72, 0x20, 0x61, 0x66, 0x74,
 0x65, 0x72, 0x20, 0x65, 0x61, 0x63, 0x68, 0x20,
 0x63, 0x6f, 0x6d, 0x6d, 0x61, 0x6e, 0x64, 0x20,
 0x2a, 0x2f, 0x0a, 0x20, 0x20, 0x20, 0x20, 0x67,
 0x63, 0x28, 0x29, 0x3b, 0x0a, 0x20, 0x20, 0x20,
 0x20, 0x74, 0x68, 0x69, 0x73, 0x2e, 0x63, 0x6d,
 0x64, 0x52, 0x65, 0x61, 0x64, 0x6c, 0x69, 0x6e,
 0x65, 0x53, 0x74, 0x61, 0x72, 0x74, 0x28, 0x29,
 0x3b, 0x0a, 0x20, 0x20, 0x7d, 0x0a, 0x0a, 0x20,
 0x20, 0x68, 0x61, 0x73, 0x44, 0x69, 0x72, 0x65,
 0x63, 0x74, 0x69, 0x76, 0x65, 0x28, 0x63, 0x6d,
 0x64, 0x29, 0x20, 0x7b, 0x0a, 0x20, 0x20, 0x20,
 0x20, 0x63, 0x6f, 0x6e, 0x73, 0x74, 0x20, 0x7b,
 0x20, 0x64, 0x69, 0x72, 0x65, 0x63, 0x74, 0x69,
 0x76, 0x65, 0x73, 0x20, 0x3d, 0x20, 0x7b, 0x7d,
 0x20, 0x7d, 0x20, 0x3d, 0x20, 0x74, 0x68, 0x69,
 0x73, 0x3b, 0x0a, 0x20, 0x20, 0x20, 0x20, 0x72,
 0x65, 0x74, 0x75, 0x72, 0x6e, 0x20, 0x63, 0x6d,
 0x64, 0x20, 0x69, 0x6e, 0x20, 0x64, 0x69, 0x72,
 0x65, 0x63, 0x74, 0x69, 0x76, 0x65, 0x73, 0x3b,
 0x0a, 0x20, 0x20, 0x7d, 0x0a, 0x0a, 0x20, 0x20,
 0x67, 0x65, 0x74, 0x44, 0x69, 0x72, 0x65, 0x63,
 0x74, 0x69, 0x76, 0x65, 0x28, 0x63, 0x6d, 0x64,
 0x29, 0x20, 0x7b, 0x0a, 0x20, 0x20, 0x20, 0x20,
 0x63, 0x6f, 0x6e, 0x73, 0x74, 0x20, 0x7b, 0x20,
 0x64, 0x69, 0x72, 0x65, 0x63, 0x74, 0x69, 0x76,
 0x65, 0x73, 0x20, 0x3d, 0x20, 0x7b, 0x7d, 0x20,
 0x7d, 0x20, 0x3d, 0x20, 0x74, 0x68, 0x69, 0x73,
 0x3b, 0x0a, 0x20, 0x20, 0x20, 0x20, 0x72, 0x65,
 0x74, 0x75, 0x72, 0x6e, 0x20, 0x64, 0x69, 0x72,
 0x65, 0x63, 0x74, 0x69, 0x76, 0x65, 0x73, 0x5b,
 0x63, 0x6d, 0x64, 0x5d, 0x3b, 0x0a, 0x20, 0x20,
 0x7d, 0x0a, 0x0a, 0x20, 0x20, 0x68, 0x61, 0x6e,
 0x64, 0x6c, 0x65, 0x44, 0x69, 0x72, 0x65, 0x63,
 0x74, 0x69, 0x76, 0x65, 0x28, 0x63, 0x6d, 0x64,
 0x2c, 0x20, 0x65, 0x78, 0x70, 0x72, 0x29, 0x20,
 0x7b, 0x0a, 0x20, 0x20, 0x20, 0x20, 0x76, 0x61,
 0x72, 0x20, 0x70, 0x61, 0x72, 0x61, 0x6d, 0x2c,
 0x0a, 0x20, 0x20, 0x20, 0x20, 0x20, 0x20, 0x70,
 0x72, 0x65, 0x63, 0x31, 0x2c, 0x0a, 0x20, 0x20,
 0x20, 0x20, 0x20, 0x20, 0x65, 0x78, 0x70, 0x42,
 0x69, 0x74, 0x73, 0x31, 0x20, 0x3d, 0x20, 0x6e,
 0x75, 0x6c, 0x6c, 0x3b, 0x0a, 0x20, 0x20, 0x20,
 0x20, 0x69, 0x66, 0x28, 0x74, 0x68, 0x69, 0x73,
 0x2e, 0x68, 0x61, 0x73, 0x44, 0x69, 0x72, 0x65,
 0x63, 0x74, 0x69, 0x76, 0x65, 0x28, 0x63, 0x6d,
 0x64, 0x29, 0x29, 0x20, 0x7b, 0x0a, 0x20, 0x20,
 0x20, 0x20, 0x20, 0x20, 0x63, 0x6f, 0x6e, 0x73,
 0x74, 0x20, 0x70, 0x61, 0x72, 0x61, 0x6d, 0x53,
 0x74, 0x72, 0x20, 0x3d, 0x20, 0x65, 0x78, 0x70,
 0x72, 0x2e, 0x73, 0x75, 0x62, 0x73, 0x74, 0x72,
 0x69, 0x6e, 0x67, 0x28, 0x63, 0x6d, 0x64, 0x2e,
 0x6c, 0x65, 0x6e, 0x67, 0x74, 0x68, 0x20, 0x2b,
 0x20, 0x31, 0x29, 0x2e, 0x74, 0x72, 0x69, 0x6d,
 0x28, 0x29, 0x3b, 0x0a, 0x20, 0x20, 0x20, 0x20,
 0x20, 0x20, 0x63, 0x6f, 0x6e, 0x73, 0x74, 0x20,
 0x72, 0x65, 0x20, 0x3d, 0x20, 0x2f, 0x27, 0x28,
 0x5c, 0x5c, 0x27, 0x7c, 0x5b, 0x5e, 0x27, 0x5d,
 0x29, 0x2a, 0x27, 0x7c, 0x22, 0x28, 0x5c, 0x5c,
 0x22, 0x7c, 0x5b, 0x5e, 0x22, 0x5d, 0x29, 0x2a,
 0x22, 0x7c, 0x60, 0x28, 0x5c, 0x5c, 0x60, 0x7c,
 0x5b, 0x5e, 0x60, 0x5d, 0x29, 0x2a, 0x60, 0x7c,
 0x28, 0x5b, 0x5e, 0x5c, 0x73, 0x5d, 0x2b, 0x29,
 0x2f, 0x67, 0x3b, 0x0a, 0x20, 0x20, 0x20, 0x20,
 0x20, 0x20, 0x63, 0x6f, 0x6e, 0x73, 0x74, 0x20,
 0x70, 0x61, 0x72, 0x61, 0x6d, 0x73, 0x20, 0x3d,
 0x20, 0x5b, 0x5d, 0x3b, 0x0a, 0x20, 0x20, 0x20,
 0x20, 0x20, 0x20, 0x6c, 0x65, 0x74, 0x20, 0x6d,
 0x61, 0x74, 0x63, 0x68, 0x3b, 0x0a, 0x20, 0x20,
 0x20, 0x20, 0x20, 0x20, 0x77, 0x68, 0x69, 0x6c,
 0x65, 0x28, 0x28, 0x6d, 0x61, 0x74, 0x63, 0x68,
 0x20, 0x3d, 0x20, 0x72, 0x65, 0x2e, 0x65, 0x78,
 0x65, 0x63, 0x28, 0x70, 0x61, 0x72, 0x61, 0x6d,
 0x53, 0x74, 0x72, 0x29, 0x29, 0x29, 0x20, 0x7b,
 0x0a, 0x20, 0x20, 0x20, 0x20, 0x20, 0x20, 0x20,
 0x20, 0x69, 0x66, 0x28, 0x2f, 0x5e, 0x5b, 0x27,
 0x22, 0x60, 0x5d, 0x2f, 0x2e, 0x74, 0x65, 0x73,
 0x74, 0x28, 0x6d, 0x61, 0x74, 0x63, 0x68, 0x5b,
 0x30, 0x5d, 0x29, 0x29, 0x20, 0x6d, 0x61, 0x74,
 0x63, 0x68, 0x5b, 0x30, 0x5d, 0x20, 0x3d, 0x20,
 0x6d, 0x61, 0x74, 0x63, 0x68, 0x5b, 0x30, 0x5d,
 0x2e, 0x73, 0x6c, 0x69, 0x63, 0x65, 0x28, 0x31,
 0x2c, 0x20, 0x2d, 0x31, 0x29, 0x3b, 0x0a, 0x20,
 0x20, 0x20, 0x20, 0x20, 0x20, 0x20, 0x20, 0x70,
 0x61, 0x72, 0x61, 0x6d, 0x73, 0x2e, 0x70, 0x75,
 0x73, 0x68, 0x28, 0x6d, 0x61, 0x74, 0x63, 0x68,
 0x5b, 0x30, 0x5d, 0x29, 0x3b, 0x0a, 0x20, 0x20,
 0x20, 0x20, 0x20, 0x20, 0x7d, 0x0a, 0x20, 0x20,
 0x20, 0x20, 0x20, 0x20, 0x63, 0x6f, 0x6e, 0x73,
 0x74, 0x20, 0x64, 0x20, 0x3d, 0x20, 0x74, 0x68,
 0x69, 0x73, 0x2e, 0x67, 0x65, 0x74, 0x44, 0x69,
 0x72, 0x65, 0x63, 0x74, 0x69, 0x76, 0x65, 0x28,
 0x63, 0x6d, 0x64, 0x29, 0x3b, 0x0a, 0x20, 0x20,
 0x20, 0x20, 0x20, 0x20, 0x69, 0x66, 0x28, 0x64,
 0x29, 0x20, 0x7b, 0x0a, 0x20, 0x20, 0x20, 0x20,
 0x20, 0x20, 0x20, 0x20, 0x63, 0x6f, 0x6e, 0x73,
 0x74, 0x20, 0x5b, 0x66, 0x6e, 0x2c, 0x20, 0x68,
 0x65, 0x6c, 0x70, 0x5d, 0x20, 0x3d, 0x20, 0x64,
 0x3b, 0x0a, 0x20, 0x20, 0x20, 0x20, 0x20, 0x20,
 0x20, 0x20, 0x66, 0x6e, 0x2e, 0x63, 0x61, 0x6c,
 0x6c, 0x28, 0x74, 0x68, 0x69, 0x73, 0x2c, 0x20,
 0x2e, 0x2e, 0x2e, 0x70, 0x61, 0x72, 0x61, 0x6d,
 0x73, 0x29, 0x3b, 0x0a, 0x20, 0x20, 0x20, 0x20,
 0x20, 0x20, 0x7d, 0x0a, 0x20, 0x20, 0x20, 0x20,
 0x20, 0x20, 0x72, 0x65, 0x74, 0x75, 0x72, 0x6e,
 0x20, 0x66, 0x61, 0x6c, 0x73, 0x65, 0x3b, 0x0a,
 0x20, 0x20, 0x20, 0x20, 0x7d, 0x20, 0x65, 0x6c,
 0x73, 0x65, 0x20, 0x69, 0x66, 0x28, 0x63, 0x6d,
 0x64, 0x20, 0x3d, 0x3d, 0x3d, 0x20, 0x27, 0x68,
 0x27, 0x20, 0x7c, 0x7c, 0x20, 0x63, 0x6d, 0x64,
 0x20, 0x3d, 0x3d, 0x3d, 0x20, 0x27, 0x3f, 0x27,
 0x20, 0x7c, 0x7c, 0x20, 0x63, 0x6d, 0x64, 0x20,
 0x3d, 0x3d, 0x20, 0x27, 0x68, 0x65, 0x6c, 0x70,
 0x27, 0x29, 0x20, 0x7b, 0x0a, 0x20, 0x20, 0x20,
 0x20, 0x20, 0x20, 0x74, 0x68, 0x69, 0x73, 0x2e,
 0x68, 0x65, 0x6c, 0x70, 0x28, 0x29, 0x3b, 0x0a,
 0x20, 0x20, 0x20, 0x20, 0x7d, 0x20, 0x65, 0x6c,
 0x73, 0x65, 0x20, 0x69, 0x66, 0x28, 0x63, 0x6d,
 0x64, 0x20, 0x3d, 0x3d, 0x3d, 0x20, 0x27, 0x6c,
 0x6f, 0x61, 0x64, 0x27, 0x29, 0x20, 0x7b, 0x0a,
 0x20, 0x20, 0x20, 0x20, 0x20, 0x20, 0x76, 0x61,
 0x72, 0x20, 0x66, 0x69, 0x6c, 0x65, 0x6e, 0x61,
 0x6d, 0x65, 0x20, 0x3d, 0x20, 0x65, 0x78, 0x70,
 0x72, 0x2e, 0x73, 0x75, 0x62, 0x73, 0x74, 0x72,
 0x69, 0x6e, 0x67, 0x28, 0x63, 0x6d, 0x64, 0x2e,
 0x6c, 0x65, 0x6e, 0x67, 0x74, 0x68, 0x20, 0x2b,
 0x20, 0x31, 0x29, 0x2e, 0x74, 0x72, 0x69, 0x6d,
 0x28, 0x29, 0x3b, 0x0a, 0x20, 0x20, 0x20, 0x20,
 0x20, 0x20, 0x69, 0x66, 0x28, 0x66, 0x69, 0x6c,
 0x65, 0x6e, 0x61, 0x6d, 0x65, 0x2e, 0x6c, 0x61,
 0x73, 0x74, 0x49, 0x6e, 0x64, 0x65, 0x78, 0x4f,
 0x66, 0x28, 0x27, 0x2e, 0x27, 0x29, 0x20, 0x3c,
 0x3d, 0x20, 0x66, 0x69, 0x6c, 0x65, 0x6e, 0x61,
 0x6d, 0x65, 0x2e, 0x6c, 0x61, 0x73, 0x74, 0x49,
 0x6e, 0x64, 0x65, 0x78, 0x4f, 0x66, 0x28, 0x27,
 0x2f, 0x27, 0x29, 0x29, 0x20, 0x66, 0x69, 0x6c,
 0x65, 0x6e, 0x61, 0x6d, 0x65, 0x20, 0x2b, 0x3d,
 0x20, 0x27, 0x2e, 0x6a, 0x73, 0x27, 0x3b, 0x0a,
 0x20, 0x20, 0x20, 0x20, 0x20, 0x20, 0x6c, 0x6f,
 0x61, 0x64, 0x53, 0x63, 0x72, 0x69, 0x70, 0x74,
 0x28, 0x66, 0x69, 0x6c, 0x65, 0x6e, 0x61, 0x6d,
 0x65, 0x29, 0x3b, 0x0a, 0x20, 0x20, 0x20, 0x20,
 0x20, 0x20, 0x72, 0x65, 0x74, 0x75, 0x72, 0x6e,
 0x20, 0x66, 0x61, 0x6c, 0x73, 0x65, 0x3b, 0x0a,
 0x20, 0x20, 0x20, 0x20, 0x7d, 0x20, 0x65, 0x6c,
 0x73, 0x65, 0x20, 0x69, 0x66, 0x28, 0x63, 0x6d,
 0x64, 0x20, 0x3d, 0x3d, 0x3d, 0x20, 0x27, 0x78,
 0x27, 0x29, 0x20, 0x7b, 0x0a, 0x20, 0x20, 0x20,
 0x20, 0x20, 0x20, 0x68, 0x65, 0x78, 0x4d, 0x6f,
 0x64, 0x65, 0x20, 0x3d, 0x20, 0x74, 0x72, 0x75,
 0x65, 0x3b, 0x0a, 0x20, 0x20, 0x20, 0x20, 0x7d,
 0x20, 0x65, 0x6c, 0x73, 0x65, 0x20, 0x69, 0x66,
 0x28, 0x63, 0x6d, 0x64, 0x20, 0x3d, 0x3d, 0x3d,
 0x20, 0x27, 0x64, 0x27, 0x29, 0x20, 0x7b, 0x0a,
 0x20, 0x20, 0x20, 0x20, 0x20, 0x20, 0x68, 0x65,
 0x78, 0x4d, 0x6f, 0x64, 0x65, 0x20, 0x3d, 0x20,
 0x66, 0x61, 0x6c, 0x73, 0x65, 0x3b, 0x0a, 0x20,
 0x20, 0x20, 0x20, 0x7d, 0x20, 0x65, 0x6c, 0x73,
 0x65, 0x20, 0x69, 0x66, 0x28, 0x63, 0x6d, 0x64,
 0x20, 0x3d, 0x3d, 0x3d, 0x20, 0x27, 0x74, 0x27,
 0x29, 0x20, 0x7b, 0x0a, 0x20, 0x20, 0x20, 0x20,
 0x20, 0x20, 0x74, 0x68, 0x69, 0x73, 0x2e, 0x73,
 0x68, 0x6f, 0x77, 0x54, 0x69, 0x6d, 0x65, 0x20,
 0x3d, 0x20, 0x21, 0x74, 0x68, 0x69, 0x73, 0x2e,
 0x73, 0x68, 0x6f, 0x77, 0x54, 0x69, 0x6d, 0x65,
 0x3b, 0x0a, 0x20, 0x20, 0x20, 0x20, 0x7d, 0x20,
 0x65, 0x6c, 0x73, 0x65, 0x20, 0x69, 0x66, 0x28,
 0x68, 0x61, 0x73, 0x42, 0x69, 0x67, 0x6e, 0x75,
 0x6d, 0x20, 0x26, 0x26, 0x20, 0x63, 0x6d, 0x64,
 0x20, 0x3d, 0x3d, 0x3d, 0x20, 0x27, 0x70, 0x27,
 0x29, 0x20, 0x7b, 0x0a, 0x20, 0x20, 0x20, 0x20,
 0x20, 0x20, 0x70, 0x61, 0x72, 0x61, 0x6d, 0x20,
 0x3d, 0x20, 0x65, 0x78, 0x70, 0x72, 0x0a, 0x20,
 0x20, 0x20, 0x20, 0x20, 0x20, 0x20, 0x20, 0x2e,
 0x73, 0x75, 0x62, 0x73, 0x74, 0x72, 0x69, 0x6e,
 0x67, 0x28, 0x63, 0x6d, 0x64, 0x2e, 0x6c, 0x65,
 0x6e, 0x67, 0x74, 0x68, 0x20, 0x2b, 0x20, 0x31,
 0x29, 0x0a, 0x20, 0x20, 0x20, 0x20, 0x20, 0x20,
 0x20, 0x20, 0x2e, 0x74, 0x72, 0x69, 0x6d, 0x28,
 0x29, 0x0a, 0x20, 0x20, 0x20, 0x20, 0x20, 0x20,
 0x20, 0x20, 0x2e, 0x73, 0x70, 0x6c, 0x69, 0x74,
 0x28, 0x27, 0x20, 0x27, 0x29, 0x3b, 0x0a, 0x20,
 0x20, 0x20, 0x20, 0x20, 0x20, 0x69, 0x66, 0x28,
 0x70, 0x61, 0x72, 0x61, 0x6d, 0x2e, 0x6c, 0x65,
 0x6e, 0x67, 0x74, 0x68, 0x20, 0x3d, 0x3d, 0x3d,
 0x20, 0x31, 0x20, 0x26, 0x26, 0x20, 0x70, 0x61,
 0x72, 0x61, 0x6d, 0x5b, 0x30, 0x5d, 0x20, 0x3d,
 0x3d, 0x3d, 0x20, 0x27, 0x27, 0x29, 0x20, 0x7b,
 0x0a, 0x20, 0x20, 0x20, 0x20, 0x20, 0x20, 0x20,
 0x20, 0x70, 0x75, 0x74, 0x73, 0x28, 0x27, 0x42,
 0x69, 0x67, 0x46, 0x6c, 0x6f, 0x61, 0x74, 0x20,
 0x70, 0x72, 0x65, 0x63, 0x69, 0x73, 0x69, 0x6f,
 0x6e, 0x3d, 0x27, 0x20, 0x2b, 0x20, 0x70, 0x72,
 0x65, 0x63, 0x20, 0x2b, 0x20, 0x27, 0x20, 0x62,
 0x69, 0x74, 0x73, 0x20, 0x28, 0x7e, 0x27, 0x20,
 0x2b, 0x20, 0x4d, 0x61, 0x74, 0x68, 0x2e, 0x66,
 0x6c, 0x6f, 0x6f, 0x72, 0x28, 0x70, 0x72, 0x65,
 0x63, 0x20, 0x2f, 0x20, 0x6c, 0x6f, 0x67, 0x32,
 0x5f, 0x31, 0x30, 0x29, 0x20, 0x2b, 0x20, 0x27,
 0x20, 0x64, 0x69, 0x67, 0x69, 0x74, 0x73, 0x29,
 0x2c, 0x20, 0x65, 0x78, 0x70, 0x6f, 0x6e, 0x65,
 0x6e, 0x74, 0x20, 0x73, 0x69, 0x7a, 0x65, 0x3d,
 0x27, 0x20, 0x2b, 0x20, 0x65, 0x78, 0x70, 0x42,
 0x69, 0x74, 0x73, 0x20, 0x2b, 0x20, 0x27, 0x20,
 0x62, 0x69, 0x74, 0x73, 0x5c, 0x6e, 0x27, 0x29,
 0x3b, 0x0a, 0x20, 0x20, 0x20, 0x20, 0x20, 0x20,
 0x7d, 0x20, 0x65, 0x6c, 0x73, 0x65, 0x20, 0x69,
 0x66, 0x28, 0x70, 0x61, 0x72, 0x61, 0x6d, 0x5b,
 0x30, 0x5d, 0x20, 0x3d, 0x3d, 0x3d, 0x20, 0x27,
 0x66, 0x31, 0x36, 0x27, 0x29, 0x20, 0x7b, 0x0a,
 0x20, 0x20, 0x20, 0x20, 0x20, 0x20, 0x20, 0x20,
 0x70, 0x72, 0x65, 0x63, 0x20, 0x3d, 0x20, 0x31,
 0x31, 0x3b, 0x0a, 0x20, 0x20, 0x20, 0x20, 0x20,
 0x20, 0x20, 0x20, 0x65, 0x78, 0x70, 0x42, 0x69,
 0x74, 0x73, 0x20, 0x3d, 0x20, 0x35, 0x3b, 0x0a,
 0x20, 0x20, 0x20, 0x20, 0x20, 0x20, 0x7d, 0x20,
 0x65, 0x6c, 0x73, 0x65, 0x20, 0x69, 0x66, 0x28,
 0x70, 0x61, 0x72, 0x61, 0x6d, 0x5b, 0x30, 0x5d,
 0x20, 0x3d, 0x3d, 0x3d, 0x20, 0x27, 0x66, 0x33,
 0x32, 0x27, 0x29, 0x20, 0x7b, 0x0a, 0x20, 0x20,
 0x20, 0x20, 0x20, 0x20, 0x20, 0x20, 0x70, 0x72,
 0x65, 0x63, 0x20, 0x3d, 0x20, 0x32, 0x34, 0x3b,
 0x0a, 0x20, 0x20, 0x20, 0x20, 0x20, 0x20, 0x20,
 0x20, 0x65, 0x78, 0x70, 0x42, 0x69, 0x74, 0x73,
 0x20, 0x3d, 0x20, 0x38, 0x3b, 0x0a, 0x20, 0x20,
 0x20, 0x20, 0x20, 0x20, 0x7d, 0x20, 0x65, 0x6c,
 0x73, 0x65, 0x20, 0x69, 0x66, 0x28, 0x70, 0x61,
 0x72, 0x61, 0x6d, 0x5b, 0x30, 0x5d, 0x20, 0x3d,
 0x3d, 0x3d, 0x20, 0x27, 0x66, 0x36, 0x34, 0x27,
 0x29, 0x20, 0x7b, 0x0a, 0x20, 0x20, 0x20, 0x20,
 0x20, 0x20, 0x20, 0x20, 0x70, 0x72, 0x65, 0x63,
 0x20, 0x3d, 0x20, 0x35, 0x33, 0x3b, 0x0a, 0x20,
 0x20, 0x20, 0x20, 0x20, 0x20, 0x20, 0x20, 0x65,
 0x78, 0x70, 0x42, 0x69, 0x74, 0x73, 0x20, 0x3d,
 0x20, 0x31, 0x31, 0x3b, 0x0a, 0x20, 0x20, 0x20,
 0x20, 0x20, 0x20, 0x7d, 0x20, 0x65, 0x6c, 0x73,
 0x65, 0x20, 0x69, 0x66, 0x28, 0x70, 0x61, 0x72,
 0x61, 0x6d, 0x5b, 0x30, 0x5d, 0x20, 0x3d, 0x3d,
 0x3d, 0x20, 0x27, 0x66, 0x31, 0x32, 0x38, 0x27,
 0x29, 0x20, 0x7b, 0x0a, 0x20, 0x20, 0x20, 0x20,
 0x20, 0x20, 0x20, 0x20, 0x70, 0x72, 0x65, 0x63,
 0x20, 0x3d, 0x20, 0x31, 0x31, 0x33, 0x3b, 0x0a,
 0x20, 0x20, 0x20, 0x20, 0x20, 0x20, 0x20, 0x20,
 0x65, 0x78, 0x70, 0x42, 0x69, 0x74, 0x73, 0x20,
 0x3d, 0x20, 0x31, 0x35, 0x3b, 0x0a, 0x20, 0x20,
 0x20, 0x20, 0x20, 0x20, 0x7d, 0x20, 0x65, 0x6c,
 0x73, 0x65, 0x20, 0x7b, 0x0a, 0x20, 0x20, 0x20,
 0x20, 0x20, 0x20, 0x20, 0x20, 0x70, 0x72, 0x65,
 0x63, 0x31, 0x20, 0x3d, 0x20, 0x70, 0x61, 0x72,
 0x73, 0x65, 0x49, 0x6e, 0x74, 0x28, 0x70, 0x61,
 0x72, 0x61, 0x6d, 0x5b, 0x30, 0x5d, 0x29, 0x3b,
 0x0a, 0x20, 0x20, 0x20, 0x20, 0x20, 0x20, 0x20,
 0x20, 0x69, 0x66, 0x28, 0x70, 0x61, 0x72, 0x61,
 0x6d, 0x2e, 0x6c, 0x65, 0x6e, 0x67, 0x74, 0x68,
 0x20, 0x3e, 0x3d, 0x20, 0x32, 0x29, 0x20, 0x65,
 0x78, 0x70, 0x42, 0x69, 0x74, 0x73, 0x31, 0x20,
 0x3d, 0x20, 0x70, 0x61, 0x72, 0x73, 0x65, 0x49,
 0x6e, 0x74, 0x28, 0x70, 0x61, 0x72, 0x61, 0x6d,
 0x5b, 0x31, 0x5d, 0x29, 0x3b, 0x0a, 0x20, 0x20,
 0x20, 0x20, 0x20, 0x20, 0x20, 0x20, 0x65, 0x6c,
 0x73, 0x65, 0x20, 0x65, 0x78, 0x70, 0x42, 0x69,
 0x74, 0x73, 0x31, 0x20, 0x3d, 0x20, 0x42, 0x69,
 0x67, 0x46, 0x6c, 0x6f, 0x61, 0x74, 0x45, 0x6e,
 0x76, 0x2e, 0x65, 0x78, 0x70, 0x42, 0x69, 0x74,
 0x73, 0x4d, 0x61, 0x78, 0x3b, 0x0a, 0x20, 0x20,
 0x20, 0x20, 0x20, 0x20, 0x20, 0x20, 0x69, 0x66,
 0x28, 0x4e, 0x75, 0x6d, 0x62, 0x65, 0x72, 0x2e,
 0x69, 0x73, 0x4e, 0x61, 0x4e, 0x28, 0x70, 0x72,
 0x65, 0x63, 0x31, 0x29, 0x20, 0x7c, 0x7c, 0x20,
 0x70, 0x72, 0x65, 0x63, 0x31, 0x20, 0x3c, 0x20,
 0x42, 0x69, 0x67, 0x46, 0x6c, 0x6f, 0x61, 0x74,
 0x45, 0x6e, 0x76, 0x2e, 0x70, 0x72, 0x65, 0x63,
 0x4d, 0x69, 0x6e, 0x20, 0x7c, 0x7c, 0x20, 0x70,
 0x72, 0x65, 0x63, 0x31, 0x20, 0x3e, 0x20, 0x42,
 0x69, 0x67, 0x46, 0x6c, 0x6f, 0x61, 0x74, 0x45,
 0x6e, 0x76, 0x2e, 0x70, 0x72, 0x65, 0x63, 0x4d,
 0x61, 0x78, 0x29, 0x20, 0x7b, 0x0a, 0x20, 0x20,
 0x20, 0x20, 0x20, 0x20, 0x20, 0x20, 0x20, 0x20,
 0x70, 0x75, 0x74, 0x73, 0x28, 0x27, 0x49, 0x6e,
 0x76, 0x61, 0x6c, 0x69, 0x64, 0x20, 0x70, 0x72,
 0x65, 0x63, 0x69, 0x73, 0x69, 0x6f, 0x6e, 0x5c,
 0x6e, 0x27, 0x29, 0x3b, 0x0a, 0x20, 0x20, 0x20,
 0x20, 0x20, 0x20, 0x20, 0x20, 0x20, 0x20, 0x72,
 0x65, 0x74, 0x75, 0x72, 0x6e, 0x20, 0x66, 0x61,
 0x6c, 0x73, 0x65, 0x3b, 0x0a, 0x20, 0x20, 0x20,
 0x20, 0x20, 0x20, 0x20, 0x20, 0x7d, 0x0a, 0x20,
 0x20, 0x20, 0x20, 0x20, 0x20, 0x20, 0x20, 0x69,
 0x66, 0x28, 0x4e, 0x75, 0x6d, 0x62, 0x65, 0x72,
 0x2e, 0x69, 0x73, 0x4e, 0x61, 0x4e, 0x28, 0x65,
 0x78, 0x70, 0x42, 0x69, 0x74, 0x73, 0x31, 0x29,
 0x20, 0x7c, 0x7c, 0x20, 0x65, 0x78, 0x70, 0x42,
 0x69, 0x74, 0x73, 0x31, 0x20, 0x3c, 0x20, 0x42,
 0x69, 0x67, 0x46, 0x6c, 0x6f, 0x61, 0x74, 0x45,
 0x6e, 0x76, 0x2e, 0x65, 0x78, 0x70, 0x42, 0x69,
 0x74, 0x73, 0x4d, 0x69, 0x6e, 0x20, 0x7c, 0x7c,
 0x20, 0x65, 0x78, 0x70, 0x42, 0x69, 0x74, 0x73,
 0x31, 0x20, 0x3e, 0x20, 0x42, 0x69, 0x67, 0x46,
 0x6c, 0x6f, 0x61, 0x74, 0x45, 0x6e, 0x76, 0x2e,
 0x65, 0x78, 0x70, 0x42, 0x69, 0x74, 0x73, 0x4d,
 0x61, 0x78, 0x29, 0x20, 0x7b, 0x0a, 0x20, 0x20,
 0x20, 0x20, 0x20, 0x20, 0x20, 0x20, 0x20, 0x20,
 0x70, 0x75, 0x74, 0x73, 0x28, 0x27, 0x49, 0x6e,
 0x76, 0x61, 0x6c, 0x69, 0x64, 0x20, 0x65, 0x78,
 0x70, 0x6f, 0x6e, 0x65, 0x6e, 0x74, 0x20, 0x62,
 0x69, 0x74, 0x73, 0x5c, 0x6e, 0x27, 0x29, 0x3b,
 0x0a, 0x20, 0x20, 0x20, 0x20, 0x20, 0x20, 0x20,
 0x20, 0x20, 0x20, 0x72, 0x65, 0x74, 0x75, 0x72,
 0x6e, 0x20, 0x66, 0x61, 0x6c, 0x73, 0x65, 0x3b,
 0x0a, 0x20, 0x20, 0x20, 0x20, 0x20, 0x20, 0x20,
 0x20, 0x7d, 0x0a, 0x20, 0x20, 0x20, 0x20, 0x20,
 0x20, 0x20, 0x20, 0x70, 0x72, 0x65, 0x63, 0x20,
 0x3d, 0x20, 0x70, 0x72, 0x65, 0x63, 0x31, 0x3b,
 0x0a, 0x20, 0x20, 0x20, 0x20, 0x20, 0x20, 0x20,
 0x20, 0x65, 0x78, 0x70, 0x42, 0x69, 0x74, 0x73,
 0x20, 0x3d, 0x20, 0x65, 0x78, 0x70, 0x42, 0x69,
 0x74, 0x73, 0x31, 0x3b, 0x0a, 0x20, 0x20, 0x20,
 0x20, 0x20, 0x20, 0x7d, 0x0a, 0x20, 0x20, 0x20,
 0x20, 0x20, 0x20, 0x72, 0x65, 0x74, 0x75, 0x72,
 0x6e, 0x20, 0x66, 0x61, 0x6c, 0x73, 0x65, 0x3b,
 0x0a, 0x20, 0x20, 0x20, 0x20, 0x7d, 0x20, 0x65,
 0x6c, 0x73, 0x65, 0x20, 0x69, 0x66, 0x28, 0x68,
 0x61, 0x73, 0x42, 0x69, 0x67, 0x6e, 0x75, 0x6d,
 0x20, 0x26, 0x26, 0x20, 0x63, 0x6d, 0x64, 0x20,
 0x3d, 0x3d, 0x3d, 0x20, 0x27, 0x64, 0x69, 0x67,
 0x69, 0x74, 0x73, 0x27, 0x29, 0x20, 0x7b, 0x0a,
 0x20, 0x20, 0x20, 0x20, 0x20, 0x20, 0x70, 0x61,
 0x72, 0x61, 0x6d, 0x20, 0x3d, 0x20, 0x65, 0x78,
 0x70, 0x72, 0x2e, 0x73, 0x75, 0x62, 0x73, 0x74,
 0x72, 0x69, 0x6e, 0x67, 0x28, 0x63, 0x6d, 0x64,
 0x2e, 0x6c, 0x65, 0x6e, 0x67, 0x74, 0x68, 0x20,
 0x2b, 0x20, 0x31, 0x29, 0x2e, 0x74, 0x72, 0x69,
 0x6d, 0x28, 0x29, 0x3b, 0x0a, 0x20, 0x20, 0x20,
 0x20, 0x20, 0x20, 0x70, 0x72, 0x65, 0x63, 0x31,
 0x20, 0x3d, 0x20, 0x4d, 0x61, 0x74, 0x68, 0x2e,
 0x63, 0x65, 0x69, 0x6c, 0x28, 0x70, 0x61, 0x72,
 0x73, 0x65, 0x46, 0x6c, 0x6f, 0x61, 0x74, 0x28,
 0x70, 0x61, 0x72, 0x61, 0x6d, 0x29, 0x20, 0x2a,
 0x20, 0x6c, 0x6f, 0x67, 0x32, 0x5f, 0x31, 0x30,
 0x29, 0x3b, 0x0a, 0x20, 0x20, 0x20, 0x20, 0x20,
 0x20, 0x69, 0x66, 0x28, 0x70, 0x72, 0x65, 0x63,
 0x31, 0x20, 0x3c, 0x20, 0x42, 0x69, 0x67, 0x46,
 0x6c, 0x6f, 0x61, 0x74, 0x45, 0x6e, 0x76, 0x2e,
 0x70, 0x72, 0x65, 0x63, 0x4d, 0x69, 0x6e, 0x20,
 0x7c, 0x7c, 0x20, 0x70, 0x72, 0x65, 0x63, 0x31,
 0x20, 0x3e, 0x20, 0x42, 0x69, 0x67, 0x46, 0x6c,
 0x6f, 0x61, 0x74, 0x45, 0x6e, 0x76, 0x2e, 0x70,
 0x72, 0x65, 0x63, 0x4d, 0x61, 0x78, 0x29, 0x20,
 0x7b, 0x0a, 0x20, 0x20, 0x20, 0x20, 0x20, 0x20,
 0x20, 0x20, 0x70, 0x75, 0x74, 0x73, 0x28, 0x27,
 0x49, 0x6e, 0x76, 0x61, 0x6c, 0x69, 0x64, 0x20,
 0x70, 0x72, 0x65, 0x63, 0x69, 0x73, 0x69, 0x6f,
 0x6e, 0x5c, 0x6e, 0x27, 0x29, 0x3b, 0x0a, 0x20,
 0x20, 0x20, 0x20, 0x20, 0x20, 0x20, 0x20, 0x72,
 0x65, 0x74, 0x75, 0x72, 0x6e, 0x20, 0x66, 0x61,
 0x6c, 0x73, 0x65, 0x3b, 0x0a, 0x20, 0x20, 0x20,
 0x20, 0x20, 0x20, 0x7d, 0x0a, 0x20, 0x20, 0x20,
 0x20, 0x20, 0x20, 0x70, 0x72, 0x65, 0x63, 0x20,
 0x3d, 0x20, 0x70, 0x72, 0x65, 0x63, 0x31, 0x3b,
 0x0a, 0x20, 0x20, 0x20, 0x20, 0x20, 0x20, 0x65,
 0x78, 0x70, 0x42, 0x69, 0x74, 0x73, 0x20, 0x3d,
 0x20, 0x42, 0x69, 0x67, 0x46, 0x6c, 0x6f, 0x61,
 0x74, 0x45, 0x6e, 0x76, 0x2e, 0x65, 0x78, 0x70,
 0x42, 0x69, 0x74, 0x73, 0x4d, 0x61, 0x78, 0x3b,
 0x0a, 0x20, 0x20, 0x20, 0x20, 0x20, 0x20, 0x72,
 0x65, 0x74, 0x75, 0x72, 0x6e, 0x20, 0x66, 0x61,
 0x6c, 0x73, 0x65, 0x3b, 0x0a, 0x20, 0x20, 0x20,
 0x20, 0x7d, 0x20, 0x65, 0x6c, 0x73, 0x65, 0x20,
 0x69, 0x66, 0x28, 0x68, 0x61, 0x73, 0x42, 0x69,
 0x67, 0x6e, 0x75, 0x6d, 0x20, 0x26, 0x26, 0x20,
 0x63, 0x6d, 0x64, 0x20, 0x3d, 0x3d, 0x3d, 0x20,
 0x27, 0x6d, 0x6f, 0x64, 0x65, 0x27, 0x29, 0x20,
 0x7b, 0x0a, 0x20, 0x20, 0x20, 0x20, 0x20, 0x20,
 0x70, 0x61, 0x72, 0x61, 0x6d, 0x20, 0x3d, 0x20,
 0x65, 0x78, 0x70, 0x72, 0x2e, 0x73, 0x75, 0x62,
 0x73, 0x74, 0x72, 0x69, 0x6e, 0x67, 0x28, 0x63,
 0x6d, 0x64, 0x2e, 0x6c, 0x65, 0x6e, 0x67, 0x74,
 0x68, 0x20, 0x2b, 0x20, 0x31, 0x29, 0x2e, 0x74,
 0x72, 0x69, 0x6d, 0x28, 0x29, 0x3b, 0x0a, 0x20,
 0x20, 0x20, 0x20, 0x20, 0x20, 0x69, 0x66, 0x28,
 0x70, 0x61, 0x72, 0x61, 0x6d, 0x20, 0x3d, 0x3d,
 0x3d, 0x20, 0x27, 0x27, 0x29, 0x20, 0x7b, 0x0a,
 0x20, 0x20, 0x20, 0x20, 0x20, 0x20, 0x20, 0x20,
 0x70, 0x75, 0x74, 0x73, 0x28, 0x27, 0x52, 0x75,
 0x6e, 0x6e, 0x69, 0x6e, 0x67, 0x20, 0x6d, 0x6f,
 0x64, 0x65, 0x3d, 0x27, 0x20, 0x2b, 0x20, 0x65,
 0x76, 0x61, 0x6c, 0x4d, 0x6f, 0x64, 0x65, 0x20,
 0x2b, 0x20, 0x27, 0x5c, 0x6e, 0x27, 0x29, 0x3b,
 0x0a, 0x20, 0x20, 0x20, 0x20, 0x20, 0x20, 0x7d,
 0x20, 0x65, 0x6c, 0x73, 0x65, 0x20, 0x69, 0x66,
 0x28, 0x70, 0x61, 0x72, 0x61, 0x6d, 0x20, 0x3d,
 0x3d, 0x3d, 0x20, 0x27, 0x73, 0x74, 0x64, 0x27,
 0x20, 0x7c, 0x7c, 0x20, 0x70, 0x61, 0x72, 0x61,
 0x6d, 0x20, 0x3d, 0x3d, 0x3d, 0x20, 0x27, 0x6d,
 0x61, 0x74, 0x68, 0x27, 0x29, 0x20, 0x7b, 0x0a,
 0x20, 0x20, 0x20, 0x20, 0x20, 0x20, 0x20, 0x20,
 0x65, 0x76, 0x61, 0x6c, 0x4d, 0x6f, 0x64, 0x65,
 0x20, 0x3d, 0x20, 0x70, 0x61, 0x72, 0x61, 0x6d,
 0x3b, 0x0a, 0x20, 0x20, 0x20, 0x20, 0x20, 0x20,
 0x7d, 0x20, 0x65, 0x6c, 0x73, 0x65, 0x20, 0x7b,
 0x0a, 0x20, 0x20, 0x20, 0x20, 0x20, 0x20, 0x20,
 0x20, 0x70, 0x75, 0x74, 0x73, 0x28, 0x27, 0x49,
 0x6e, 0x76, 0x61, 0x6c, 0x69, 0x64, 0x20, 0x6d,
 0x6f, 0x64, 0x65, 0x5c, 0x6e, 0x27, 0x29, 0x3b,
 0x0a, 0x20, 0x20, 0x20, 0x20, 0x20, 0x20, 0x7d,
 0x0a, 0x20, 0x20, 0x20, 0x20, 0x20, 0x20, 0x72,
 0x65, 0x74, 0x75, 0x72, 0x6e, 0x20, 0x66, 0x61,
 0x6c, 0x73, 0x65, 0x3b, 0x0a, 0x20, 0x20, 0x20,
 0x20, 0x7d, 0x20, 0x65, 0x6c, 0x73, 0x65, 0x20,
 0x69, 0x66, 0x28, 0x63, 0x6d, 0x64, 0x20, 0x3d,
 0x3d, 0x3d, 0x20, 0x27, 0x63, 0x6c, 0x65, 0x61,
 0x72, 0x27, 0x29, 0x20, 0x7b, 0x0a, 0x20, 0x20,
 0x20, 0x20, 0x20, 0x20, 0x63, 0x6c, 0x65, 0x61,
 0x72, 0x53, 0x63, 0x72, 0x65, 0x65, 0x6e, 0x28,
 0x31, 0x2c, 0x20, 0x32, 0x29, 0x3b, 0x0a, 0x20,
 0x20, 0x20, 0x20, 0x20, 0x20, 0x73, 0x65, 0x74,
 0x43, 0x75, 0x72, 0x73, 0x6f, 0x72, 0x50, 0x6f,
 0x73, 0x69, 0x74, 0x69, 0x6f, 0x6e, 0x28, 0x31,
 0x2c, 0x20, 0x30, 0x2c, 0x20, 0x30, 0x29, 0x3b,
 0x0a, 0x20, 0x20, 0x20, 0x20, 0x7d, 0x20, 0x65,
 0x6c, 0x73, 0x65, 0x20, 0x69, 0x66, 0x28, 0x63,
 0x6d, 0x64, 0x20, 0x3d, 0x3d, 0x3d, 0x20, 0x27,
 0x71, 0x27, 0x29, 0x20, 0x7b, 0x0a, 0x20, 0x20,
 0x20, 0x20, 0x20, 0x20, 0x74, 0x68, 0x69, 0x73,
 0x2e, 0x65, 0x78, 0x69, 0x74, 0x28, 0x30, 0x29,
 0x3b, 0x0a, 0x20, 0x20, 0x20, 0x20, 0x7d, 0x20,
 0x65, 0x6c, 0x73, 0x65, 0x20, 0x69, 0x66, 0x28,
 0x68, 0x61, 0x73, 0x4a, 0x73, 0x63, 0x61, 0x6c,
 0x63, 0x20, 0x26, 0x26, 0x20, 0x63, 0x6d, 0x64,
 0x20, 0x3d, 0x3d, 0x3d, 0x20, 0x27, 0x61, 0x27,
 0x29, 0x20, 0x7b, 0x0a, 0x20, 0x20, 0x20, 0x20,
 0x20, 0x20, 0x61, 0x6c, 0x67, 0x65, 0x62, 0x72,
 0x61, 0x69, 0x63, 0x4d, 0x6f, 0x64, 0x65, 0x20,
 0x3d, 0x20, 0x74, 0x72, 0x75, 0x65, 0x3b, 0x0a,
 0x20, 0x20, 0x20, 0x20, 0x7d, 0x20, 0x65, 0x6c,
 0x73, 0x65, 0x20, 0x69, 0x66, 0x28, 0x68, 0x61,
 0x73, 0x4a, 0x73, 0x63, 0x61, 0x6c, 0x63, 0x20,
 0x26, 0x26, 0x20, 0x63, 0x6d, 0x64, 0x20, 0x3d,
 0x3d, 0x3d, 0x20, 0x27, 0x6e, 0x27, 0x29, 0x20,
 0x7b, 0x0a, 0x20, 0x20, 0x20, 0x20, 0x20, 0x20,
 0x61, 0x6c, 0x67, 0x65, 0x62, 0x72, 0x61, 0x69,
 0x63, 0x4d, 0x6f, 0x64, 0x65, 0x20, 0x3d, 0x20,
 0x66, 0x61, 0x6c, 0x73, 0x65, 0x3b, 0x0a, 0x20,
 0x20, 0x20, 0x20, 0x7d, 0x20, 0x65, 0x6c, 0x73,
 0x65, 0x20, 0x7b, 0x0a, 0x20, 0x20, 0x20, 0x20,
 0x20, 0x20, 0x70, 0x75, 0x74, 0x73, 0x28, 0x27,
 0x55, 0x6e, 0x6b, 0x6e, 0x6f, 0x77, 0x6e, 0x20,
 0x64, 0x69, 0x72, 0x65, 0x63, 0x74, 0x69, 0x76,
 0x65, 0x3a, 0x20, 0x27, 0x20, 0x2b, 0x20, 0x63,
 0x6d, 0x64, 0x20, 0x2b, 0x20, 0x27, 0x5c, 0x6e,
 0x27, 0x29, 0x3b, 0x0a, 0x20, 0x20, 0x20, 0x20,
 0x20, 0x20, 0x72, 0x65, 0x74, 0x75, 0x72, 0x6e,
 0x20, 0x66, 0x61, 0x6c, 0x73, 0x65, 0x3b, 0x0a,
 0x20, 0x20, 0x20, 0x20, 0x7d, 0x0a, 0x20, 0x20,
 0x20, 0x20, 0x72, 0x65, 0x74, 0x75, 0x72, 0x6e,
 0x20, 0x74, 0x72, 0x75, 0x65, 0x3b, 0x0a, 0x20,
 0x20, 0x7d, 0x0a, 0x0a, 0x20, 0x20, 0x68, 0x61,
 0x6e, 0x64, 0x6c, 0x65, 0x4b, 0x65, 0x79, 0x28,
 0x6b, 0x65, 0x79, 0x73, 0x29, 0x20, 0x7b, 0x0a,
 0x20, 0x20, 0x20, 0x20, 0x76, 0x61, 0x72, 0x20,
 0x66, 0x75, 0x6e, 0x20, 0x3d, 0x20, 0x6e, 0x75,
 0x6c, 0x6c, 0x3b, 0x0a, 0x0a, 0x20, 0x20, 0x20,
 0x20, 0x69, 0x66, 0x28, 0x74, 0x68, 0x69, 0x73,
 0x2e, 0x71, 0x75, 0x6f, 0x74, 0x65, 0x46, 0x6c,
 0x61, 0x67, 0x29, 0x20, 0x7b, 0x0a, 0x20, 0x20,
 0x20, 0x20, 0x20, 0x20, 0x69, 0x66, 0x28, 0x75,
 0x63, 0x73, 0x4c, 0x65, 0x6e, 0x67, 0x74, 0x68,
 0x28, 0x6b, 0x65, 0x79, 0x73, 0x29, 0x20, 0x3d,
 0x3d, 0x3d, 0x20, 0x31, 0x29, 0x20, 0x74, 0x68,
 0x69, 0x73, 0x2e, 0x69, 0x6e, 0x73, 0x65, 0x72,
 0x74, 0x28, 0x6b, 0x65, 0x79, 0x73, 0x29, 0x3b,
 0x0a, 0x20, 0x20, 0x20, 0x20, 0x20, 0x20, 0x74,
 0x68, 0x69, 0x73, 0x2e, 0x71, 0x75, 0x6f, 0x74,
 0x65, 0x46, 0x6c, 0x61, 0x67, 0x20, 0x3d, 0x20,
 0x66, 0x61, 0x6c, 0x73, 0x65, 0x3b, 0x0a, 0x20,
 0x20, 0x20, 0x20, 0x7d, 0x20, 0x65, 0x6c, 0x73,
 0x65, 0x20, 0x69, 0x66, 0x28, 0x28, 0x66, 0x75,
 0x6e, 0x20, 0x3d, 0x20, 0x74, 0x68, 0x69, 0x73,
 0x2e, 0x63, 0x6f, 0x6d, 0x6d, 0x61, 0x6e, 0x64,
 0x73, 0x5b, 0x6b, 0x65, 0x79, 0x73, 0x5d, 0x29,
 0x29, 0x20, 0x7b, 0x0a, 0x20, 0x20, 0x20, 0x20,
 0x20, 0x20, 0x74, 0x68, 0x69, 0x73, 0x2e, 0x74,
 0x68, 0x69, 0x73, 0x46, 0x75, 0x6e, 0x20, 0x3d,
 0x20, 0x66, 0x75, 0x6e, 0x3b, 0x0a, 0x20, 0x20,
 0x20, 0x20, 0x20, 0x20, 0x2f, 0x2f, 0x20, 0x6c,
 0x65, 0x74, 0x20, 0x66, 0x6e, 0x20, 0x3d, 0x20,
 0x66, 0x75, 0x6e, 0x20, 0x3f, 0x3f, 0x20, 0x28,
 0x74, 0x68, 0x69, 0x73, 0x2e, 0x74, 0x68, 0x69,
 0x73, 0x46, 0x75, 0x6e, 0x20, 0x3d, 0x20, 0x28,
 0x2e, 0x2e, 0x2e, 0x61, 0x72, 0x67, 0x73, 0x29,
 0x20, 0x3d, 0x3e, 0x20, 0x66, 0x75, 0x6e, 0x2e,
 0x63, 0x61, 0x6c, 0x6c, 0x28, 0x74, 0x68, 0x69,
 0x73, 0x2c, 0x20, 0x2e, 0x2e, 0x2e, 0x61, 0x72,
 0x67, 0x73, 0x29, 0x29, 0x3b, 0x0a, 0x20, 0x20,
 0x20, 0x20, 0x20, 0x20, 0x73, 0x77, 0x69, 0x74,
 0x63, 0x68, 0x20, 0x28, 0x66, 0x75, 0x6e, 0x2e,
 0x63, 0x61, 0x6c, 0x6c, 0x28, 0x74, 0x68, 0x69,
 0x73, 0x2c, 0x20, 0x6b, 0x65, 0x79, 0x73, 0x29,
 0x29, 0x20, 0x7b, 0x0a, 0x20, 0x20, 0x20, 0x20,
 0x20, 0x20, 0x20, 0x20, 0x63, 0x61, 0x73, 0x65,
 0x20, 0x2d, 0x31, 0x3a, 0x0a, 0x20, 0x20, 0x20,
 0x20, 0x20, 0x20, 0x20, 0x20, 0x20, 0x20, 0x74,
 0x68, 0x69, 0x73, 0x2e, 0x72, 0x65, 0x61, 0x64,
 0x6c, 0x69, 0x6e, 0x65, 0x43, 0x61, 0x6c, 0x6c,
 0x62, 0x61, 0x63, 0x6b, 0x2e, 0x63, 0x61, 0x6c,
 0x6c, 0x28, 0x74, 0x68, 0x69, 0x73, 0x2c, 0x20,
 0x74, 0x68, 0x69, 0x73, 0x2e, 0x63, 0x6d, 0x64,
 0x29, 0x3b, 0x0a, 0x20, 0x20, 0x20, 0x20, 0x20,
 0x20, 0x20, 0x20, 0x20, 0x20, 0x72, 0x65, 0x74,
 0x75, 0x72, 0x6e, 0x3b, 0x0a, 0x20, 0x20, 0x20,
 0x20, 0x20, 0x20, 0x20, 0x20, 0x63, 0x61, 0x73,
 0x65, 0x20, 0x2d, 0x32, 0x3a, 0x0a, 0x20, 0x20,
 0x20, 0x20, 0x20, 0x20, 0x20, 0x20, 0x20, 0x20,
 0x74, 0x68, 0x69, 0x73, 0x2e, 0x72, 0x65, 0x61,
 0x64, 0x6c, 0x69, 0x6e, 0x65, 0x43, 0x61, 0x6c,
 0x6c, 0x62, 0x61, 0x63, 0x6b, 0x2e, 0x63, 0x61,
 0x6c, 0x6c, 0x28, 0x74, 0x68, 0x69, 0x73, 0x2c,
 0x20, 0x6e, 0x75, 0x6c, 0x6c, 0x29, 0x3b, 0x0a,
 0x20, 0x20, 0x20, 0x20, 0x20, 0x20, 0x20, 0x20,
 0x20, 0x20, 0x72, 0x65, 0x74, 0x75, 0x72, 0x6e,
 0x3b, 0x0a, 0x20, 0x20, 0x20, 0x20, 0x20, 0x20,
 0x20, 0x20, 0x63, 0x61, 0x73, 0x65, 0x20, 0x2d,
 0x33, 0x3a, 0x0a, 0x20, 0x20, 0x20, 0x20, 0x20,
 0x20, 0x20, 0x20, 0x20, 0x20, 0x2f, 0x2a, 0x20,
 0x75, 0x6e, 0x69, 0x6e, 0x73, 0x74, 0x61, 0x6c,
 0x6c, 0x20, 0x61, 0x20, 0x43, 0x74, 0x72, 0x6c,
 0x2d, 0x43, 0x20, 0x73, 0x69, 0x67, 0x6e, 0x61,
 0x6c, 0x20, 0x68, 0x61, 0x6e, 0x64, 0x6c, 0x65,
 0x72, 0x20, 0x2a, 0x2f, 0x0a, 0x20, 0x20, 0x20,
 0x20, 0x20, 0x20, 0x20, 0x20, 0x20, 0x20, 0x73,
 0x69, 0x67, 0x6e, 0x61, 0x6c, 0x28, 0x53, 0x49,
 0x47, 0x49, 0x4e, 0x54, 0x2c, 0x20, 0x6e, 0x75,
 0x6c, 0x6c, 0x29, 0x3b, 0x0a, 0x20, 0x20, 0x20,
 0x20, 0x20, 0x20, 0x20, 0x20, 0x20, 0x20, 0x2f,
 0x2a, 0x20, 0x75, 0x6e, 0x69, 0x6e, 0x73, 0x74,
 0x61, 0x6c, 0x6c, 0x20, 0x74, 0x68, 0x65, 0x20,
 0x73, 0x74, 0x64, 0x69, 0x6e, 0x20, 0x72, 0x65,
 0x61, 0x64, 0x20, 0x68, 0x61, 0x6e, 0x64, 0x6c,
 0x65, 0x72, 0x20, 0x2a, 0x2f, 0x0a, 0x20, 0x20,
 0x20, 0x20, 0x20, 0x20, 0x20, 0x20, 0x20, 0x20,
 0x2f, 0x2f, 0x73, 0x65, 0x74, 0x52, 0x65, 0x61,
 0x64, 0x48, 0x61, 0x6e, 0x64, 0x6c, 0x65, 0x72,
 0x28, 0x74, 0x65, 0x72, 0x6d, 0x46, 0x64, 0x2c,
 0x20, 0x6e, 0x75, 0x6c, 0x6c, 0x29, 0x3b, 0x0a,
 0x0a, 0x20, 0x20, 0x20, 0x20, 0x20, 0x20, 0x20,
 0x20, 0x20, 0x20, 0x74, 0x68, 0x69, 0x73, 0x2e,
 0x65, 0x78, 0x69, 0x74, 0x28, 0x30, 0x29, 0x3b,
 0x0a, 0x20, 0x20, 0x20, 0x20, 0x20, 0x20, 0x20,
 0x20, 0x20, 0x20, 0x72, 0x65, 0x74, 0x75, 0x72,
 0x6e, 0x3b, 0x0a, 0x20, 0x20, 0x20, 0x20, 0x20,
 0x20, 0x20, 0x20, 0x64, 0x65, 0x66, 0x61, 0x75,
 0x6c, 0x74, 0x3a, 0x0a, 0x20, 0x20, 0x20, 0x20,
 0x20, 0x20, 0x20, 0x20, 0x20, 0x20, 0x69, 0x66,
 0x28, 0x0a, 0x20, 0x20, 0x20, 0x20, 0x20, 0x20,
 0x20, 0x20, 0x20, 0x20, 0x20, 0x20, 0x73, 0x65,
 0x61, 0x72, 0x63, 0x68, 0x53, 0x74, 0x61, 0x74,
 0x65, 0x20, 0x26, 0x26, 0x0a, 0x20, 0x20, 0x20,
 0x20, 0x20, 0x20, 0x20, 0x20, 0x20, 0x20, 0x20,
 0x20, 0x5b, 0x0a, 0x20, 0x20, 0x20, 0x20, 0x20,
 0x20, 0x20, 0x20, 0x20, 0x20, 0x20, 0x20, 0x20,
 0x20, 0x74, 0x68, 0x69, 0x73, 0x2e, 0x61, 0x63,
 0x63, 0x65, 0x70, 0x74, 0x4c, 0x69, 0x6e, 0x65,
 0x2c, 0x0a, 0x20, 0x20, 0x20, 0x20, 0x20, 0x20,
 0x20, 0x20, 0x20, 0x20, 0x20, 0x20, 0x20, 0x20,
 0x74, 0x68, 0x69, 0x73, 0x2e, 0x62, 0x61, 0x63,
 0x6b, 0x77, 0x61, 0x72, 0x64, 0x43, 0x68, 0x61,
 0x72, 0x2c, 0x0a, 0x20, 0x20, 0x20, 0x20, 0x20,
 0x20, 0x20, 0x20, 0x20, 0x20, 0x20, 0x20, 0x20,
 0x20, 0x74, 0x68, 0x69, 0x73, 0x2e, 0x62, 0x61,
 0x63, 0x6b, 0x77, 0x61, 0x72, 0x64, 0x44, 0x65,
 0x6c, 0x65, 0x74, 0x65, 0x43, 0x68, 0x61, 0x72,
 0x2c, 0x0a, 0x20, 0x20, 0x20, 0x20, 0x20, 0x20,
 0x20, 0x20, 0x20, 0x20, 0x20, 0x20, 0x20, 0x20,
 0x74, 0x68, 0x69, 0x73, 0x2e, 0x62, 0x61, 0x63,
 0x6b, 0x77, 0x61, 0x72, 0x64, 0x4b, 0x69, 0x6c,
 0x6c, 0x4c, 0x69, 0x6e, 0x65, 0x2c, 0x0a, 0x20,
 0x20, 0x20, 0x20, 0x20, 0x20, 0x20, 0x20, 0x20,
 0x20, 0x20, 0x20, 0x20, 0x20, 0x74, 0x68, 0x69,
 0x73, 0x2e, 0x62, 0x61, 0x63, 0x6b, 0x77, 0x61,
 0x72, 0x64, 0x4b, 0x69, 0x6c, 0x6c, 0x57, 0x6f,
 0x72, 0x64, 0x2c, 0x0a, 0x20, 0x20, 0x20, 0x20,
 0x20, 0x20, 0x20, 0x20, 0x20, 0x20, 0x20, 0x20,
 0x20, 0x20, 0x74, 0x68, 0x69, 0x73, 0x2e, 0x62,
 0x61, 0x63, 0x6b, 0x77, 0x61, 0x72, 0x64, 0x57,
 0x6f, 0x72, 0x64, 0x2c, 0x0a, 0x20, 0x20, 0x20,
 0x20, 0x20, 0x20, 0x20, 0x20, 0x20, 0x20, 0x20,
 0x20, 0x20, 0x20, 0x74, 0x68, 0x69, 0x73, 0x2e,
 0x62, 0x65, 0x67, 0x69, 0x6e, 0x6e, 0x69, 0x6e,
 0x67, 0x4f, 0x66, 0x4c, 0x69, 0x6e, 0x65, 0x2c,
 0x0a, 0x20, 0x20, 0x20, 0x20, 0x20, 0x20, 0x20,
 0x20, 0x20, 0x20, 0x20, 0x20, 0x20, 0x20, 0x74,
 0x68, 0x69, 0x73, 0x2e, 0x64, 0x65, 0x6c, 0x65,
 0x74, 0x65, 0x43, 0x68, 0x61, 0x72, 0x2c, 0x0a,
 0x20, 0x20, 0x20, 0x20, 0x20, 0x20, 0x20, 0x20,
 0x20, 0x20, 0x20, 0x20, 0x20, 0x20, 0x74, 0x68,
 0x69, 0x73, 0x2e, 0x66, 0x6f, 0x72, 0x77, 0x61,
 0x72, 0x64, 0x43, 0x68, 0x61, 0x72, 0x2c, 0x0a,
 0x20, 0x20, 0x20, 0x20, 0x20, 0x20, 0x20, 0x20,
 0x20, 0x20, 0x20, 0x20, 0x20, 0x20, 0x74, 0x68,
 0x69, 0x73, 0x2e, 0x66, 0x6f, 0x72, 0x77, 0x61,
 0x72, 0x64, 0x57, 0x6f, 0x72, 0x64, 0x2c, 0x0a,
 0x20, 0x20, 0x20, 0x20, 0x20, 0x20, 0x20, 0x20,
 0x20, 0x20, 0x20, 0x20, 0x20, 0x20, 0x74, 0x68,
 0x69, 0x73, 0x2e, 0x6b, 0x69, 0x6c, 0x6c, 0x4c,
 0x69, 0x6e, 0x65, 0x2c, 0x0a, 0x20, 0x20, 0x20,
 0x20, 0x20, 0x20, 0x20, 0x20, 0x20, 0x20, 0x20,
 0x20, 0x20, 0x20, 0x74, 0x68, 0x69, 0x73, 0x2e,
 0x6b, 0x69, 0x6c, 0x6c, 0x57, 0x6f, 0x72, 0x64,
 0x2c, 0x0a, 0x20, 0x20, 0x20, 0x20, 0x20, 0x20,
 0x20, 0x20, 0x20, 0x20, 0x20, 0x20, 0x5d, 0x2e,
 0x69, 0x6e, 0x64, 0x65, 0x78, 0x4f, 0x66, 0x28,
 0x66, 0x75, 0x6e, 0x29, 0x20, 0x3d, 0x3d, 0x20,
 0x2d, 0x31, 0x0a, 0x20, 0x20, 0x20, 0x20, 0x20,
 0x20, 0x20, 0x20, 0x20, 0x20, 0x29, 0x20, 0x7b,
 0x0a, 0x20, 0x20, 0x20, 0x20, 0x20, 0x20, 0x20,
 0x20, 0x20, 0x20, 0x20, 0x20, 0x63, 0x6f, 0x6e,
 0x73, 0x74, 0x20, 0x68, 0x69, 0x73, 0x74, 0x63,
 0x6d, 0x64, 0x20, 0x3d, 0x20, 0x74, 0x68, 0x69,
 0x73, 0x2e, 0x68, 0x69, 0x73, 0x74, 0x6f, 0x72,
 0x79, 0x5b, 0x74, 0x68, 0x69, 0x73, 0x2e, 0x73,
 0x65, 0x61, 0x72, 0x63, 0x68, 0x49, 0x6e, 0x64,
 0x65, 0x78, 0x5d, 0x3b, 0x0a, 0x0a, 0x20, 0x20,
 0x20, 0x20, 0x20, 0x20, 0x20, 0x20, 0x20, 0x20,
 0x20, 0x20, 0x2f, 0x2f, 0x74, 0x68, 0x69, 0x73,
 0x2e, 0x72, 0x65, 0x61, 0x64, 0x6c, 0x69, 0x6e,
 0x65, 0x43, 0x61, 0x6c, 0x6c, 0x62, 0x61, 0x63,
 0x6b, 0x20, 0x3d, 0x20, 0x74, 0x68, 0x69, 0x73,
 0x2e, 0x72, 0x65, 0x61, 0x64, 0x6c, 0x69, 0x6e,
 0x65, 0x48, 0x61, 0x6e, 0x64, 0x6c, 0x65, 0x43,
 0x6d, 0x64, 0x3b, 0x0a, 0x20, 0x20, 0x20, 0x20,
 0x20, 0x20, 0x20, 0x20, 0x20, 0x20, 0x20, 0x20,
 0x73, 0x65, 0x61, 0x72, 0x63, 0x68, 0x53, 0x74,
 0x61, 0x74, 0x65, 0x20, 0x3d, 0x20, 0x30, 0x3b,
 0x0a, 0x20, 0x20, 0x20, 0x20, 0x20, 0x20, 0x20,
 0x20, 0x20, 0x20, 0x20, 0x20, 0x2f, 0x2f, 0x74,
 0x68, 0x69, 0x73, 0x2e, 0x63, 0x6d, 0x64, 0x20,
 0x3d, 0x20, 0x68, 0x69, 0x73, 0x74, 0x63, 0x6d,
 0x64, 0x3b, 0x0a, 0x20, 0x20, 0x20, 0x20, 0x20,
 0x20, 0x20, 0x20, 0x20, 0x20, 0x20, 0x20, 0x73,
 0x65, 0x74, 0x43, 0x75, 0x72, 0x73, 0x6f, 0x72,
 0x50, 0x6f, 0x73, 0x69, 0x74, 0x69, 0x6f, 0x6e,
 0x28, 0x31, 0x2c, 0x20, 0x30, 0x29, 0x3b, 0x0a,
 0x20, 0x20, 0x20, 0x20, 0x20, 0x20, 0x20, 0x20,
 0x20, 0x20, 0x20, 0x20, 0x63, 0x6c, 0x65, 0x61,
 0x72, 0x53, 0x63, 0x72, 0x65, 0x65, 0x6e, 0x28,
 0x31, 0x2c, 0x20, 0x30, 0x29, 0x3b, 0x0a, 0x0a,
 0x20, 0x20, 0x20, 0x20, 0x20, 0x20, 0x20, 0x20,
 0x20, 0x20, 0x20, 0x20, 0x74, 0x68, 0x69, 0x73,
 0x2e, 0x63, 0x75, 0x72, 0x73, 0x6f, 0x72, 0x50,
 0x6f, 0x73, 0x20, 0x3d, 0x20, 0x68, 0x69, 0x73,
 0x74, 0x63, 0x6d, 0x64, 0x2e, 0x6c, 0x65, 0x6e,
 0x67, 0x74, 0x68, 0x3b, 0x0a, 0x20, 0x20, 0x20,
 0x20, 0x20, 0x20, 0x20, 0x20, 0x20, 0x20, 0x20,
 0x20, 0x74, 0x68, 0x69, 0x73, 0x2e, 0x72, 0x65,
 0x61, 0x64, 0x6c, 0x69, 0x6e, 0x65, 0x53, 0x74,
 0x61, 0x72, 0x74, 0x28, 0x68, 0x69, 0x73, 0x74,
 0x63, 0x6d, 0x64, 0x2c, 0x20, 0x74, 0x68, 0x69,
 0x73, 0x2e, 0x72, 0x65, 0x61, 0x64, 0x6c, 0x69,
 0x6e, 0x65, 0x48, 0x61, 0x6e, 0x64, 0x6c, 0x65,
 0x43, 0x6d, 0x64, 0x29, 0x3b, 0x0a, 0x20, 0x20,
 0x20, 0x20, 0x20, 0x20, 0x20, 0x20, 0x20, 0x20,
 0x20, 0x20, 0x74, 0x68, 0x69, 0x73, 0x2e, 0x75,
 0x70, 0x64, 0x61, 0x74, 0x65, 0x28, 0x29, 0x3b,
 0x0a, 0x20, 0x20, 0x20, 0x20, 0x20, 0x20, 0x20,
 0x20, 0x20, 0x20, 0x20, 0x20, 0x72, 0x65, 0x74,
 0x75, 0x72, 0x6e, 0x3b, 0x0a, 0x20, 0x20, 0x20,
 0x20, 0x20, 0x20, 0x20, 0x20, 0x20, 0x20, 0x7d,
 0x0a, 0x20, 0x20, 0x20, 0x20, 0x20, 0x20, 0x20,
 0x20, 0x20, 0x20, 0x62, 0x72, 0x65, 0x61, 0x6b,
 0x3b, 0x0a, 0x20, 0x20, 0x20, 0x20, 0x20, 0x20,
 0x7d, 0x0a, 0x20, 0x20, 0x20, 0x20, 0x20, 0x20,
 0x74, 0x68, 0x69, 0x73, 0x2e, 0x6c, 0x61, 0x73,
 0x74, 0x46, 0x75, 0x6e, 0x20, 0x3d, 0x20, 0x74,
 0x68, 0x69, 0x73, 0x2e, 0x74, 0x68, 0x69, 0x73,
 0x46, 0x75, 0x6e, 0x3b, 0x0a, 0x20, 0x20, 0x20,
 0x20, 0x7d, 0x20, 0x65, 0x6c, 0x73, 0x65, 0x20,
 0x69, 0x66, 0x28, 0x75, 0x63, 0x73, 0x4c, 0x65,
 0x6e, 0x67, 0x74, 0x68, 0x28, 0x6b, 0x65, 0x79,
 0x73, 0x29, 0x20, 0x3d, 0x3d, 0x3d, 0x20, 0x31,
 0x20, 0x26, 0x26, 0x20, 0x6b, 0x65, 0x79, 0x73,
 0x20, 0x3e, 0x3d, 0x20, 0x27, 0x20, 0x27, 0x29,
 0x20, 0x7b, 0x0a, 0x20, 0x20, 0x20, 0x20, 0x20,
 0x20, 0x74, 0x68, 0x69, 0x73, 0x2e, 0x69, 0x6e,
 0x73, 0x65, 0x72, 0x74, 0x28, 0x6b, 0x65, 0x79,
 0x73, 0x29, 0x3b, 0x0a, 0x20, 0x20, 0x20, 0x20,
 0x20, 0x20, 0x74, 0x68, 0x69, 0x73, 0x2e, 0x6c,
 0x61, 0x73, 0x74, 0x46, 0x75, 0x6e, 0x20, 0x3d,
 0x20, 0x74, 0x68, 0x69, 0x73, 0x2e, 0x69, 0x6e,
 0x73, 0x65, 0x72, 0x74, 0x3b, 0x0a, 0x20, 0x20,
 0x20, 0x20, 0x7d, 0x20, 0x65, 0x6c, 0x73, 0x65,
 0x20, 0x7b, 0x0a, 0x20, 0x20, 0x20, 0x20, 0x20,
 0x20, 0x74, 0x68, 0x69, 0x73, 0x2e, 0x61, 0x6c,
 0x65, 0x72, 0x74, 0x28, 0x29, 0x3b, 0x20, 0x2f,
 0x2a, 0x20, 0x62, 0x65, 0x65, 0x70, 0x21, 0x20,
 0x2a, 0x2f, 0x0a, 0x20, 0x20, 0x20, 0x20, 0x7d,
 0x0a, 0x0a, 0x20, 0x20, 0x20, 0x20, 0x74, 0x68,
 0x69, 0x73, 0x2e, 0x63, 0x75, 0x72, 0x73, 0x6f,
 0x72, 0x50, 0x6f, 0x73, 0x20, 0x3d, 0x20, 0x74,
 0x68, 0x69, 0x73, 0x2e, 0x63, 0x75, 0x72, 0x73,
 0x6f, 0x72, 0x50, 0x6f, 0x73, 0x20, 0x3c, 0x20,
 0x30, 0x20, 0x3f, 0x20, 0x30, 0x20, 0x3a, 0x20,
 0x74, 0x68, 0x69, 0x73, 0x2e, 0x63, 0x75, 0x72,
 0x73, 0x6f, 0x72, 0x50, 0x6f, 0x73, 0x20, 0x3e,
 0x20, 0x74, 0x68, 0x69, 0x73, 0x2e, 0x63, 0x6d,
 0x64, 0x2e, 0x6c, 0x65, 0x6e, 0x67, 0x74, 0x68,
 0x20, 0x3f, 0x20, 0x74, 0x68, 0x69, 0x73, 0x2e,
 0x63, 0x6d, 0x64, 0x2e, 0x6c, 0x65, 0x6e, 0x67,
 0x74, 0x68, 0x20, 0x3a, 0x20, 0x74, 0x68, 0x69,
 0x73, 0x2e, 0x63, 0x75, 0x72, 0x73, 0x6f, 0x72,
 0x50, 0x6f, 0x73, 0x3b, 0x0a, 0x20, 0x20, 0x20,
 0x20, 0x74, 0x68, 0x69, 0x73, 0x2e, 0x75, 0x70,
 0x64, 0x61, 0x74, 0x65, 0x28, 0x29, 0x3b, 0x0a,
 0x20, 0x20, 0x7d, 0x0a, 0x0a, 0x20, 0x20, 0x68,
 0x65, 0x6c, 0x70, 0x28, 0x29, 0x20, 0x7b, 0x0a,
 0x20, 0x20, 0x20, 0x20, 0x6c, 0x65, 0x74, 0x20,
 0x6f, 0x20, 0x3d, 0x20, 0x27, 0x27, 0x3b, 0x0a,
 0x20, 0x20, 0x20, 0x20, 0x63, 0x6f, 0x6e, 0x73,
 0x74, 0x20, 0x73, 0x65, 0x6c, 0x20, 0x3d, 0x20,
 0x6e, 0x20, 0x3d, 0x3e, 0x20, 0x28, 0x6e, 0x20,
 0x3f, 0x20, 0x27, 0x2a, 0x27, 0x20, 0x3a, 0x20,
 0x27, 0x20, 0x27, 0x29, 0x3b, 0x0a, 0x20, 0x20,
 0x20, 0x20, 0x63, 0x6f, 0x6e, 0x73, 0x74, 0x20,
 0x70, 0x75, 0x74, 0x6c, 0x69, 0x6e, 0x65, 0x20,
 0x3d, 0x20, 0x73, 0x20, 0x3d, 0x3e, 0x20, 0x28,
 0x6f, 0x20, 0x2b, 0x3d, 0x20, 0x73, 0x20, 0x2b,
 0x20, 0x27, 0x5c, 0x6e, 0x27, 0x29, 0x3b, 0x0a,
 0x0a, 0x20, 0x20, 0x20, 0x20, 0x70, 0x75, 0x74,
 0x6c, 0x69, 0x6e, 0x65, 0x28, 0x0a, 0x20, 0x20,
 0x20, 0x20, 0x20, 0x20, 0x27, 0x43, 0x6f, 0x6d,
 0x6d, 0x61, 0x6e, 0x64, 0x20, 0x6c, 0x69, 0x6e,
 0x65, 0x20, 0x64, 0x69, 0x72, 0x65, 0x63, 0x74,
 0x69, 0x76, 0x65, 0x73, 0x3a, 0x5c, 0x6e, 0x5c,
 0x5c, 0x68, 0x20, 0x20, 0x20, 0x20, 0x20, 0x20,
 0x20, 0x20, 0x20, 0x20, 0x20, 0x20, 0x20, 0x20,
 0x20, 0x74, 0x68, 0x69, 0x73, 0x20, 0x68, 0x65,
 0x6c, 0x70, 0x5c, 0x6e, 0x27, 0x20, 0x2b, 0x0a,
 0x20, 0x20, 0x20, 0x20, 0x20, 0x20, 0x20, 0x20,
 0x27, 0x5c, 0x5c, 0x78, 0x20, 0x20, 0x20, 0x20,
 0x20, 0x20, 0x20, 0x20, 0x20, 0x20, 0x20, 0x20,
 0x20, 0x20, 0x27, 0x20, 0x2b, 0x0a, 0x20, 0x20,
 0x20, 0x20, 0x20, 0x20, 0x20, 0x20, 0x73, 0x65,
 0x6c, 0x28, 0x68, 0x65, 0x78, 0x4d, 0x6f, 0x64,
 0x65, 0x29, 0x20, 0x2b, 0x0a, 0x20, 0x20, 0x20,
 0x20, 0x20, 0x20, 0x20, 0x20, 0x27, 0x68, 0x65,
 0x78, 0x61, 0x64, 0x65, 0x63, 0x69, 0x6d, 0x61,
 0x6c, 0x20, 0x6e, 0x75, 0x6d, 0x62, 0x65, 0x72,
 0x20, 0x64, 0x69, 0x73, 0x70, 0x6c, 0x61, 0x79,
 0x5c, 0x6e, 0x27, 0x20, 0x2b, 0x0a, 0x20, 0x20,
 0x20, 0x20, 0x20, 0x20, 0x20, 0x20, 0x27, 0x5c,
 0x5c, 0x64, 0x20, 0x20, 0x20, 0x20, 0x20, 0x20,
 0x20, 0x20, 0x20, 0x20, 0x20, 0x20, 0x20, 0x20,
 0x27, 0x20, 0x2b, 0x0a, 0x20, 0x20, 0x20, 0x20,
 0x20, 0x20, 0x20, 0x20, 0x73, 0x65, 0x6c, 0x28,
 0x21, 0x68, 0x65, 0x78, 0x4d, 0x6f, 0x64, 0x65,
 0x29, 0x20, 0x2b, 0x0a, 0x20, 0x20, 0x20, 0x20,
 0x20, 0x20, 0x20, 0x20, 0x27, 0x64, 0x65, 0x63,
 0x69, 0x6d, 0x61, 0x6c, 0x20, 0x6e, 0x75, 0x6d,
 0x62, 0x65, 0x72, 0x20, 0x64, 0x69, 0x73, 0x70,
 0x6c, 0x61, 0x79, 0x5c, 0x6e, 0x27, 0x20, 0x2b,
 0x0a, 0x20, 0x20, 0x20, 0x20, 0x20, 0x20, 0x20,
 0x20, 0x27, 0x5c, 0x5c, 0x74, 0x20, 0x20, 0x20,
 0x20, 0x20, 0x20, 0x20, 0x20, 0x20, 0x20, 0x20,
 0x20, 0x20, 0x20, 0x27, 0x20, 0x2b, 0x0a, 0x20,
 0x20, 0x20, 0x20, 0x20, 0x20, 0x20, 0x20, 0x73,
 0x65, 0x6c, 0x28, 0x74, 0x68, 0x69, 0x73, 0x2e,
 0x73, 0x68, 0x6f, 0x77, 0x54, 0x69, 0x6d, 0x65,
 0x29, 0x20, 0x2b, 0x0a, 0x20, 0x20, 0x20, 0x20,
 0x20, 0x20, 0x20, 0x20, 0x27, 0x74, 0x6f, 0x67,
 0x67, 0x6c, 0x65, 0x20, 0x74, 0x69, 0x6d, 0x69,
 0x6e, 0x67, 0x20, 0x64, 0x69, 0x73, 0x70, 0x6c,
 0x61, 0x79, 0x5c, 0x6e, 0x27, 0x20, 0x2b, 0x0a,
 0x20, 0x20, 0x20, 0x20, 0x20, 0x20, 0x20, 0x20,
 0x27, 0x5c, 0x5c, 0x63, 0x6c, 0x65, 0x61, 0x72,
 0x20, 0x20, 0x20, 0x20, 0x20, 0x20, 0x20, 0x20,
 0x20, 0x20, 0x20, 0x63, 0x6c, 0x65, 0x61, 0x72,
 0x20, 0x74, 0x68, 0x65, 0x20, 0x74, 0x65, 0x72,
 0x6d, 0x69, 0x6e, 0x61, 0x6c, 0x27, 0x2c, 0x0a,
 0x20, 0x20, 0x20, 0x20, 0x29, 0x3b, 0x0a, 0x20,
 0x20, 0x20, 0x20, 0x69, 0x66, 0x28, 0x68, 0x61,
 0x73, 0x4a, 0x73, 0x63, 0x61, 0x6c, 0x63, 0x29,
 0x20, 0x7b, 0x0a, 0x20, 0x20, 0x20, 0x20, 0x20,
 0x20, 0x70, 0x75, 0x74, 0x6c, 0x69, 0x6e, 0x65,
 0x28, 0x27, 0x5c, 0x5c, 0x61, 0x20, 0x20, 0x20,
 0x20, 0x20, 0x20, 0x20, 0x20, 0x20, 0x20, 0x20,
 0x20, 0x20, 0x20, 0x27, 0x20, 0x2b, 0x20, 0x73,
 0x65, 0x6c, 0x28, 0x61, 0x6c, 0x67, 0x65, 0x62,
 0x72, 0x61, 0x69, 0x63, 0x4d, 0x6f, 0x64, 0x65,
 0x29, 0x20, 0x2b, 0x20, 0x27, 0x61, 0x6c, 0x67,
 0x65, 0x62, 0x72, 0x61, 0x69, 0x63, 0x20, 0x6d,
 0x6f, 0x64, 0x65, 0x5c, 0x6e, 0x27, 0x20, 0x2b,
 0x20, 0x27, 0x5c, 0x5c, 0x6e, 0x20, 0x20, 0x20,
 0x20, 0x20, 0x20, 0x20, 0x20, 0x20, 0x27, 0x20,
 0x2b, 0x20, 0x73, 0x65, 0x6c, 0x28, 0x21, 0x61,
 0x6c, 0x67, 0x65, 0x62, 0x72, 0x61, 0x69, 0x63,
 0x4d, 0x6f, 0x64, 0x65, 0x29, 0x20, 0x2b, 0x20,
 0x27, 0x6e, 0x75, 0x6d, 0x65, 0x72, 0x69, 0x63,
 0x20, 0x6d, 0x6f, 0x64, 0x65, 0x27, 0x29, 0x3b,
 0x0a, 0x20, 0x20, 0x20, 0x20, 0x7d, 0x0a, 0x20,
 0x20, 0x20, 0x20, 0x69, 0x66, 0x28, 0x68, 0x61,
 0x73, 0x42, 0x69, 0x67, 0x6e, 0x75, 0x6d, 0x29,
 0x20, 0x7b, 0x0a, 0x20, 0x20, 0x20, 0x20, 0x20,
 0x20, 0x70, 0x75, 0x74, 0x6c, 0x69, 0x6e, 0x65,
 0x28, 0x22, 0x5c, 0x5c, 0x70, 0x20, 0x5b, 0x6d,
 0x20, 0x5b, 0x65, 0x5d, 0x5d, 0x20, 0x20, 0x20,
 0x20, 0x20, 0x20, 0x20, 0x73, 0x65, 0x74, 0x20,
 0x74, 0x68, 0x65, 0x20, 0x42, 0x69, 0x67, 0x46,
 0x6c, 0x6f, 0x61, 0x74, 0x20, 0x70, 0x72, 0x65,
 0x63, 0x69, 0x73, 0x69, 0x6f, 0x6e, 0x20, 0x74,
 0x6f, 0x20, 0x27, 0x6d, 0x27, 0x20, 0x62, 0x69,
 0x74, 0x73, 0x5c, 0x6e, 0x22, 0x20, 0x2b, 0x20,
 0x22, 0x5c, 0x5c, 0x64, 0x69, 0x67, 0x69, 0x74,
 0x73, 0x20, 0x6e, 0x20, 0x20, 0x20, 0x20, 0x20,
 0x20, 0x20, 0x20, 0x73, 0x65, 0x74, 0x20, 0x74,
 0x68, 0x65, 0x20, 0x42, 0x69, 0x67, 0x46, 0x6c,
 0x6f, 0x61, 0x74, 0x20, 0x70, 0x72, 0x65, 0x63,
 0x69, 0x73, 0x69, 0x6f, 0x6e, 0x20, 0x74, 0x6f,
 0x20, 0x27, 0x63, 0x65, 0x69, 0x6c, 0x28, 0x6e,
 0x2a, 0x6c, 0x6f, 0x67, 0x32, 0x28, 0x31, 0x30,
 0x29, 0x29, 0x27, 0x20, 0x62, 0x69, 0x74, 0x73,
 0x22, 0x29, 0x3b, 0x0a, 0x20, 0x20, 0x20, 0x20,
 0x20, 0x20, 0x69, 0x66, 0x28, 0x21, 0x68, 0x61,
 0x73, 0x4a, 0x73, 0x63, 0x61, 0x6c, 0x63, 0x29,
 0x20, 0x7b, 0x0a, 0x20, 0x20, 0x20, 0x20, 0x20,
 0x20, 0x20, 0x20, 0x70, 0x75, 0x74, 0x6c, 0x69,
 0x6e, 0x65, 0x28, 0x27, 0x5c, 0x5c, 0x6d, 0x6f,
 0x64, 0x65, 0x20, 0x5b, 0x73, 0x74, 0x64, 0x7c,
 0x6d, 0x61, 0x74, 0x68, 0x5d, 0x20, 0x63, 0x68,
 0x61, 0x6e, 0x67, 0x65, 0x20, 0x74, 0x68, 0x65,
 0x20, 0x72, 0x75, 0x6e, 0x6e, 0x69, 0x6e, 0x67,
 0x20, 0x6d, 0x6f, 0x64, 0x65, 0x20, 0x28, 0x63,
 0x75, 0x72, 0x72, 0x65, 0x6e, 0x74, 0x20, 0x3d,
 0x20, 0x27, 0x20, 0x2b, 0x20, 0x65, 0x76, 0x61,
 0x6c, 0x4d, 0x6f, 0x64, 0x65, 0x20, 0x2b, 0x20,
 0x27, 0x29, 0x27, 0x29, 0x3b, 0x0a, 0x20, 0x20,
 0x20, 0x20, 0x20, 0x20, 0x7d, 0x0a, 0x20, 0x20,
 0x20, 0x20, 0x7d, 0x0a, 0x20, 0x20, 0x20, 0x20,
 0x69, 0x66, 0x28, 0x74, 0x68, 0x69, 0x73, 0x2e,
 0x64, 0x69, 0x72, 0x65, 0x63, 0x74, 0x69, 0x76,
 0x65, 0x73, 0x29, 0x0a, 0x20, 0x20, 0x20, 0x20,
 0x20, 0x20, 0x66, 0x6f, 0x72, 0x28, 0x63, 0x6f,
 0x6e, 0x73, 0x74, 0x20, 0x63, 0x6d, 0x64, 0x20,
 0x69, 0x6e, 0x20, 0x74, 0x68, 0x69, 0x73, 0x2e,
 0x64, 0x69, 0x72, 0x65, 0x63, 0x74, 0x69, 0x76,
 0x65, 0x73, 0x29, 0x20, 0x7b, 0x0a, 0x20, 0x20,
 0x20, 0x20, 0x20, 0x20, 0x20, 0x20, 0x6c, 0x65,
 0x74, 0x20, 0x5b, 0x66, 0x6e, 0x2c, 0x20, 0x68,
 0x65, 0x6c, 0x70, 0x20, 0x3d, 0x20, 0x27, 0x27,
 0x5d, 0x20, 0x3d, 0x20, 0x74, 0x68, 0x69, 0x73,
 0x2e, 0x64, 0x69, 0x72, 0x65, 0x63, 0x74, 0x69,
 0x76, 0x65, 0x73, 0x5b, 0x63, 0x6d, 0x64, 0x5d,
 0x3b, 0x0a, 0x20, 0x20, 0x20, 0x20, 0x20, 0x20,
 0x20, 0x20, 0x2f, 0x2a, 0x6c, 0x65, 0x74, 0x20,
 0x61, 0x72, 0x67, 0x73, 0x20, 0x3d, 0x20, 0x67,
 0x65, 0x74, 0x46, 0x75, 0x6e, 0x63, 0x74, 0x69,
 0x6f, 0x6e, 0x41, 0x72, 0x67, 0x75, 0x6d, 0x65,
 0x6e, 0x74, 0x73, 0x28, 0x66, 0x6e, 0x29, 0x3b,
 0x0a, 0x20, 0x20, 0x20, 0x20, 0x20, 0x20, 0x20,
 0x20, 0x6c, 0x65, 0x74, 0x20, 0x63, 0x6d, 0x64,
 0x6c, 0x69, 0x6e, 0x65, 0x20, 0x3d, 0x20, 0x63,
 0x6d, 0x64, 0x20, 0x2b, 0x20, 0x27, 0x20, 0x27,
 0x20, 0x2b, 0x20, 0x61, 0x72, 0x67, 0x73, 0x2e,
 0x72, 0x65, 0x64, 0x75, 0x63, 0x65, 0x28, 0x28,
 0x61, 0x63, 0x63, 0x2c, 0x20, 0x61, 0x72, 0x67,
 0x29, 0x20, 0x3d, 0x3e, 0x20, 0x27, 0x5b, 0x27,
 0x20, 0x2b, 0x20, 0x28, 0x61, 0x72, 0x67, 0x20,
 0x2b, 0x20, 0x28, 0x28, 0x61, 0x63, 0x63, 0x20,
 0x26, 0x26, 0x20, 0x61, 0x63, 0x63, 0x2e, 0x74,
 0x72, 0x69, 0x6d, 0x28, 0x29, 0x29, 0x20, 0x21,
 0x3d, 0x20, 0x27, 0x27, 0x20, 0x3f, 0x20, 0x27,
 0x20, 0x27, 0x20, 0x2b, 0x20, 0x61, 0x63, 0x63,
 0x2e, 0x74, 0x72, 0x69, 0x6d, 0x28, 0x29, 0x20,
 0x3a, 0x20, 0x27, 0x27, 0x29, 0x29, 0x2e, 0x74,
 0x72, 0x69, 0x6d, 0x28, 0x29, 0x20, 0x2b, 0x20,
 0x27, 0x5d, 0x27, 0x2c, 0x20, 0x27, 0x27, 0x29,
 0x3b, 0x2a, 0x2f, 0x0a, 0x20, 0x20, 0x20, 0x20,
 0x20, 0x20, 0x20, 0x20, 0x70, 0x75, 0x74, 0x6c,
 0x69, 0x6e, 0x65, 0x28, 0x0a, 0x20, 0x20, 0x20,
 0x20, 0x20, 0x20, 0x20, 0x20, 0x20, 0x20, 0x27,
 0x5c, 0x5c, 0x27, 0x20, 0x2b, 0x0a, 0x20, 0x20,
 0x20, 0x20, 0x20, 0x20, 0x20, 0x20, 0x20, 0x20,
 0x20, 0x20, 0x63, 0x6d, 0x64, 0x20, 0x2f, 0x2a,
 0x6c, 0x69, 0x6e, 0x65, 0x2a, 0x2f, 0x0a, 0x20,
 0x20, 0x20, 0x20, 0x20, 0x20, 0x20, 0x20, 0x20,
 0x20, 0x20, 0x20, 0x20, 0x20, 0x2e, 0x70, 0x61,
 0x64, 0x45, 0x6e, 0x64, 0x28, 0x31, 0x36, 0x29,
 0x20, 0x2b, 0x0a, 0x20, 0x20, 0x20, 0x20, 0x20,
 0x20, 0x20, 0x20, 0x20, 0x20, 0x20, 0x20, 0x68,
 0x65, 0x6c, 0x70, 0x2c, 0x0a, 0x20, 0x20, 0x20,
 0x20, 0x20, 0x20, 0x20, 0x20, 0x29, 0x3b, 0x0a,
 0x20, 0x20, 0x20, 0x20, 0x20, 0x20, 0x7d, 0x0a,
 0x20, 0x20, 0x20, 0x20, 0x69, 0x66, 0x28, 0x21,
 0x63, 0x6f, 0x6e, 0x66, 0x69, 0x67, 0x4e, 0x75,
 0x6d, 0x63, 0x61, 0x6c, 0x63, 0x29, 0x20, 0x70,
 0x75, 0x74, 0x6c, 0x69, 0x6e, 0x65, 0x28, 0x27,
 0x5c, 0x5c, 0x71, 0x20, 0x20, 0x20, 0x20, 0x20,
 0x20, 0x20, 0x20, 0x20, 0x20, 0x20, 0x20, 0x20,
 0x20, 0x20, 0x65, 0x78, 0x69, 0x74, 0x27, 0x29,
 0x3b, 0x0a, 0x0a, 0x20, 0x20, 0x20, 0x20, 0x6f,
 0x20, 0x3d, 0x20, 0x6f, 0x2e, 0x74, 0x72, 0x69,
 0x6d, 0x45, 0x6e, 0x64, 0x28, 0x29, 0x2e, 0x72,
 0x65, 0x70, 0x6c, 0x61, 0x63, 0x65, 0x28, 0x2f,
 0x5b, 0x5c, 0x72, 0x5c, 0x6e, 0x5c, 0x74, 0x5c,
 0x73, 0x5d, 0x2a, 0x24, 0x2f, 0x67, 0x2c, 0x20,
 0x27, 0x27, 0x29, 0x3b, 0x0a, 0x20, 0x20, 0x20,
 0x20, 0x74, 0x68, 0x69, 0x73, 0x2e, 0x70, 0x72,
 0x69, 0x6e, 0x74, 0x53, 0x74, 0x61, 0x74, 0x75,
 0x73, 0x28, 0x6f, 0x29, 0x3b, 0x0a, 0x20, 0x20,
 0x7d, 0x0a, 0x0a, 0x20, 0x20, 0x6d, 0x61, 0x6b,
 0x65, 0x46, 0x69, 0x6c, 0x65, 0x6e, 0x61, 0x6d,
 0x65, 0x28, 0x74, 0x79, 0x70, 0x65, 0x20, 0x3d,
 0x20, 0x27, 0x68, 0x69, 0x73, 0x74, 0x6f, 0x72,
 0x79, 0x27, 0x29, 0x20, 0x7b, 0x0a, 0x20, 0x20,
 0x20, 0x20, 0x63, 0x6f, 0x6e, 0x73, 0x74, 0x20,
 0x7b, 0x20, 0x61, 0x72, 0x67, 0x76, 0x20, 0x7d,
 0x20, 0x3d, 0x20, 0x70, 0x72, 0x6f, 0x63, 0x65,
 0x73, 0x73, 0x3b, 0x0a, 0x20, 0x20, 0x20, 0x20,
 0x6c, 0x65, 0x74, 0x20, 0x6d, 0x65, 0x20, 0x3d,
 0x20, 0x61, 0x72, 0x67, 0x76, 0x5b, 0x31, 0x5d,
 0x20, 0x3f, 0x3f, 0x20, 0x61, 0x72, 0x67, 0x76,
 0x5b, 0x30, 0x5d, 0x3b, 0x0a, 0x20, 0x20, 0x20,
 0x20, 0x6c, 0x65, 0x74, 0x20, 0x62, 0x61, 0x73,
 0x65, 0x20, 0x3d, 0x20, 0x62, 0x61, 0x73, 0x65,
 0x6e, 0x61, 0x6d, 0x65, 0x28, 0x6d, 0x65, 0x2c,
 0x20, 0x65, 0x78, 0x74, 0x6e, 0x61, 0x6d, 0x65,
 0x28, 0x6d, 0x65, 0x29, 0x29, 0x3b, 0x0a, 0x20,
 0x20, 0x20, 0x20, 0x6c, 0x65, 0x74, 0x20, 0x68,
 0x6f, 0x6d, 0x65, 0x20, 0x3d, 0x20, 0x67, 0x65,
 0x74, 0x65, 0x6e, 0x76, 0x28, 0x27, 0x48, 0x4f,
 0x4d, 0x45, 0x27, 0x29, 0x20, 0x3f, 0x3f, 0x20,
 0x67, 0x65, 0x74, 0x68, 0x6f, 0x6d, 0x65, 0x28,
 0x29, 0x3b, 0x0a, 0x20, 0x20, 0x20, 0x20, 0x72,
 0x65, 0x74, 0x75, 0x72, 0x6e, 0x20, 0x60, 0x24,
 0x7b, 0x68, 0x6f, 0x6d, 0x65, 0x7d, 0x2f, 0x2e,
 0x24, 0x7b, 0x62, 0x61, 0x73, 0x65, 0x7d, 0x5f,
 0x24, 0x7b, 0x74, 0x79, 0x70, 0x65, 0x7d, 0x60,
 0x3b, 0x0a, 0x20, 0x20, 0x7d, 0x0a, 0x0a, 0x20,
 0x20, 0x68, 0x69, 0x73, 0x74, 0x6f, 0x72, 0x79,
 0x46, 0x69, 0x6c, 0x65, 0x28, 0x29, 0x20, 0x7b,
 0x0a, 0x20, 0x20, 0x20, 0x20, 0x72, 0x65, 0x74,
 0x75, 0x72, 0x6e, 0x20, 0x74, 0x68, 0x69, 0x73,
 0x2e, 0x6d, 0x61, 0x6b, 0x65, 0x46, 0x69, 0x6c,
 0x65, 0x6e, 0x61, 0x6d, 0x65, 0x28, 0x27, 0x68,
 0x69, 0x73, 0x74, 0x6f, 0x72, 0x79, 0x27, 0x29,
 0x3b, 0x0a, 0x20, 0x20, 0x7d, 0x0a, 0x0a, 0x20,
 0x20, 0x68, 0x69, 0x73, 0x74, 0x6f, 0x72, 0x79,
 0x4c, 0x6f, 0x61, 0x64, 0x28, 0x66, 0x69, 0x6c,
 0x65, 0x29, 0x20, 0x7b, 0x0a, 0x20, 0x20, 0x20,
 0x20, 0x63, 0x6f, 0x6e, 0x73, 0x74, 0x20, 0x7b,
 0x20, 0x68, 0x69, 0x73, 0x74, 0x6f, 0x72, 0x79,
 0x20, 0x7d, 0x20, 0x3d, 0x20, 0x74, 0x68, 0x69,
 0x73, 0x3b, 0x0a, 0x0a, 0x20, 0x20, 0x20, 0x20,
 0x69, 0x66, 0x28, 0x28, 0x66, 0x69, 0x6c, 0x65,
 0x20, 0x3f, 0x3f, 0x3d, 0x20, 0x74, 0x68, 0x69,
 0x73, 0x2e, 0x68, 0x69, 0x73, 0x74, 0x6f, 0x72,
 0x79, 0x46, 0x69, 0x6c, 0x65, 0x28, 0x29, 0x29,
 0x29, 0x20, 0x7b, 0x0a, 0x20, 0x20, 0x20, 0x20,
 0x20, 0x20, 0x74, 0x68, 0x69, 0x73, 0x2e, 0x61,
 0x64, 0x64, 0x43, 0x6c, 0x65, 0x61, 0x6e, 0x75,
 0x70, 0x48, 0x61, 0x6e, 0x64, 0x6c, 0x65, 0x72,
 0x28, 0x28, 0x29, 0x20, 0x3d, 0x3e, 0x20, 0x74,
 0x68, 0x69, 0x73, 0x2e, 0x68, 0x69, 0x73, 0x74,
 0x6f, 0x72, 0x79, 0x53, 0x61, 0x76, 0x65, 0x28,
 0x66, 0x69, 0x6c, 0x65, 0x29, 0x29, 0x3b, 0x0a,
 0x0a, 0x20, 0x20, 0x20, 0x20, 0x20, 0x20, 0x63,
 0x6f, 0x6e, 0x73, 0x74, 0x20, 0x64, 0x61, 0x74,
 0x61, 0x20, 0x3d, 0x20, 0x6c, 0x6f, 0x61, 0x64,
 0x46, 0x69, 0x6c, 0x65, 0x28, 0x66, 0x69, 0x6c,
 0x65, 0x29, 0x3b, 0x0a, 0x0a, 0x20, 0x20, 0x20,
 0x20, 0x20, 0x20, 0x69, 0x66, 0x28, 0x74, 0x79,
 0x70, 0x65, 0x6f, 0x66, 0x20, 0x64, 0x61, 0x74,
 0x61, 0x20, 0x3d, 0x3d, 0x20, 0x27, 0x73, 0x74,
 0x72, 0x69, 0x6e, 0x67, 0x27, 0x29, 0x20, 0x7b,
 0x0a, 0x20, 0x20, 0x20, 0x20, 0x20, 0x20, 0x20,
 0x20, 0x63, 0x6f, 0x6e, 0x73, 0x74, 0x20, 0x63,
 0x6d, 0x64, 0x73, 0x20, 0x3d, 0x20, 0x64, 0x61,
 0x74, 0x61, 0x0a, 0x20, 0x20, 0x20, 0x20, 0x20,
 0x20, 0x20, 0x20, 0x20, 0x20, 0x2e, 0x73, 0x70,
 0x6c, 0x69, 0x74, 0x28, 0x2f, 0x5c, 0x6e, 0x2f,
 0x67, 0x29, 0x0a, 0x20, 0x20, 0x20, 0x20, 0x20,
 0x20, 0x20, 0x20, 0x20, 0x20, 0x2e, 0x72, 0x65,
 0x64, 0x75, 0x63, 0x65, 0x28, 0x28, 0x61, 0x2c,
 0x20, 0x69, 0x29, 0x20, 0x3d, 0x3e, 0x20, 0x7b,
 0x0a, 0x20, 0x20, 0x20, 0x20, 0x20, 0x20, 0x20,
 0x20, 0x20, 0x20, 0x20, 0x20, 0x63, 0x6f, 0x6e,
 0x73, 0x74, 0x20, 0x6c, 0x61, 0x73, 0x74, 0x20,
 0x3d, 0x20, 0x61, 0x5b, 0x61, 0x2e, 0x6c, 0x65,
 0x6e, 0x67, 0x74, 0x68, 0x20, 0x2d, 0x20, 0x31,
 0x5d, 0x3b, 0x0a, 0x0a, 0x20, 0x20, 0x20, 0x20,
 0x20, 0x20, 0x20, 0x20, 0x20, 0x20, 0x20, 0x20,
 0x69, 0x66, 0x28, 0x6c, 0x61, 0x73, 0x74, 0x20,
 0x26, 0x26, 0x20, 0x6c, 0x61, 0x73, 0x74, 0x2e,
 0x65, 0x6e, 0x64, 0x73, 0x57, 0x69, 0x74, 0x68,
 0x28, 0x27, 0x5c, 0x5c, 0x27, 0x29, 0x29, 0x20,
 0x7b, 0x0a, 0x20, 0x20, 0x20, 0x20, 0x20, 0x20,
 0x20, 0x20, 0x20, 0x20, 0x20, 0x20, 0x20, 0x20,
 0x61, 0x5b, 0x61, 0x2e, 0x6c, 0x65, 0x6e, 0x67,
 0x74, 0x68, 0x20, 0x2d, 0x20, 0x31, 0x5d, 0x20,
 0x3d, 0x20, 0x6c, 0x61, 0x73, 0x74, 0x2e, 0x73,
 0x6c, 0x69, 0x63, 0x65, 0x28, 0x30, 0x2c, 0x20,
 0x2d, 0x31, 0x29, 0x20, 0x2b, 0x20, 0x27, 0x5c,
 0x6e, 0x27, 0x20, 0x2b, 0x20, 0x69, 0x3b, 0x0a,
 0x20, 0x20, 0x20, 0x20, 0x20, 0x20, 0x20, 0x20,
 0x20, 0x20, 0x20, 0x20, 0x7d, 0x20, 0x65, 0x6c,
 0x73, 0x65, 0x20, 0x7b, 0x0a, 0x20, 0x20, 0x20,
 0x20, 0x20, 0x20, 0x20, 0x20, 0x20, 0x20, 0x20,
 0x20, 0x20, 0x20, 0x61, 0x2e, 0x70, 0x75, 0x73,
 0x68, 0x28, 0x69, 0x29, 0x3b, 0x0a, 0x20, 0x20,
 0x20, 0x20, 0x20, 0x20, 0x20, 0x20, 0x20, 0x20,
 0x20, 0x20, 0x7d, 0x0a, 0x0a, 0x20, 0x20, 0x20,
 0x20, 0x20, 0x20, 0x20, 0x20, 0x20, 0x20, 0x20,
 0x20, 0x72, 0x65, 0x74, 0x75, 0x72, 0x6e, 0x20,
 0x61, 0x3b, 0x0a, 0x20, 0x20, 0x20, 0x20, 0x20,
 0x20, 0x20, 0x20, 0x20, 0x20, 0x7d, 0x2c, 0x20,
 0x5b, 0x5d, 0x29, 0x0a, 0x20, 0x20, 0x20, 0x20,
 0x20, 0x20, 0x20, 0x20, 0x20, 0x20, 0x2e, 0x66,
 0x69, 0x6c, 0x74, 0x65, 0x72, 0x28, 0x73, 0x20,
 0x3d, 0x3e, 0x20, 0x73, 0x2e, 0x74, 0x72, 0x69,
 0x6d, 0x28, 0x29, 0x20, 0x21, 0x3d, 0x3d, 0x20,
 0x27, 0x27, 0x29, 0x3b, 0x0a, 0x20, 0x20, 0x20,
 0x20, 0x20, 0x20, 0x20, 0x20, 0x68, 0x69, 0x73,
 0x74, 0x6f, 0x72, 0x79, 0x2e, 0x73, 0x70, 0x6c,
 0x69, 0x63, 0x65, 0x28, 0x30, 0x2c, 0x20, 0x68,
 0x69, 0x73, 0x74, 0x6f, 0x72, 0x79, 0x2e, 0x6c,
 0x65, 0x6e, 0x67, 0x74, 0x68, 0x2c, 0x20, 0x2e,
 0x2e, 0x2e, 0x63, 0x6d, 0x64, 0x73, 0x29, 0x3b,
 0x0a, 0x0a, 0x20, 0x20, 0x20, 0x20, 0x20, 0x20,
 0x20, 0x20, 0x72, 0x65, 0x74, 0x75, 0x72, 0x6e,
 0x20, 0x28, 0x74, 0x68, 0x69, 0x73, 0x2e, 0x68,
 0x69, 0x73, 0x74, 0x6f, 0x72, 0x79, 0x49, 0x6e,
 0x64, 0x65, 0x78, 0x20, 0x3d, 0x20, 0x68, 0x69,
 0x73, 0x74, 0x6f, 0x72, 0x79, 0x2e, 0x6c, 0x65,
 0x6e, 0x67, 0x74, 0x68, 0x29, 0x3b, 0x0a, 0x20,
 0x20, 0x20, 0x20, 0x20, 0x20, 0x7d, 0x0a, 0x20,
 0x20, 0x20, 0x20, 0x7d, 0x0a, 0x20, 0x20, 0x7d,
 0x0a, 0x0a, 0x20, 0x20, 0x68, 0x69, 0x73, 0x74,
 0x6f, 0x72, 0x79, 0x53, 0x61, 0x76, 0x65, 0x28,
 0x66, 0x69, 0x6c, 0x65, 0x2c, 0x20, 0x6d, 0x61,
 0x78, 0x45, 0x6e, 0x74, 0x72, 0x69, 0x65, 0x73,
 0x20, 0x3d, 0x20, 0x31, 0x30, 0x30, 0x30, 0x29,
 0x20, 0x7b, 0x0a, 0x20, 0x20, 0x20, 0x20, 0x69,
 0x66, 0x28, 0x74, 0x68, 0x69, 0x73, 0x2e, 0x68,
 0x69, 0x73, 0x74, 0x6f, 0x72, 0x79, 0x57, 0x72,
 0x69, 0x74, 0x74, 0x65, 0x6e, 0x29, 0x20, 0x72,
 0x65, 0x74, 0x75, 0x72, 0x6e, 0x3b, 0x0a, 0x0a,
 0x20, 0x20, 0x20, 0x20, 0x69, 0x66, 0x28, 0x28,
 0x66, 0x69, 0x6c, 0x65, 0x20, 0x3f, 0x3f, 0x3d,
 0x20, 0x74, 0x68, 0x69, 0x73, 0x2e, 0x68, 0x69,
 0x73, 0x74, 0x6f, 0x72, 0x79, 0x46, 0x69, 0x6c,
 0x65, 0x28, 0x29, 0x29, 0x29, 0x20, 0x7b, 0x0a,
 0x20, 0x20, 0x20, 0x20, 0x20, 0x20, 0x63, 0x6f,
 0x6e, 0x73, 0x74, 0x20, 0x63, 0x6d, 0x64, 0x73,
 0x20, 0x3d, 0x20, 0x74, 0x68, 0x69, 0x73, 0x2e,
 0x68, 0x69, 0x73, 0x74, 0x6f, 0x72, 0x79, 0x2e,
 0x66, 0x69, 0x6c, 0x74, 0x65, 0x72, 0x28, 0x63,
 0x6d, 0x64, 0x20, 0x3d, 0x3e, 0x20, 0x28, 0x63,
 0x6d, 0x64, 0x20, 0x2b, 0x20, 0x27, 0x27, 0x29,
 0x2e, 0x74, 0x72, 0x69, 0x6d, 0x28, 0x29, 0x20,
 0x21, 0x3d, 0x20, 0x27, 0x27, 0x29, 0x3b, 0x0a,
 0x20, 0x20, 0x20, 0x20, 0x20, 0x20, 0x63, 0x6f,
 0x6e, 0x73, 0x74, 0x20, 0x64, 0x61, 0x74, 0x61,
 0x20, 0x3d, 0x0a, 0x20, 0x20, 0x20, 0x20, 0x20,
 0x20, 0x20, 0x20, 0x63, 0x6d, 0x64, 0x73, 0x0a,
 0x20, 0x20, 0x20, 0x20, 0x20, 0x20, 0x20, 0x20,
 0x20, 0x20, 0x2e, 0x73, 0x6c, 0x69, 0x63, 0x65,
 0x28, 0x2d, 0x6d, 0x61, 0x78, 0x45, 0x6e, 0x74,
 0x72, 0x69, 0x65, 0x73, 0x29, 0x0a, 0x20, 0x20,
 0x20, 0x20, 0x20, 0x20, 0x20, 0x20, 0x20, 0x20,
 0x2f, 0x2f, 0x2e, 0x6d, 0x61, 0x70, 0x28, 0x65,
 0x20, 0x3d, 0x3e, 0x20, 0x65, 0x2e, 0x72, 0x65,
 0x70, 0x6c, 0x61, 0x63, 0x65, 0x41, 0x6c, 0x6c,
 0x28, 0x2f, 0x5c, 0x6e, 0x2f, 0x67, 0x2c, 0x20,
 0x27, 0x5c, 0x5c, 0x5c, 0x6e, 0x27, 0x29, 0x29,
 0x0a, 0x20, 0x20, 0x20, 0x20, 0x20, 0x20, 0x20,
 0x20, 0x20, 0x20, 0x2e, 0x6d, 0x61, 0x70, 0x28,
 0x65, 0x20, 0x3d, 0x3e, 0x20, 0x65, 0x2e, 0x72,
 0x65, 0x70, 0x6c, 0x61, 0x63, 0x65, 0x41, 0x6c,
 0x6c, 0x28, 0x2f, 0x5b, 0x5c, 0x73, 0x5c, 0x6e,
 0x5d, 0x2b, 0x2f, 0x67, 0x2c, 0x20, 0x27, 0x20,
 0x27, 0x29, 0x29, 0x0a, 0x20, 0x20, 0x20, 0x20,
 0x20, 0x20, 0x20, 0x20, 0x20, 0x20, 0x2e, 0x6a,
 0x6f, 0x69, 0x6e, 0x28, 0x27, 0x5c, 0x6e, 0x27,
 0x29, 0x20, 0x2b, 0x20, 0x27, 0x5c, 0x6e, 0x27,
 0x3b, 0x0a, 0x0a, 0x20, 0x20, 0x20, 0x20, 0x20,
 0x20, 0x6c, 0x65, 0x74, 0x20, 0x72, 0x20, 0x3d,
 0x20, 0x73, 0x61, 0x76, 0x65, 0x46, 0x69, 0x6c,
 0x65, 0x28, 0x66, 0x69, 0x6c, 0x65, 0x2c, 0x20,
 0x64, 0x61, 0x74, 0x61, 0x29, 0x3b, 0x0a, 0x0a,
 0x20, 0x20, 0x20, 0x20, 0x20, 0x20, 0x74, 0x68,
 0x69, 0x73, 0x2e, 0x68, 0x69, 0x73, 0x74, 0x6f,
 0x72, 0x79, 0x57, 0x72, 0x69, 0x74, 0x74, 0x65,
 0x6e, 0x20, 0x3d, 0x20, 0x74, 0x72, 0x75, 0x65,
 0x3b, 0x0a, 0x0a, 0x20, 0x20, 0x20, 0x20, 0x20,
 0x20, 0x74, 0x68, 0x69, 0x73, 0x2e, 0x70, 0x72,
 0x69, 0x6e, 0x74, 0x53, 0x74, 0x61, 0x74, 0x75,
 0x73, 0x28, 0x60, 0x77, 0x72, 0x6f, 0x74, 0x65,
 0x20, 0x24, 0x7b, 0x63, 0x6d, 0x64, 0x73, 0x2e,
 0x6c, 0x65, 0x6e, 0x67, 0x74, 0x68, 0x7d, 0x20,
 0x68, 0x69, 0x73, 0x74, 0x6f, 0x72, 0x79, 0x20,
 0x65, 0x6e, 0x74, 0x72, 0x69, 0x65, 0x73, 0x20,
 0x74, 0x6f, 0x20, 0x27, 0x24, 0x7b, 0x66, 0x69,
 0x6c, 0x65, 0x7d, 0x27, 0x60, 0x2c, 0x20, 0x66,
 0x61, 0x6c, 0x73, 0x65, 0x29, 0x3b, 0x0a, 0x0a,
 0x20, 0x20, 0x20, 0x20, 0x20, 0x20, 0x72, 0x65,
 0x74, 0x75, 0x72, 0x6e, 0x20, 0x63, 0x6d, 0x64,
 0x73, 0x2e, 0x6c, 0x65, 0x6e, 0x67, 0x74, 0x68,
 0x3b, 0x0a, 0x20, 0x20, 0x20, 0x20, 0x7d, 0x0a,
 0x20, 0x20, 0x7d, 0x0a, 0x0a, 0x20, 0x20, 0x61,
 0x73, 0x79, 0x6e, 0x63, 0x20, 0x6d, 0x6f, 0x64,
 0x75, 0x6c, 0x65, 0x73, 0x4c, 0x6f, 0x61, 0x64,
 0x28, 0x66, 0x69, 0x6c, 0x65, 0x29, 0x20, 0x7b,
 0x0a, 0x20, 0x20, 0x20, 0x20, 0x63, 0x6f, 0x6e,
 0x73, 0x74, 0x20, 0x64, 0x61, 0x74, 0x61, 0x20,
 0x3d, 0x20, 0x6c, 0x6f, 0x61, 0x64, 0x46, 0x69,
 0x6c, 0x65, 0x28, 0x66, 0x69, 0x6c, 0x65, 0x20,
 0x3f, 0x3f, 0x20, 0x74, 0x68, 0x69, 0x73, 0x2e,
 0x6d, 0x61, 0x6b, 0x65, 0x46, 0x69, 0x6c, 0x65,
 0x6e, 0x61, 0x6d, 0x65, 0x28, 0x27, 0x6d, 0x6f,
 0x64, 0x75, 0x6c, 0x65, 0x73, 0x27, 0x29, 0x29,
 0x3b, 0x0a, 0x0a, 0x20, 0x20, 0x20, 0x20, 0x69,
 0x66, 0x28, 0x74, 0x79, 0x70, 0x65, 0x6f, 0x66,
 0x20, 0x64, 0x61, 0x74, 0x61, 0x20, 0x3d, 0x3d,
 0x20, 0x27, 0x73, 0x74, 0x72, 0x69, 0x6e, 0x67,
 0x27, 0x29, 0x20, 0x7b, 0x0a, 0x20, 0x20, 0x20,
 0x20, 0x20, 0x20, 0x6c, 0x65, 0x74, 0x20, 0x6d,
 0x6f, 0x64, 0x75, 0x6c, 0x65, 0x73, 0x20, 0x3d,
 0x20, 0x6e, 0x65, 0x77, 0x20, 0x53, 0x65, 0x74,
 0x28, 0x64, 0x61, 0x74, 0x61, 0x2e, 0x73, 0x70,
 0x6c, 0x69, 0x74, 0x28, 0x2f, 0x5c, 0x6e, 0x2f,
 0x67, 0x29, 0x2e, 0x66, 0x69, 0x6c, 0x74, 0x65,
 0x72, 0x28, 0x6c, 0x69, 0x6e, 0x65, 0x20, 0x3d,
 0x3e, 0x20, 0x6c, 0x69, 0x6e, 0x65, 0x20, 0x21,
 0x3d, 0x20, 0x27, 0x27, 0x29, 0x29, 0x3b, 0x0a,
 0x0a, 0x20, 0x20, 0x20, 0x20, 0x20, 0x20, 0x66,
 0x6f, 0x72, 0x28, 0x63, 0x6f, 0x6e, 0x73, 0x74,
 0x20, 0x6d, 0x6f, 0x64, 0x75, 0x6c, 0x65, 0x20,
 0x6f, 0x66, 0x20, 0x6d, 0x6f, 0x64, 0x75, 0x6c,
 0x65, 0x73, 0x29, 0x20, 0x7b, 0x0a, 0x20, 0x20,
 0x20, 0x20, 0x20, 0x20, 0x20, 0x20, 0x74, 0x68,
 0x69, 0x73, 0x2e, 0x70, 0x72, 0x69, 0x6e, 0x74,
 0x53, 0x74, 0x61, 0x74, 0x75, 0x73, 0x28, 0x60,
 0x41, 0x75, 0x74, 0x6f, 0x6c, 0x6f, 0x61, 0x64,
 0x69, 0x6e, 0x67, 0x20, 0x6d, 0x6f, 0x64, 0x75,
 0x6c, 0x65, 0x3a, 0x20, 0x24, 0x7b, 0x6d, 0x6f,
 0x64, 0x75, 0x6c, 0x65, 0x7d, 0x60, 0x29, 0x3b,
 0x0a, 0x0a, 0x20, 0x20, 0x20, 0x20, 0x20, 0x20,
 0x20, 0x20, 0x74, 0x72, 0x79, 0x20, 0x7b, 0x0a,
 0x20, 0x20, 0x20, 0x20, 0x20, 0x20, 0x20, 0x20,
 0x20, 0x20, 0x61, 0x77, 0x61, 0x69, 0x74, 0x20,
 0x6c, 0x6f, 0x61, 0x64, 0x4d, 0x6f, 0x64, 0x75,
 0x6c, 0x65, 0x28, 0x6d, 0x6f, 0x64, 0x75, 0x6c,
 0x65, 0x29, 0x3b, 0x0a, 0x20, 0x20, 0x20, 0x20,
 0x20, 0x20, 0x20, 0x20, 0x20, 0x20, 0x74, 0x68,
 0x69, 0x73, 0x2e, 0x6d, 0x6f, 0x64, 0x75, 0x6c,
 0x65, 0x73, 0x2e, 0x61, 0x64, 0x64, 0x28, 0x6d,
 0x6f, 0x64, 0x75, 0x6c, 0x65, 0x29, 0x3b, 0x0a,
 0x20, 0x20, 0x20, 0x20, 0x20, 0x20, 0x20, 0x20,
 0x7d, 0x20, 0x63, 0x61, 0x74, 0x63, 0x68, 0x28,
 0x65, 0x29, 0x20, 0x7b, 0x0a, 0x20, 0x20, 0x20,
 0x20, 0x20, 0x20, 0x20, 0x20, 0x20, 0x20, 0x74,
 0x68, 0x69, 0x73, 0x2e, 0x70, 0x72, 0x69, 0x6e,
 0x74, 0x53, 0x74, 0x61, 0x74, 0x75, 0x73, 0x28,
 0x60, 0x45, 0x52, 0x52, 0x4f, 0x52, 0x3a, 0x20,
 0x24, 0x7b, 0x65, 0x2e, 0x6d, 0x65, 0x73, 0x73,
 0x61, 0x67, 0x65, 0x20, 0x2b, 0x20, 0x27, 0x5c,
 0x6e, 0x27, 0x20, 0x2b, 0x20, 0x65, 0x2e, 0x73,
 0x74, 0x61, 0x63, 0x6b, 0x7d, 0x60, 0x29, 0x3b,
 0x0a, 0x20, 0x20, 0x20, 0x20, 0x20, 0x20, 0x20,
 0x20, 0x7d, 0x0a, 0x20, 0x20, 0x20, 0x20, 0x20,
 0x20, 0x7d, 0x0a, 0x20, 0x20, 0x20, 0x20, 0x7d,
 0x0a, 0x20, 0x20, 0x7d, 0x0a, 0x0a, 0x20, 0x20,
 0x6d, 0x6f, 0x64, 0x75, 0x6c, 0x65, 0x73, 0x53,
 0x61, 0x76, 0x65, 0x28, 0x66, 0x69, 0x6c, 0x65,
 0x20, 0x3d, 0x20, 0x74, 0x68, 0x69, 0x73, 0x2e,
 0x6d, 0x61, 0x6b, 0x65, 0x46, 0x69, 0x6c, 0x65,
 0x6e, 0x61, 0x6d, 0x65, 0x28, 0x27, 0x6d, 0x6f,
 0x64, 0x75, 0x6c, 0x65, 0x73, 0x27, 0x29, 0x29,
 0x20, 0x7b, 0x0a, 0x20, 0x20, 0x20, 0x20, 0x74,
 0x68, 0x69, 0x73, 0x2e, 0x70, 0x72, 0x69, 0x6e,
 0x74, 0x53, 0x74, 0x61, 0x74, 0x75, 0x73, 0x28,
 0x60, 0x6d, 0x6f, 0x64, 0x75, 0x6c, 0x65, 0x73,
 0x53, 0x61, 0x76, 0x65, 0x3a, 0x20, 0x24, 0x7b,
 0x66, 0x69, 0x6c, 0x65, 0x7d, 0x60, 0x29, 0x3b,
 0x0a, 0x20, 0x20, 0x20, 0x20, 0x63, 0x6f, 0x6e,
 0x73, 0x74, 0x20, 0x66, 0x20, 0x3d, 0x20, 0x66,
 0x6f, 0x70, 0x65, 0x6e, 0x53, 0x79, 0x6e, 0x63,
 0x28, 0x66, 0x69, 0x6c, 0x65, 0x2c, 0x20, 0x27,
 0x77, 0x2b, 0x27, 0x29, 0x3b, 0x0a, 0x0a, 0x20,
 0x20, 0x20, 0x20, 0x66, 0x6f, 0x72, 0x28, 0x63,
 0x6f, 0x6e, 0x73, 0x74, 0x20, 0x6d, 0x6f, 0x64,
 0x75, 0x6c, 0x65, 0x20, 0x6f, 0x66, 0x20, 0x74,
 0x68, 0x69, 0x73, 0x2e, 0x6d, 0x6f, 0x64, 0x75,
 0x6c, 0x65, 0x73, 0x29, 0x20, 0x66, 0x2e, 0x70,
 0x75, 0x74, 0x73, 0x28, 0x6d, 0x6f, 0x64, 0x75,
 0x6c, 0x65, 0x20, 0x2b, 0x20, 0x27, 0x5c, 0x6e,
 0x27, 0x29, 0x3b, 0x0a, 0x0a, 0x20, 0x20, 0x20,
 0x20, 0x66, 0x2e, 0x63, 0x6c, 0x6f, 0x73, 0x65,
 0x28, 0x29, 0x3b, 0x0a, 0x20, 0x20, 0x7d, 0x0a,
 0x0a, 0x20, 0x20, 0x68, 0x69, 0x73, 0x74, 0x6f,
 0x72, 0x79, 0x43, 0x6c, 0x65, 0x61, 0x72, 0x28,
 0x29, 0x20, 0x7b, 0x0a, 0x20, 0x20, 0x20, 0x20,
 0x63, 0x6f, 0x6e, 0x73, 0x74, 0x20, 0x7b, 0x20,
 0x68, 0x69, 0x73, 0x74, 0x6f, 0x72, 0x79, 0x20,
 0x7d, 0x20, 0x3d, 0x20, 0x74, 0x68, 0x69, 0x73,
 0x3b, 0x0a, 0x0a, 0x20, 0x20, 0x20, 0x20, 0x68,
 0x69, 0x73, 0x74, 0x6f, 0x72, 0x79, 0x2e, 0x73,
 0x70, 0x6c, 0x69, 0x63, 0x65, 0x28, 0x30, 0x2c,
 0x20, 0x68, 0x69, 0x73, 0x74, 0x6f, 0x72, 0x79,
 0x2e, 0x6c, 0x65, 0x6e, 0x67, 0x74, 0x68, 0x29,
 0x3b, 0x0a, 0x0a, 0x20, 0x20, 0x20, 0x20, 0x74,
 0x68, 0x69, 0x73, 0x2e, 0x68, 0x69, 0x73, 0x74,
 0x6f, 0x72, 0x79, 0x49, 0x6e, 0x64, 0x65, 0x78,
 0x20, 0x3d, 0x20, 0x68, 0x69, 0x73, 0x74, 0x6f,
 0x72, 0x79, 0x2e, 0x6c, 0x65, 0x6e, 0x67, 0x74,
 0x68, 0x3b, 0x0a, 0x20, 0x20, 0x7d, 0x0a, 0x0a,
 0x20, 0x20, 0x68, 0x69, 0x73, 0x74, 0x6f, 0x72,
 0x79, 0x41, 0x64, 0x64, 0x28, 0x73, 0x74, 0x72,
 0x29, 0x20, 0x7b, 0x0a, 0x20, 0x20, 0x20, 0x20,
 0x63, 0x6f, 0x6e, 0x73, 0x74, 0x20, 0x7b, 0x20,
 0x68, 0x69, 0x73, 0x74, 0x6f, 0x72, 0x79, 0x20,
 0x7d, 0x20, 0x3d, 0x20, 0x74, 0x68, 0x69, 0x73,
 0x3b, 0x0a, 0x20, 0x20, 0x20, 0x20, 0x63, 0x6f,
 0x6e, 0x73, 0x74, 0x20, 0x6c, 0x61, 0x73, 0x74,
 0x20, 0x3d, 0x20, 0x68, 0x69, 0x73, 0x74, 0x6f,
 0x72, 0x79, 0x5b, 0x68, 0x69, 0x73, 0x74, 0x6f,
 0x72, 0x79, 0x2e, 0x6c, 0x65, 0x6e, 0x67, 0x74,
 0x68, 0x20, 0x2d, 0x20, 0x31, 0x5d, 0x3b, 0x0a,
 0x0a, 0x20, 0x20, 0x20, 0x20, 0x69, 0x66, 0x28,
 0x73, 0x74, 0x72, 0x20, 0x26, 0x26, 0x20, 0x73,
 0x74, 0x72, 0x20, 0x21, 0x3d, 0x3d, 0x20, 0x27,
 0x27, 0x20, 0x26, 0x26, 0x20, 0x73, 0x74, 0x72,
 0x20, 0x21, 0x3d, 0x3d, 0x20, 0x6c, 0x61, 0x73,
 0x74, 0x29, 0x20, 0x7b, 0x0a, 0x20, 0x20, 0x20,
 0x20, 0x20, 0x20, 0x68, 0x69, 0x73, 0x74, 0x6f,
 0x72, 0x79, 0x2e, 0x70, 0x75, 0x73, 0x68, 0x28,
 0x73, 0x74, 0x72, 0x29, 0x3b, 0x0a, 0x20, 0x20,
 0x20, 0x20, 0x20, 0x20, 0x64, 0x65, 0x6c, 0x65,
 0x74, 0x65, 0x20, 0x74, 0x68, 0x69, 0x73, 0x2e,
 0x68, 0x69, 0x73, 0x74, 0x6f, 0x72, 0x79, 0x57,
 0x72, 0x69, 0x74, 0x74, 0x65, 0x6e, 0x3b, 0x0a,
 0x20, 0x20, 0x20, 0x20, 0x7d, 0x0a, 0x0a, 0x20,
 0x20, 0x20, 0x20, 0x72, 0x65, 0x74, 0x75, 0x72,
 0x6e, 0x20, 0x28, 0x74, 0x68, 0x69, 0x73, 0x2e,
 0x68, 0x69, 0x73, 0x74, 0x6f, 0x72, 0x79, 0x49,
 0x6e, 0x64, 0x65, 0x78, 0x20, 0x3d, 0x20, 0x68,
 0x69, 0x73, 0x74, 0x6f, 0x72, 0x79, 0x2e, 0x6c,
 0x65, 0x6e, 0x67, 0x74, 0x68, 0x29, 0x3b, 0x0a,
 0x20, 0x20, 0x7d, 0x0a, 0x0a, 0x20, 0x20, 0x68,
 0x69, 0x73, 0x74, 0x6f, 0x72, 0x79, 0x53, 0x65,
 0x61, 0x72, 0x63, 0x68, 0x28, 0x64, 0x69, 0x72,
 0x29, 0x20, 0x7b, 0x0a, 0x20, 0x20, 0x20, 0x20,
 0x63, 0x6f, 0x6e, 0x73, 0x74, 0x20, 0x7b, 0x20,
 0x68, 0x69, 0x73, 0x74, 0x6f, 0x72, 0x79, 0x20,
 0x7d, 0x20, 0x3d, 0x20, 0x74, 0x68, 0x69, 0x73,
 0x3b, 0x0a, 0x20, 0x20, 0x20, 0x20, 0x63, 0x6f,
 0x6e, 0x73, 0x74, 0x20, 0x70, 0x6f, 0x73, 0x20,
 0x3d, 0x20, 0x74, 0x68, 0x69, 0x73, 0x2e, 0x63,
 0x75, 0x72, 0x73, 0x6f, 0x72, 0x50, 0x6f, 0x73,
 0x3b, 0x0a, 0x0a, 0x20, 0x20, 0x20, 0x20, 0x66,
 0x6f, 0x72, 0x28, 0x76, 0x61, 0x72, 0x20, 0x69,
 0x20, 0x3d, 0x20, 0x31, 0x3b, 0x20, 0x69, 0x20,
 0x3c, 0x3d, 0x20, 0x68, 0x69, 0x73, 0x74, 0x6f,
 0x72, 0x79, 0x2e, 0x6c, 0x65, 0x6e, 0x67, 0x74,
 0x68, 0x3b, 0x20, 0x69, 0x2b, 0x2b, 0x29, 0x20,
 0x7b, 0x0a, 0x20, 0x20, 0x20, 0x20, 0x20, 0x20,
 0x63, 0x6f, 0x6e, 0x73, 0x74, 0x20, 0x69, 0x6e,
 0x64, 0x65, 0x78, 0x20, 0x3d, 0x20, 0x28, 0x68,
 0x69, 0x73, 0x74, 0x6f, 0x72, 0x79, 0x2e, 0x6c,
 0x65, 0x6e, 0x67, 0x74, 0x68, 0x20, 0x2b, 0x20,
 0x69, 0x20, 0x2a, 0x20, 0x64, 0x69, 0x72, 0x20,
 0x2b, 0x20, 0x74, 0x68, 0x69, 0x73, 0x2e, 0x68,
 0x69, 0x73, 0x74, 0x6f, 0x72, 0x79, 0x49, 0x6e,
 0x64, 0x65, 0x78, 0x29, 0x20, 0x25, 0x20, 0x68,
 0x69, 0x73, 0x74, 0x6f, 0x72, 0x79, 0x2e, 0x6c,
 0x65, 0x6e, 0x67, 0x74, 0x68, 0x3b, 0x0a, 0x0a,
 0x20, 0x20, 0x20, 0x20, 0x20, 0x20, 0x69, 0x66,
 0x28, 0x68, 0x69, 0x73, 0x74, 0x6f, 0x72, 0x79,
 0x5b, 0x69, 0x6e, 0x64, 0x65, 0x78, 0x5d, 0x2e,
 0x73, 0x75, 0x62, 0x73, 0x74, 0x72, 0x69, 0x6e,
 0x67, 0x28, 0x30, 0x2c, 0x20, 0x70, 0x6f, 0x73,
 0x29, 0x20, 0x3d, 0x3d, 0x20, 0x74, 0x68, 0x69,
 0x73, 0x2e, 0x63, 0x6d, 0x64, 0x2e, 0x73, 0x75,
 0x62, 0x73, 0x74, 0x72, 0x69, 0x6e, 0x67, 0x28,
 0x30, 0x2c, 0x20, 0x70, 0x6f, 0x73, 0x29, 0x29,
 0x20, 0x7b, 0x0a, 0x20, 0x20, 0x20, 0x20, 0x20,
 0x20, 0x20, 0x20, 0x74, 0x68, 0x69, 0x73, 0x2e,
 0x68, 0x69, 0x73, 0x74, 0x6f, 0x72, 0x79, 0x49,
 0x6e, 0x64, 0x65, 0x78, 0x20, 0x3d, 0x20, 0x69,
 0x6e, 0x64, 0x65, 0x78, 0x3b, 0x0a, 0x20, 0x20,
 0x20, 0x20, 0x20, 0x20, 0x20, 0x20, 0x74, 0x68,
 0x69, 0x73, 0x2e, 0x63, 0x6d, 0x64, 0x20, 0x3d,
 0x20, 0x68, 0x69, 0x73, 0x74, 0x6f, 0x72, 0x79,
 0x5b, 0x69, 0x6e, 0x64, 0x65, 0x78, 0x5d, 0x3b,
 0x0a, 0x20, 0x20, 0x20, 0x20, 0x20, 0x20, 0x20,
 0x20, 0x72, 0x65, 0x74, 0x75, 0x72, 0x6e, 0x3b,
 0x0a, 0x20, 0x20, 0x20, 0x20, 0x20, 0x20, 0x7d,
 0x0a, 0x20, 0x20, 0x20, 0x20, 0x7d, 0x0a, 0x20,
 0x20, 0x7d, 0x0a, 0x0a, 0x20, 0x20, 0x68, 0x69,
 0x73, 0x74, 0x6f, 0x72, 0x79, 0x53, 0x65, 0x61,
 0x72, 0x63, 0x68, 0x42, 0x61, 0x63, 0x6b, 0x77,
 0x61, 0x72, 0x64, 0x28, 0x29, 0x20, 0x7b, 0x0a,
 0x20, 0x20, 0x20, 0x20, 0x72, 0x65, 0x74, 0x75,
 0x72, 0x6e, 0x20, 0x74, 0x68, 0x69, 0x73, 0x2e,
 0x68, 0x69, 0x73, 0x74, 0x6f, 0x72, 0x79, 0x53,
 0x65, 0x61, 0x72, 0x63, 0x68, 0x28, 0x2d, 0x31,
 0x29, 0x3b, 0x0a, 0x20, 0x20, 0x7d, 0x0a, 0x0a,
 0x20, 0x20, 0x68, 0x69, 0x73, 0x74, 0x6f, 0x72,
 0x79, 0x53, 0x65, 0x61, 0x72, 0x63, 0x68, 0x46,
 0x6f, 0x72, 0x77, 0x61, 0x72, 0x64, 0x28, 0x29,
 0x20, 0x7b, 0x0a, 0x20, 0x20, 0x20, 0x20, 0x72,
 0x65, 0x74, 0x75, 0x72, 0x6e, 0x20, 0x74, 0x68,
 0x69, 0x73, 0x2e, 0x68, 0x69, 0x73, 0x74, 0x6f,
 0x72, 0x79, 0x53, 0x65, 0x61, 0x72, 0x63, 0x68,
 0x28, 0x31, 0x29, 0x3b, 0x0a, 0x20, 0x20, 0x7d,
 0x0a, 0x0a, 0x20, 0x20, 0x68, 0x69, 0x73, 0x74,
 0x6f, 0x72, 0x79, 0x50, 0x72, 0x65, 0x76, 0x69,
 0x6f, 0x75, 0x73, 0x28, 0x29, 0x20, 0x7b, 0x0a,
 0x20, 0x20, 0x20, 0x20, 0x63, 0x6f, 0x6e, 0x73,
 0x74, 0x20, 0x7b, 0x20, 0x68, 0x69, 0x73, 0x74,
 0x6f, 0x72, 0x79, 0x20, 0x7d, 0x20, 0x3d, 0x20,
 0x74, 0x68, 0x69, 0x73, 0x3b, 0x0a, 0x0a, 0x20,
 0x20, 0x20, 0x20, 0x69, 0x66, 0x28, 0x74, 0x68,
 0x69, 0x73, 0x2e, 0x68, 0x69, 0x73, 0x74, 0x6f,
 0x72, 0x79, 0x49, 0x6e, 0x64, 0x65, 0x78, 0x20,
 0x3e, 0x20, 0x30, 0x29, 0x20, 0x7b, 0x0a, 0x20,
 0x20, 0x20, 0x20, 0x20, 0x20, 0x69, 0x66, 0x28,
 0x74, 0x68, 0x69, 0x73, 0x2e, 0x68, 0x69, 0x73,
 0x74, 0x6f, 0x72, 0x79, 0x49, 0x6e, 0x64, 0x65,
 0x78, 0x20, 0x3d, 0x3d, 0x20, 0x68, 0x69, 0x73,
 0x74, 0x6f, 0x72, 0x79, 0x2e, 0x6c, 0x65, 0x6e,
 0x67, 0x74, 0x68, 0x29, 0x20, 0x69, 0x66, 0x20,
 0x28, 0x74, 0x68, 0x69, 0x73, 0x2e, 0x63, 0x6d,
 0x64, 0x20, 0x21, 0x3d, 0x20, 0x27, 0x27, 0x29,
 0x20, 0x68, 0x69, 0x73, 0x74, 0x6f, 0x72, 0x79,
 0x2e, 0x70, 0x75, 0x73, 0x68, 0x28, 0x74, 0x68,
 0x69, 0x73, 0x2e, 0x63, 0x6d, 0x64, 0x29, 0x3b,
 0x0a, 0x0a, 0x20, 0x20, 0x20, 0x20, 0x20, 0x20,
 0x74, 0x68, 0x69, 0x73, 0x2e, 0x68, 0x69, 0x73,
 0x74, 0x6f, 0x72, 0x79, 0x49, 0x6e, 0x64, 0x65,
 0x78, 0x2d, 0x2d, 0x3b, 0x0a, 0x20, 0x20, 0x20,
 0x20, 0x20, 0x20, 0x74, 0x68, 0x69, 0x73, 0x2e,
 0x63, 0x6d, 0x64, 0x20, 0x3d, 0x20, 0x68, 0x69,
 0x73, 0x74, 0x6f, 0x72, 0x79, 0x5b, 0x74, 0x68,
 0x69, 0x73, 0x2e, 0x68, 0x69, 0x73, 0x74, 0x6f,
 0x72, 0x79, 0x49, 0x6e, 0x64, 0x65, 0x78, 0x5d,
 0x3b, 0x0a, 0x20, 0x20, 0x20, 0x20, 0x20, 0x20,
 0x74, 0x68, 0x69, 0x73, 0x2e, 0x63, 0x75, 0x72,
 0x73, 0x6f, 0x72, 0x50, 0x6f, 0x73, 0x20, 0x3d,
 0x20, 0x74, 0x68, 0x69, 0x73, 0x2e, 0x63, 0x6d,
 0x64, 0x2e, 0x6c, 0x65, 0x6e, 0x67, 0x74, 0x68,
 0x3b, 0x0a, 0x20, 0x20, 0x20, 0x20, 0x7d, 0x0a,
 0x20, 0x20, 0x7d, 0x0a, 0x0a, 0x20, 0x20, 0x68,
 0x69, 0x73, 0x74, 0x6f, 0x72, 0x79, 0x4e, 0x65,
 0x78, 0x74, 0x28, 0x29, 0x20, 0x7b, 0x0a, 0x20,
 0x20, 0x20, 0x20, 0x63, 0x6f, 0x6e, 0x73, 0x74,
 0x20, 0x7b, 0x20, 0x68, 0x69, 0x73, 0x74, 0x6f,
 0x72, 0x79, 0x20, 0x7d, 0x20, 0x3d, 0x20, 0x74,
 0x68, 0x69, 0x73, 0x3b, 0x0a, 0x0a, 0x20, 0x20,
 0x20, 0x20, 0x69, 0x66, 0x28, 0x74, 0x68, 0x69,
 0x73, 0x2e, 0x68, 0x69, 0x73, 0x74, 0x6f, 0x72,
 0x79, 0x49, 0x6e, 0x64, 0x65, 0x78, 0x20, 0x3c,
 0x20, 0x68, 0x69, 0x73, 0x74, 0x6f, 0x72, 0x79,
 0x2e, 0x6c, 0x65, 0x6e, 0x67, 0x74, 0x68, 0x20,
 0x2d, 0x20, 0x31, 0x29, 0x20, 0x7b, 0x0a, 0x20,
 0x20, 0x20, 0x20, 0x20, 0x20, 0x74, 0x68, 0x69,
 0x73, 0x2e, 0x68, 0x69, 0x73, 0x74, 0x6f, 0x72,
 0x79, 0x49, 0x6e, 0x64, 0x65, 0x78, 0x2b, 0x2b,
 0x3b, 0x0a, 0x20, 0x20, 0x20, 0x20, 0x20, 0x20,
 0x74, 0x68, 0x69, 0x73, 0x2e, 0x63, 0x6d, 0x64,
 0x20, 0x3d, 0x20, 0x68, 0x69, 0x73, 0x74, 0x6f,
 0x72, 0x79, 0x5b, 0x74, 0x68, 0x69, 0x73, 0x2e,
 0x68, 0x69, 0x73, 0x74, 0x6f, 0x72, 0x79, 0x49,
 0x6e, 0x64, 0x65, 0x78, 0x5d, 0x3b, 0x0a, 0x20,
 0x20, 0x20, 0x20, 0x20, 0x20, 0x74, 0x68, 0x69,
 0x73, 0x2e, 0x63, 0x75, 0x72, 0x73, 0x6f, 0x72,
 0x50, 0x6f, 0x73, 0x20, 0x3d, 0x20, 0x74, 0x68,
 0x69, 0x73, 0x2e, 0x63, 0x6d, 0x64, 0x2e, 0x6c,
 0x65, 0x6e, 0x67, 0x74, 0x68, 0x3b, 0x0a, 0x20,
 0x20, 0x20, 0x20, 0x7d, 0x0a, 0x20, 0x20, 0x7d,
 0x0a, 0x0a, 0x20, 0x20, 0x69, 0x6e, 0x73, 0x65,
 0x72, 0x74, 0x28, 0x73, 0x74, 0x72, 0x29, 0x20,
 0x7b, 0x0a, 0x20, 0x20, 0x20, 0x20, 0x69, 0x66,
 0x28, 0x73, 0x74, 0x72, 0x29, 0x20, 0x7b, 0x0a,
 0x20, 0x20, 0x20, 0x20, 0x20, 0x20, 0x74, 0x68,
 0x69, 0x73, 0x2e, 0x63, 0x6d, 0x64, 0x20, 0x3d,
 0x20, 0x74, 0x68, 0x69, 0x73, 0x2e, 0x63, 0x6d,
 0x64, 0x2e, 0x73, 0x75, 0x62, 0x73, 0x74, 0x72,
 0x69, 0x6e, 0x67, 0x28, 0x30, 0x2c, 0x20, 0x74,
 0x68, 0x69, 0x73, 0x2e, 0x63, 0x75, 0x72, 0x73,
 0x6f, 0x72, 0x50, 0x6f, 0x73, 0x29, 0x20, 0x2b,
 0x20, 0x73, 0x74, 0x72, 0x20, 0x2b, 0x20, 0x74,
 0x68, 0x69, 0x73, 0x2e, 0x63, 0x6d, 0x64, 0x2e,
 0x73, 0x75, 0x62, 0x73, 0x74, 0x72, 0x69, 0x6e,
 0x67, 0x28, 0x74, 0x68, 0x69, 0x73, 0x2e, 0x63,
 0x75, 0x72, 0x73, 0x6f, 0x72, 0x50, 0x6f, 0x73,
 0x29, 0x3b, 0x0a, 0x20, 0x20, 0x20, 0x20, 0x20,
 0x20, 0x74, 0x68, 0x69, 0x73, 0x2e, 0x63, 0x75,
 0x72, 0x73, 0x6f, 0x72, 0x50, 0x6f, 0x73, 0x20,
 0x2b, 0x3d, 0x20, 0x73, 0x74, 0x72, 0x2e, 0x6c,
 0x65, 0x6e, 0x67, 0x74, 0x68, 0x3b, 0x0a, 0x20,
 0x20, 0x20, 0x20, 0x7d, 0x0a, 0x20, 0x20, 0x7d,
 0x0a, 0x0a, 0x20, 0x20, 0x6b, 0x69, 0x6c, 0x6c,
 0x4c, 0x69, 0x6e, 0x65, 0x28, 0x29, 0x20, 0x7b,
 0x0a, 0x20, 0x20, 0x20, 0x20, 0x74, 0x68, 0x69,
 0x73, 0x2e, 0x6b, 0x69, 0x6c, 0x6c, 0x52, 0x65,
 0x67, 0x69, 0x6f, 0x6e, 0x28, 0x74, 0x68, 0x69,
 0x73, 0x2e, 0x63, 0x75, 0x72, 0x73, 0x6f, 0x72,
 0x50, 0x6f, 0x73, 0x2c, 0x20, 0x74, 0x68, 0x69,
 0x73, 0x2e, 0x63, 0x6d, 0x64, 0x2e, 0x6c, 0x65,
 0x6e, 0x67, 0x74, 0x68, 0x2c, 0x20, 0x31, 0x29,
 0x3b, 0x0a, 0x20, 0x20, 0x7d, 0x0a, 0x0a, 0x20,
 0x20, 0x6b, 0x69, 0x6c, 0x6c, 0x52, 0x65, 0x67,
 0x69, 0x6f, 0x6e, 0x28, 0x73, 0x74, 0x61, 0x72,
 0x74, 0x2c, 0x20, 0x65, 0x6e, 0x64, 0x2c, 0x20,
 0x64, 0x69, 0x72, 0x29, 0x20, 0x7b, 0x0a, 0x20,
 0x20, 0x20, 0x20, 0x63, 0x6f, 0x6e, 0x73, 0x74,
 0x20, 0x73, 0x20, 0x3d, 0x20, 0x74, 0x68, 0x69,
 0x73, 0x2e, 0x63, 0x6d, 0x64, 0x2e, 0x73, 0x75,
 0x62, 0x73, 0x74, 0x72, 0x69, 0x6e, 0x67, 0x28,
 0x73, 0x74, 0x61, 0x72, 0x74, 0x2c, 0x20, 0x65,
 0x6e, 0x64, 0x29, 0x3b, 0x0a, 0x20, 0x20, 0x20,
 0x20, 0x69, 0x66, 0x28, 0x74, 0x68, 0x69, 0x73,
 0x2e, 0x6c, 0x61, 0x73, 0x74, 0x46, 0x75, 0x6e,
 0x20, 0x21, 0x3d, 0x3d, 0x20, 0x74, 0x68, 0x69,
 0x73, 0x2e, 0x6b, 0x69, 0x6c, 0x6c, 0x52, 0x65,
 0x67, 0x69, 0x6f, 0x6e, 0x29, 0x20, 0x63, 0x6c,
 0x69, 0x70, 0x42, 0x6f, 0x61, 0x72, 0x64, 0x20,
 0x3d, 0x20, 0x73, 0x3b, 0x0a, 0x20, 0x20, 0x20,
 0x20, 0x65, 0x6c, 0x73, 0x65, 0x20, 0x69, 0x66,
 0x28, 0x64, 0x69, 0x72, 0x20, 0x3c, 0x20, 0x30,
 0x29, 0x20, 0x63, 0x6c, 0x69, 0x70, 0x42, 0x6f,
 0x61, 0x72, 0x64, 0x20, 0x3d, 0x20, 0x73, 0x20,
 0x2b, 0x20, 0x63, 0x6c, 0x69, 0x70, 0x42, 0x6f,
 0x61, 0x72, 0x64, 0x3b, 0x0a, 0x20, 0x20, 0x20,
 0x20, 0x65, 0x6c, 0x73, 0x65, 0x20, 0x63, 0x6c,
 0x69, 0x70, 0x42, 0x6f, 0x61, 0x72, 0x64, 0x20,
 0x3d, 0x20, 0x63, 0x6c, 0x69, 0x70, 0x42, 0x6f,
 0x61, 0x72, 0x64, 0x20, 0x2b, 0x20, 0x73, 0x3b,
 0x0a, 0x0a, 0x20, 0x20, 0x20, 0x20, 0x74, 0x68,
 0x69, 0x73, 0x2e, 0x63, 0x6d, 0x64, 0x20, 0x3d,
 0x20, 0x74, 0x68, 0x69, 0x73, 0x2e, 0x63, 0x6d,
 0x64, 0x2e, 0x73, 0x75, 0x62, 0x73, 0x74, 0x72,
 0x69, 0x6e, 0x67, 0x28, 0x30, 0x2c, 0x20, 0x73,
 0x74, 0x61, 0x72, 0x74, 0x29, 0x20, 0x2b, 0x20,
 0x74, 0x68, 0x69, 0x73, 0x2e, 0x63, 0x6d, 0x64,
 0x2e, 0x73, 0x75, 0x62, 0x73, 0x74, 0x72, 0x69,
 0x6e, 0x67, 0x28, 0x65, 0x6e, 0x64, 0x29, 0x3b,
 0x0a, 0x20, 0x20, 0x20, 0x20, 0x69, 0x66, 0x28,
 0x74, 0x68, 0x69, 0x73, 0x2e, 0x63, 0x75, 0x72,
 0x73, 0x6f, 0x72, 0x50, 0x6f, 0x73, 0x20, 0x3e,
 0x20, 0x65, 0x6e, 0x64, 0x29, 0x20, 0x74, 0x68,
 0x69, 0x73, 0x2e, 0x63, 0x75, 0x72, 0x73, 0x6f,
 0x72, 0x50, 0x6f, 0x73, 0x20, 0x2d, 0x3d, 0x20,
 0x65, 0x6e, 0x64, 0x20, 0x2d, 0x20, 0x73, 0x74,
 0x61, 0x72, 0x74, 0x3b, 0x0a, 0x20, 0x20, 0x20,
 0x20, 0x65, 0x6c, 0x73, 0x65, 0x20, 0x69, 0x66,
 0x28, 0x74, 0x68, 0x69, 0x73, 0x2e, 0x63, 0x75,
 0x72, 0x73, 0x6f, 0x72, 0x50, 0x6f, 0x73, 0x20,
 0x3e, 0x20, 0x73, 0x74, 0x61, 0x72, 0x74, 0x29,
 0x20, 0x74, 0x68, 0x69, 0x73, 0x2e, 0x63, 0x75,
 0x72, 0x73, 0x6f, 0x72, 0x50, 0x6f, 0x73, 0x20,
 0x3d, 0x20, 0x73, 0x74, 0x61, 0x72, 0x74, 0x3b,
 0x0a, 0x20, 0x20, 0x20, 0x20, 0x74, 0x68, 0x69,
 0x73, 0x2e, 0x74, 0x68, 0x69, 0x73, 0x46, 0x75,
 0x6e, 0x20, 0x3d, 0x20, 0x74, 0x68, 0x69, 0x73,
 0x2e, 0x6b, 0x69, 0x6c, 0x6c, 0x52, 0x65, 0x67,
 0x69, 0x6f, 0x6e, 0x3b, 0x0a, 0x20, 0x20, 0x7d,
 0x0a, 0x0a, 0x20, 0x20, 0x6b, 0x69, 0x6c, 0x6c,
 0x57, 0x6f, 0x72, 0x64, 0x28, 0x29, 0x20, 0x7b,
 0x0a, 0x20, 0x20, 0x20, 0x20, 0x74, 0x68, 0x69,
 0x73, 0x2e, 0x6b, 0x69, 0x6c, 0x6c, 0x52, 0x65,
 0x67, 0x69, 0x6f, 0x6e, 0x28, 0x74, 0x68, 0x69,
 0x73, 0x2e, 0x63, 0x75, 0x72, 0x73, 0x6f, 0x72,
 0x50, 0x6f, 0x73, 0x2c, 0x20, 0x74, 0x68, 0x69,
 0x73, 0x2e, 0x73, 0x6b, 0x69, 0x70, 0x57, 0x6f,
 0x72, 0x64, 0x46, 0x6f, 0x72, 0x77, 0x61, 0x72,
 0x64, 0x28, 0x74, 0x68, 0x69, 0x73, 0x2e, 0x63,
 0x75, 0x72, 0x73, 0x6f, 0x72, 0x50, 0x6f, 0x73,
 0x29, 0x2c, 0x20, 0x31, 0x29, 0x3b, 0x0a, 0x20,
 0x20, 0x7d, 0x0a, 0x0a, 0x20, 0x20, 0x6d, 0x6f,
 0x76, 0x65, 0x43, 0x75, 0x72, 0x73, 0x6f, 0x72,
 0x28, 0x64, 0x65, 0x6c, 0x74, 0x61, 0x29, 0x20,
 0x7b, 0x0a, 0x20, 0x20, 0x20, 0x20, 0x76, 0x61,
 0x72, 0x20, 0x69, 0x2c, 0x0a, 0x20, 0x20, 0x20,
 0x20, 0x20, 0x20, 0x6c, 0x20, 0x3d, 0x20, 0x6e,
 0x75, 0x6c, 0x6c, 0x3b, 0x0a, 0x0a, 0x20, 0x20,
 0x20, 0x20, 0x69, 0x66, 0x28, 0x64, 0x65, 0x6c,
 0x74, 0x61, 0x20, 0x3e, 0x20, 0x30, 0x29, 0x20,
 0x7b, 0x0a, 0x20, 0x20, 0x20, 0x20, 0x20, 0x20,
 0x77, 0x68, 0x69, 0x6c, 0x65, 0x28, 0x64, 0x65,
 0x6c, 0x74, 0x61, 0x20, 0x21, 0x3d, 0x20, 0x30,
 0x29, 0x20, 0x7b, 0x0a, 0x20, 0x20, 0x20, 0x20,
 0x20, 0x20, 0x20, 0x20, 0x69, 0x66, 0x28, 0x74,
 0x65, 0x72, 0x6d, 0x43, 0x75, 0x72, 0x73, 0x6f,
 0x72, 0x58, 0x20, 0x3d, 0x3d, 0x20, 0x74, 0x68,
 0x69, 0x73, 0x2e, 0x63, 0x6f, 0x6c, 0x75, 0x6d,
 0x6e, 0x73, 0x20, 0x2d, 0x20, 0x31, 0x29, 0x20,
 0x7b, 0x0a, 0x20, 0x20, 0x20, 0x20, 0x20, 0x20,
 0x20, 0x20, 0x20, 0x20, 0x73, 0x74, 0x64, 0x6f,
 0x75, 0x74, 0x2e, 0x70, 0x75, 0x74, 0x73, 0x28,
 0x27, 0x5c, 0x6e, 0x27, 0x29, 0x3b, 0x20, 0x2f,
 0x2a, 0x20, 0x74, 0x72, 0x61, 0x6e, 0x73, 0x6c,
 0x61, 0x74, 0x65, 0x64, 0x20, 0x74, 0x6f, 0x20,
 0x43, 0x52, 0x4c, 0x46, 0x20, 0x2a, 0x2f, 0x0a,
 0x20, 0x20, 0x20, 0x20, 0x20, 0x20, 0x20, 0x20,
 0x20, 0x20, 0x73, 0x74, 0x64, 0x6f, 0x75, 0x74,
 0x2e, 0x66, 0x6c, 0x75, 0x73, 0x68, 0x28, 0x29,
 0x3b, 0x0a, 0x20, 0x20, 0x20, 0x20, 0x20, 0x20,
 0x20, 0x20, 0x20, 0x20, 0x74, 0x65, 0x72, 0x6d,
 0x43, 0x75, 0x72, 0x73, 0x6f, 0x72, 0x58, 0x20,
 0x3d, 0x20, 0x30, 0x3b, 0x0a, 0x20, 0x20, 0x20,
 0x20, 0x20, 0x20, 0x20, 0x20, 0x20, 0x20, 0x64,
 0x65, 0x6c, 0x74, 0x61, 0x2d, 0x2d, 0x3b, 0x0a,
 0x20, 0x20, 0x20, 0x20, 0x20, 0x20, 0x20, 0x20,
 0x7d, 0x20, 0x65, 0x6c, 0x73, 0x65, 0x20, 0x7b,
 0x0a, 0x20, 0x20, 0x20, 0x20, 0x20, 0x20, 0x20,
 0x20, 0x20, 0x20, 0x6c, 0x20, 0x3d, 0x20, 0x4d,
 0x61, 0x74, 0x68, 0x2e, 0x6d, 0x69, 0x6e, 0x28,
 0x74, 0x68, 0x69, 0x73, 0x2e, 0x63, 0x6f, 0x6c,
 0x75, 0x6d, 0x6e, 0x73, 0x20, 0x2d, 0x20, 0x31,
 0x20, 0x2d, 0x20, 0x74, 0x65, 0x72, 0x6d, 0x43,
 0x75, 0x72, 0x73, 0x6f, 0x72, 0x58, 0x2c, 0x20,
 0x64, 0x65, 0x6c, 0x74, 0x61, 0x29, 0x3b, 0x0a,
 0x20, 0x20, 0x20, 0x20, 0x20, 0x20, 0x20, 0x20,
 0x20, 0x20, 0x6d, 0x6f, 0x76, 0x65, 0x43, 0x75,
 0x72, 0x73, 0x6f, 0x72, 0x28, 0x31, 0x2c, 0x20,
 0x6c, 0x29, 0x3b, 0x20, 0x2f, 0x2a, 0x20, 0x72,
 0x69, 0x67, 0x68, 0x74, 0x20, 0x2a, 0x2f, 0x0a,
 0x20, 0x20, 0x20, 0x20, 0x20, 0x20, 0x20, 0x20,
 0x20, 0x20, 0x64, 0x65, 0x6c, 0x74, 0x61, 0x20,
 0x2d, 0x3d, 0x20, 0x6c, 0x3b, 0x0a, 0x20, 0x20,
 0x20, 0x20, 0x20, 0x20, 0x20, 0x20, 0x20, 0x20,
 0x74, 0x65, 0x72, 0x6d, 0x43, 0x75, 0x72, 0x73,
 0x6f, 0x72, 0x58, 0x20, 0x2b, 0x3d, 0x20, 0x6c,
 0x3b, 0x0a, 0x20, 0x20, 0x20, 0x20, 0x20, 0x20,
 0x20, 0x20, 0x7d, 0x0a, 0x20, 0x20, 0x20, 0x20,
 0x20, 0x20, 0x7d, 0x0a, 0x20, 0x20, 0x20, 0x20,
 0x7d, 0x20, 0x65, 0x6c, 0x73, 0x65, 0x20, 0x7b,
 0x0a, 0x20, 0x20, 0x20, 0x20, 0x20, 0x20, 0x64,
 0x65, 0x6c, 0x74, 0x61, 0x20, 0x3d, 0x20, 0x2d,
 0x64, 0x65, 0x6c, 0x74, 0x61, 0x3b, 0x0a, 0x0a,
 0x20, 0x20, 0x20, 0x20, 0x20, 0x20, 0x77, 0x68,
 0x69, 0x6c, 0x65, 0x28, 0x64, 0x65, 0x6c, 0x74,
 0x61, 0x20, 0x21, 0x3d, 0x20, 0x30, 0x29, 0x20,
 0x7b, 0x0a, 0x20, 0x20, 0x20, 0x20, 0x20, 0x20,
 0x20, 0x20, 0x69, 0x66, 0x28, 0x74, 0x65, 0x72,
 0x6d, 0x43, 0x75, 0x72, 0x73, 0x6f, 0x72, 0x58,
 0x20, 0x3d, 0x3d, 0x20, 0x30, 0x29, 0x20, 0x7b,
 0x0a, 0x20, 0x20, 0x20, 0x20, 0x20, 0x20, 0x20,
 0x20, 0x20, 0x20, 0x6d, 0x6f, 0x76, 0x65, 0x43,
 0x75, 0x72, 0x73, 0x6f, 0x72, 0x28, 0x31, 0x2c,
 0x20, 0x74, 0x68, 0x69, 0x73, 0x2e, 0x63, 0x6f,
 0x6c, 0x75, 0x6d, 0x6e, 0x73, 0x20, 0x2d, 0x20,
 0x31, 0x2c, 0x20, 0x2d, 0x31, 0x29, 0x3b, 0x20,
 0x2f, 0x2a, 0x20, 0x75, 0x70, 0x20, 0x2b, 0x20,
 0x72, 0x69, 0x67, 0x68, 0x74, 0x20, 0x2a, 0x2f,
 0x0a, 0x20, 0x20, 0x20, 0x20, 0x20, 0x20, 0x20,
 0x20, 0x20, 0x20, 0x64, 0x65, 0x6c, 0x74, 0x61,
 0x2d, 0x2d, 0x3b, 0x0a, 0x20, 0x20, 0x20, 0x20,
 0x20, 0x20, 0x20, 0x20, 0x20, 0x20, 0x74, 0x65,
 0x72, 0x6d, 0x43, 0x75, 0x72, 0x73, 0x6f, 0x72,
 0x58, 0x20, 0x3d, 0x20, 0x74, 0x68, 0x69, 0x73,
 0x2e, 0x63, 0x6f, 0x6c, 0x75, 0x6d, 0x6e, 0x73,
 0x20, 0x2d, 0x20, 0x31, 0x3b, 0x0a, 0x20, 0x20,
 0x20, 0x20, 0x20, 0x20, 0x20, 0x20, 0x7d, 0x20,
 0x65, 0x6c, 0x73, 0x65, 0x20, 0x7b, 0x0a, 0x20,
 0x20, 0x20, 0x20, 0x20, 0x20, 0x20, 0x20, 0x20,
 0x20, 0x6c, 0x20, 0x3d, 0x20, 0x4d, 0x61, 0x74,
 0x68, 0x2e, 0x6d, 0x69, 0x6e, 0x28, 0x64, 0x65,
 0x6c, 0x74, 0x61, 0x2c, 0x20, 0x74, 0x65, 0x72,
 0x6d, 0x43, 0x75, 0x72, 0x73, 0x6f, 0x72, 0x58,
 0x29, 0x3b, 0x0a, 0x20, 0x20, 0x20, 0x20, 0x20,
 0x20, 0x20, 0x20, 0x20, 0x20, 0x6d, 0x6f, 0x76,
 0x65, 0x43, 0x75, 0x72, 0x73, 0x6f, 0x72, 0x28,
 0x31, 0x2c, 0x20, 0x2d, 0x6c, 0x2c, 0x20, 0x30,
 0x29, 0x3b, 0x20, 0x2f, 0x2a, 0x20, 0x6c, 0x65,
 0x66, 0x74, 0x20, 0x2a, 0x2f, 0x0a, 0x20, 0x20,
 0x20, 0x20, 0x20, 0x20, 0x20, 0x20, 0x20, 0x20,
 0x64, 0x65, 0x6c, 0x74, 0x61, 0x20, 0x2d, 0x3d,
 0x20, 0x6c, 0x3b, 0x0a, 0x20, 0x20, 0x20, 0x20,
 0x20, 0x20, 0x20, 0x20, 0x20, 0x20, 0x74, 0x65,
 0x72, 0x6d, 0x43, 0x75, 0x72, 0x73, 0x6f, 0x72,
 0x58, 0x20, 0x2d, 0x3d, 0x20, 0x6c, 0x3b, 0x0a,
 0x20, 0x20, 0x20, 0x20, 0x20, 0x20, 0x20, 0x20,
 0x7d, 0x0a, 0x20, 0x20, 0x20, 0x20, 0x20, 0x20,
 0x7d, 0x0a, 0x20, 0x20, 0x20, 0x20, 0x7d, 0x0a,
 0x20, 0x20, 0x7d, 0x0a, 0x0a, 0x20, 0x20, 0x6e,
 0x75, 0x6d, 0x62, 0x65, 0x72, 0x54, 0x6f, 0x53,
 0x74, 0x72, 0x69, 0x6e, 0x67, 0x28, 0x61, 0x2c,
 0x20, 0x72, 0x61, 0x64, 0x69, 0x78, 0x29, 0x20,
 0x7b, 0x0a, 0x20, 0x20, 0x20, 0x20, 0x76, 0x61,
 0x72, 0x20, 0x73, 0x20, 0x3d, 0x20, 0x6e, 0x75,
 0x6c, 0x6c, 0x3b, 0x0a, 0x0a, 0x20, 0x20, 0x20,
 0x20, 0x69, 0x66, 0x28, 0x21, 0x69, 0x73, 0x46,
 0x69, 0x6e, 0x69, 0x74, 0x65, 0x28, 0x61, 0x29,
 0x29, 0x20, 0x7b, 0x0a, 0x20, 0x20, 0x20, 0x20,
 0x20, 0x20, 0x2f, 0x2a, 0x20, 0x4e, 0x61, 0x4e,
 0x2c, 0x20, 0x49, 0x6e, 0x66, 0x69, 0x6e, 0x69,
 0x74, 0x65, 0x20, 0x2a, 0x2f, 0x0a, 0x20, 0x20,
 0x20, 0x20, 0x20, 0x20, 0x72, 0x65, 0x74, 0x75,
 0x72, 0x6e, 0x20, 0x61, 0x2e, 0x74, 0x6f, 0x53,
 0x74, 0x72, 0x69, 0x6e, 0x67, 0x28, 0x29, 0x3b,
 0x0a, 0x20, 0x20, 0x20, 0x20, 0x7d, 0x20, 0x65,
 0x6c, 0x73, 0x65, 0x20, 0x7b, 0x0a, 0x20, 0x20,
 0x20, 0x20, 0x20, 0x20, 0x69, 0x66, 0x28, 0x61,
 0x20, 0x3d, 0x3d, 0x20, 0x30, 0x29, 0x20, 0x7b,
 0x0a, 0x20, 0x20, 0x20, 0x20, 0x20, 0x20, 0x20,
 0x20, 0x69, 0x66, 0x28, 0x31, 0x20, 0x2f, 0x20,
 0x61, 0x20, 0x3c, 0x20, 0x30, 0x29, 0x20, 0x73,
 0x20, 0x3d, 0x20, 0x27, 0x2d, 0x30, 0x27, 0x3b,
 0x0a, 0x20, 0x20, 0x20, 0x20, 0x20, 0x20, 0x20,
 0x20, 0x65, 0x6c, 0x73, 0x65, 0x20, 0x73, 0x20,
 0x3d, 0x20, 0x27, 0x30, 0x27, 0x3b, 0x0a, 0x20,
 0x20, 0x20, 0x20, 0x20, 0x20, 0x7d, 0x20, 0x65,
 0x6c, 0x73, 0x65, 0x20, 0x7b, 0x0a, 0x20, 0x20,
 0x20, 0x20, 0x20, 0x20, 0x20, 0x20, 0x69, 0x66,
 0x28, 0x72, 0x61, 0x64, 0x69, 0x78, 0x20, 0x3d,
 0x3d, 0x20, 0x31, 0x36, 0x20, 0x26, 0x26, 0x20,
 0x61, 0x20, 0x3d, 0x3d, 0x3d, 0x20, 0x4d, 0x61,
 0x74, 0x68, 0x2e, 0x66, 0x6c, 0x6f, 0x6f, 0x72,
 0x28, 0x61, 0x29, 0x29, 0x20, 0x7b, 0x0a, 0x20,
 0x20, 0x20, 0x20, 0x20, 0x20, 0x20, 0x20, 0x20,
 0x20, 0x76, 0x61, 0x72, 0x20, 0x73, 0x20, 0x3d,
 0x20, 0x6e, 0x75, 0x6c, 0x6c, 0x3b, 0x0a, 0x20,
 0x20, 0x20, 0x20, 0x20, 0x20, 0x20, 0x20, 0x20,
 0x20, 0x69, 0x66, 0x28, 0x61, 0x20, 0x3c, 0x20,
 0x30, 0x29, 0x20, 0x7b, 0x0a, 0x20, 0x20, 0x20,
 0x20, 0x20, 0x20, 0x20, 0x20, 0x20, 0x20, 0x20,
 0x20, 0x61, 0x20, 0x3d, 0x20, 0x2d, 0x61, 0x3b,
 0x0a, 0x20, 0x20, 0x20, 0x20, 0x20, 0x20, 0x20,
 0x20, 0x20, 0x20, 0x20, 0x20, 0x73, 0x20, 0x3d,
 0x20, 0x27, 0x2d, 0x27, 0x3b, 0x0a, 0x20, 0x20,
 0x20, 0x20, 0x20, 0x20, 0x20, 0x20, 0x20, 0x20,
 0x7d, 0x20, 0x65, 0x6c, 0x73, 0x65, 0x20, 0x7b,
 0x0a, 0x20, 0x20, 0x20, 0x20, 0x20, 0x20, 0x20,
 0x20, 0x20, 0x20, 0x20, 0x20, 0x73, 0x20, 0x3d,
 0x20, 0x27, 0x27, 0x3b, 0x0a, 0x20, 0x20, 0x20,
 0x20, 0x20, 0x20, 0x20, 0x20, 0x20, 0x20, 0x7d,
 0x0a, 0x0a, 0x20, 0x20, 0x20, 0x20, 0x20, 0x20,
 0x20, 0x20, 0x20, 0x20, 0x73, 0x20, 0x2b, 0x3d,
 0x20, 0x27, 0x30, 0x78, 0x27, 0x20, 0x2b, 0x20,
 0x61, 0x2e, 0x74, 0x6f, 0x53, 0x74, 0x72, 0x69,
 0x6e, 0x67, 0x28, 0x31, 0x36, 0x29, 0x3b, 0x0a,
 0x20, 0x20, 0x20, 0x20, 0x20, 0x20, 0x20, 0x20,
 0x7d, 0x20, 0x65, 0x6c, 0x73, 0x65, 0x20, 0x7b,
 0x0a, 0x20, 0x20, 0x20, 0x20, 0x20, 0x20, 0x20,
 0x20, 0x20, 0x20, 0x73, 0x20, 0x3d, 0x20, 0x61,
 0x2e, 0x74, 0x6f, 0x53, 0x74, 0x72, 0x69, 0x6e,
 0x67, 0x28, 0x29, 0x3b, 0x0a, 0x20, 0x20, 0x20,
 0x20, 0x20, 0x20, 0x20, 0x20, 0x7d, 0x0a, 0x20,
 0x20, 0x20, 0x20, 0x20, 0x20, 0x7d, 0x0a, 0x0a,
 0x20, 0x20, 0x20, 0x20, 0x20, 0x20, 0x72, 0x65,
 0x74, 0x75, 0x72, 0x6e, 0x20, 0x73, 0x3b, 0x0a,
 0x20, 0x20, 0x20, 0x20, 0x7d, 0x0a, 0x20, 0x20,
 0x7d, 0x0a, 0x0a, 0x20, 0x20, 0x70, 0x72, 0x69,
 0x6e, 0x74, 0x28, 0x61, 0x29, 0x20, 0x7b, 0x0a,
 0x20, 0x20, 0x20, 0x20, 0x76, 0x61, 0x72, 0x20,
 0x73, 0x74, 0x61, 0x63, 0x6b, 0x20, 0x3d, 0x20,
 0x5b, 0x5d, 0x3b, 0x0a, 0x0a, 0x20, 0x20, 0x20,
 0x20, 0x66, 0x75, 0x6e, 0x63, 0x74, 0x69, 0x6f,
 0x6e, 0x20, 0x70, 0x72, 0x69, 0x6e, 0x74, 0x52,
 0x65, 0x63, 0x28, 0x61, 0x29, 0x20, 0x7b, 0x0a,
 0x20, 0x20, 0x20, 0x20, 0x20, 0x20, 0x76, 0x61,
 0x72, 0x20, 0x6e, 0x2c, 0x0a, 0x20, 0x20, 0x20,
 0x20, 0x20, 0x20, 0x20, 0x20, 0x69, 0x2c, 0x0a,
 0x20, 0x20, 0x20, 0x20, 0x20, 0x20, 0x20, 0x20,
 0x6b, 0x65, 0x79, 0x73, 0x2c, 0x0a, 0x20, 0x20,
 0x20, 0x20, 0x20, 0x20, 0x20, 0x20, 0x6b, 0x65,
 0x79, 0x2c, 0x0a, 0x20, 0x20, 0x20, 0x20, 0x20,
 0x20, 0x20, 0x20, 0x74, 0x79, 0x70, 0x65, 0x2c,
 0x0a, 0x20, 0x20, 0x20, 0x20, 0x20, 0x20, 0x20,
 0x20, 0x73, 0x20, 0x3d, 0x20, 0x6e, 0x75, 0x6c,
 0x6c, 0x3b, 0x0a, 0x0a, 0x20, 0x20, 0x20, 0x20,
 0x20, 0x20, 0x74, 0x79, 0x70, 0x65, 0x20, 0x3d,
 0x20, 0x74, 0x79, 0x70, 0x65, 0x6f, 0x66, 0x20,
 0x61, 0x3b, 0x0a, 0x20, 0x20, 0x20, 0x20, 0x20,
 0x20, 0x69, 0x66, 0x28, 0x74, 0x79, 0x70, 0x65,
 0x20, 0x3d, 0x3d, 0x3d, 0x20, 0x27, 0x6f, 0x62,
 0x6a, 0x65, 0x63, 0x74, 0x27, 0x29, 0x20, 0x7b,
 0x0a, 0x20, 0x20, 0x20, 0x20, 0x20, 0x20, 0x20,
 0x20, 0x69, 0x66, 0x28, 0x61, 0x20, 0x3d, 0x3d,
 0x3d, 0x20, 0x6e, 0x75, 0x6c, 0x6c, 0x29, 0x20,
 0x7b, 0x0a, 0x20, 0x20, 0x20, 0x20, 0x20, 0x20,
 0x20, 0x20, 0x20, 0x20, 0x73, 0x74, 0x64, 0x6f,
 0x75, 0x74, 0x2e, 0x70, 0x75, 0x74, 0x73, 0x28,
 0x61, 0x29, 0x3b, 0x0a, 0x20, 0x20, 0x20, 0x20,
 0x20, 0x20, 0x20, 0x20, 0x20, 0x20, 0x73, 0x74,
 0x64, 0x6f, 0x75, 0x74, 0x2e, 0x66, 0x6c, 0x75,
 0x73, 0x68, 0x28, 0x29, 0x3b, 0x0a, 0x20, 0x20,
 0x20, 0x20, 0x20, 0x20, 0x20, 0x20, 0x7d, 0x20,
 0x65, 0x6c, 0x73, 0x65, 0x20, 0x69, 0x66, 0x28,
 0x73, 0x74, 0x61, 0x63, 0x6b, 0x2e, 0x69, 0x6e,
 0x64, 0x65, 0x78, 0x4f, 0x66, 0x28, 0x61, 0x29,
 0x20, 0x3e, 0x3d, 0x20, 0x30, 0x29, 0x20, 0x7b,
 0x0a, 0x20, 0x20, 0x20, 0x20, 0x20, 0x20, 0x20,
 0x20, 0x20, 0x20, 0x73, 0x74, 0x64, 0x6f, 0x75,
 0x74, 0x2e, 0x70, 0x75, 0x74, 0x73, 0x28, 0x27,
 0x5b, 0x63, 0x69, 0x72, 0x63, 0x75, 0x6c, 0x61,
 0x72, 0x5d, 0x27, 0x29, 0x3b, 0x0a, 0x20, 0x20,
 0x20, 0x20, 0x20, 0x20, 0x20, 0x20, 0x20, 0x20,
 0x73, 0x74, 0x64, 0x6f, 0x75, 0x74, 0x2e, 0x66,
 0x6c, 0x75, 0x73, 0x68, 0x28, 0x29, 0x3b, 0x0a,
 0x20, 0x20, 0x20, 0x20, 0x20, 0x20, 0x20, 0x20,
 0x7d, 0x20, 0x65, 0x6c, 0x73, 0x65, 0x20, 0x69,
 0x66, 0x28, 0x0a, 0x20, 0x20, 0x20, 0x20, 0x20,
 0x20, 0x20, 0x20, 0x20, 0x20, 0x68, 0x61, 0x73,
 0x4a, 0x73, 0x63, 0x61, 0x6c, 0x63, 0x20, 0x26,
 0x26, 0x0a, 0x20, 0x20, 0x20, 0x20, 0x20, 0x20,
 0x20, 0x20, 0x20, 0x20, 0x28, 0x61, 0x20, 0x69,
 0x6e, 0x73, 0x74, 0x61, 0x6e, 0x63, 0x65, 0x6f,
 0x66, 0x20, 0x46, 0x72, 0x61, 0x63, 0x74, 0x69,
 0x6f, 0x6e, 0x20, 0x7c, 0x7c, 0x20, 0x61, 0x20,
 0x69, 0x6e, 0x73, 0x74, 0x61, 0x6e, 0x63, 0x65,
 0x6f, 0x66, 0x20, 0x43, 0x6f, 0x6d, 0x70, 0x6c,
 0x65, 0x78, 0x20, 0x7c, 0x7c, 0x20, 0x61, 0x20,
 0x69, 0x6e, 0x73, 0x74, 0x61, 0x6e, 0x63, 0x65,
 0x6f, 0x66, 0x20, 0x4d, 0x6f, 0x64, 0x20, 0x7c,
 0x7c, 0x20, 0x61, 0x20, 0x69, 0x6e, 0x73, 0x74,
 0x61, 0x6e, 0x63, 0x65, 0x6f, 0x66, 0x20, 0x50,
 0x6f, 0x6c, 0x79, 0x6e, 0x6f, 0x6d, 0x69, 0x61,
 0x6c, 0x20, 0x7c, 0x7c, 0x20, 0x61, 0x20, 0x69,
 0x6e, 0x73, 0x74, 0x61, 0x6e, 0x63, 0x65, 0x6f,
 0x66, 0x20, 0x50, 0x6f, 0x6c, 0x79, 0x4d, 0x6f,
 0x64, 0x20, 0x7c, 0x7c, 0x20, 0x61, 0x20, 0x69,
 0x6e, 0x73, 0x74, 0x61, 0x6e, 0x63, 0x65, 0x6f,
 0x66, 0x20, 0x52, 0x61, 0x74, 0x69, 0x6f, 0x6e,
 0x61, 0x6c, 0x46, 0x75, 0x6e, 0x63, 0x74, 0x69,
 0x6f, 0x6e, 0x20, 0x7c, 0x7c, 0x20, 0x61, 0x20,
 0x69, 0x6e, 0x73, 0x74, 0x61, 0x6e, 0x63, 0x65,
 0x6f, 0x66, 0x20, 0x53, 0x65, 0x72, 0x69, 0x65,
 0x73, 0x29, 0x0a, 0x20, 0x20, 0x20, 0x20, 0x20,
 0x20, 0x20, 0x20, 0x29, 0x20, 0x7b, 0x0a, 0x20,
 0x20, 0x20, 0x20, 0x20, 0x20, 0x20, 0x20, 0x20,
 0x20, 0x73, 0x74, 0x64, 0x6f, 0x75, 0x74, 0x2e,
 0x70, 0x75, 0x74, 0x73, 0x28, 0x61, 0x2e, 0x74,
 0x6f, 0x53, 0x74, 0x72, 0x69, 0x6e, 0x67, 0x28,
 0x29, 0x29, 0x3b, 0x0a, 0x20, 0x20, 0x20, 0x20,
 0x20, 0x20, 0x20, 0x20, 0x20, 0x20, 0x73, 0x74,
 0x64, 0x6f, 0x75, 0x74, 0x2e, 0x66, 0x6c, 0x75,
 0x73, 0x68, 0x28, 0x29, 0x3b, 0x0a, 0x20, 0x20,
 0x20, 0x20, 0x20, 0x20, 0x20, 0x20, 0x7d, 0x20,
 0x65, 0x6c, 0x73, 0x65, 0x20, 0x7b, 0x0a, 0x20,
 0x20, 0x20, 0x20, 0x20, 0x20, 0x20, 0x20, 0x20,
 0x20, 0x73, 0x74, 0x61, 0x63, 0x6b, 0x2e, 0x70,
 0x75, 0x73, 0x68, 0x28, 0x61, 0x29, 0x3b, 0x0a,
 0x20, 0x20, 0x20, 0x20, 0x20, 0x20, 0x20, 0x20,
 0x20, 0x20, 0x69, 0x66, 0x28, 0x41, 0x72, 0x72,
 0x61, 0x79, 0x2e, 0x69, 0x73, 0x41, 0x72, 0x72,
 0x61, 0x79, 0x28, 0x61, 0x29, 0x29, 0x20, 0x7b,
 0x0a, 0x20, 0x20, 0x20, 0x20, 0x20, 0x20, 0x20,
 0x20, 0x20, 0x20, 0x20, 0x20, 0x6e, 0x20, 0x3d,
 0x20, 0x61, 0x2e, 0x6c, 0x65, 0x6e, 0x67, 0x74,
 0x68, 0x3b, 0x0a, 0x20, 0x20, 0x20, 0x20, 0x20,
 0x20, 0x20, 0x20, 0x20, 0x20, 0x20, 0x20, 0x73,
 0x74, 0x64, 0x6f, 0x75, 0x74, 0x2e, 0x70, 0x75,
 0x74, 0x73, 0x28, 0x27, 0x5b, 0x20, 0x27, 0x29,
 0x3b, 0x0a, 0x20, 0x20, 0x20, 0x20, 0x20, 0x20,
 0x20, 0x20, 0x20, 0x20, 0x20, 0x20, 0x66, 0x6f,
 0x72, 0x28, 0x69, 0x20, 0x3d, 0x20, 0x30, 0x3b,
 0x20, 0x69, 0x20, 0x3c, 0x20, 0x6e, 0x3b, 0x20,
 0x69, 0x2b, 0x2b, 0x29, 0x20, 0x7b, 0x0a, 0x20,
 0x20, 0x20, 0x20, 0x20, 0x20, 0x20, 0x20, 0x20,
 0x20, 0x20, 0x20, 0x20, 0x20, 0x69, 0x66, 0x28,
 0x69, 0x20, 0x21, 0x3d, 0x3d, 0x20, 0x30, 0x29,
 0x20, 0x73, 0x74, 0x64, 0x6f, 0x75, 0x74, 0x2e,
 0x70, 0x75, 0x74, 0x73, 0x28, 0x27, 0x2c, 0x20,
 0x27, 0x29, 0x3b, 0x0a, 0x20, 0x20, 0x20, 0x20,
 0x20, 0x20, 0x20, 0x20, 0x20, 0x20, 0x20, 0x20,
 0x20, 0x20, 0x69, 0x66, 0x28, 0x69, 0x20, 0x69,
 0x6e, 0x20, 0x61, 0x29, 0x20, 0x7b, 0x0a, 0x20,
 0x20, 0x20, 0x20, 0x20, 0x20, 0x20, 0x20, 0x20,
 0x20, 0x20, 0x20, 0x20, 0x20, 0x20, 0x20, 0x70,
 0x72, 0x69, 0x6e, 0x74, 0x52, 0x65, 0x63, 0x28,
 0x61, 0x5b, 0x69, 0x5d, 0x29, 0x3b, 0x0a, 0x20,
 0x20, 0x20, 0x20, 0x20, 0x20, 0x20, 0x20, 0x20,
 0x20, 0x20, 0x20, 0x20, 0x20, 0x7d, 0x20, 0x65,
 0x6c, 0x73, 0x65, 0x20, 0x7b, 0x0a, 0x20, 0x20,
 0x20, 0x20, 0x20, 0x20, 0x20, 0x20, 0x20, 0x20,
 0x20, 0x20, 0x20, 0x20, 0x20, 0x20, 0x73, 0x74,
 0x64, 0x6f, 0x75, 0x74, 0x2e, 0x70, 0x75, 0x74,
 0x73, 0x28, 0x27, 0x3c, 0x65, 0x6d, 0x70, 0x74,
 0x79, 0x3e, 0x27, 0x29, 0x3b, 0x0a, 0x20, 0x20,
 0x20, 0x20, 0x20, 0x20, 0x20, 0x20, 0x20, 0x20,
 0x20, 0x20, 0x20, 0x20, 0x7d, 0x0a, 0x20, 0x20,
 0x20, 0x20, 0x20, 0x20, 0x20, 0x20, 0x20, 0x20,
 0x20, 0x20, 0x20, 0x20, 0x69, 0x66, 0x28, 0x69,
 0x20, 0x3e, 0x20, 0x32, 0x30, 0x29, 0x20, 0x7b,
 0x0a, 0x20, 0x20, 0x20, 0x20, 0x20, 0x20, 0x20,
 0x20, 0x20, 0x20, 0x20, 0x20, 0x20, 0x20, 0x20,
 0x20, 0x73, 0x74, 0x64, 0x6f, 0x75, 0x74, 0x2e,
 0x70, 0x75, 0x74, 0x73, 0x28, 0x27, 0x2e, 0x2e,
 0x2e, 0x27, 0x29, 0x3b, 0x0a, 0x20, 0x20, 0x20,
 0x20, 0x20, 0x20, 0x20, 0x20, 0x20, 0x20, 0x20,
 0x20, 0x20, 0x20, 0x20, 0x20, 0x62, 0x72, 0x65,
 0x61, 0x6b, 0x3b, 0x0a, 0x20, 0x20, 0x20, 0x20,
 0x20, 0x20, 0x20, 0x20, 0x20, 0x20, 0x20, 0x20,
 0x20, 0x20, 0x7d, 0x0a, 0x20, 0x20, 0x20, 0x20,
 0x20, 0x20, 0x20, 0x20, 0x20, 0x20, 0x20, 0x20,
 0x7d, 0x0a, 0x20, 0x20, 0x20, 0x20, 0x20, 0x20,
 0x20, 0x20, 0x20, 0x20, 0x20, 0x20, 0x73, 0x74,
 0x64, 0x6f, 0x75, 0x74, 0x2e, 0x70, 0x75, 0x74,
 0x73, 0x28, 0x27, 0x20, 0x5d, 0x27, 0x29, 0x3b,
 0x0a, 0x20, 0x20, 0x20, 0x20, 0x20, 0x20, 0x20,
 0x20, 0x20, 0x20, 0x20, 0x20, 0x73, 0x74, 0x64,
 0x6f, 0x75, 0x74, 0x2e, 0x66, 0x6c, 0x75, 0x73,
 0x68, 0x28, 0x29, 0x3b, 0x0a, 0x20, 0x20, 0x20,
 0x20, 0x20, 0x20, 0x20, 0x20, 0x20, 0x20, 0x7d,
 0x20, 0x65, 0x6c, 0x73, 0x65, 0x20, 0x69, 0x66,
 0x28, 0x4f, 0x62, 0x6a, 0x65, 0x63, 0x74, 0x2e,
 0x5f, 0x5f, 0x67, 0x65, 0x74, 0x43, 0x6c, 0x61,
 0x73, 0x73, 0x28, 0x61, 0x29, 0x20, 0x3d, 0x3d,
 0x3d, 0x20, 0x27, 0x52, 0x65, 0x67, 0x45, 0x78,
 0x70, 0x27, 0x29, 0x20, 0x7b, 0x0a, 0x20, 0x20,
 0x20, 0x20, 0x20, 0x20, 0x20, 0x20, 0x20, 0x20,
 0x20, 0x20, 0x73, 0x74, 0x64, 0x6f, 0x75, 0x74,
 0x2e, 0x70, 0x75, 0x74, 0x73, 0x28, 0x61, 0x2e,
 0x74, 0x6f, 0x53, 0x74, 0x72, 0x69, 0x6e, 0x67,
 0x28, 0x29, 0x29, 0x3b, 0x0a, 0x20, 0x20, 0x20,
 0x20, 0x20, 0x20, 0x20, 0x20, 0x20, 0x20, 0x20,
 0x20, 0x73, 0x74, 0x64, 0x6f, 0x75, 0x74, 0x2e,
 0x66, 0x6c, 0x75, 0x73, 0x68, 0x28, 0x29, 0x3b,
 0x0a, 0x20, 0x20, 0x20, 0x20, 0x20, 0x20, 0x20,
 0x20, 0x20, 0x20, 0x7d, 0x20, 0x65, 0x6c, 0x73,
 0x65, 0x20, 0x7b, 0x0a, 0x20, 0x20, 0x20, 0x20,
 0x20, 0x20, 0x20, 0x20, 0x20, 0x20, 0x20, 0x20,
 0x6b, 0x65, 0x79, 0x73, 0x20, 0x3d, 0x20, 0x4f,
 0x62, 0x6a, 0x65, 0x63, 0x74, 0x2e, 0x6b, 0x65,
 0x79, 0x73, 0x28, 0x61, 0x29, 0x3b, 0x0a, 0x20,
 0x20, 0x20, 0x20, 0x20, 0x20, 0x20, 0x20, 0x20,
 0x20, 0x20, 0x20, 0x6e, 0x20, 0x3d, 0x20, 0x6b,
 0x65, 0x79, 0x73, 0x2e, 0x6c, 0x65, 0x6e, 0x67,
 0x74, 0x68, 0x3b, 0x0a, 0x20, 0x20, 0x20, 0x20,
 0x20, 0x20, 0x20, 0x20, 0x20, 0x20, 0x20, 0x20,
 0x73, 0x74, 0x64, 0x6f, 0x75, 0x74, 0x2e, 0x70,
 0x75, 0x74, 0x73, 0x28, 0x27, 0x7b, 0x20, 0x27,
 0x29, 0x3b, 0x0a, 0x20, 0x20, 0x20, 0x20, 0x20,
 0x20, 0x20, 0x20, 0x20, 0x20, 0x20, 0x20, 0x66,
 0x6f, 0x72, 0x28, 0x69, 0x20, 0x3d, 0x20, 0x30,
 0x3b, 0x20, 0x69, 0x20, 0x3c, 0x20, 0x6e, 0x3b,
 0x20, 0x69, 0x2b, 0x2b, 0x29, 0x20, 0x7b, 0x0a,
 0x20, 0x20, 0x20, 0x20, 0x20, 0x20, 0x20, 0x20,
 0x20, 0x20, 0x20, 0x20, 0x20, 0x20, 0x69, 0x66,
 0x28, 0x69, 0x20, 0x21, 0x3d, 0x3d, 0x20, 0x30,
 0x29, 0x20, 0x73, 0x74, 0x64, 0x6f, 0x75, 0x74,
 0x2e, 0x70, 0x75, 0x74, 0x73, 0x28, 0x27, 0x2c,
 0x20, 0x27, 0x29, 0x3b, 0x0a, 0x20, 0x20, 0x20,
 0x20, 0x20, 0x20, 0x20, 0x20, 0x20, 0x20, 0x20,
 0x20, 0x20, 0x20, 0x6b, 0x65, 0x79, 0x20, 0x3d,
 0x20, 0x6b, 0x65, 0x79, 0x73, 0x5b, 0x69, 0x5d,
 0x3b, 0x0a, 0x20, 0x20, 0x20, 0x20, 0x20, 0x20,
 0x20, 0x20, 0x20, 0x20, 0x20, 0x20, 0x20, 0x20,
 0x73, 0x74, 0x64, 0x6f, 0x75, 0x74, 0x2e, 0x70,
 0x75, 0x74, 0x73, 0x28, 0x6b, 0x65, 0x79, 0x2c,
 0x20, 0x27, 0x3a, 0x20, 0x27, 0x29, 0x3b, 0x0a,
 0x20, 0x20, 0x20, 0x20, 0x20, 0x20, 0x20, 0x20,
 0x20, 0x20, 0x20, 0x20, 0x20, 0x20, 0x70, 0x72,
 0x69, 0x6e, 0x74, 0x52, 0x65, 0x63, 0x28, 0x61,
 0x5b, 0x6b, 0x65, 0x79, 0x5d, 0x29, 0x3b, 0x0a,
 0x20, 0x20, 0x20, 0x20, 0x20, 0x20, 0x20, 0x20,
 0x20, 0x20, 0x20, 0x20, 0x7d, 0x0a, 0x20, 0x20,
 0x20, 0x20, 0x20, 0x20, 0x20, 0x20, 0x20, 0x20,
 0x20, 0x20, 0x73, 0x74, 0x64, 0x6f, 0x75, 0x74,
 0x2e, 0x70, 0x75, 0x74, 0x73, 0x28, 0x27, 0x20,
 0x7d, 0x27, 0x29, 0x3b, 0x0a, 0x20, 0x20, 0x20,
 0x20, 0x20, 0x20, 0x20, 0x20, 0x20, 0x20, 0x20,
 0x20, 0x73, 0x74, 0x64, 0x6f, 0x75, 0x74, 0x2e,
 0x66, 0x6c, 0x75, 0x73, 0x68, 0x28, 0x29, 0x3b,
 0x0a, 0x20, 0x20, 0x20, 0x20, 0x20, 0x20, 0x20,
 0x20, 0x20, 0x20, 0x7d, 0x0a, 0x20, 0x20, 0x20,
 0x20, 0x20, 0x20, 0x20, 0x20, 0x20, 0x20, 0x73,
 0x74, 0x61, 0x63, 0x6b, 0x2e, 0x70, 0x6f, 0x70,
 0x28, 0x61, 0x29, 0x3b, 0x0a, 0x20, 0x20, 0x20,
 0x20, 0x20, 0x20, 0x20, 0x20, 0x7d, 0x0a, 0x20,
 0x20, 0x20, 0x20, 0x20, 0x20, 0x7d, 0x20, 0x65,
 0x6c, 0x73, 0x65, 0x20, 0x69, 0x66, 0x28, 0x74,
 0x79, 0x70, 0x65, 0x20, 0x3d, 0x3d, 0x3d, 0x20,
 0x27, 0x73, 0x74, 0x72, 0x69, 0x6e, 0x67, 0x27,
 0x29, 0x20, 0x7b, 0x0a, 0x20, 0x20, 0x20, 0x20,
 0x20, 0x20, 0x20, 0x20, 0x73, 0x20, 0x3d, 0x20,
 0x61, 0x2e, 0x5f, 0x5f, 0x71, 0x75, 0x6f, 0x74,
 0x65, 0x28, 0x29, 0x3b, 0x0a, 0x20, 0x20, 0x20,
 0x20, 0x20, 0x20, 0x20, 0x20, 0x69, 0x66, 0x28,
 0x73, 0x2e, 0x6c, 0x65, 0x6e, 0x67, 0x74, 0x68,
 0x20, 0x3e, 0x20, 0x37, 0x39, 0x29, 0x20, 0x73,
 0x20, 0x3d, 0x20, 0x73, 0x2e, 0x73, 0x75, 0x62,
 0x73, 0x74, 0x72, 0x69, 0x6e, 0x67, 0x28, 0x30,
 0x2c, 0x20, 0x37, 0x35, 0x29, 0x20, 0x2b, 0x20,
 0x27, 0x2e, 0x2e, 0x2e, 0x22, 0x27, 0x3b, 0x0a,
 0x20, 0x20, 0x20, 0x20, 0x20, 0x20, 0x20, 0x20,
 0x73, 0x74, 0x64, 0x6f, 0x75, 0x74, 0x2e, 0x70,
 0x75, 0x74, 0x73, 0x28, 0x73, 0x29, 0x3b, 0x0a,
 0x20, 0x20, 0x20, 0x20, 0x20, 0x20, 0x20, 0x20,
 0x73, 0x74, 0x64, 0x6f, 0x75, 0x74, 0x2e, 0x66,
 0x6c, 0x75, 0x73, 0x68, 0x28, 0x29, 0x3b, 0x0a,
 0x20, 0x20, 0x20, 0x20, 0x20, 0x20, 0x7d, 0x20,
 0x65, 0x6c, 0x73, 0x65, 0x20, 0x69, 0x66, 0x28,
 0x74, 0x79, 0x70, 0x65, 0x20, 0x3d, 0x3d, 0x3d,
 0x20, 0x27, 0x6e, 0x75, 0x6d, 0x62, 0x65, 0x72,
 0x27, 0x29, 0x20, 0x7b, 0x0a, 0x20, 0x20, 0x20,
 0x20, 0x20, 0x20, 0x20, 0x20, 0x73, 0x74, 0x64,
 0x6f, 0x75, 0x74, 0x2e, 0x70, 0x75, 0x74, 0x73,
 0x28, 0x74, 0x68, 0x69, 0x73, 0x2e, 0x6e, 0x75,
 0x6d, 0x62, 0x65, 0x72, 0x54, 0x6f, 0x53, 0x74,
 0x72, 0x69, 0x6e, 0x67, 0x28, 0x61, 0x2c, 0x20,
 0x68, 0x65, 0x78, 0x4d, 0x6f, 0x64, 0x65, 0x20,
 0x3f, 0x20, 0x31, 0x36, 0x20, 0x3a, 0x20, 0x31,
 0x30, 0x29, 0x29, 0x3b, 0x0a, 0x20, 0x20, 0x20,
 0x20, 0x20, 0x20, 0x20, 0x20, 0x73, 0x74, 0x64,
 0x6f, 0x75, 0x74, 0x2e, 0x66, 0x6c, 0x75, 0x73,
 0x68, 0x28, 0x29, 0x3b, 0x0a, 0x20, 0x20, 0x20,
 0x20, 0x20, 0x20, 0x7d, 0x20, 0x65, 0x6c, 0x73,
 0x65, 0x20, 0x69, 0x66, 0x28, 0x74, 0x79, 0x70,
 0x65, 0x20, 0x3d, 0x3d, 0x3d, 0x20, 0x27, 0x62,
 0x69, 0x67, 0x69, 0x6e, 0x74, 0x27, 0x29, 0x20,
 0x7b, 0x0a, 0x20, 0x20, 0x20, 0x20, 0x20, 0x20,
 0x20, 0x20, 0x73, 0x74, 0x64, 0x6f, 0x75, 0x74,
 0x2e, 0x70, 0x75, 0x74, 0x73, 0x28, 0x74, 0x68,
 0x69, 0x73, 0x2e, 0x62, 0x69, 0x67, 0x69, 0x6e,
 0x74, 0x54, 0x6f, 0x53, 0x74, 0x72, 0x69, 0x6e,
 0x67, 0x28, 0x61, 0x2c, 0x20, 0x68, 0x65, 0x78,
 0x4d, 0x6f, 0x64, 0x65, 0x20, 0x3f, 0x20, 0x31,
 0x36, 0x20, 0x3a, 0x20, 0x31, 0x30, 0x29, 0x29,
 0x3b, 0x0a, 0x20, 0x20, 0x20, 0x20, 0x20, 0x20,
 0x20, 0x20, 0x73, 0x74, 0x64, 0x6f, 0x75, 0x74,
 0x2e, 0x66, 0x6c, 0x75, 0x73, 0x68, 0x28, 0x29,
 0x3b, 0x0a, 0x20, 0x20, 0x20, 0x20, 0x20, 0x20,
 0x7d, 0x20, 0x65, 0x6c, 0x73, 0x65, 0x20, 0x69,
 0x66, 0x28, 0x74, 0x79, 0x70, 0x65, 0x20, 0x3d,
 0x3d, 0x3d, 0x20, 0x27, 0x62, 0x69, 0x67, 0x66,
 0x6c, 0x6f, 0x61, 0x74, 0x27, 0x29, 0x20, 0x7b,
 0x0a, 0x20, 0x20, 0x20, 0x20, 0x20, 0x20, 0x20,
 0x20, 0x73, 0x74, 0x64, 0x6f, 0x75, 0x74, 0x2e,
 0x70, 0x75, 0x74, 0x73, 0x28, 0x74, 0x68, 0x69,
 0x73, 0x2e, 0x62, 0x69, 0x67, 0x66, 0x6c, 0x6f,
 0x61, 0x74, 0x54, 0x6f, 0x53, 0x74, 0x72, 0x69,
 0x6e, 0x67, 0x28, 0x61, 0x2c, 0x20, 0x68, 0x65,
 0x78, 0x4d, 0x6f, 0x64, 0x65, 0x20, 0x3f, 0x20,
 0x31, 0x36, 0x20, 0x3a, 0x20, 0x31, 0x30, 0x29,
 0x29, 0x3b, 0x0a, 0x20, 0x20, 0x20, 0x20, 0x20,
 0x20, 0x20, 0x20, 0x73, 0x74, 0x64, 0x6f, 0x75,
 0x74, 0x2e, 0x66, 0x6c, 0x75, 0x73, 0x68, 0x28,
 0x29, 0x3b, 0x0a, 0x20, 0x20, 0x20, 0x20, 0x20,
 0x20, 0x7d, 0x20, 0x65, 0x6c, 0x73, 0x65, 0x20,
 0x69, 0x66, 0x28, 0x74, 0x79, 0x70, 0x65, 0x20,
 0x3d, 0x3d, 0x3d, 0x20, 0x27, 0x62, 0x69, 0x67,
 0x64, 0x65, 0x63, 0x69, 0x6d, 0x61, 0x6c, 0x27,
 0x29, 0x20, 0x7b, 0x0a, 0x20, 0x20, 0x20, 0x20,
 0x20, 0x20, 0x20, 0x20, 0x73, 0x74, 0x64, 0x6f,
 0x75, 0x74, 0x2e, 0x70, 0x75, 0x74, 0x73, 0x28,
 0x61, 0x2e, 0x74, 0x6f, 0x53, 0x74, 0x72, 0x69,
 0x6e, 0x67, 0x28, 0x29, 0x20, 0x2b, 0x20, 0x27,
 0x6d, 0x27, 0x29, 0x3b, 0x0a, 0x20, 0x20, 0x20,
 0x20, 0x20, 0x20, 0x20, 0x20, 0x73, 0x74, 0x64,
 0x6f, 0x75, 0x74, 0x2e, 0x66, 0x6c, 0x75, 0x73,
 0x68, 0x28, 0x29, 0x3b, 0x0a, 0x20, 0x20, 0x20,
 0x20, 0x20, 0x20, 0x7d, 0x20, 0x65, 0x6c, 0x73,
 0x65, 0x20, 0x69, 0x66, 0x28, 0x74, 0x79, 0x70,
 0x65, 0x20, 0x3d, 0x3d, 0x3d, 0x20, 0x27, 0x73,
 0x79, 0x6d, 0x62, 0x6f, 0x6c, 0x27, 0x29, 0x20,
 0x7b, 0x0a, 0x20, 0x20, 0x20, 0x20, 0x20, 0x20,
 0x20, 0x20, 0x73, 0x74, 0x64, 0x6f, 0x75, 0x74,
 0x2e, 0x70, 0x75, 0x74, 0x73, 0x28, 0x53, 0x74,
 0x72, 0x69, 0x6e, 0x67, 0x28, 0x61, 0x29, 0x29,
 0x3b, 0x0a, 0x20, 0x20, 0x20, 0x20, 0x20, 0x20,
 0x20, 0x20, 0x73, 0x74, 0x64, 0x6f, 0x75, 0x74,
 0x2e, 0x66, 0x6c, 0x75, 0x73, 0x68, 0x28, 0x29,
 0x3b, 0x0a, 0x20, 0x20, 0x20, 0x20, 0x20, 0x20,
 0x7d, 0x20, 0x65, 0x6c, 0x73, 0x65, 0x20, 0x69,
 0x66, 0x28, 0x74, 0x79, 0x70, 0x65, 0x20, 0x3d,
 0x3d, 0x3d, 0x20, 0x27, 0x66, 0x75, 0x6e, 0x63,
 0x74, 0x69, 0x6f, 0x6e, 0x27, 0x29, 0x20, 0x7b,
 0x0a, 0x20, 0x20, 0x20, 0x20, 0x20, 0x20, 0x20,
 0x20, 0x73, 0x74, 0x64, 0x6f, 0x75, 0x74, 0x2e,
 0x70, 0x75, 0x74, 0x73, 0x28, 0x27, 0x66, 0x75,
 0x6e, 0x63, 0x74, 0x69, 0x6f, 0x6e, 0x20, 0x27,
 0x20, 0x2b, 0x20, 0x61, 0x2e, 0x6e, 0x61, 0x6d,
 0x65, 0x20, 0x2b, 0x20, 0x27, 0x28, 0x29, 0x27,
 0x29, 0x3b, 0x0a, 0x20, 0x20, 0x20, 0x20, 0x20,
 0x20, 0x20, 0x20, 0x73, 0x74, 0x64, 0x6f, 0x75,
 0x74, 0x2e, 0x66, 0x6c, 0x75, 0x73, 0x68, 0x28,
 0x29, 0x3b, 0x0a, 0x20, 0x20, 0x20, 0x20, 0x20,
 0x20, 0x7d, 0x20, 0x65, 0x6c, 0x73, 0x65, 0x20,
 0x7b, 0x0a, 0x20, 0x20, 0x20, 0x20, 0x20, 0x20,
 0x20, 0x20, 0x73, 0x74, 0x64, 0x6f, 0x75, 0x74,
 0x2e, 0x70, 0x75, 0x74, 0x73, 0x28, 0x61, 0x29,
 0x3b, 0x0a, 0x20, 0x20, 0x20, 0x20, 0x20, 0x20,
 0x20, 0x20, 0x73, 0x74, 0x64, 0x6f, 0x75, 0x74,
 0x2e, 0x66, 0x6c, 0x75, 0x73, 0x68, 0x28, 0x29,
 0x3b, 0x0a, 0x20, 0x20, 0x20, 0x20, 0x20, 0x20,
 0x7d, 0x0a, 0x20, 0x20, 0x20, 0x20, 0x7d, 0x0a,
 0x20, 0x20, 0x20, 0x20, 0x70, 0x72, 0x69, 0x6e,
 0x74, 0x52, 0x65, 0x63, 0x28, 0x61, 0x29, 0x3b,
 0x0a, 0x20, 0x20, 0x7d, 0x0a, 0x0a, 0x20, 0x20,
 0x73, 0x68, 0x6f, 0x77, 0x28, 0x72, 0x65, 0x73,
 0x75, 0x6c, 0x74, 0x29, 0x20, 0x7b, 0x0a, 0x20,
 0x20, 0x20, 0x20, 0x6c, 0x65, 0x74, 0x20, 0x6f,
 0x75, 0x74, 0x2c, 0x0a, 0x20, 0x20, 0x20, 0x20,
 0x20, 0x20, 0x69, 0x2c, 0x0a, 0x20, 0x20, 0x20,
 0x20, 0x20, 0x20, 0x6f, 0x70, 0x74, 0x73, 0x20,
 0x3d, 0x20, 0x7b, 0x20, 0x2e, 0x2e, 0x2e, 0x74,
 0x68, 0x69, 0x73, 0x2e, 0x69, 0x6e, 0x73, 0x70,
 0x65, 0x63, 0x74, 0x4f, 0x70, 0x74, 0x69, 0x6f,
 0x6e, 0x73, 0x20, 0x7d, 0x3b, 0x0a, 0x0a, 0x20,
 0x20, 0x20, 0x20, 0x6f, 0x75, 0x74, 0x20, 0x3d,
 0x20, 0x69, 0x6e, 0x73, 0x70, 0x65, 0x63, 0x74,
 0x28, 0x72, 0x65, 0x73, 0x75, 0x6c, 0x74, 0x2c,
 0x20, 0x6f, 0x70, 0x74, 0x73, 0x29, 0x3b, 0x0a,
 0x0a, 0x20, 0x20, 0x20, 0x20, 0x66, 0x6f, 0x72,
 0x28, 0x69, 0x20, 0x3d, 0x20, 0x30, 0x3b, 0x20,
 0x69, 0x20, 0x3d, 0x3d, 0x20, 0x30, 0x20, 0x7c,
 0x7c, 0x20, 0x28, 0x6f, 0x70, 0x74, 0x73, 0x2e,
 0x6d, 0x61, 0x78, 0x41, 0x72, 0x72, 0x61, 0x79,
 0x4c, 0x65, 0x6e, 0x67, 0x74, 0x68, 0x20, 0x21,
 0x3d, 0x20, 0x49, 0x6e, 0x66, 0x69, 0x6e, 0x69,
 0x74, 0x79, 0x20, 0x26, 0x26, 0x20, 0x6f, 0x70,
 0x74, 0x73, 0x2e, 0x6d, 0x61, 0x78, 0x41, 0x72,
 0x72, 0x61, 0x79, 0x4c, 0x65, 0x6e, 0x67, 0x74,
 0x68, 0x20, 0x3e, 0x20, 0x31, 0x30, 0x29, 0x3b,
 0x20, 0x2b, 0x2b, 0x69, 0x29, 0x20, 0x7b, 0x0a,
 0x20, 0x20, 0x20, 0x20, 0x20, 0x20, 0x6c, 0x65,
 0x74, 0x20, 0x5b, 0x6c, 0x69, 0x6e, 0x65, 0x73,
 0x2c, 0x20, 0x63, 0x6f, 0x6c, 0x75, 0x6d, 0x6e,
 0x73, 0x5d, 0x20, 0x3d, 0x20, 0x4c, 0x69, 0x6e,
 0x65, 0x73, 0x41, 0x6e, 0x64, 0x43, 0x6f, 0x6c,
 0x75, 0x6d, 0x6e, 0x73, 0x28, 0x6f, 0x75, 0x74,
 0x29, 0x3b, 0x0a, 0x0a, 0x20, 0x20, 0x20, 0x20,
 0x20, 0x20, 0x69, 0x66, 0x28, 0x6c, 0x69, 0x6e,
 0x65, 0x73, 0x20, 0x3c, 0x20, 0x74, 0x68, 0x69,
 0x73, 0x2e, 0x6c, 0x69, 0x6e, 0x65, 0x73, 0x29,
 0x20, 0x62, 0x72, 0x65, 0x61, 0x6b, 0x3b, 0x0a,
 0x20, 0x20, 0x20, 0x20, 0x20, 0x20, 0x69, 0x66,
 0x28, 0x6f, 0x70, 0x74, 0x73, 0x2e, 0x64, 0x65,
 0x70, 0x74, 0x68, 0x20, 0x3d, 0x3d, 0x20, 0x49,
 0x6e, 0x66, 0x69, 0x6e, 0x69, 0x74, 0x79, 0x29,
 0x20, 0x6f, 0x70, 0x74, 0x73, 0x2e, 0x64, 0x65,
 0x70, 0x74, 0x68, 0x20, 0x3d, 0x20, 0x34, 0x3b,
 0x0a, 0x20, 0x20, 0x20, 0x20, 0x20, 0x20, 0x2f,
 0x2f, 0x65, 0x6c, 0x73, 0x65, 0x20, 0x69, 0x66,
 0x28, 0x6f, 0x70, 0x74, 0x73, 0x2e, 0x6d, 0x61,
 0x78, 0x41, 0x72, 0x72, 0x61, 0x79, 0x4c, 0x65,
 0x6e, 0x67, 0x74, 0x68, 0x20, 0x3d, 0x3d, 0x20,
 0x49, 0x6e, 0x66, 0x69, 0x6e, 0x69, 0x74, 0x79,
 0x29, 0x20, 0x6f, 0x70, 0x74, 0x73, 0x2e, 0x6d,
 0x61, 0x78, 0x41, 0x72, 0x72, 0x61, 0x79, 0x4c,
 0x65, 0x6e, 0x67, 0x74, 0x68, 0x20, 0x3d, 0x20,
 0x4d, 0x61, 0x74, 0x68, 0x2e, 0x63, 0x65, 0x69,
 0x6c, 0x28, 0x74, 0x68, 0x69, 0x73, 0x2e, 0x6c,
 0x69, 0x6e, 0x65, 0x73, 0x20, 0x2f, 0x20, 0x32,
 0x29, 0x3b, 0x0a, 0x20, 0x20, 0x20, 0x20, 0x20,
 0x20, 0x65, 0x6c, 0x73, 0x65, 0x20, 0x69, 0x66,
 0x28, 0x63, 0x6f, 0x6c, 0x75, 0x6d, 0x6e, 0x73,
 0x20, 0x3c, 0x20, 0x74, 0x68, 0x69, 0x73, 0x2e,
 0x63, 0x6f, 0x6c, 0x75, 0x6d, 0x6e, 0x73, 0x20,
 0x26, 0x26, 0x20, 0x6f, 0x70, 0x74, 0x73, 0x2e,
 0x63, 0x6f, 0x6d, 0x70, 0x61, 0x63, 0x74, 0x20,
 0x21, 0x3d, 0x3d, 0x20, 0x66, 0x61, 0x6c, 0x73,
 0x65, 0x20, 0x26, 0x26, 0x20, 0x28, 0x74, 0x79,
 0x70, 0x65, 0x6f, 0x66, 0x20, 0x6f, 0x70, 0x74,
 0x73, 0x2e, 0x63, 0x6f, 0x6d, 0x70, 0x61, 0x63,
 0x74, 0x20, 0x21, 0x3d, 0x20, 0x27, 0x6e, 0x75,
 0x6d, 0x62, 0x65, 0x72, 0x27, 0x20, 0x7c, 0x7c,
 0x20, 0x6f, 0x70, 0x74, 0x73, 0x2e, 0x63, 0x6f,
 0x6d, 0x70, 0x61, 0x63, 0x74, 0x20, 0x3c, 0x3d,
 0x20, 0x33, 0x29, 0x29, 0x20, 0x6f, 0x70, 0x74,
 0x73, 0x2e, 0x63, 0x6f, 0x6d, 0x70, 0x61, 0x63,
 0x74, 0x20, 0x3d, 0x20, 0x28, 0x6f, 0x70, 0x74,
 0x73, 0x2e, 0x63, 0x6f, 0x6d, 0x70, 0x61, 0x63,
 0x74, 0x20, 0x7c, 0x20, 0x30, 0x29, 0x20, 0x2b,
 0x20, 0x31, 0x3b, 0x0a, 0x20, 0x20, 0x20, 0x20,
 0x20, 0x20, 0x65, 0x6c, 0x73, 0x65, 0x20, 0x69,
 0x66, 0x28, 0x6f, 0x70, 0x74, 0x73, 0x2e, 0x6d,
 0x61, 0x78, 0x41, 0x72, 0x72, 0x61, 0x79, 0x4c,
 0x65, 0x6e, 0x67, 0x74, 0x68, 0x20, 0x21, 0x3d,
 0x3d, 0x20, 0x49, 0x6e, 0x66, 0x69, 0x6e, 0x69,
 0x74, 0x79, 0x29, 0x20, 0x6f, 0x70, 0x74, 0x73,
 0x2e, 0x6d, 0x61, 0x78, 0x41, 0x72, 0x72, 0x61,
 0x79, 0x4c, 0x65, 0x6e, 0x67, 0x74, 0x68, 0x20,
 0x3e, 0x3e, 0x3e, 0x3d, 0x20, 0x31, 0x3b, 0x0a,
 0x20, 0x20, 0x20, 0x20, 0x20, 0x20, 0x6f, 0x75,
 0x74, 0x20, 0x3d, 0x20, 0x69, 0x6e, 0x73, 0x70,
 0x65, 0x63, 0x74, 0x28, 0x72, 0x65, 0x73, 0x75,
 0x6c, 0x74, 0x2c, 0x20, 0x6f, 0x70, 0x74, 0x73,
 0x29, 0x3b, 0x0a, 0x20, 0x20, 0x20, 0x20, 0x7d,
 0x0a, 0x0a, 0x20, 0x20, 0x20, 0x20, 0x66, 0x75,
 0x6e, 0x63, 0x74, 0x69, 0x6f, 0x6e, 0x20, 0x4c,
 0x69, 0x6e, 0x65, 0x73, 0x41, 0x6e, 0x64, 0x43,
 0x6f, 0x6c, 0x75, 0x6d, 0x6e, 0x73, 0x28, 0x73,
 0x74, 0x72, 0x29, 0x20, 0x7b, 0x0a, 0x20, 0x20,
 0x20, 0x20, 0x20, 0x20, 0x6c, 0x65, 0x74, 0x20,
 0x69, 0x2c, 0x0a, 0x20, 0x20, 0x20, 0x20, 0x20,
 0x20, 0x20, 0x20, 0x6a, 0x2c, 0x0a, 0x20, 0x20,
 0x20, 0x20, 0x20, 0x20, 0x20, 0x20, 0x6b, 0x20,
 0x3d, 0x20, 0x30, 0x2c, 0x0a, 0x20, 0x20, 0x20,
 0x20, 0x20, 0x20, 0x20, 0x20, 0x72, 0x6f, 0x77,
 0x73, 0x20, 0x3d, 0x20, 0x30, 0x2c, 0x0a, 0x20,
 0x20, 0x20, 0x20, 0x20, 0x20, 0x20, 0x20, 0x6e,
 0x20, 0x3d, 0x20, 0x73, 0x74, 0x72, 0x2e, 0x6c,
 0x65, 0x6e, 0x67, 0x74, 0x68, 0x3b, 0x0a, 0x20,
 0x20, 0x20, 0x20, 0x20, 0x20, 0x66, 0x6f, 0x72,
 0x28, 0x69, 0x20, 0x3d, 0x20, 0x6a, 0x20, 0x3d,
 0x20, 0x30, 0x3b, 0x20, 0x69, 0x20, 0x3c, 0x20,
 0x6e, 0x3b, 0x20, 0x29, 0x20, 0x7b, 0x0a, 0x20,
 0x20, 0x20, 0x20, 0x20, 0x20, 0x20, 0x20, 0x69,
 0x66, 0x28, 0x28, 0x6a, 0x20, 0x3d, 0x20, 0x73,
 0x74, 0x72, 0x2e, 0x69, 0x6e, 0x64, 0x65, 0x78,
 0x4f, 0x66, 0x28, 0x27, 0x5c, 0x6e, 0x27, 0x2c,
 0x20, 0x69, 0x29, 0x29, 0x20, 0x3d, 0x3d, 0x20,
 0x2d, 0x31, 0x29, 0x20, 0x62, 0x72, 0x65, 0x61,
 0x6b, 0x3b, 0x0a, 0x20, 0x20, 0x20, 0x20, 0x20,
 0x20, 0x20, 0x20, 0x6c, 0x65, 0x74, 0x20, 0x77,
 0x20, 0x3d, 0x20, 0x6a, 0x20, 0x2d, 0x20, 0x69,
 0x3b, 0x0a, 0x20, 0x20, 0x20, 0x20, 0x20, 0x20,
 0x20, 0x20, 0x2b, 0x2b, 0x72, 0x6f, 0x77, 0x73,
 0x3b, 0x0a, 0x20, 0x20, 0x20, 0x20, 0x20, 0x20,
 0x20, 0x20, 0x2f, 0x2f, 0x72, 0x65, 0x74, 0x2e,
 0x70, 0x75, 0x73, 0x68, 0x28, 0x77, 0x29, 0x3b,
 0x0a, 0x20, 0x20, 0x20, 0x20, 0x20, 0x20, 0x20,
 0x20, 0x69, 0x66, 0x28, 0x6b, 0x20, 0x3c, 0x20,
 0x77, 0x29, 0x20, 0x6b, 0x20, 0x3d, 0x20, 0x77,
 0x3b, 0x0a, 0x20, 0x20, 0x20, 0x20, 0x20, 0x20,
 0x20, 0x20, 0x69, 0x20, 0x3d, 0x20, 0x6a, 0x20,
 0x2b, 0x20, 0x31, 0x3b, 0x0a, 0x20, 0x20, 0x20,
 0x20, 0x20, 0x20, 0x7d, 0x0a, 0x20, 0x20, 0x20,
 0x20, 0x20, 0x20, 0x72, 0x65, 0x74, 0x75, 0x72,
 0x6e, 0x20, 0x5b, 0x72, 0x6f, 0x77, 0x73, 0x2c,
 0x20, 0x6b, 0x5d, 0x3b, 0x0a, 0x20, 0x20, 0x20,
 0x20, 0x7d, 0x0a, 0x0a, 0x20, 0x20, 0x20, 0x20,
 0x72, 0x65, 0x74, 0x75, 0x72, 0x6e, 0x20, 0x6f,
 0x75, 0x74, 0x3b, 0x0a, 0x20, 0x20, 0x7d, 0x0a,
 0x0a, 0x20, 0x20, 0x70, 0x72, 0x69, 0x6e, 0x74,
 0x53, 0x74, 0x61, 0x74, 0x75, 0x73, 0x28, 0x66,
 0x6e, 0x2c, 0x20, 0x70, 0x72, 0x6f, 0x6d, 0x70,
 0x74, 0x20, 0x3d, 0x20, 0x21, 0x74, 0x68, 0x69,
 0x73, 0x2e, 0x65, 0x76, 0x61, 0x6c, 0x52, 0x75,
 0x6e, 0x6e, 0x69, 0x6e, 0x67, 0x29, 0x20, 0x7b,
 0x0a, 0x20, 0x20, 0x20, 0x20, 0x63, 0x6f, 0x6e,
 0x73, 0x74, 0x20, 0x70, 0x72, 0x69, 0x6e, 0x74,
 0x20, 0x3d, 0x20, 0x73, 0x74, 0x72, 0x20, 0x3d,
 0x3e, 0x20, 0x70, 0x72, 0x69, 0x6e, 0x74, 0x50,
 0x61, 0x67, 0x65, 0x64, 0x2e, 0x63, 0x61, 0x6c,
 0x6c, 0x28, 0x74, 0x68, 0x69, 0x73, 0x2c, 0x20,
 0x73, 0x74, 0x72, 0x2c, 0x20, 0x49, 0x6e, 0x66,
 0x69, 0x6e, 0x69, 0x74, 0x79, 0x29, 0x3b, 0x0a,
 0x0a, 0x20, 0x20, 0x20, 0x20, 0x69, 0x66, 0x28,
 0x74, 0x79, 0x70, 0x65, 0x6f, 0x66, 0x20, 0x66,
 0x6e, 0x20, 0x3d, 0x3d, 0x20, 0x27, 0x73, 0x74,
 0x72, 0x69, 0x6e, 0x67, 0x27, 0x29, 0x20, 0x7b,
 0x0a, 0x20, 0x20, 0x20, 0x20, 0x20, 0x20, 0x63,
 0x6f, 0x6e, 0x73, 0x74, 0x20, 0x73, 0x74, 0x72,
 0x20, 0x3d, 0x20, 0x66, 0x6e, 0x20, 0x2b, 0x20,
 0x28, 0x66, 0x6e, 0x2e, 0x65, 0x6e, 0x64, 0x73,
 0x57, 0x69, 0x74, 0x68, 0x28, 0x27, 0x5c, 0x6e,
 0x27, 0x29, 0x20, 0x3f, 0x20, 0x27, 0x27, 0x20,
 0x3a, 0x20, 0x27, 0x5c, 0x6e, 0x27, 0x29, 0x3b,
 0x0a, 0x20, 0x20, 0x20, 0x20, 0x20, 0x20, 0x66,
 0x6e, 0x20, 0x3d, 0x20, 0x28, 0x29, 0x20, 0x3d,
 0x3e, 0x20, 0x70, 0x72, 0x69, 0x6e, 0x74, 0x28,
 0x73, 0x74, 0x72, 0x29, 0x3b, 0x0a, 0x20, 0x20,
 0x20, 0x20, 0x7d, 0x20, 0x65, 0x6c, 0x73, 0x65,
 0x20, 0x69, 0x66, 0x28, 0x74, 0x79, 0x70, 0x65,
 0x6f, 0x66, 0x20, 0x66, 0x6e, 0x20, 0x21, 0x3d,
 0x20, 0x27, 0x66, 0x75, 0x6e, 0x63, 0x74, 0x69,
 0x6f, 0x6e, 0x27, 0x29, 0x20, 0x7b, 0x0a, 0x20,
 0x20, 0x20, 0x20, 0x20, 0x20, 0x6c, 0x65, 0x74,
 0x20, 0x61, 0x20, 0x3d, 0x20, 0x41, 0x72, 0x72,
 0x61, 0x79, 0x2e, 0x69, 0x73, 0x41, 0x72, 0x72,
 0x61, 0x79, 0x28, 0x66, 0x6e, 0x29, 0x20, 0x3f,
 0x20, 0x66, 0x6e, 0x20, 0x3a, 0x20, 0x5b, 0x2e,
 0x2e, 0x2e, 0x66, 0x6e, 0x5d, 0x3b, 0x0a, 0x20,
 0x20, 0x20, 0x20, 0x20, 0x20, 0x66, 0x6e, 0x20,
 0x3d, 0x20, 0x28, 0x29, 0x20, 0x3d, 0x3e, 0x0a,
 0x20, 0x20, 0x20, 0x20, 0x20, 0x20, 0x20, 0x20,
 0x70, 0x72, 0x69, 0x6e, 0x74, 0x28, 0x0a, 0x20,
 0x20, 0x20, 0x20, 0x20, 0x20, 0x20, 0x20, 0x20,
 0x20, 0x61, 0x0a, 0x20, 0x20, 0x20, 0x20, 0x20,
 0x20, 0x20, 0x20, 0x20, 0x20, 0x20, 0x20, 0x2e,
 0x6d, 0x61, 0x70, 0x28, 0x28, 0x69, 0x74, 0x65,
 0x6d, 0x2c, 0x20, 0x69, 0x29, 0x20, 0x3d, 0x3e,
 0x20, 0x28, 0x74, 0x79, 0x70, 0x65, 0x6f, 0x66,
 0x20, 0x69, 0x74, 0x65, 0x6d, 0x20, 0x3d, 0x3d,
 0x20, 0x27, 0x73, 0x74, 0x72, 0x69, 0x6e, 0x67,
 0x27, 0x20, 0x3f, 0x20, 0x69, 0x74, 0x65, 0x6d,
 0x20, 0x3a, 0x20, 0x74, 0x68, 0x69, 0x73, 0x2e,
 0x73, 0x68, 0x6f, 0x77, 0x28, 0x69, 0x74, 0x65,
 0x6d, 0x29, 0x29, 0x29, 0x0a, 0x20, 0x20, 0x20,
 0x20, 0x20, 0x20, 0x20, 0x20, 0x20, 0x20, 0x20,
 0x20, 0x2e, 0x72, 0x65, 0x64, 0x75, 0x63, 0x65,
 0x28, 0x28, 0x61, 0x63, 0x63, 0x2c, 0x20, 0x69,
 0x74, 0x65, 0x6d, 0x29, 0x20, 0x3d, 0x3e, 0x20,
 0x28, 0x61, 0x63, 0x63, 0x20, 0x2b, 0x3d, 0x20,
 0x28, 0x73, 0x74, 0x72, 0x69, 0x70, 0x41, 0x6e,
 0x73, 0x69, 0x28, 0x61, 0x63, 0x63, 0x29, 0x2e,
 0x74, 0x72, 0x69, 0x6d, 0x28, 0x29, 0x20, 0x3d,
 0x3d, 0x20, 0x27, 0x27, 0x20, 0x7c, 0x7c, 0x20,
 0x2f, 0x5c, 0x73, 0x24, 0x2f, 0x67, 0x2e, 0x74,
 0x65, 0x73, 0x74, 0x28, 0x61, 0x63, 0x63, 0x29,
 0x20, 0x7c, 0x7c, 0x20, 0x61, 0x63, 0x63, 0x2e,
 0x65, 0x6e, 0x64, 0x73, 0x57, 0x69, 0x74, 0x68,
 0x28, 0x27, 0x5c, 0x6e, 0x27, 0x29, 0x20, 0x3f,
 0x20, 0x27, 0x27, 0x20, 0x3a, 0x20, 0x27, 0x20,
 0x27, 0x29, 0x20, 0x2b, 0x20, 0x60, 0x24, 0x7b,
 0x69, 0x74, 0x65, 0x6d, 0x7d, 0x60, 0x29, 0x2c,
 0x20, 0x27, 0x27, 0x29, 0x2c, 0x0a, 0x20, 0x20,
 0x20, 0x20, 0x20, 0x20, 0x20, 0x20, 0x29, 0x3b,
 0x0a, 0x20, 0x20, 0x20, 0x20, 0x7d, 0x0a, 0x0a,
 0x20, 0x20, 0x20, 0x20, 0x69, 0x66, 0x28, 0x74,
 0x79, 0x70, 0x65, 0x6f, 0x66, 0x20, 0x66, 0x6e,
 0x20, 0x21, 0x3d, 0x20, 0x27, 0x66, 0x75, 0x6e,
 0x63, 0x74, 0x69, 0x6f, 0x6e, 0x27, 0x29, 0x20,
 0x74, 0x68, 0x72, 0x6f, 0x77, 0x20, 0x6e, 0x65,
 0x77, 0x20, 0x45, 0x72, 0x72, 0x6f, 0x72, 0x28,
 0x60, 0x72, 0x65, 0x70, 0x6c, 0x2e, 0x70, 0x72,
 0x69, 0x6e, 0x74, 0x53, 0x74, 0x61, 0x74, 0x75,
 0x73, 0x20, 0x6e, 0x6f, 0x74, 0x20, 0x61, 0x20,
 0x66, 0x75, 0x6e, 0x63, 0x74, 0x69, 0x6f, 0x6e,
 0x20, 0x66, 0x6e, 0x3d, 0x24, 0x7b, 0x66, 0x6e,
 0x7d, 0x60, 0x29, 0x3b, 0x0a, 0x0a, 0x20, 0x20,
 0x20, 0x20, 0x74, 0x68, 0x69, 0x73, 0x2e, 0x72,
 0x65, 0x61, 0x64, 0x6c, 0x69, 0x6e, 0x65, 0x52,
 0x65, 0x6d, 0x6f, 0x76, 0x65, 0x50, 0x72, 0x6f,
 0x6d, 0x70, 0x74, 0x28, 0x29, 0x3b, 0x0a, 0x0a,
 0x20, 0x20, 0x20, 0x20, 0x74, 0x72, 0x79, 0x20,
 0x7b, 0x0a, 0x20, 0x20, 0x20, 0x20, 0x20, 0x20,
 0x66, 0x6e, 0x28, 0x29, 0x3b, 0x0a, 0x20, 0x20,
 0x20, 0x20, 0x7d, 0x20, 0x63, 0x61, 0x74, 0x63,
 0x68, 0x28, 0x65, 0x29, 0x20, 0x7b, 0x0a, 0x20,
 0x20, 0x20, 0x20, 0x20, 0x20, 0x63, 0x6f, 0x6e,
 0x73, 0x6f, 0x6c, 0x65, 0x2e, 0x6c, 0x6f, 0x67,
 0x28, 0x27, 0x70, 0x72, 0x69, 0x6e, 0x74, 0x53,
 0x74, 0x61, 0x74, 0x75, 0x73, 0x20, 0x45, 0x52,
 0x52, 0x4f, 0x52, 0x3a, 0x27, 0x2c, 0x20, 0x65,
 0x2c, 0x20, 0x65, 0x2e, 0x73, 0x74, 0x61, 0x63,
 0x6b, 0x29, 0x3b, 0x0a, 0x20, 0x20, 0x20, 0x20,
 0x7d, 0x0a, 0x0a, 0x20, 0x20, 0x20, 0x20, 0x69,
 0x66, 0x28, 0x70, 0x72, 0x6f, 0x6d, 0x70, 0x74,
 0x29, 0x20, 0x74, 0x68, 0x69, 0x73, 0x2e, 0x72,
 0x65, 0x61, 0x64, 0x6c, 0x69, 0x6e, 0x65, 0x50,
 0x72, 0x69, 0x6e, 0x74, 0x50, 0x72, 0x6f, 0x6d,
 0x70, 0x74, 0x28, 0x29, 0x3b, 0x0a, 0x20, 0x20,
 0x7d, 0x0a, 0x0a, 0x20, 0x20, 0x70, 0x72, 0x69,
 0x6e, 0x74, 0x46, 0x75, 0x6e, 0x63, 0x74, 0x69,
 0x6f, 0x6e, 0x28, 0x6c, 0x6f, 0x67, 0x46, 0x6e,
 0x29, 0x20, 0x7b, 0x0a, 0x20, 0x20, 0x20, 0x20,
 0x72, 0x65, 0x74, 0x75, 0x72, 0x6e, 0x20, 0x28,
 0x2e, 0x2e, 0x2e, 0x61, 0x72, 0x67, 0x73, 0x29,
 0x20, 0x3d, 0x3e, 0x20, 0x74, 0x68, 0x69, 0x73,
 0x2e, 0x70, 0x72, 0x69, 0x6e, 0x74, 0x53, 0x74,
 0x61, 0x74, 0x75, 0x73, 0x28, 0x28, 0x29, 0x20,
 0x3d, 0x3e, 0x20, 0x6c, 0x6f, 0x67, 0x46, 0x6e,
 0x28, 0x2e, 0x2e, 0x2e, 0x61, 0x72, 0x67, 0x73,
 0x29, 0x29, 0x3b, 0x0a, 0x20, 0x20, 0x7d, 0x0a,
 0x0a, 0x20, 0x20, 0x71, 0x75, 0x6f, 0x74, 0x65,
 0x64, 0x49, 0x6e, 0x73, 0x65, 0x72, 0x74, 0x28,
 0x29, 0x20, 0x7b, 0x0a, 0x20, 0x20, 0x20, 0x20,
 0x74, 0x68, 0x69, 0x73, 0x2e, 0x71, 0x75, 0x6f,
 0x74, 0x65, 0x46, 0x6c, 0x61, 0x67, 0x20, 0x3d,
 0x20, 0x74, 0x72, 0x75, 0x65, 0x3b, 0x0a, 0x20,
 0x20, 0x7d, 0x0a, 0x0a, 0x20, 0x20, 0x72, 0x65,
 0x76, 0x65, 0x72, 0x73, 0x65, 0x53, 0x65, 0x61,
 0x72, 0x63, 0x68, 0x28, 0x29, 0x20, 0x7b, 0x0a,
 0x20, 0x20, 0x20, 0x20, 0x69, 0x66, 0x28, 0x73,
 0x65, 0x61, 0x72, 0x63, 0x68, 0x53, 0x74, 0x61,
 0x74, 0x65, 0x20, 0x3d, 0x3d, 0x20, 0x30, 0x29,
 0x20, 0x74, 0x68, 0x69, 0x73, 0x2e, 0x63, 0x6d,
 0x64, 0x20, 0x3d, 0x20, 0x27, 0x27, 0x3b, 0x0a,
 0x20, 0x20, 0x20, 0x20, 0x73, 0x65, 0x61, 0x72,
 0x63, 0x68, 0x53, 0x74, 0x61, 0x74, 0x65, 0x2d,
 0x2d, 0x3b, 0x0a, 0x20, 0x20, 0x20, 0x20, 0x74,
 0x68, 0x69, 0x73, 0x2e, 0x72, 0x65, 0x61, 0x64,
 0x6c, 0x69, 0x6e, 0x65, 0x43, 0x61, 0x6c, 0x6c,
 0x62, 0x61, 0x63, 0x6b, 0x20, 0x3d, 0x20, 0x74,
 0x68, 0x69, 0x73, 0x2e, 0x73, 0x65, 0x61, 0x72,
 0x63, 0x68, 0x43, 0x62, 0x3b, 0x0a, 0x0a, 0x20,
 0x20, 0x20, 0x20, 0x74, 0x72, 0x79, 0x20, 0x7b,
 0x0a, 0x20, 0x20, 0x20, 0x20, 0x20, 0x20, 0x74,
 0x68, 0x69, 0x73, 0x2e, 0x75, 0x70, 0x64, 0x61,
 0x74, 0x65, 0x28, 0x29, 0x3b, 0x0a, 0x20, 0x20,
 0x20, 0x20, 0x7d, 0x20, 0x63, 0x61, 0x74, 0x63,
 0x68, 0x28, 0x65, 0x72, 0x72, 0x6f, 0x72, 0x29,
 0x20, 0x7b, 0x0a, 0x20, 0x20, 0x20, 0x20, 0x20,
 0x20, 0x63, 0x6f, 0x6e, 0x73, 0x6f, 0x6c, 0x65,
 0x2e, 0x6c, 0x6f, 0x67, 0x28, 0x27, 0x45, 0x52,
 0x52, 0x4f, 0x52, 0x3a, 0x27, 0x2c, 0x20, 0x65,
 0x72, 0x72, 0x6f, 0x72, 0x2e, 0x6d, 0x65, 0x73,
 0x73, 0x61, 0x67, 0x65, 0x20, 0x2b, 0x20, 0x27,
 0x5c, 0x6e, 0x27, 0x20, 0x2b, 0x20, 0x65, 0x72,
 0x72, 0x6f, 0x72, 0x2e, 0x73, 0x74, 0x61, 0x63,
 0x6b, 0x29, 0x3b, 0x0a, 0x20, 0x20, 0x20, 0x20,
 0x7d, 0x0a, 0x20, 0x20, 0x20, 0x20, 0x72, 0x65,
 0x74, 0x75, 0x72, 0x6e, 0x20, 0x2d, 0x32, 0x3b,
 0x0a, 0x20, 0x20, 0x7d, 0x0a, 0x0a, 0x20, 0x20,
 0x66, 0x6f, 0x72, 0x77, 0x61, 0x72, 0x64, 0x53,
 0x65, 0x61, 0x72, 0x63, 0x68, 0x28, 0x29, 0x20,
 0x7b, 0x0a, 0x20, 0x20, 0x20, 0x20, 0x69, 0x66,
 0x28, 0x73, 0x65, 0x61, 0x72, 0x63, 0x68, 0x53,
 0x74, 0x61, 0x74, 0x65, 0x20, 0x3d, 0x3d, 0x20,
 0x30, 0x29, 0x20, 0x74, 0x68, 0x69, 0x73, 0x2e,
 0x63, 0x6d, 0x64, 0x20, 0x3d, 0x20, 0x27, 0x27,
 0x3b, 0x0a, 0x20, 0x20, 0x20, 0x20, 0x73, 0x65,
 0x61, 0x72, 0x63, 0x68, 0x53, 0x74, 0x61, 0x74,
 0x65, 0x2b, 0x2b, 0x3b, 0x0a, 0x20, 0x20, 0x20,
 0x20, 0x74, 0x68, 0x69, 0x73, 0x2e, 0x72, 0x65,
 0x61, 0x64, 0x6c, 0x69, 0x6e, 0x65, 0x43, 0x61,
 0x6c, 0x6c, 0x62, 0x61, 0x63, 0x6b, 0x20, 0x3d,
 0x20, 0x74, 0x68, 0x69, 0x73, 0x2e, 0x73, 0x65,
 0x61, 0x72, 0x63, 0x68, 0x43, 0x62, 0x3b, 0x0a,
 0x20, 0x20, 0x20, 0x20, 0x2f, 0x2f, 0x74, 0x68,
 0x69, 0x73, 0x2e, 0x64, 0x65, 0x62, 0x75, 0x67,
 0x28, 0x27, 0x66, 0x6f, 0x72, 0x77, 0x61, 0x72,
 0x64, 0x53, 0x65, 0x61, 0x72, 0x63, 0x68, 0x27,
 0x2c, 0x20, 0x7b, 0x20, 0x73, 0x65, 0x61, 0x72,
 0x63, 0x68, 0x53, 0x74, 0x61, 0x74, 0x65, 0x2c,
 0x20, 0x74, 0x65, 0x72, 0x6d, 0x43, 0x75, 0x72,
 0x73, 0x6f, 0x72, 0x58, 0x20, 0x7d, 0x29, 0x3b,
 0x0a, 0x20, 0x20, 0x20, 0x20, 0x74, 0x68, 0x69,
 0x73, 0x2e, 0x75, 0x70, 0x64, 0x61, 0x74, 0x65,
 0x28, 0x29, 0x3b, 0x0a, 0x20, 0x20, 0x20, 0x20,
 0x72, 0x65, 0x74, 0x75, 0x72, 0x6e, 0x20, 0x2d,
 0x32, 0x3b, 0x0a, 0x20, 0x20, 0x7d, 0x0a, 0x0a,
 0x20, 0x20, 0x73, 0x65, 0x61, 0x72, 0x63, 0x68,
 0x43, 0x62, 0x28, 0x70, 0x61, 0x74, 0x74, 0x65,
 0x72, 0x6e, 0x29, 0x20, 0x7b, 0x0a, 0x20, 0x20,
 0x20, 0x20, 0x69, 0x66, 0x28, 0x70, 0x61, 0x74,
 0x74, 0x65, 0x72, 0x6e, 0x20, 0x21, 0x3d, 0x3d,
 0x20, 0x6e, 0x75, 0x6c, 0x6c, 0x29, 0x20, 0x7b,
 0x0a, 0x20, 0x20, 0x20, 0x20, 0x20, 0x20, 0x63,
 0x6f, 0x6e, 0x73, 0x74, 0x20, 0x68, 0x69, 0x73,
 0x74, 0x63, 0x6d, 0x64, 0x20, 0x3d, 0x20, 0x74,
 0x68, 0x69, 0x73, 0x2e, 0x68, 0x69, 0x73, 0x74,
 0x6f, 0x72, 0x79, 0x5b, 0x74, 0x68, 0x69, 0x73,
 0x2e, 0x73, 0x65, 0x61, 0x72, 0x63, 0x68, 0x49,
 0x6e, 0x64, 0x65, 0x78, 0x5d, 0x3b, 0x0a, 0x20,
 0x20, 0x20, 0x20, 0x20, 0x20, 0x2f, 0x2f, 0x74,
 0x68, 0x69, 0x73, 0x2e, 0x64, 0x65, 0x62, 0x75,
 0x67, 0x28, 0x27, 0x73, 0x65, 0x61, 0x72, 0x63,
 0x68, 0x43, 0x62, 0x27, 0x2c, 0x20, 0x7b, 0x20,
 0x70, 0x61, 0x74, 0x74, 0x65, 0x72, 0x6e, 0x2c,
 0x20, 0x68, 0x69, 0x73, 0x74, 0x63, 0x6d, 0x64,
 0x2c, 0x63, 0x6d, 0x64, 0x20, 0x7d, 0x2c, 0x20,
 0x74, 0x68, 0x69, 0x73, 0x2e, 0x68, 0x69, 0x73,
 0x74, 0x6f, 0x72, 0x79, 0x2e, 0x73, 0x6c, 0x69,
 0x63, 0x65, 0x28, 0x2d, 0x32, 0x29, 0x29, 0x3b,
 0x0a, 0x20, 0x20, 0x20, 0x20, 0x20, 0x20, 0x73,
 0x65, 0x61, 0x72, 0x63, 0x68, 0x53, 0x74, 0x61,
 0x74, 0x65, 0x20, 0x3d, 0x20, 0x30, 0x3b, 0x0a,
 0x20, 0x20, 0x20, 0x20, 0x20, 0x20, 0x74, 0x68,
 0x69, 0x73, 0x2e, 0x72, 0x65, 0x61, 0x64, 0x6c,
 0x69, 0x6e, 0x65, 0x43, 0x61, 0x6c, 0x6c, 0x62,
 0x61, 0x63, 0x6b, 0x20, 0x3d, 0x20, 0x74, 0x68,
 0x69, 0x73, 0x2e, 0x72, 0x65, 0x61, 0x64, 0x6c,
 0x69, 0x6e, 0x65, 0x48, 0x61, 0x6e, 0x64, 0x6c,
 0x65, 0x43, 0x6d, 0x64, 0x3b, 0x0a, 0x20, 0x20,
 0x20, 0x20, 0x20, 0x20, 0x74, 0x68, 0x69, 0x73,
 0x2e, 0x63, 0x6d, 0x64, 0x20, 0x3d, 0x20, 0x27,
 0x27, 0x3b, 0x0a, 0x20, 0x20, 0x20, 0x20, 0x20,
 0x20, 0x74, 0x68, 0x69, 0x73, 0x2e, 0x72, 0x65,
 0x61, 0x64, 0x6c, 0x69, 0x6e, 0x65, 0x48, 0x61,
 0x6e, 0x64, 0x6c, 0x65, 0x43, 0x6d, 0x64, 0x28,
 0x68, 0x69, 0x73, 0x74, 0x63, 0x6d, 0x64, 0x20,
 0x3f, 0x3f, 0x20, 0x27, 0x27, 0x29, 0x3b, 0x0a,
 0x0a, 0x20, 0x20, 0x20, 0x20, 0x20, 0x20, 0x74,
 0x68, 0x69, 0x73, 0x2e, 0x75, 0x70, 0x64, 0x61,
 0x74, 0x65, 0x28, 0x29, 0x3b, 0x0a, 0x20, 0x20,
 0x20, 0x20, 0x7d, 0x0a, 0x20, 0x20, 0x7d, 0x0a,
 0x0a, 0x20, 0x20, 0x72, 0x65, 0x61, 0x64, 0x6c,
 0x69, 0x6e, 0x65, 0x48, 0x61, 0x6e, 0x64, 0x6c,
 0x65, 0x43, 0x6d, 0x64, 0x28, 0x65, 0x78, 0x70,
 0x72, 0x29, 0x20, 0x7b, 0x0a, 0x20, 0x20, 0x20,
 0x20, 0x2f, 0x2f, 0x69, 0x66, 0x28, 0x65, 0x78,
 0x70, 0x72, 0x2e, 0x74, 0x72, 0x69, 0x6d, 0x28,
 0x29, 0x20, 0x21, 0x3d, 0x3d, 0x20, 0x27, 0x27,
 0x29, 0x20, 0x74, 0x68, 0x69, 0x73, 0x2e, 0x68,
 0x69, 0x73, 0x74, 0x6f, 0x72, 0x79, 0x41, 0x64,
 0x64, 0x28, 0x65, 0x78, 0x70, 0x72, 0x2e, 0x74,
 0x72, 0x69, 0x6d, 0x28, 0x29, 0x29, 0x3b, 0x0a,
 0x0a, 0x20, 0x20, 0x20, 0x20, 0x69, 0x66, 0x28,
 0x21, 0x74, 0x68, 0x69, 0x73, 0x2e, 0x68, 0x61,
 0x6e, 0x64, 0x6c, 0x65, 0x43, 0x6d, 0x64, 0x28,
 0x65, 0x78, 0x70, 0x72, 0x29, 0x29, 0x20, 0x74,
 0x68, 0x69, 0x73, 0x2e, 0x63, 0x6d, 0x64, 0x52,
 0x65, 0x61, 0x64, 0x6c, 0x69, 0x6e, 0x65, 0x53,
 0x74, 0x61, 0x72, 0x74, 0x28, 0x29, 0x3b, 0x0a,
 0x20, 0x20, 0x7d, 0x0a, 0x0a, 0x20, 0x20, 0x72,
 0x65, 0x61, 0x64, 0x6c, 0x69, 0x6e, 0x65, 0x50,
 0x72, 0x69, 0x6e, 0x74, 0x50, 0x72, 0x6f, 0x6d,
 0x70, 0x74, 0x28, 0x29, 0x20, 0x7b, 0x0a, 0x20,
 0x20, 0x20, 0x20, 0x69, 0x66, 0x28, 0x74, 0x65,
 0x72, 0x6d, 0x43, 0x75, 0x72, 0x73, 0x6f, 0x72,
 0x58, 0x20, 0x3e, 0x20, 0x30, 0x29, 0x20, 0x74,
 0x68, 0x69, 0x73, 0x2e, 0x72, 0x65, 0x61, 0x64,
 0x6c, 0x69, 0x6e, 0x65, 0x52, 0x65, 0x6d, 0x6f,
 0x76, 0x65, 0x50, 0x72, 0x6f, 0x6d, 0x70, 0x74,
 0x28, 0x29, 0x3b, 0x0a, 0x0a, 0x20, 0x20, 0x20,
 0x20, 0x74, 0x68, 0x69, 0x73, 0x2e, 0x6f, 0x75,
 0x74, 0x3f, 0x2e, 0x70, 0x75, 0x74, 0x73, 0x28,
 0x74, 0x68, 0x69, 0x73, 0x2e, 0x70, 0x72, 0x6f,
 0x6d, 0x70, 0x74, 0x29, 0x3b, 0x0a, 0x20, 0x20,
 0x20, 0x20, 0x74, 0x68, 0x69, 0x73, 0x2e, 0x6f,
 0x75, 0x74, 0x3f, 0x2e, 0x66, 0x6c, 0x75, 0x73,
 0x68, 0x28, 0x29, 0x3b, 0x0a, 0x20, 0x20, 0x20,
 0x20, 0x74, 0x65, 0x72, 0x6d, 0x43, 0x75, 0x72,
 0x73, 0x6f, 0x72, 0x58, 0x20, 0x3d, 0x20, 0x75,
 0x63, 0x73, 0x4c, 0x65, 0x6e, 0x67, 0x74, 0x68,
 0x28, 0x74, 0x68, 0x69, 0x73, 0x2e, 0x70, 0x72,
 0x6f, 0x6d, 0x70, 0x74, 0x29, 0x20, 0x25, 0x20,
 0x74, 0x68, 0x69, 0x73, 0x2e, 0x63, 0x6f, 0x6c,
 0x75, 0x6d, 0x6e, 0x73, 0x3b, 0x0a, 0x20, 0x20,
 0x20, 0x20, 0x74, 0x68, 0x69, 0x73, 0x2e, 0x6c,
 0x61, 0x73, 0x74, 0x43, 0x6d, 0x64, 0x20, 0x3d,
 0x20, 0x27, 0x27, 0x3b, 0x0a, 0x20, 0x20, 0x20,
 0x20, 0x74, 0x68, 0x69, 0x73, 0x2e, 0x6c, 0x61,
 0x73, 0x74, 0x43, 0x75, 0x72, 0x73, 0x6f, 0x72,
 0x50, 0x6f, 0x73, 0x20, 0x3d, 0x20, 0x30, 0x3b,
 0x0a, 0x20, 0x20, 0x7d, 0x0a, 0x0a, 0x20, 0x20,
 0x72, 0x65, 0x61, 0x64, 0x6c, 0x69, 0x6e, 0x65,
 0x53, 0x74, 0x61, 0x72, 0x74, 0x28, 0x64, 0x65,
 0x66, 0x73, 0x74, 0x72, 0x2c, 0x20, 0x63, 0x62,
 0x29, 0x20, 0x7b, 0x0a, 0x20, 0x20, 0x20, 0x20,
 0x74, 0x68, 0x69, 0x73, 0x2e, 0x63, 0x6d, 0x64,
 0x20, 0x3d, 0x20, 0x64, 0x65, 0x66, 0x73, 0x74,
 0x72, 0x20, 0x7c, 0x7c, 0x20, 0x27, 0x27, 0x3b,
 0x0a, 0x20, 0x20, 0x20, 0x20, 0x74, 0x68, 0x69,
 0x73, 0x2e, 0x63, 0x75, 0x72, 0x73, 0x6f, 0x72,
 0x50, 0x6f, 0x73, 0x20, 0x3d, 0x20, 0x74, 0x68,
 0x69, 0x73, 0x2e, 0x63, 0x6d, 0x64, 0x2e, 0x6c,
 0x65, 0x6e, 0x67, 0x74, 0x68, 0x3b, 0x0a, 0x20,
 0x20, 0x20, 0x20, 0x74, 0x68, 0x69, 0x73, 0x2e,
 0x68, 0x69, 0x73, 0x74, 0x6f, 0x72, 0x79, 0x49,
 0x6e, 0x64, 0x65, 0x78, 0x20, 0x3d, 0x20, 0x74,
 0x68, 0x69, 0x73, 0x2e, 0x68, 0x69, 0x73, 0x74,
 0x6f, 0x72, 0x79, 0x2e, 0x6c, 0x65, 0x6e, 0x67,
 0x74, 0x68, 0x3b, 0x0a, 0x20, 0x20, 0x20, 0x20,
 0x74, 0x68, 0x69, 0x73, 0x2e, 0x72, 0x65, 0x61,
 0x64, 0x6c, 0x69, 0x6e, 0x65, 0x43, 0x61, 0x6c,
 0x6c, 0x62, 0x61, 0x63, 0x6b, 0x20, 0x3d, 0x20,
 0x63, 0x62, 0x3b, 0x0a, 0x0a, 0x20, 0x20, 0x20,
 0x20, 0x74, 0x68, 0x69, 0x73, 0x2e, 0x70, 0x72,
 0x6f, 0x6d, 0x70, 0x74, 0x20, 0x3d, 0x20, 0x74,
 0x68, 0x69, 0x73, 0x2e, 0x70, 0x73, 0x74, 0x61,
 0x74, 0x65, 0x3b, 0x0a, 0x0a, 0x20, 0x20, 0x20,
 0x20, 0x69, 0x66, 0x28, 0x74, 0x68, 0x69, 0x73,
 0x2e, 0x6d, 0x65, 0x78, 0x70, 0x72, 0x29, 0x20,
 0x7b, 0x0a, 0x20, 0x20, 0x20, 0x20, 0x20, 0x20,
 0x74, 0x68, 0x69, 0x73, 0x2e, 0x70, 0x72, 0x6f,
 0x6d, 0x70, 0x74, 0x20, 0x2b, 0x3d, 0x20, 0x74,
 0x68, 0x69, 0x73, 0x2e, 0x64, 0x75, 0x70, 0x73,
 0x74, 0x72, 0x28, 0x27, 0x20, 0x27, 0x2c, 0x20,
 0x74, 0x68, 0x69, 0x73, 0x2e, 0x70, 0x6c, 0x65,
 0x6e, 0x20, 0x2d, 0x20, 0x74, 0x68, 0x69, 0x73,
 0x2e, 0x70, 0x72, 0x6f, 0x6d, 0x70, 0x74, 0x2e,
 0x6c, 0x65, 0x6e, 0x67, 0x74, 0x68, 0x29, 0x3b,
 0x0a, 0x20, 0x20, 0x20, 0x20, 0x20, 0x20, 0x74,
 0x68, 0x69, 0x73, 0x2e, 0x70, 0x72, 0x6f, 0x6d,
 0x70, 0x74, 0x20, 0x2b, 0x3d, 0x20, 0x74, 0x68,
 0x69, 0x73, 0x2e, 0x70, 0x73, 0x32, 0x3b, 0x0a,
 0x20, 0x20, 0x20, 0x20, 0x7d, 0x20, 0x65, 0x6c,
 0x73, 0x65, 0x20, 0x7b, 0x0a, 0x20, 0x20, 0x20,
 0x20, 0x20, 0x20, 0x69, 0x66, 0x28, 0x74, 0x68,
 0x69, 0x73, 0x2e, 0x73, 0x68, 0x6f, 0x77, 0x54,
 0x69, 0x6d, 0x65, 0x29, 0x20, 0x7b, 0x0a, 0x20,
 0x20, 0x20, 0x20, 0x20, 0x20, 0x20, 0x20, 0x63,
 0x6f, 0x6e, 0x73, 0x74, 0x20, 0x74, 0x20, 0x3d,
 0x20, 0x74, 0x68, 0x69, 0x73, 0x2e, 0x65, 0x76,
 0x61, 0x6c, 0x54, 0x69, 0x6d, 0x65, 0x20, 0x2f,
 0x20, 0x31, 0x30, 0x30, 0x30, 0x3b, 0x0a, 0x20,
 0x20, 0x20, 0x20, 0x20, 0x20, 0x20, 0x20, 0x74,
 0x68, 0x69, 0x73, 0x2e, 0x70, 0x72, 0x6f, 0x6d,
 0x70, 0x74, 0x20, 0x2b, 0x3d, 0x20, 0x74, 0x2e,
 0x74, 0x6f, 0x46, 0x69, 0x78, 0x65, 0x64, 0x28,
 0x36, 0x29, 0x20, 0x2b, 0x20, 0x27, 0x20, 0x27,
 0x3b, 0x0a, 0x20, 0x20, 0x20, 0x20, 0x20, 0x20,
 0x7d, 0x0a, 0x20, 0x20, 0x20, 0x20, 0x20, 0x20,
 0x74, 0x68, 0x69, 0x73, 0x2e, 0x70, 0x6c, 0x65,
 0x6e, 0x20, 0x3d, 0x20, 0x74, 0x68, 0x69, 0x73,
 0x2e, 0x70, 0x72, 0x6f, 0x6d, 0x70, 0x74, 0x2e,
 0x6c, 0x65, 0x6e, 0x67, 0x74, 0x68, 0x3b, 0x0a,
 0x20, 0x20, 0x20, 0x20, 0x20, 0x20, 0x74, 0x68,
 0x69, 0x73, 0x2e, 0x70, 0x72, 0x6f, 0x6d, 0x70,
 0x74, 0x20, 0x2b, 0x3d, 0x20, 0x74, 0x68, 0x69,
 0x73, 0x2e, 0x70, 0x73, 0x31, 0x3b, 0x0a, 0x20,
 0x20, 0x20, 0x20, 0x7d, 0x0a, 0x20, 0x20, 0x20,
 0x20, 0x74, 0x68, 0x69, 0x73, 0x2e, 0x72, 0x65,
 0x61, 0x64, 0x6c, 0x69, 0x6e, 0x65, 0x50, 0x72,
 0x69, 0x6e, 0x74, 0x50, 0x72, 0x6f, 0x6d, 0x70,
 0x74, 0x28, 0x29, 0x3b, 0x0a, 0x20, 0x20, 0x20,
 0x20, 0x74, 0x68, 0x69, 0x73, 0x2e, 0x75, 0x70,
 0x64, 0x61, 0x74, 0x65, 0x28, 0x29, 0x3b, 0x0a,
 0x0a, 0x20, 0x20, 0x20, 0x20, 0x72, 0x65, 0x61,
 0x64, 0x6c, 0x69, 0x6e, 0x65, 0x53, 0x74, 0x61,
 0x74, 0x65, 0x20, 0x3d, 0x20, 0x30, 0x3b, 0x0a,
 0x20, 0x20, 0x7d, 0x0a, 0x0a, 0x20, 0x20, 0x72,
 0x65, 0x73, 0x65, 0x74, 0x28, 0x29, 0x20, 0x7b,
 0x0a, 0x20, 0x20, 0x20, 0x20, 0x74, 0x68, 0x69,
 0x73, 0x2e, 0x63, 0x6d, 0x64, 0x20, 0x3d, 0x20,
 0x27, 0x27, 0x3b, 0x0a, 0x20, 0x20, 0x20, 0x20,
 0x74, 0x68, 0x69, 0x73, 0x2e, 0x63, 0x75, 0x72,
 0x73, 0x6f, 0x72, 0x50, 0x6f, 0x73, 0x20, 0x3d,
 0x20, 0x30, 0x3b, 0x0a, 0x20, 0x20, 0x7d, 0x0a,
 0x0a, 0x20, 0x20, 0x61, 0x73, 0x79, 0x6e, 0x63,
 0x20, 0x72, 0x75, 0x6e, 0x28, 0x69, 0x6e, 0x70,
 0x75, 0x74, 0x48, 0x61, 0x6e, 0x64, 0x6c, 0x65,
 0x72, 0x29, 0x20, 0x7b, 0x0a, 0x20, 0x20, 0x20,
 0x20, 0x74, 0x68, 0x69, 0x73, 0x2e, 0x72, 0x75,
 0x6e, 0x6e, 0x69, 0x6e, 0x67, 0x20, 0x3d, 0x20,
 0x74, 0x72, 0x75, 0x65, 0x3b, 0x0a, 0x0a, 0x20,
 0x20, 0x20, 0x20, 0x69, 0x66, 0x28, 0x69, 0x6e,
 0x70, 0x75, 0x74, 0x48, 0x61, 0x6e, 0x64, 0x6c,
 0x65, 0x72, 0x29, 0x20, 0x74, 0x68, 0x69, 0x73,
 0x2e, 0x68, 0x61, 0x6e, 0x64, 0x6c, 0x65, 0x49,
 0x6e, 0x70, 0x75, 0x74, 0x20, 0x3d, 0x20, 0x69,
 0x6e, 0x70, 0x75, 0x74, 0x48, 0x61, 0x6e, 0x64,
 0x6c, 0x65, 0x72, 0x3b, 0x0a, 0x0a, 0x20, 0x20,
 0x20, 0x20, 0x74, 0x68, 0x69, 0x73, 0x2e, 0x64,
 0x65, 0x62, 0x75, 0x67, 0x28, 0x27, 0x72, 0x75,
 0x6e, 0x27, 0x29, 0x3b, 0x0a, 0x0a, 0x20, 0x20,
 0x20, 0x20, 0x61, 0x77, 0x61, 0x69, 0x74, 0x20,
 0x74, 0x68, 0x69, 0x73, 0x2e, 0x74, 0x65, 0x72,
 0x6d, 0x49, 0x6e, 0x69, 0x74, 0x28, 0x29, 0x3b,
 0x0a, 0x20, 0x20, 0x20, 0x20, 0x74, 0x68, 0x69,
 0x73, 0x2e, 0x63, 0x6d, 0x64, 0x53, 0x74, 0x61,
 0x72, 0x74, 0x28, 0x66, 0x61, 0x6c, 0x73, 0x65,
 0x29, 0x3b, 0x0a, 0x0a, 0x20, 0x20, 0x20, 0x20,
 0x64, 0x6f, 0x20, 0x7b, 0x0a, 0x20, 0x20, 0x20,
 0x20, 0x20, 0x20, 0x61, 0x77, 0x61, 0x69, 0x74,
 0x20, 0x77, 0x61, 0x69, 0x74, 0x52, 0x65, 0x61,
 0x64, 0x28, 0x74, 0x65, 0x72, 0x6d, 0x46, 0x64,
 0x29, 0x3b, 0x0a, 0x20, 0x20, 0x20, 0x20, 0x20,
 0x20, 0x61, 0x77, 0x61, 0x69, 0x74, 0x20, 0x74,
 0x68, 0x69, 0x73, 0x2e, 0x74, 0x65, 0x72, 0x6d,
 0x52, 0x65, 0x61, 0x64, 0x48, 0x61, 0x6e, 0x64,
 0x6c, 0x65, 0x72, 0x28, 0x29, 0x3b, 0x0a, 0x20,
 0x20, 0x20, 0x20, 0x7d, 0x20, 0x77, 0x68, 0x69,
 0x6c, 0x65, 0x28, 0x74, 0x68, 0x69, 0x73, 0x2e,
 0x72, 0x75, 0x6e, 0x6e, 0x69, 0x6e, 0x67, 0x29,
 0x3b, 0x0a, 0x0a, 0x20, 0x20, 0x20, 0x20, 0x74,
 0x68, 0x69, 0x73, 0x2e, 0x72, 0x65, 0x61, 0x64,
 0x6c, 0x69, 0x6e, 0x65, 0x52, 0x65, 0x6d, 0x6f,
 0x76, 0x65, 0x50, 0x72, 0x6f, 0x6d, 0x70, 0x74,
 0x28, 0x29, 0x3b, 0x0a, 0x20, 0x20, 0x7d, 0x0a,
 0x0a, 0x20, 0x20, 0x2f, 0x2a, 0x72, 0x75, 0x6e,
 0x53, 0x79, 0x6e, 0x63, 0x28, 0x29, 0x20, 0x7b,
 0x0a, 0x20, 0x20, 0x20, 0x20, 0x63, 0x6f, 0x6e,
 0x73, 0x74, 0x20, 0x66, 0x64, 0x20, 0x3d, 0x20,
 0x73, 0x74, 0x64, 0x69, 0x6e, 0x2e, 0x66, 0x69,
 0x6c, 0x65, 0x6e, 0x6f, 0x28, 0x29, 0x3b, 0x0a,
 0x0a, 0x20, 0x20, 0x20, 0x20, 0x73, 0x65, 0x74,
 0x52, 0x65, 0x61, 0x64, 0x48, 0x61, 0x6e, 0x64,
 0x6c, 0x65, 0x72, 0x28, 0x66, 0x64, 0x2c, 0x20,
 0x28, 0x29, 0x20, 0x3d, 0x3e, 0x20, 0x74, 0x68,
 0x69, 0x73, 0x2e, 0x74, 0x65, 0x72, 0x6d, 0x52,
 0x65, 0x61, 0x64, 0x48, 0x61, 0x6e, 0x64, 0x6c,
 0x65, 0x72, 0x28, 0x29, 0x29, 0x3b, 0x0a, 0x20,
 0x20, 0x20, 0x20, 0x74, 0x68, 0x69, 0x73, 0x2e,
 0x61, 0x64, 0x64, 0x43, 0x6c, 0x65, 0x61, 0x6e,
 0x75, 0x70, 0x48, 0x61, 0x6e, 0x64, 0x6c, 0x65,
 0x72, 0x28, 0x28, 0x29, 0x20, 0x3d, 0x3e, 0x20,
 0x73, 0x65, 0x74, 0x52, 0x65, 0x61, 0x64, 0x48,
 0x61, 0x6e, 0x64, 0x6c, 0x65, 0x72, 0x28, 0x66,
 0x64, 0x2c, 0x20, 0x6e, 0x75, 0x6c, 0x6c, 0x29,
 0x29, 0x3b, 0x0a, 0x20, 0x20, 0x20, 0x20, 0x72,
 0x65, 0x74, 0x75, 0x72, 0x6e, 0x20, 0x74, 0x68,
 0x69, 0x73, 0x3b, 0x0a, 0x20, 0x20, 0x7d, 0x2a,
 0x2f, 0x0a, 0x0a, 0x20, 0x20, 0x2f, 0x2a, 0x73,
 0x74, 0x6f, 0x70, 0x28, 0x29, 0x20, 0x7b, 0x0a,
 0x20, 0x20, 0x20, 0x20, 0x63, 0x6f, 0x6e, 0x73,
 0x74, 0x20, 0x66, 0x64, 0x20, 0x3d, 0x20, 0x73,
 0x74, 0x64, 0x69, 0x6e, 0x2e, 0x66, 0x69, 0x6c,
 0x65, 0x6e, 0x6f, 0x28, 0x29, 0x3b, 0x0a, 0x20,
 0x20, 0x20, 0x20, 0x73, 0x65, 0x74, 0x52, 0x65,
 0x61, 0x64, 0x48, 0x61, 0x6e, 0x64, 0x6c, 0x65,
 0x72, 0x28, 0x66, 0x64, 0x2c, 0x20, 0x6e, 0x75,
 0x6c, 0x6c, 0x29, 0x3b, 0x0a, 0x20, 0x20, 0x20,
 0x20, 0x69, 0x66, 0x28, 0x74, 0x68, 0x69, 0x73,
 0x2e, 0x6f, 0x75, 0x74, 0x29, 0x20, 0x74, 0x68,
 0x69, 0x73, 0x2e, 0x6f, 0x75, 0x74, 0x20, 0x3d,
 0x20, 0x6e, 0x75, 0x6c, 0x6c, 0x3b, 0x0a, 0x20,
 0x20, 0x20, 0x20, 0x72, 0x65, 0x74, 0x75, 0x72,
 0x6e, 0x20, 0x74, 0x68, 0x69, 0x73, 0x3b, 0x0a,
 0x20, 0x20, 0x7d, 0x2a, 0x2f, 0x0a, 0x0a, 0x20,
 0x20, 0x73, 0x69, 0x67, 0x69, 0x6e, 0x74, 0x48,
 0x61, 0x6e, 0x64, 0x6c, 0x65, 0x72, 0x28, 0x29,
 0x20, 0x7b, 0x0a, 0x20, 0x20, 0x20, 0x20, 0x2f,
 0x2a, 0x20, 0x73, 0x65, 0x6e, 0x64, 0x20, 0x43,
 0x74, 0x72, 0x6c, 0x2d, 0x43, 0x20, 0x74, 0x6f,
 0x20, 0x72, 0x65, 0x61, 0x64, 0x6c, 0x69, 0x6e,
 0x65, 0x20, 0x2a, 0x2f, 0x0a, 0x20, 0x20, 0x20,
 0x20, 0x74, 0x68, 0x69, 0x73, 0x2e, 0x68, 0x61,
 0x6e, 0x64, 0x6c, 0x65, 0x42, 0x79, 0x74, 0x65,
 0x28, 0x33, 0x29, 0x3b, 0x0a, 0x20, 0x20, 0x7d,
 0x0a, 0x0a, 0x20, 0x20, 0x73, 0x6b, 0x69, 0x70,
 0x57, 0x6f, 0x72, 0x64, 0x42, 0x61, 0x63, 0x6b,
 0x77, 0x61, 0x72, 0x64, 0x28, 0x70, 0x6f, 0x73,
 0x29, 0x20, 0x7b, 0x0a, 0x20, 0x20, 0x20, 0x20,
 0x77, 0x68, 0x69, 0x6c, 0x65, 0x28, 0x70, 0x6f,
 0x73, 0x20, 0x3e, 0x20, 0x30, 0x20, 0x26, 0x26,
 0x20, 0x21, 0x69, 0x73, 0x57, 0x6f, 0x72, 0x64,
 0x28, 0x74, 0x68, 0x69, 0x73, 0x2e, 0x63, 0x6d,
 0x64, 0x2e, 0x63, 0x68, 0x61, 0x72, 0x41, 0x74,
 0x28, 0x70, 0x6f, 0x73, 0x20, 0x2d, 0x20, 0x31,
 0x29, 0x29, 0x29, 0x20, 0x70, 0x6f, 0x73, 0x2d,
 0x2d, 0x3b, 0x0a, 0x20, 0x20, 0x20, 0x20, 0x77,
 0x68, 0x69, 0x6c, 0x65, 0x28, 0x70, 0x6f, 0x73,
 0x20, 0x3e, 0x20, 0x30, 0x20, 0x26, 0x26, 0x20,
 0x69, 0x73, 0x57, 0x6f, 0x72, 0x64, 0x28, 0x74,
 0x68, 0x69, 0x73, 0x2e, 0x63, 0x6d, 0x64, 0x2e,
 0x63, 0x68, 0x61, 0x72, 0x41, 0x74, 0x28, 0x70,
 0x6f, 0x73, 0x20, 0x2d, 0x20, 0x31, 0x29, 0x29,
 0x29, 0x20, 0x70, 0x6f, 0x73, 0x2d, 0x2d, 0x3b,
 0x0a, 0x20, 0x20, 0x20, 0x20, 0x72, 0x65, 0x74,
 0x75, 0x72, 0x6e, 0x20, 0x70, 0x6f, 0x73, 0x3b,
 0x0a, 0x20, 0x20, 0x7d, 0x0a, 0x0a, 0x20, 0x20,
 0x73, 0x6b, 0x69, 0x70, 0x57, 0x6f, 0x72, 0x64,
 0x46, 0x6f, 0x72, 0x77, 0x61, 0x72, 0x64, 0x28,
 0x70, 0x6f, 0x73, 0x29, 0x20, 0x7b, 0x0a, 0x20,
 0x20, 0x20, 0x20, 0x77, 0x68, 0x69, 0x6c, 0x65,
 0x28, 0x70, 0x6f, 0x73, 0x20, 0x3c, 0x20, 0x74,
 0x68, 0x69, 0x73, 0x2e, 0x63, 0x6d, 0x64, 0x2e,
 0x6c, 0x65, 0x6e, 0x67, 0x74, 0x68, 0x20, 0x26,
 0x26, 0x20, 0x21, 0x69, 0x73, 0x57, 0x6f, 0x72,
 0x64, 0x28, 0x74, 0x68, 0x69, 0x73, 0x2e, 0x63,
 0x6d, 0x64, 0x2e, 0x63, 0x68, 0x61, 0x72, 0x41,
 0x74, 0x28, 0x70, 0x6f, 0x73, 0x29, 0x29, 0x29,
 0x20, 0x70, 0x6f, 0x73, 0x2b, 0x2b, 0x3b, 0x0a,
 0x20, 0x20, 0x20, 0x20, 0x77, 0x68, 0x69, 0x6c,
 0x65, 0x28, 0x70, 0x6f, 0x73, 0x20, 0x3c, 0x20,
 0x74, 0x68, 0x69, 0x73, 0x2e, 0x63, 0x6d, 0x64,
 0x2e, 0x6c, 0x65, 0x6e, 0x67, 0x74, 0x68, 0x20,
 0x26, 0x26, 0x20, 0x69, 0x73, 0x57, 0x6f, 0x72,
 0x64, 0x28, 0x74, 0x68, 0x69, 0x73, 0x2e, 0x63,
 0x6d, 0x64, 0x2e, 0x63, 0x68, 0x61, 0x72, 0x41,
 0x74, 0x28, 0x70, 0x6f, 0x73, 0x29, 0x29, 0x29,
 0x20, 0x70, 0x6f, 0x73, 0x2b, 0x2b, 0x3b, 0x0a,
 0x20, 0x20, 0x20, 0x20, 0x72, 0x65, 0x74, 0x75,
 0x72, 0x6e, 0x20, 0x70, 0x6f, 0x73, 0x3b, 0x0a,
 0x20, 0x20, 0x7d, 0x0a, 0x0a, 0x20, 0x20, 0x74,
 0x65, 0x72, 0x6d, 0x49, 0x6e, 0x69, 0x74, 0x28,
 0x29, 0x20, 0x7b, 0x0a, 0x20, 0x20, 0x20, 0x20,
 0x76, 0x61, 0x72, 0x20, 0x74, 0x61, 0x62, 0x20,
 0x3d, 0x20, 0x6e, 0x75, 0x6c, 0x6c, 0x3b, 0x0a,
 0x20, 0x20, 0x20, 0x20, 0x74, 0x65, 0x72, 0x6d,
 0x46, 0x64, 0x20, 0x3d, 0x20, 0x73, 0x74, 0x64,
 0x69, 0x6e, 0x2e, 0x66, 0x69, 0x6c, 0x65, 0x6e,
 0x6f, 0x28, 0x29, 0x3b, 0x0a, 0x0a, 0x20, 0x20,
 0x20, 0x20, 0x2f, 0x2a, 0x20, 0x67, 0x65, 0x74,
 0x20, 0x74, 0x68, 0x65, 0x20, 0x74, 0x65, 0x72,
 0x6d, 0x69, 0x6e, 0x61, 0x6c, 0x20, 0x73, 0x69,
 0x7a, 0x65, 0x20, 0x2a, 0x2f, 0x0a, 0x20, 0x20,
 0x20, 0x20, 0x74, 0x68, 0x69, 0x73, 0x2e, 0x63,
 0x6f, 0x6c, 0x75, 0x6d, 0x6e, 0x73, 0x20, 0x3d,
 0x20, 0x38, 0x30, 0x3b, 0x0a, 0x0a, 0x20, 0x20,
 0x20, 0x20, 0x69, 0x66, 0x28, 0x69, 0x73, 0x61,
 0x74, 0x74, 0x79, 0x28, 0x74, 0x65, 0x72, 0x6d,
 0x46, 0x64, 0x29, 0x29, 0x20, 0x7b, 0x0a, 0x20,
 0x20, 0x20, 0x20, 0x20, 0x20, 0x69, 0x66, 0x28,
 0x74, 0x74, 0x79, 0x47, 0x65, 0x74, 0x57, 0x69,
 0x6e, 0x53, 0x69, 0x7a, 0x65, 0x29, 0x20, 0x7b,
 0x0a, 0x20, 0x20, 0x20, 0x20, 0x20, 0x20, 0x20,
 0x20, 0x74, 0x61, 0x62, 0x20, 0x3d, 0x20, 0x74,
 0x74, 0x79, 0x47, 0x65, 0x74, 0x57, 0x69, 0x6e,
 0x53, 0x69, 0x7a, 0x65, 0x28, 0x74, 0x65, 0x72,
 0x6d, 0x46, 0x64, 0x29, 0x3b, 0x0a, 0x0a, 0x20,
 0x20, 0x20, 0x20, 0x20, 0x20, 0x20, 0x20, 0x69,
 0x66, 0x28, 0x74, 0x61, 0x62, 0x29, 0x20, 0x7b,
 0x0a, 0x20, 0x20, 0x20, 0x20, 0x20, 0x20, 0x20,
 0x20, 0x20, 0x20, 0x74, 0x68, 0x69, 0x73, 0x2e,
 0x63, 0x6f, 0x6c, 0x75, 0x6d, 0x6e, 0x73, 0x20,
 0x3d, 0x20, 0x74, 0x61, 0x62, 0x5b, 0x30, 0x5d,
 0x3b, 0x0a, 0x20, 0x20, 0x20, 0x20, 0x20, 0x20,
 0x20, 0x20, 0x20, 0x20, 0x74, 0x68, 0x69, 0x73,
 0x2e, 0x6c, 0x69, 0x6e, 0x65, 0x73, 0x20, 0x3d,
 0x20, 0x74, 0x61, 0x62, 0x5b, 0x31, 0x5d, 0x3b,
 0x0a, 0x20, 0x20, 0x20, 0x20, 0x20, 0x20, 0x20,
 0x20, 0x7d, 0x0a, 0x20, 0x20, 0x20, 0x20, 0x20,
 0x20, 0x7d, 0x0a, 0x0a, 0x20, 0x20, 0x20, 0x20,
 0x20, 0x20, 0x2f, 0x2a, 0x20, 0x73, 0x65, 0x74,
 0x20, 0x74, 0x68, 0x65, 0x20, 0x54, 0x54, 0x59,
 0x20, 0x74, 0x6f, 0x20, 0x72, 0x61, 0x77, 0x20,
 0x6d, 0x6f, 0x64, 0x65, 0x20, 0x2a, 0x2f, 0x0a,
 0x20, 0x20, 0x20, 0x20, 0x20, 0x20, 0x73, 0x65,
 0x74, 0x52, 0x61, 0x77, 0x28, 0x74, 0x65, 0x72,
 0x6d, 0x46, 0x64, 0x29, 0x3b, 0x0a, 0x20, 0x20,
 0x20, 0x20, 0x7d, 0x0a, 0x0a, 0x20, 0x20, 0x20,
 0x20, 0x2f, 0x2a, 0x20, 0x69, 0x6e, 0x73, 0x74,
 0x61, 0x6c, 0x6c, 0x20, 0x61, 0x20, 0x43, 0x74,
 0x72, 0x6c, 0x2d, 0x43, 0x20, 0x73, 0x69, 0x67,
 0x6e, 0x61, 0x6c, 0x20, 0x68, 0x61, 0x6e, 0x64,
 0x6c, 0x65, 0x72, 0x20, 0x2a, 0x2f, 0x0a, 0x20,
 0x20, 0x20, 0x20, 0x73, 0x69, 0x67, 0x6e, 0x61,
 0x6c, 0x28, 0x53, 0x49, 0x47, 0x49, 0x4e, 0x54,
 0x2c, 0x20, 0x61, 0x72, 0x67, 0x20, 0x3d, 0x3e,
 0x20, 0x74, 0x68, 0x69, 0x73, 0x2e, 0x73, 0x69,
 0x67, 0x69, 0x6e, 0x74, 0x48, 0x61, 0x6e, 0x64,
 0x6c, 0x65, 0x72, 0x28, 0x61, 0x72, 0x67, 0x29,
 0x29, 0x3b, 0x0a, 0x0a, 0x20, 0x20, 0x20, 0x20,
 0x2f, 0x2a, 0x20, 0x69, 0x6e, 0x73, 0x74, 0x61,
 0x6c, 0x6c, 0x20, 0x61, 0x20, 0x68, 0x61, 0x6e,
 0x64, 0x6c, 0x65, 0x72, 0x20, 0x74, 0x6f, 0x20,
 0x72, 0x65, 0x61, 0x64, 0x20, 0x73, 0x74, 0x64,
 0x69, 0x6e, 0x20, 0x2a, 0x2f, 0x0a, 0x20, 0x20,
 0x20, 0x20, 0x2f, 0x2f, 0x73, 0x65, 0x74, 0x52,
 0x65, 0x61, 0x64, 0x48, 0x61, 0x6e, 0x64, 0x6c,
 0x65, 0x72, 0x28, 0x74, 0x65, 0x72, 0x6d, 0x46,
 0x64, 0x2c, 0x20, 0x28, 0x29, 0x20, 0x3d, 0x3e,
 0x20, 0x74, 0x68, 0x69, 0x73, 0x2e, 0x74, 0x65,
 0x72, 0x6d, 0x52, 0x65, 0x61, 0x64, 0x48, 0x61,
 0x6e, 0x64, 0x6c, 0x65, 0x72, 0x28, 0x29, 0x29,
 0x3b, 0x0a, 0x20, 0x20, 0x7d, 0x0a, 0x0a, 0x20,
 0x20, 0x6d, 0x6f, 0x75, 0x73, 0x65, 0x54, 0x72,
 0x61, 0x63, 0x6b, 0x69, 0x6e, 0x67, 0x28, 0x65,
 0x6e, 0x61, 0x62, 0x6c, 0x65, 0x20, 0x3d, 0x20,
 0x74, 0x72, 0x75, 0x65, 0x29, 0x20, 0x7b, 0x0a,
 0x20, 0x20, 0x20, 0x20, 0x65, 0x6e, 0x61, 0x62,
 0x6c, 0x65, 0x20, 0x3f, 0x20, 0x54, 0x65, 0x72,
 0x6d, 0x69, 0x6e, 0x61, 0x6c, 0x2e, 0x6d, 0x6f,
 0x75, 0x73, 0x65, 0x74, 0x72, 0x61, 0x63, 0x6b,
 0x69, 0x6e, 0x67, 0x45, 0x6e, 0x61, 0x62, 0x6c,
 0x65, 0x28, 0x29, 0x20, 0x3a, 0x20, 0x54, 0x65,
 0x72, 0x6d, 0x69, 0x6e, 0x61, 0x6c, 0x2e, 0x6d,
 0x6f, 0x75, 0x73, 0x65, 0x74, 0x72, 0x61, 0x63,
 0x6b, 0x69, 0x6e, 0x67, 0x44, 0x69, 0x73, 0x61,
 0x62, 0x6c, 0x65, 0x28, 0x29, 0x3b, 0x0a, 0x20,
 0x20, 0x7d, 0x0a, 0x0a, 0x20, 0x20, 0x73, 0x65,
 0x74, 0x75, 0x70, 0x4d, 0x6f, 0x75, 0x73, 0x65,
 0x54, 0x72, 0x61, 0x63, 0x6b, 0x69, 0x6e, 0x67,
 0x28, 0x29, 0x20, 0x7b, 0x0a, 0x20, 0x20, 0x20,
 0x20, 0x74, 0x68, 0x69, 0x73, 0x2e, 0x6d, 0x6f,
 0x75, 0x73, 0x65, 0x54, 0x72, 0x61, 0x63, 0x6b,
 0x69, 0x6e, 0x67, 0x28, 0x74, 0x72, 0x75, 0x65,
 0x29, 0x3b, 0x0a, 0x0a, 0x20, 0x20, 0x20, 0x20,
 0x74, 0x68, 0x69, 0x73, 0x2e, 0x61, 0x64, 0x64,
 0x43, 0x6c, 0x65, 0x61, 0x6e, 0x75, 0x70, 0x48,
 0x61, 0x6e, 0x64, 0x6c, 0x65, 0x72, 0x28, 0x28,
 0x29, 0x20, 0x3d, 0x3e, 0x20, 0x7b, 0x0a, 0x20,
 0x20, 0x20, 0x20, 0x20, 0x20, 0x74, 0x68, 0x69,
 0x73, 0x2e, 0x6d, 0x6f, 0x75, 0x73, 0x65, 0x54,
 0x72, 0x61, 0x63, 0x6b, 0x69, 0x6e, 0x67, 0x28,
 0x66, 0x61, 0x6c, 0x73, 0x65, 0x29, 0x3b, 0x0a,
 0x20, 0x20, 0x20, 0x20, 0x20, 0x20, 0x63, 0x6f,
 0x6e, 0x73, 0x6f, 0x6c, 0x65, 0x2e, 0x6c, 0x6f,
 0x67, 0x28, 0x27, 0x4d, 0x6f, 0x75, 0x73, 0x65,
 0x20, 0x74, 0x72, 0x61, 0x63, 0x6b, 0x69, 0x6e,
 0x67, 0x20, 0x64, 0x69, 0x73, 0x61, 0x62, 0x6c,
 0x65, 0x64, 0x27, 0x29, 0x3b, 0x0a, 0x20, 0x20,
 0x20, 0x20, 0x7d, 0x29, 0x3b, 0x0a, 0x20, 0x20,
 0x7d, 0x0a, 0x0a, 0x20, 0x20, 0x74, 0x65, 0x72,
 0x6d, 0x52, 0x65, 0x61, 0x64, 0x48, 0x61, 0x6e,
 0x64, 0x6c, 0x65, 0x72, 0x28, 0x29, 0x20, 0x7b,
 0x0a, 0x20, 0x20, 0x20, 0x20, 0x76, 0x61, 0x72,
 0x20, 0x6c, 0x2c, 0x0a, 0x20, 0x20, 0x20, 0x20,
 0x20, 0x20, 0x69, 0x20, 0x3d, 0x20, 0x6e, 0x75,
 0x6c, 0x6c, 0x3b, 0x0a, 0x20, 0x20, 0x20, 0x20,
 0x6c, 0x20, 0x3d, 0x20, 0x72, 0x65, 0x61, 0x64,
 0x28, 0x74, 0x65, 0x72, 0x6d, 0x46, 0x64, 0x2c,
 0x20, 0x74, 0x68, 0x69, 0x73, 0x2e, 0x72, 0x65,
 0x61, 0x64, 0x42, 0x75, 0x66, 0x2e, 0x62, 0x75,
 0x66, 0x66, 0x65, 0x72, 0x2c, 0x20, 0x30, 0x2c,
 0x20, 0x74, 0x68, 0x69, 0x73, 0x2e, 0x72, 0x65,
 0x61, 0x64, 0x42, 0x75, 0x66, 0x2e, 0x6c, 0x65,
 0x6e, 0x67, 0x74, 0x68, 0x29, 0x3b, 0x0a, 0x20,
 0x20, 0x20, 0x20, 0x66, 0x6f, 0x72, 0x28, 0x69,
 0x20, 0x3d, 0x20, 0x30, 0x3b, 0x20, 0x69, 0x20,
 0x3c, 0x20, 0x6c, 0x3b, 0x20, 0x69, 0x2b, 0x2b,
 0x29, 0x20, 0x74, 0x68, 0x69, 0x73, 0x2e, 0x68,
 0x61, 0x6e, 0x64, 0x6c, 0x65, 0x42, 0x79, 0x74,
 0x65, 0x28, 0x74, 0x68, 0x69, 0x73, 0x2e, 0x72,
 0x65, 0x61, 0x64, 0x42, 0x75, 0x66, 0x5b, 0x69,
 0x5d, 0x29, 0x3b, 0x0a, 0x20, 0x20, 0x7d, 0x0a,
 0x0a, 0x20, 0x20, 0x74, 0x72, 0x61, 0x6e, 0x73,
 0x70, 0x6f, 0x73, 0x65, 0x43, 0x68, 0x61, 0x72,
 0x73, 0x28, 0x29, 0x20, 0x7b, 0x0a, 0x20, 0x20,
 0x20, 0x20, 0x63, 0x6f, 0x6e, 0x73, 0x74, 0x20,
 0x70, 0x6f, 0x73, 0x20, 0x3d, 0x20, 0x74, 0x68,
 0x69, 0x73, 0x2e, 0x63, 0x75, 0x72, 0x73, 0x6f,
 0x72, 0x50, 0x6f, 0x73, 0x3b, 0x0a, 0x0a, 0x20,
 0x20, 0x20, 0x20, 0x69, 0x66, 0x28, 0x74, 0x68,
 0x69, 0x73, 0x2e, 0x63, 0x6d, 0x64, 0x2e, 0x6c,
 0x65, 0x6e, 0x67, 0x74, 0x68, 0x20, 0x3e, 0x20,
 0x31, 0x20, 0x26, 0x26, 0x20, 0x70, 0x6f, 0x73,
 0x20, 0x3e, 0x20, 0x30, 0x29, 0x20, 0x7b, 0x0a,
 0x20, 0x20, 0x20, 0x20, 0x20, 0x20, 0x69, 0x66,
 0x28, 0x70, 0x6f, 0x73, 0x20, 0x3d, 0x3d, 0x20,
 0x74, 0x68, 0x69, 0x73, 0x2e, 0x63, 0x6d, 0x64,
 0x2e, 0x6c, 0x65, 0x6e, 0x67, 0x74, 0x68, 0x29,
 0x20, 0x70, 0x6f, 0x73, 0x2d, 0x2d, 0x3b, 0x0a,
 0x20, 0x20, 0x20, 0x20, 0x20, 0x20, 0x74, 0x68,
 0x69, 0x73, 0x2e, 0x63, 0x6d, 0x64, 0x20, 0x3d,
 0x20, 0x74, 0x68, 0x69, 0x73, 0x2e, 0x63, 0x6d,
 0x64, 0x2e, 0x73, 0x75, 0x62, 0x73, 0x74, 0x72,
 0x69, 0x6e, 0x67, 0x28, 0x30, 0x2c, 0x20, 0x70,
 0x6f, 0x73, 0x20, 0x2d, 0x20, 0x31, 0x29, 0x20,
 0x2b, 0x20, 0x74, 0x68, 0x69, 0x73, 0x2e, 0x63,
 0x6d, 0x64, 0x2e, 0x73, 0x75, 0x62, 0x73, 0x74,
 0x72, 0x69, 0x6e, 0x67, 0x28, 0x70, 0x6f, 0x73,
 0x2c, 0x20, 0x70, 0x6f, 0x73, 0x20, 0x2b, 0x20,
 0x31, 0x29, 0x20, 0x2b, 0x20, 0x74, 0x68, 0x69,
 0x73, 0x2e, 0x63, 0x6d, 0x64, 0x2e, 0x73, 0x75,
 0x62, 0x73, 0x74, 0x72, 0x69, 0x6e, 0x67, 0x28,
 0x70, 0x6f, 0x73, 0x20, 0x2d, 0x20, 0x31, 0x2c,
 0x20, 0x70, 0x6f, 0x73, 0x29, 0x20, 0x2b, 0x20,
 0x74, 0x68, 0x69, 0x73, 0x2e, 0x63, 0x6d, 0x64,
 0x2e, 0x73, 0x75, 0x62, 0x73, 0x74, 0x72, 0x69,
 0x6e, 0x67, 0x28, 0x70, 0x6f, 0x73, 0x20, 0x2b,
 0x20, 0x31, 0x29, 0x3b, 0x0a, 0x20, 0x20, 0x20,
 0x20, 0x20, 0x20, 0x74, 0x68, 0x69, 0x73, 0x2e,
 0x63, 0x75, 0x72, 0x73, 0x6f, 0x72, 0x50, 0x6f,
 0x73, 0x20, 0x3d, 0x20, 0x70, 0x6f, 0x73, 0x20,
 0x2b, 0x20, 0x31, 0x3b, 0x0a, 0x20, 0x20, 0x20,
 0x20, 0x7d, 0x0a, 0x20, 0x20, 0x7d, 0x0a, 0x0a,
 0x20, 0x20, 0x74, 0x72, 0x61, 0x6e, 0x73, 0x70,
 0x6f, 0x73, 0x65, 0x57, 0x6f, 0x72, 0x64, 0x73,
 0x28, 0x29, 0x20, 0x7b, 0x0a, 0x20, 0x20, 0x20,
 0x20, 0x76, 0x61, 0x72, 0x20, 0x70, 0x31, 0x20,
 0x3d, 0x20, 0x74, 0x68, 0x69, 0x73, 0x2e, 0x73,
 0x6b, 0x69, 0x70, 0x57, 0x6f, 0x72, 0x64, 0x42,
 0x61, 0x63, 0x6b, 0x77, 0x61, 0x72, 0x64, 0x28,
 0x74, 0x68, 0x69, 0x73, 0x2e, 0x63, 0x75, 0x72,
 0x73, 0x6f, 0x72, 0x50, 0x6f, 0x73, 0x29, 0x3b,
 0x0a, 0x20, 0x20, 0x20, 0x20, 0x76, 0x61, 0x72,
 0x20, 0x70, 0x32, 0x20, 0x3d, 0x20, 0x74, 0x68,
 0x69, 0x73, 0x2e, 0x73, 0x6b, 0x69, 0x70, 0x57,
 0x6f, 0x72, 0x64, 0x46, 0x6f, 0x72, 0x77, 0x61,
 0x72, 0x64, 0x28, 0x70, 0x31, 0x29, 0x3b, 0x0a,
 0x20, 0x20, 0x20, 0x20, 0x76, 0x61, 0x72, 0x20,
 0x70, 0x34, 0x20, 0x3d, 0x20, 0x74, 0x68, 0x69,
 0x73, 0x2e, 0x73, 0x6b, 0x69, 0x70, 0x57, 0x6f,
 0x72, 0x64, 0x46, 0x6f, 0x72, 0x77, 0x61, 0x72,
 0x64, 0x28, 0x74, 0x68, 0x69, 0x73, 0x2e, 0x63,
 0x75, 0x72, 0x73, 0x6f, 0x72, 0x50, 0x6f, 0x73,
 0x29, 0x3b, 0x0a, 0x20, 0x20, 0x20, 0x20, 0x76,
 0x61, 0x72, 0x20, 0x70, 0x33, 0x20, 0x3d, 0x20,
 0x74, 0x68, 0x69, 0x73, 0x2e, 0x73, 0x6b, 0x69,
 0x70, 0x57, 0x6f, 0x72, 0x64, 0x42, 0x61, 0x63,
 0x6b, 0x77, 0x61, 0x72, 0x64, 0x28, 0x70, 0x34,
 0x29, 0x3b, 0x0a, 0x0a, 0x20, 0x20, 0x20, 0x20,
 0x69, 0x66, 0x28, 0x70, 0x31, 0x20, 0x3c, 0x20,
 0x70, 0x32, 0x20, 0x26, 0x26, 0x20, 0x70, 0x32,
 0x20, 0x3c, 0x3d, 0x20, 0x74, 0x68, 0x69, 0x73,
 0x2e, 0x63, 0x75, 0x72, 0x73, 0x6f, 0x72, 0x50,
 0x6f, 0x73, 0x20, 0x26, 0x26, 0x20, 0x74, 0x68,
 0x69, 0x73, 0x2e, 0x63, 0x75, 0x72, 0x73, 0x6f,
 0x72, 0x50, 0x6f, 0x73, 0x20, 0x3c, 0x3d, 0x20,
 0x70, 0x33, 0x20, 0x26, 0x26, 0x20, 0x70, 0x33,
 0x20, 0x3c, 0x20, 0x70, 0x34, 0x29, 0x20, 0x7b,
 0x0a, 0x20, 0x20, 0x20, 0x20, 0x20, 0x20, 0x74,
 0x68, 0x69, 0x73, 0x2e, 0x63, 0x6d, 0x64, 0x20,
 0x3d, 0x20, 0x74, 0x68, 0x69, 0x73, 0x2e, 0x63,
 0x6d, 0x64, 0x2e, 0x73, 0x75, 0x62, 0x73, 0x74,
 0x72, 0x69, 0x6e, 0x67, 0x28, 0x30, 0x2c, 0x20,
 0x70, 0x31, 0x29, 0x20, 0x2b, 0x20, 0x74, 0x68,
 0x69, 0x73, 0x2e, 0x63, 0x6d, 0x64, 0x2e, 0x73,
 0x75, 0x62, 0x73, 0x74, 0x72, 0x69, 0x6e, 0x67,
 0x28, 0x70, 0x33, 0x2c, 0x20, 0x70, 0x34, 0x29,
 0x20, 0x2b, 0x20, 0x74, 0x68, 0x69, 0x73, 0x2e,
 0x63, 0x6d, 0x64, 0x2e, 0x73, 0x75, 0x62, 0x73,
 0x74, 0x72, 0x69, 0x6e, 0x67, 0x28, 0x70, 0x32,
 0x2c, 0x20, 0x70, 0x33, 0x29, 0x20, 0x2b, 0x20,
 0x74, 0x68, 0x69, 0x73, 0x2e, 0x63, 0x6d, 0x64,
 0x2e, 0x73, 0x75, 0x62, 0x73, 0x74, 0x72, 0x69,
 0x6e, 0x67, 0x28, 0x70, 0x31, 0x2c, 0x20, 0x70,
 0x32, 0x29, 0x3b, 0x0a, 0x20, 0x20, 0x20, 0x20,
 0x20, 0x20, 0x74, 0x68, 0x69, 0x73, 0x2e, 0x63,
 0x75, 0x72, 0x73, 0x6f, 0x72, 0x50, 0x6f, 0x73,
 0x20, 0x3d, 0x20, 0x70, 0x34, 0x3b, 0x0a, 0x20,
 0x20, 0x20, 0x20, 0x7d, 0x0a, 0x20, 0x20, 0x7d,
 0x0a, 0x0a, 0x20, 0x20, 0x75, 0x70, 0x63, 0x61,
 0x73, 0x65, 0x57, 0x6f, 0x72, 0x64, 0x28, 0x29,
 0x20, 0x7b, 0x0a, 0x20, 0x20, 0x20, 0x20, 0x76,
 0x61, 0x72, 0x20, 0x65, 0x6e, 0x64, 0x20, 0x3d,
 0x20, 0x74, 0x68, 0x69, 0x73, 0x2e, 0x73, 0x6b,
 0x69, 0x70, 0x57, 0x6f, 0x72, 0x64, 0x46, 0x6f,
 0x72, 0x77, 0x61, 0x72, 0x64, 0x28, 0x74, 0x68,
 0x69, 0x73, 0x2e, 0x63, 0x75, 0x72, 0x73, 0x6f,
 0x72, 0x50, 0x6f, 0x73, 0x29, 0x3b, 0x0a, 0x20,
 0x20, 0x20, 0x20, 0x74, 0x68, 0x69, 0x73, 0x2e,
 0x63, 0x6d, 0x64, 0x20, 0x3d, 0x20, 0x74, 0x68,
 0x69, 0x73, 0x2e, 0x63, 0x6d, 0x64, 0x2e, 0x73,
 0x75, 0x62, 0x73, 0x74, 0x72, 0x69, 0x6e, 0x67,
 0x28, 0x30, 0x2c, 0x20, 0x74, 0x68, 0x69, 0x73,
 0x2e, 0x63, 0x75, 0x72, 0x73, 0x6f, 0x72, 0x50,
 0x6f, 0x73, 0x29, 0x20, 0x2b, 0x20, 0x74, 0x68,
 0x69, 0x73, 0x2e, 0x63, 0x6d, 0x64, 0x2e, 0x73,
 0x75, 0x62, 0x73, 0x74, 0x72, 0x69, 0x6e, 0x67,
 0x28, 0x74, 0x68, 0x69, 0x73, 0x2e, 0x63, 0x75,
 0x72, 0x73, 0x6f, 0x72, 0x50, 0x6f, 0x73, 0x2c,
 0x20, 0x65, 0x6e, 0x64, 0x29, 0x2e, 0x74, 0x6f,
 0x55, 0x70, 0x70, 0x65, 0x72, 0x43, 0x61, 0x73,
 0x65, 0x28, 0x29, 0x20, 0x2b, 0x20, 0x74, 0x68,
 0x69, 0x73, 0x2e, 0x63, 0x6d, 0x64, 0x2e, 0x73,
 0x75, 0x62, 0x73, 0x74, 0x72, 0x69, 0x6e, 0x67,
 0x28, 0x65, 0x6e, 0x64, 0x29, 0x3b, 0x0a, 0x20,
 0x20, 0x7d, 0x0a, 0x0a, 0x20, 0x20, 0x75, 0x70,
 0x64, 0x61, 0x74, 0x65, 0x28, 0x29, 0x20, 0x7b,
 0x0a, 0x20, 0x20, 0x20, 0x20, 0x69, 0x66, 0x28,
 0x21, 0x74, 0x68, 0x69, 0x73, 0x2e, 0x6f, 0x75,
 0x74, 0x29, 0x20, 0x72, 0x65, 0x74, 0x75, 0x72,
 0x6e, 0x3b, 0x0a, 0x0a, 0x20, 0x20, 0x20, 0x20,
 0x6c, 0x65, 0x74, 0x20, 0x6f, 0x75, 0x74, 0x20,
 0x3d, 0x20, 0x74, 0x68, 0x69, 0x73, 0x2e, 0x6f,
 0x75, 0x74, 0x2c, 0x0a, 0x20, 0x20, 0x20, 0x20,
 0x20, 0x20, 0x63, 0x6f, 0x6c, 0x6f, 0x72, 0x69,
 0x7a, 0x65, 0x20, 0x3d, 0x20, 0x74, 0x68, 0x69,
 0x73, 0x2e, 0x73, 0x68, 0x6f, 0x77, 0x43, 0x6f,
 0x6c, 0x6f, 0x72, 0x73, 0x3b, 0x0a, 0x0a, 0x20,
 0x20, 0x20, 0x20, 0x69, 0x66, 0x28, 0x73, 0x65,
 0x61, 0x72, 0x63, 0x68, 0x53, 0x74, 0x61, 0x74,
 0x65, 0x29, 0x20, 0x7b, 0x0a, 0x20, 0x20, 0x20,
 0x20, 0x20, 0x20, 0x6c, 0x65, 0x74, 0x20, 0x63,
 0x6d, 0x64, 0x4c, 0x69, 0x6e, 0x65, 0x20, 0x3d,
 0x20, 0x74, 0x68, 0x69, 0x73, 0x2e, 0x63, 0x6d,
 0x64, 0x3b, 0x0a, 0x20, 0x20, 0x20, 0x20, 0x20,
 0x20, 0x63, 0x6f, 0x6e, 0x73, 0x74, 0x20, 0x7b,
 0x20, 0x68, 0x69, 0x73, 0x74, 0x6f, 0x72, 0x79,
 0x20, 0x7d, 0x20, 0x3d, 0x20, 0x74, 0x68, 0x69,
 0x73, 0x3b, 0x0a, 0x20, 0x20, 0x20, 0x20, 0x20,
 0x20, 0x63, 0x6f, 0x6e, 0x73, 0x74, 0x20, 0x72,
 0x65, 0x20, 0x3d, 0x20, 0x6e, 0x65, 0x77, 0x20,
 0x52, 0x65, 0x67, 0x45, 0x78, 0x70, 0x28, 0x28,
 0x74, 0x68, 0x69, 0x73, 0x2e, 0x73, 0x65, 0x61,
 0x72, 0x63, 0x68, 0x50, 0x61, 0x74, 0x74, 0x65,
 0x72, 0x6e, 0x20, 0x3d, 0x20, 0x63, 0x6d, 0x64,
 0x4c, 0x69, 0x6e, 0x65, 0x2e, 0x72, 0x65, 0x70,
 0x6c, 0x61, 0x63, 0x65, 0x28, 0x2f, 0x28, 0x5b,
 0x5c, 0x5b, 0x5c, 0x5d, 0x5c, 0x28, 0x5c, 0x29,
 0x5c, 0x3f, 0x5c, 0x2b, 0x5c, 0x2a, 0x5d, 0x29,
 0x2f, 0x67, 0x2c, 0x20, 0x27, 0x5c, 0x5c, 0x24,
 0x31, 0x27, 0x29, 0x29, 0x2c, 0x20, 0x27, 0x69,
 0x27, 0x29, 0x3b, 0x0a, 0x20, 0x20, 0x20, 0x20,
 0x20, 0x20, 0x63, 0x6f, 0x6e, 0x73, 0x74, 0x20,
 0x6e, 0x75, 0x6d, 0x20, 0x3d, 0x20, 0x73, 0x65,
 0x61, 0x72, 0x63, 0x68, 0x53, 0x74, 0x61, 0x74,
 0x65, 0x20, 0x3e, 0x20, 0x30, 0x20, 0x3f, 0x20,
 0x73, 0x65, 0x61, 0x72, 0x63, 0x68, 0x53, 0x74,
 0x61, 0x74, 0x65, 0x20, 0x2d, 0x20, 0x31, 0x20,
 0x3a, 0x20, 0x73, 0x65, 0x61, 0x72, 0x63, 0x68,
 0x53, 0x74, 0x61, 0x74, 0x65, 0x3b, 0x0a, 0x20,
 0x20, 0x20, 0x20, 0x20, 0x20, 0x2f, 0x2f, 0x74,
 0x68, 0x69, 0x73, 0x2e, 0x73, 0x65, 0x61, 0x72,
 0x63, 0x68, 0x49, 0x6e, 0x64, 0x65, 0x78, 0x20,
 0x3d, 0x20, 0x74, 0x68, 0x69, 0x73, 0x2e, 0x68,
 0x69, 0x73, 0x74, 0x6f, 0x72, 0x79, 0x2e, 0x66,
 0x69, 0x6e, 0x64, 0x4c, 0x61, 0x73, 0x74, 0x49,
 0x6e, 0x64, 0x65, 0x78, 0x28, 0x63, 0x20, 0x3d,
 0x3e, 0x20, 0x72, 0x65, 0x2e, 0x74, 0x65, 0x73,
 0x74, 0x28, 0x63, 0x29, 0x20, 0x26, 0x26, 0x20,
 0x2d, 0x2d, 0x6e, 0x75, 0x6d, 0x20, 0x3d, 0x3d,
 0x20, 0x30, 0x29, 0x3b, 0x0a, 0x20, 0x20, 0x20,
 0x20, 0x20, 0x20, 0x6c, 0x65, 0x74, 0x20, 0x68,
 0x69, 0x73, 0x74, 0x6f, 0x72, 0x79, 0x53, 0x65,
 0x61, 0x72, 0x63, 0x68, 0x20, 0x3d, 0x20, 0x72,
 0x6f, 0x74, 0x61, 0x74, 0x65, 0x4c, 0x65, 0x66,
 0x74, 0x28, 0x5b, 0x2e, 0x2e, 0x2e, 0x68, 0x69,
 0x73, 0x74, 0x6f, 0x72, 0x79, 0x2e, 0x65, 0x6e,
 0x74, 0x72, 0x69, 0x65, 0x73, 0x28, 0x29, 0x5d,
 0x2c, 0x20, 0x74, 0x68, 0x69, 0x73, 0x2e, 0x68,
 0x69, 0x73, 0x74, 0x6f, 0x72, 0x79, 0x49, 0x6e,
 0x64, 0x65, 0x78, 0x29, 0x3b, 0x0a, 0x0a, 0x20,
 0x20, 0x20, 0x20, 0x20, 0x20, 0x74, 0x68, 0x69,
 0x73, 0x2e, 0x73, 0x65, 0x61, 0x72, 0x63, 0x68,
 0x4d, 0x61, 0x74, 0x63, 0x68, 0x65, 0x73, 0x2e,
 0x73, 0x70, 0x6c, 0x69, 0x63, 0x65, 0x28, 0x30,
 0x2c, 0x20, 0x74, 0x68, 0x69, 0x73, 0x2e, 0x73,
 0x65, 0x61, 0x72, 0x63, 0x68, 0x4d, 0x61, 0x74,
 0x63, 0x68, 0x65, 0x73, 0x2e, 0x6c, 0x65, 0x6e,
 0x67, 0x74, 0x68, 0x2c, 0x20, 0x2e, 0x2e, 0x2e,
 0x68, 0x69, 0x73, 0x74, 0x6f, 0x72, 0x79, 0x53,
 0x65, 0x61, 0x72, 0x63, 0x68, 0x2e, 0x66, 0x69,
 0x6c, 0x74, 0x65, 0x72, 0x28, 0x28, 0x5b, 0x69,
 0x2c, 0x20, 0x63, 0x5d, 0x29, 0x20, 0x3d, 0x3e,
 0x20, 0x72, 0x65, 0x2e, 0x74, 0x65, 0x73, 0x74,
 0x28, 0x63, 0x29, 0x29, 0x29, 0x3b, 0x0a, 0x0a,
 0x20, 0x20, 0x20, 0x20, 0x20, 0x20, 0x2f, 0x2f,
 0x6e, 0x75, 0x6d, 0x20, 0x3d, 0x20, 0x73, 0x65,
 0x61, 0x72, 0x63, 0x68, 0x53, 0x74, 0x61, 0x74,
 0x65, 0x20, 0x3e, 0x20, 0x30, 0x20, 0x3f, 0x20,
 0x73, 0x65, 0x61, 0x72, 0x63, 0x68, 0x53, 0x74,
 0x61, 0x74, 0x65, 0x20, 0x2d, 0x20, 0x31, 0x20,
 0x3a, 0x20, 0x73, 0x65, 0x61, 0x72, 0x63, 0x68,
 0x53, 0x74, 0x61, 0x74, 0x65, 0x3b, 0x0a, 0x20,
 0x20, 0x20, 0x20, 0x20, 0x20, 0x63, 0x6f, 0x6e,
 0x73, 0x74, 0x20, 0x6d, 0x61, 0x74, 0x63, 0x68,
 0x20, 0x3d, 0x20, 0x74, 0x68, 0x69, 0x73, 0x2e,
 0x73, 0x65, 0x61, 0x72, 0x63, 0x68, 0x4d, 0x61,
 0x74, 0x63, 0x68, 0x65, 0x73, 0x5b, 0x6e, 0x75,
 0x6d, 0x20, 0x3c, 0x20, 0x30, 0x20, 0x3f, 0x20,
 0x74, 0x68, 0x69, 0x73, 0x2e, 0x73, 0x65, 0x61,
 0x72, 0x63, 0x68, 0x4d, 0x61, 0x74, 0x63, 0x68,
 0x65, 0x73, 0x2e, 0x6c, 0x65, 0x6e, 0x67, 0x74,
 0x68, 0x20, 0x2b, 0x20, 0x6e, 0x75, 0x6d, 0x20,
 0x3a, 0x20, 0x6e, 0x75, 0x6d, 0x5d, 0x3b, 0x0a,
 0x0a, 0x20, 0x20, 0x20, 0x20, 0x20, 0x20, 0x2f,
 0x2f, 0x20, 0x6f, 0x6e, 0x73, 0x6f, 0x6c, 0x65,
 0x2e, 0x6c, 0x6f, 0x67, 0x28, 0x22, 0x74, 0x68,
 0x69, 0x73, 0x2e, 0x73, 0x65, 0x61, 0x72, 0x63,
 0x68, 0x4d, 0x61, 0x74, 0x63, 0x68, 0x65, 0x73,
 0x22, 0x2c, 0x20, 0x74, 0x68, 0x69, 0x73, 0x2e,
 0x73, 0x65, 0x61, 0x72, 0x63, 0x68, 0x4d, 0x61,
 0x74, 0x63, 0x68, 0x65, 0x73, 0x2e, 0x6c, 0x65,
 0x6e, 0x67, 0x74, 0x68, 0x2c, 0x20, 0x6e, 0x75,
 0x6d, 0x2c, 0x20, 0x6d, 0x61, 0x74, 0x63, 0x68,
 0x29, 0x3b, 0x0a, 0x0a, 0x20, 0x20, 0x20, 0x20,
 0x20, 0x20, 0x63, 0x6f, 0x6e, 0x73, 0x74, 0x20,
 0x5b, 0x68, 0x69, 0x73, 0x74, 0x69, 0x64, 0x78,
 0x20, 0x3d, 0x20, 0x2d, 0x31, 0x2c, 0x20, 0x68,
 0x69, 0x73, 0x74, 0x63, 0x6d, 0x64, 0x20, 0x3d,
 0x20, 0x27, 0x27, 0x5d, 0x20, 0x3d, 0x20, 0x6d,
 0x61, 0x74, 0x63, 0x68, 0x20, 0x7c, 0x7c, 0x20,
 0x5b, 0x5d, 0x3b, 0x0a, 0x20, 0x20, 0x20, 0x20,
 0x20, 0x20, 0x63, 0x6f, 0x6e, 0x73, 0x74, 0x20,
 0x68, 0x69, 0x73, 0x74, 0x64, 0x69, 0x72, 0x20,
 0x3d, 0x20, 0x73, 0x65, 0x61, 0x72, 0x63, 0x68,
 0x53, 0x74, 0x61, 0x74, 0x65, 0x20, 0x3e, 0x20,
 0x30, 0x20, 0x3f, 0x20, 0x27, 0x66, 0x6f, 0x72,
 0x77, 0x61, 0x72, 0x64, 0x27, 0x20, 0x3a, 0x20,
 0x27, 0x72, 0x65, 0x76, 0x65, 0x72, 0x73, 0x65,
 0x27, 0x3b, 0x0a, 0x20, 0x20, 0x20, 0x20, 0x20,
 0x20, 0x63, 0x6f, 0x6e, 0x73, 0x74, 0x20, 0x68,
 0x69, 0x73, 0x74, 0x70, 0x6f, 0x73, 0x20, 0x3d,
 0x20, 0x73, 0x65, 0x61, 0x72, 0x63, 0x68, 0x53,
 0x74, 0x61, 0x74, 0x65, 0x20, 0x3c, 0x20, 0x30,
 0x20, 0x3f, 0x20, 0x68, 0x69, 0x73, 0x74, 0x6f,
 0x72, 0x79, 0x53, 0x65, 0x61, 0x72, 0x63, 0x68,
 0x2e, 0x69, 0x6e, 0x64, 0x65, 0x78, 0x4f, 0x66,
 0x28, 0x6d, 0x61, 0x74, 0x63, 0x68, 0x29, 0x20,
 0x2d, 0x20, 0x68, 0x69, 0x73, 0x74, 0x6f, 0x72,
 0x79, 0x53, 0x65, 0x61, 0x72, 0x63, 0x68, 0x2e,
 0x6c, 0x65, 0x6e, 0x67, 0x74, 0x68, 0x20, 0x3a,
 0x20, 0x68, 0x69, 0x73, 0x74, 0x6f, 0x72, 0x79,
 0x53, 0x65, 0x61, 0x72, 0x63, 0x68, 0x2e, 0x69,
 0x6e, 0x64, 0x65, 0x78, 0x4f, 0x66, 0x28, 0x6d,
 0x61, 0x74, 0x63, 0x68, 0x29, 0x3b, 0x0a, 0x20,
 0x20, 0x20, 0x20, 0x20, 0x20, 0x74, 0x68, 0x69,
 0x73, 0x2e, 0x73, 0x65, 0x61, 0x72, 0x63, 0x68,
 0x49, 0x6e, 0x64, 0x65, 0x78, 0x20, 0x3d, 0x20,
 0x68, 0x69, 0x73, 0x74, 0x69, 0x64, 0x78, 0x3b,
 0x0a, 0x20, 0x20, 0x20, 0x20, 0x20, 0x20, 0x6c,
 0x65, 0x74, 0x20, 0x6c, 0x69, 0x6e, 0x65, 0x53,
 0x74, 0x61, 0x72, 0x74, 0x20, 0x3d, 0x20, 0x60,
 0x28, 0x24, 0x7b, 0x68, 0x69, 0x73, 0x74, 0x64,
 0x69, 0x72, 0x7d, 0x2d, 0x73, 0x65, 0x61, 0x72,
 0x63, 0x68, 0x53, 0x74, 0x61, 0x74, 0x65, 0x5b,
 0x24, 0x7b, 0x68, 0x69, 0x73, 0x74, 0x70, 0x6f,
 0x73, 0x7d, 0x5d, 0x29, 0x5c, 0x60, 0x60, 0x3b,
 0x0a, 0x20, 0x20, 0x20, 0x20, 0x20, 0x20, 0x63,
 0x6d, 0x64, 0x4c, 0x69, 0x6e, 0x65, 0x20, 0x3d,
 0x20, 0x60, 0x24, 0x7b, 0x6c, 0x69, 0x6e, 0x65,
 0x53, 0x74, 0x61, 0x72, 0x74, 0x7d, 0x24, 0x7b,
 0x74, 0x68, 0x69, 0x73, 0x2e, 0x63, 0x6d, 0x64,
 0x7d, 0x27, 0x3a, 0x20, 0x24, 0x7b, 0x68, 0x69,
 0x73, 0x74, 0x63, 0x6d, 0x64, 0x7d, 0x60, 0x3b,
 0x0a, 0x20, 0x20, 0x20, 0x20, 0x20, 0x20, 0x63,
 0x6f, 0x6c, 0x6f, 0x72, 0x69, 0x7a, 0x65, 0x20,
 0x3d, 0x20, 0x66, 0x61, 0x6c, 0x73, 0x65, 0x3b,
 0x0a, 0x20, 0x20, 0x20, 0x20, 0x20, 0x20, 0x63,
 0x6f, 0x6e, 0x73, 0x74, 0x20, 0x73, 0x74, 0x61,
 0x72, 0x74, 0x20, 0x3d, 0x20, 0x63, 0x6d, 0x64,
 0x4c, 0x69, 0x6e, 0x65, 0x2e, 0x6c, 0x65, 0x6e,
 0x67, 0x74, 0x68, 0x20, 0x2d, 0x20, 0x68, 0x69,
 0x73, 0x74, 0x63, 0x6d, 0x64, 0x2e, 0x6c, 0x65,
 0x6e, 0x67, 0x74, 0x68, 0x20, 0x2d, 0x20, 0x33,
 0x20, 0x2d, 0x20, 0x74, 0x68, 0x69, 0x73, 0x2e,
 0x63, 0x6d, 0x64, 0x2e, 0x6c, 0x65, 0x6e, 0x67,
 0x74, 0x68, 0x20, 0x2b, 0x20, 0x74, 0x68, 0x69,
 0x73, 0x2e, 0x63, 0x75, 0x72, 0x73, 0x6f, 0x72,
 0x50, 0x6f, 0x73, 0x3b, 0x0a, 0x20, 0x20, 0x20,
 0x20, 0x20, 0x20, 0x6c, 0x65, 0x74, 0x20, 0x72,
 0x20, 0x3d, 0x20, 0x63, 0x6d, 0x64, 0x4c, 0x69,
 0x6e, 0x65, 0x2e, 0x73, 0x75, 0x62, 0x73, 0x74,
 0x72, 0x69, 0x6e, 0x67, 0x28, 0x73, 0x74, 0x61,
 0x72, 0x74, 0x29, 0x3b, 0x0a, 0x0a, 0x20, 0x20,
 0x20, 0x20, 0x20, 0x20, 0x73, 0x65, 0x74, 0x43,
 0x75, 0x72, 0x73, 0x6f, 0x72, 0x50, 0x6f, 0x73,
 0x69, 0x74, 0x69, 0x6f, 0x6e, 0x28, 0x31, 0x2c,
 0x20, 0x30, 0x29, 0x3b, 0x0a, 0x20, 0x20, 0x20,
 0x20, 0x20, 0x20, 0x6f, 0x75, 0x74, 0x2e, 0x70,
 0x75, 0x74, 0x73, 0x28, 0x63, 0x6d, 0x64, 0x4c,
 0x69, 0x6e, 0x65, 0x29, 0x3b, 0x0a, 0x20, 0x20,
 0x20, 0x20, 0x20, 0x20, 0x63, 0x6c, 0x65, 0x61,
 0x72, 0x53, 0x63, 0x72, 0x65, 0x65, 0x6e, 0x28,
 0x31, 0x2c, 0x20, 0x30, 0x29, 0x3b, 0x0a, 0x0a,
 0x20, 0x20, 0x20, 0x20, 0x20, 0x20, 0x74, 0x68,
 0x69, 0x73, 0x2e, 0x6c, 0x61, 0x73, 0x74, 0x43,
 0x6d, 0x64, 0x20, 0x3d, 0x20, 0x63, 0x6d, 0x64,
 0x4c, 0x69, 0x6e, 0x65, 0x3b, 0x0a, 0x20, 0x20,
 0x20, 0x20, 0x20, 0x20, 0x74, 0x65, 0x72, 0x6d,
 0x43, 0x75, 0x72, 0x73, 0x6f, 0x72, 0x58, 0x20,
 0x3d, 0x20, 0x73, 0x74, 0x61, 0x72, 0x74, 0x3b,
 0x0a, 0x20, 0x20, 0x20, 0x20, 0x20, 0x20, 0x74,
 0x68, 0x69, 0x73, 0x2e, 0x6c, 0x61, 0x73, 0x74,
 0x43, 0x75, 0x72, 0x73, 0x6f, 0x72, 0x50, 0x6f,
 0x73, 0x20, 0x3d, 0x20, 0x74, 0x68, 0x69, 0x73,
 0x2e, 0x63, 0x75, 0x72, 0x73, 0x6f, 0x72, 0x50,
 0x6f, 0x73, 0x3b, 0x0a, 0x20, 0x20, 0x20, 0x20,
 0x20, 0x20, 0x6c, 0x65, 0x74, 0x20, 0x6e, 0x62,
 0x61, 0x63, 0x6b, 0x20, 0x3d, 0x20, 0x75, 0x63,
 0x73, 0x4c, 0x65, 0x6e, 0x67, 0x74, 0x68, 0x28,
 0x72, 0x29, 0x3b, 0x0a, 0x20, 0x20, 0x20, 0x20,
 0x20, 0x20, 0x6f, 0x75, 0x74, 0x2e, 0x66, 0x6c,
 0x75, 0x73, 0x68, 0x28, 0x29, 0x3b, 0x0a, 0x20,
 0x20, 0x20, 0x20, 0x20, 0x20, 0x69, 0x66, 0x28,
 0x69, 0x73, 0x4e, 0x61, 0x4e, 0x28, 0x6e, 0x62,
 0x61, 0x63, 0x6b, 0x29, 0x29, 0x20, 0x74, 0x68,
 0x72, 0x6f, 0x77, 0x20, 0x6e, 0x65, 0x77, 0x20,
 0x45, 0x72, 0x72, 0x6f, 0x72, 0x28, 0x60, 0x75,
 0x70, 0x64, 0x61, 0x74, 0x65, 0x20, 0x6e, 0x62,
 0x61, 0x63, 0x6b, 0x3d, 0x24, 0x7b, 0x6e, 0x62,
 0x61, 0x63, 0x6b, 0x7d, 0x60, 0x29, 0x3b, 0x0a,
 0x20, 0x20, 0x20, 0x20, 0x20, 0x20, 0x63, 0x75,
 0x72, 0x73, 0x6f, 0x72, 0x4c, 0x65, 0x66, 0x74,
 0x28, 0x6e, 0x62, 0x61, 0x63, 0x6b, 0x29, 0x3b,
 0x0a, 0x20, 0x20, 0x20, 0x20, 0x20, 0x20, 0x2f,
 0x2f, 0x74, 0x68, 0x69, 0x73, 0x2e, 0x6d, 0x6f,
 0x76, 0x65, 0x43, 0x75, 0x72, 0x73, 0x6f, 0x72,
 0x28, 0x2d, 0x75, 0x63, 0x73, 0x4c, 0x65, 0x6e,
 0x67, 0x74, 0x68, 0x28, 0x72, 0x29, 0x29, 0x3b,
 0x0a, 0x20, 0x20, 0x20, 0x20, 0x20, 0x20, 0x6f,
 0x75, 0x74, 0x2e, 0x66, 0x6c, 0x75, 0x73, 0x68,
 0x28, 0x29, 0x3b, 0x0a, 0x20, 0x20, 0x20, 0x20,
 0x20, 0x20, 0x72, 0x65, 0x74, 0x75, 0x72, 0x6e,
 0x3b, 0x0a, 0x0a, 0x20, 0x20, 0x20, 0x20, 0x20,
 0x20, 0x2f, 0x2a, 0x20, 0x74, 0x68, 0x69, 0x73,
 0x2e, 0x63, 0x75, 0x72, 0x73, 0x6f, 0x72, 0x50,
 0x6f, 0x73, 0x20, 0x69, 0x73, 0x20, 0x74, 0x68,
 0x65, 0x20, 0x70, 0x6f, 0x73, 0x69, 0x74, 0x69,
 0x6f, 0x6e, 0x20, 0x69, 0x6e, 0x20, 0x31, 0x36,
 0x20, 0x62, 0x69, 0x74, 0x20, 0x63, 0x68, 0x61,
 0x72, 0x61, 0x63, 0x74, 0x65, 0x72, 0x73, 0x20,
 0x69, 0x6e, 0x73, 0x69, 0x64, 0x65, 0x20, 0x74,
 0x68, 0x65, 0x20, 0x55, 0x54, 0x46, 0x2d, 0x31,
 0x36, 0x20, 0x73, 0x74, 0x72, 0x69, 0x6e, 0x67,
 0x20, 0x27, 0x74, 0x68, 0x69, 0x73, 0x2e, 0x63,
 0x6d, 0x64, 0x27, 0x20, 0x2a, 0x2f, 0x0a, 0x20,
 0x20, 0x20, 0x20, 0x7d, 0x20, 0x65, 0x6c, 0x73,
 0x65, 0x20, 0x69, 0x66, 0x28, 0x74, 0x68, 0x69,
 0x73, 0x2e, 0x63, 0x6d, 0x64, 0x20, 0x21, 0x3d,
 0x20, 0x74, 0x68, 0x69, 0x73, 0x2e, 0x6c, 0x61,
 0x73, 0x74, 0x43, 0x6d, 0x64, 0x29, 0x20, 0x7b,
 0x0a, 0x20, 0x20, 0x20, 0x20, 0x20, 0x20, 0x69,
 0x66, 0x28, 0x21, 0x74, 0x68, 0x69, 0x73, 0x2e,
 0x73, 0x68, 0x6f, 0x77, 0x43, 0x6f, 0x6c, 0x6f,
 0x72, 0x73, 0x20, 0x26, 0x26, 0x20, 0x74, 0x68,
 0x69, 0x73, 0x2e, 0x6c, 0x61, 0x73, 0x74, 0x43,
 0x6d, 0x64, 0x2e, 0x73, 0x75, 0x62, 0x73, 0x74,
 0x72, 0x69, 0x6e, 0x67, 0x28, 0x30, 0x2c, 0x20,
 0x74, 0x68, 0x69, 0x73, 0x2e, 0x6c, 0x61, 0x73,
 0x74, 0x43, 0x75, 0x72, 0x73, 0x6f, 0x72, 0x50,
 0x6f, 0x73, 0x29, 0x20, 0x3d, 0x3d, 0x20, 0x74,
 0x68, 0x69, 0x73, 0x2e, 0x63, 0x6d, 0x64, 0x2e,
 0x73, 0x75, 0x62, 0x73, 0x74, 0x72, 0x69, 0x6e,
 0x67, 0x28, 0x30, 0x2c, 0x20, 0x74, 0x68, 0x69,
 0x73, 0x2e, 0x6c, 0x61, 0x73, 0x74, 0x43, 0x75,
 0x72, 0x73, 0x6f, 0x72, 0x50, 0x6f, 0x73, 0x29,
 0x29, 0x20, 0x7b, 0x0a, 0x20, 0x20, 0x20, 0x20,
 0x20, 0x20, 0x20, 0x20, 0x2f, 0x2a, 0x20, 0x6f,
 0x70, 0x74, 0x69, 0x6d, 0x69, 0x7a, 0x65, 0x20,
 0x63, 0x6f, 0x6d, 0x6d, 0x6f, 0x6e, 0x20, 0x63,
 0x61, 0x73, 0x65, 0x20, 0x2a, 0x2f, 0x0a, 0x20,
 0x20, 0x20, 0x20, 0x20, 0x20, 0x20, 0x20, 0x6f,
 0x75, 0x74, 0x2e, 0x70, 0x75, 0x74, 0x73, 0x28,
 0x74, 0x68, 0x69, 0x73, 0x2e, 0x63, 0x6d, 0x64,
 0x2e, 0x73, 0x75, 0x62, 0x73, 0x74, 0x72, 0x69,
 0x6e, 0x67, 0x28, 0x74, 0x68, 0x69, 0x73, 0x2e,
 0x6c, 0x61, 0x73, 0x74, 0x43, 0x75, 0x72, 0x73,
 0x6f, 0x72, 0x50, 0x6f, 0x73, 0x29, 0x29, 0x3b,
 0x0a, 0x20, 0x20, 0x20, 0x20, 0x20, 0x20, 0x7d,
 0x20, 0x65, 0x6c, 0x73, 0x65, 0x20, 0x7b, 0x0a,
 0x20, 0x20, 0x20, 0x20, 0x20, 0x20, 0x20, 0x20,
 0x2f, 0x2a, 0x20, 0x67, 0x6f, 0x74, 0x6f, 0x20,
 0x74, 0x68, 0x65, 0x20, 0x73, 0x74, 0x61, 0x72,
 0x74, 0x20, 0x6f, 0x66, 0x20, 0x74, 0x68, 0x65,
 0x20, 0x6c, 0x69, 0x6e, 0x65, 0x20, 0x2a, 0x2f,
 0x0a, 0x20, 0x20, 0x20, 0x20, 0x20, 0x20, 0x20,
 0x20, 0x74, 0x68, 0x69, 0x73, 0x2e, 0x6d, 0x6f,
 0x76, 0x65, 0x43, 0x75, 0x72, 0x73, 0x6f, 0x72,
 0x28, 0x2d, 0x75, 0x63, 0x73, 0x4c, 0x65, 0x6e,
 0x67, 0x74, 0x68, 0x28, 0x74, 0x68, 0x69, 0x73,
 0x2e, 0x6c, 0x61, 0x73, 0x74, 0x43, 0x6d, 0x64,
 0x2e, 0x73, 0x75, 0x62, 0x73, 0x74, 0x72, 0x69,
 0x6e, 0x67, 0x28, 0x30, 0x2c, 0x20, 0x74, 0x68,
 0x69, 0x73, 0x2e, 0x6c, 0x61, 0x73, 0x74, 0x43,
 0x75, 0x72, 0x73, 0x6f, 0x72, 0x50, 0x6f, 0x73,
 0x29, 0x29, 0x29, 0x3b, 0x0a, 0x20, 0x20, 0x20,
 0x20, 0x20, 0x20, 0x20, 0x20, 0x69, 0x66, 0x28,
 0x74, 0x68, 0x69, 0x73, 0x2e, 0x73, 0x68, 0x6f,
 0x77, 0x43, 0x6f, 0x6c, 0x6f, 0x72, 0x73, 0x29,
 0x20, 0x7b, 0x0a, 0x20, 0x20, 0x20, 0x20, 0x20,
 0x20, 0x20, 0x20, 0x20, 0x20, 0x76, 0x61, 0x72,
 0x20, 0x73, 0x74, 0x72, 0x20, 0x3d, 0x20, 0x74,
 0x68, 0x69, 0x73, 0x2e, 0x6d, 0x65, 0x78, 0x70,
 0x72, 0x20, 0x3f, 0x20, 0x74, 0x68, 0x69, 0x73,
 0x2e, 0x6d, 0x65, 0x78, 0x70, 0x72, 0x20, 0x2b,
 0x20, 0x27, 0x5c, 0x6e, 0x27, 0x20, 0x2b, 0x20,
 0x74, 0x68, 0x69, 0x73, 0x2e, 0x63, 0x6d, 0x64,
 0x20, 0x3a, 0x20, 0x74, 0x68, 0x69, 0x73, 0x2e,
 0x63, 0x6d, 0x64, 0x3b, 0x0a, 0x20, 0x20, 0x20,
 0x20, 0x20, 0x20, 0x20, 0x20, 0x20, 0x20, 0x76,
 0x61, 0x72, 0x20, 0x73, 0x74, 0x61, 0x72, 0x74,
 0x20, 0x3d, 0x20, 0x73, 0x74, 0x72, 0x2e, 0x6c,
 0x65, 0x6e, 0x67, 0x74, 0x68, 0x20, 0x2d, 0x20,
 0x74, 0x68, 0x69, 0x73, 0x2e, 0x63, 0x6d, 0x64,
 0x2e, 0x6c, 0x65, 0x6e, 0x67, 0x74, 0x68, 0x3b,
 0x0a, 0x20, 0x20, 0x20, 0x20, 0x20, 0x20, 0x20,
 0x20, 0x20, 0x20, 0x76, 0x61, 0x72, 0x20, 0x63,
 0x6f, 0x6c, 0x6f, 0x72, 0x73, 0x74, 0x61, 0x74,
 0x65, 0x20, 0x3d, 0x20, 0x74, 0x68, 0x69, 0x73,
 0x2e, 0x63, 0x6f, 0x6c, 0x6f, 0x72, 0x69, 0x7a,
 0x65, 0x4a, 0x73, 0x28, 0x73, 0x74, 0x72, 0x29,
 0x3b, 0x0a, 0x20, 0x20, 0x20, 0x20, 0x20, 0x20,
 0x20, 0x20, 0x20, 0x20, 0x70, 0x72, 0x69, 0x6e,
 0x74, 0x43, 0x6f, 0x6c, 0x6f, 0x72, 0x54, 0x65,
 0x78, 0x74, 0x28, 0x73, 0x74, 0x72, 0x2c, 0x20,
 0x73, 0x74, 0x61, 0x72, 0x74, 0x2c, 0x20, 0x63,
 0x6f, 0x6c, 0x6f, 0x72, 0x73, 0x74, 0x61, 0x74,
 0x65, 0x5b, 0x32, 0x5d, 0x29, 0x3b, 0x0a, 0x20,
 0x20, 0x20, 0x20, 0x20, 0x20, 0x20, 0x20, 0x7d,
 0x20, 0x65, 0x6c, 0x73, 0x65, 0x20, 0x7b, 0x0a,
 0x20, 0x20, 0x20, 0x20, 0x20, 0x20, 0x20, 0x20,
 0x20, 0x20, 0x6f, 0x75, 0x74, 0x2e, 0x70, 0x75,
 0x74, 0x73, 0x28, 0x74, 0x68, 0x69, 0x73, 0x2e,
 0x63, 0x6d, 0x64, 0x29, 0x3b, 0x0a, 0x20, 0x20,
 0x20, 0x20, 0x20, 0x20, 0x20, 0x20, 0x7d, 0x0a,
 0x20, 0x20, 0x20, 0x20, 0x20, 0x20, 0x7d, 0x0a,
 0x20, 0x20, 0x20, 0x20, 0x20, 0x20, 0x74, 0x65,
 0x72, 0x6d, 0x43, 0x75, 0x72, 0x73, 0x6f, 0x72,
 0x58, 0x20, 0x3d, 0x20, 0x28, 0x74, 0x65, 0x72,
 0x6d, 0x43, 0x75, 0x72, 0x73, 0x6f, 0x72, 0x58,
 0x20, 0x2b, 0x20, 0x75, 0x63, 0x73, 0x4c, 0x65,
 0x6e, 0x67, 0x74, 0x68, 0x28, 0x74, 0x68, 0x69,
 0x73, 0x2e, 0x63, 0x6d, 0x64, 0x29, 0x29, 0x20,
 0x25, 0x20, 0x74, 0x68, 0x69, 0x73, 0x2e, 0x63,
 0x6f, 0x6c, 0x75, 0x6d, 0x6e, 0x73, 0x3b, 0x0a,
 0x20, 0x20, 0x20, 0x20, 0x20, 0x20, 0x69, 0x66,
 0x28, 0x74, 0x65, 0x72, 0x6d, 0x43, 0x75, 0x72,
 0x73, 0x6f, 0x72, 0x58, 0x20, 0x3d, 0x3d, 0x20,
 0x30, 0x29, 0x20, 0x7b, 0x0a, 0x20, 0x20, 0x20,
 0x20, 0x20, 0x20, 0x20, 0x20, 0x2f, 0x2a, 0x20,
 0x73, 0x68, 0x6f, 0x77, 0x20, 0x74, 0x68, 0x65,
 0x20, 0x63, 0x75, 0x72, 0x73, 0x6f, 0x72, 0x20,
 0x6f, 0x6e, 0x20, 0x74, 0x68, 0x65, 0x20, 0x6e,
 0x65, 0x78, 0x74, 0x20, 0x6c, 0x69, 0x6e, 0x65,
 0x20, 0x2a, 0x2f, 0x0a, 0x20, 0x20, 0x20, 0x20,
 0x20, 0x20, 0x20, 0x20, 0x6f, 0x75, 0x74, 0x2e,
 0x70, 0x75, 0x74, 0x73, 0x28, 0x27, 0x20, 0x5c,
 0x78, 0x30, 0x38, 0x27, 0x29, 0x3b, 0x0a, 0x20,
 0x20, 0x20, 0x20, 0x20, 0x20, 0x7d, 0x0a, 0x20,
 0x20, 0x20, 0x20, 0x20, 0x20, 0x2f, 0x2a, 0x20,
 0x72, 0x65, 0x6d, 0x6f, 0x76, 0x65, 0x20, 0x74,
 0x68, 0x65, 0x20, 0x74, 0x72, 0x61, 0x69, 0x6c,
 0x69, 0x6e, 0x67, 0x20, 0x63, 0x68, 0x61, 0x72,
 0x61, 0x63, 0x74, 0x65, 0x72, 0x73, 0x20, 0x2a,
 0x2f, 0x0a, 0x20, 0x20, 0x20, 0x20, 0x20, 0x20,
 0x63, 0x6c, 0x65, 0x61, 0x72, 0x53, 0x63, 0x72,
 0x65, 0x65, 0x6e, 0x28, 0x31, 0x2c, 0x20, 0x30,
 0x29, 0x3b, 0x0a, 0x0a, 0x20, 0x20, 0x20, 0x20,
 0x20, 0x20, 0x74, 0x68, 0x69, 0x73, 0x2e, 0x6c,
 0x61, 0x73, 0x74, 0x43, 0x6d, 0x64, 0x20, 0x3d,
 0x20, 0x74, 0x68, 0x69, 0x73, 0x2e, 0x63, 0x6d,
 0x64, 0x3b, 0x0a, 0x20, 0x20, 0x20, 0x20, 0x20,
 0x20, 0x74, 0x68, 0x69, 0x73, 0x2e, 0x6c, 0x61,
 0x73, 0x74, 0x43, 0x75, 0x72, 0x73, 0x6f, 0x72,
 0x50, 0x6f, 0x73, 0x20, 0x3d, 0x20, 0x74, 0x68,
 0x69, 0x73, 0x2e, 0x63, 0x6d, 0x64, 0x2e, 0x6c,
 0x65, 0x6e, 0x67, 0x74, 0x68, 0x3b, 0x0a, 0x20,
 0x20, 0x20, 0x20, 0x7d, 0x0a, 0x0a, 0x20, 0x20,
 0x20, 0x20, 0x6f, 0x75, 0x74, 0x2e, 0x66, 0x6c,
 0x75, 0x73, 0x68, 0x28, 0x29, 0x3b, 0x0a, 0x0a,
 0x20, 0x20, 0x20, 0x20, 0x69, 0x66, 0x28, 0x74,
 0x68, 0x69, 0x73, 0x2e, 0x63, 0x75, 0x72, 0x73,
 0x6f, 0x72, 0x50, 0x6f, 0x73, 0x20, 0x3e, 0x20,
 0x74, 0x68, 0x69, 0x73, 0x2e, 0x6c, 0x61, 0x73,
 0x74, 0x43, 0x75, 0x72, 0x73, 0x6f, 0x72, 0x50,
 0x6f, 0x73, 0x29, 0x20, 0x7b, 0x0a, 0x20, 0x20,
 0x20, 0x20, 0x20, 0x20, 0x74, 0x68, 0x69, 0x73,
 0x2e, 0x6d, 0x6f, 0x76, 0x65, 0x43, 0x75, 0x72,
 0x73, 0x6f, 0x72, 0x28, 0x75, 0x63, 0x73, 0x4c,
 0x65, 0x6e, 0x67, 0x74, 0x68, 0x28, 0x74, 0x68,
 0x69, 0x73, 0x2e, 0x63, 0x6d, 0x64, 0x2e, 0x73,
 0x75, 0x62, 0x73, 0x74, 0x72, 0x69, 0x6e, 0x67,
 0x28, 0x74, 0x68, 0x69, 0x73, 0x2e, 0x6c, 0x61,
 0x73, 0x74, 0x43, 0x75, 0x72, 0x73, 0x6f, 0x72,
 0x50, 0x6f, 0x73, 0x2c, 0x20, 0x74, 0x68, 0x69,
 0x73, 0x2e, 0x63, 0x75, 0x72, 0x73, 0x6f, 0x72,
 0x50, 0x6f, 0x73, 0x29, 0x29, 0x29, 0x3b, 0x0a,
 0x20, 0x20, 0x20, 0x20, 0x7d, 0x20, 0x65, 0x6c,
 0x73, 0x65, 0x20, 0x69, 0x66, 0x28, 0x74, 0x68,
 0x69, 0x73, 0x2e, 0x63, 0x75, 0x72, 0x73, 0x6f,
 0x72, 0x50, 0x6f, 0x73, 0x20, 0x3c, 0x20, 0x74,
 0x68, 0x69, 0x73, 0x2e, 0x6c, 0x61, 0x73, 0x74,
 0x43, 0x75, 0x72, 0x73, 0x6f, 0x72, 0x50, 0x6f,
 0x73, 0x29, 0x20, 0x7b, 0x0a, 0x20, 0x20, 0x20,
 0x20, 0x20, 0x20, 0x74, 0x68, 0x69, 0x73, 0x2e,
 0x6d, 0x6f, 0x76, 0x65, 0x43, 0x75, 0x72, 0x73,
 0x6f, 0x72, 0x28, 0x2d, 0x75, 0x63, 0x73, 0x4c,
 0x65, 0x6e, 0x67, 0x74, 0x68, 0x28, 0x74, 0x68,
 0x69, 0x73, 0x2e, 0x63, 0x6d, 0x64, 0x2e, 0x73,
 0x75, 0x62, 0x73, 0x74, 0x72, 0x69, 0x6e, 0x67,
 0x28, 0x74, 0x68, 0x69, 0x73, 0x2e, 0x63, 0x75,
 0x72, 0x73, 0x6f, 0x72, 0x50, 0x6f, 0x73, 0x2c,
 0x20, 0x74, 0x68, 0x69, 0x73, 0x2e, 0x6c, 0x61,
 0x73, 0x74, 0x43, 0x75, 0x72, 0x73, 0x6f, 0x72,
 0x50, 0x6f, 0x73, 0x29, 0x29, 0x29, 0x3b, 0x0a,
 0x20, 0x20, 0x20, 0x20, 0x7d, 0x0a, 0x20, 0x20,
 0x20, 0x20, 0x74, 0x68, 0x69, 0x73, 0x2e, 0x6c,
 0x61, 0x73, 0x74, 0x43, 0x75, 0x72, 0x73, 0x6f,
 0x72, 0x50, 0x6f, 0x73, 0x20, 0x3d, 0x20, 0x74,
 0x68, 0x69, 0x73, 0x2e, 0x63, 0x75, 0x72, 0x73,
 0x6f, 0x72, 0x50, 0x6f, 0x73, 0x3b, 0x0a, 0x20,
 0x20, 0x7d, 0x0a, 0x0a, 0x20, 0x20, 0x79, 0x61,
 0x6e, 0x6b, 0x28, 0x29, 0x20, 0x7b, 0x0a, 0x20,
 0x20, 0x20, 0x20, 0x74, 0x68, 0x69, 0x73, 0x2e,
 0x69, 0x6e, 0x73, 0x65, 0x72, 0x74, 0x28, 0x63,
 0x6c, 0x69, 0x70, 0x42, 0x6f, 0x61, 0x72, 0x64,
 0x29, 0x3b, 0x0a, 0x20, 0x20, 0x7d, 0x0a, 0x0a,
 0x20, 0x20, 0x65, 0x73, 0x63, 0x61, 0x70, 0x65,
 0x28, 0x29, 0x20, 0x7b, 0x7d, 0x0a, 0x7d, 0x0c,
 0x40, 0x0b, 0x01, 0x00, 0x01, 0x02, 0x00, 0x04,
 0x00, 0x01, 0x00, 0x25, 0x03, 0xb6, 0x06, 0x00,
 0x01, 0x00, 0xb6, 0x06, 0x01, 0xff, 0xff, 0xff,
 0xff, 0x0f, 0x20, 0x10, 0x00, 0x01, 0x00, 0xe8,
 0x04, 0x43, 0x02, 0x08, 0xca, 0x60, 0x00, 0x00,
 0xd1, 0x11, 0xf2, 0xea, 0x11, 0x0e, 0xc6, 0x41,
 0x9c, 0x01, 0x00, 0x00, 0x04, 0x9d, 0x01, 0x00,
 0x00, 0x24, 0x01, 0x00, 0xd9, 0xc9, 0xdd, 0xc6,
 0x04, 0x96, 0x01, 0x00, 0x00, 0xd1, 0xf1, 0x29,
 0xca, 0x03, 0x83, 0x02, 0x03, 0x06, 0x57, 0x40,
 0x35, 0x3b, 0x07, 0x1e, 0x73, 0x6c, 0x6f, 0x61,
 0x64, 0x53, 0x61, 0x76, 0x65, 0x4f, 0x70, 0x74,
 0x69, 0x6f, 0x6e, 0x73, 0x28, 0x66, 0x69, 0x6c,
 0x65, 0x6e, 0x61, 0x6d, 0x65, 0x20, 0x3d, 0x20,
 0x74, 0x68, 0x69, 0x73, 0x2e, 0x6d, 0x61, 0x6b,
 0x65, 0x46, 0x69, 0x6c, 0x65, 0x6e, 0x61, 0x6d,
 0x65, 0x28, 0x27, 0x63, 0x6f, 0x6e, 0x66, 0x69,
 0x67, 0x27, 0x29, 0x29, 0x20, 0x7b, 0x0a, 0x20,
 0x20, 0x20, 0x20, 0x6c, 0x6f, 0x61, 0x64, 0x53,
 0x61, 0x76, 0x65, 0x4f, 0x62, 0x6a, 0x65, 0x63,
 0x74, 0x28, 0x74, 0x68, 0x69, 0x73, 0x2c, 0x20,
 0x27, 0x69, 0x6e, 0x73, 0x70, 0x65, 0x63, 0x74,
 0x4f, 0x70, 0x74, 0x69, 0x6f, 0x6e, 0x73, 0x27,
 0x2c, 0x20, 0x66, 0x69, 0x6c, 0x65, 0x6e, 0x61,
 0x6d, 0x65, 0x29, 0x3b, 0x0a, 0x20, 0x20, 0x7d,
 0x0c, 0x40, 0x0b, 0x01, 0x00, 0x01, 0x02, 0x00,
 0x07, 0x00, 0x02, 0x00, 0x5d, 0x03, 0xb6, 0x06,
 0x00, 0x01, 0x00, 0xb6, 0x06, 0x01, 0xff, 0xff,
 0xff, 0xff, 0x0f, 0x20, 0x10, 0x00, 0x01, 0x00,
 0xe4, 0x04, 0x41, 0x02, 0xd2, 0x03, 0x14, 0x1a,
 0x08, 0xca, 0x60, 0x00, 0x00, 0xd1, 0x11, 0xf2,
 0xea, 0x11, 0x0e, 0xc6, 0x41, 0x9c, 0x01, 0x00,
 0x00, 0x04, 0x9d, 0x01, 0x00, 0x00, 0x24, 0x01,
 0x00, 0xd9, 0xc9, 0xdd, 0xd1, 0x04, 0x9e, 0x01,
 0x00, 0x00, 0x64, 0x01, 0x00, 0xc6, 0x40, 0x96,
 0x01, 0x00, 0x00, 0x0b, 0x09, 0x4b, 0x17, 0x01,
 0x00, 0x00, 0x0a, 0x4b, 0x9f, 0x01, 0x00, 0x00,
 0x09, 0x4b, 0xa0, 0x01, 0x00, 0x00, 0x38, 0xa1,
 0x01, 0x00, 0x00, 0x4b, 0xa2, 0x01, 0x00, 0x00,
 0x38, 0xa1, 0x01, 0x00, 0x00, 0x4b, 0xa3, 0x01,
 0x00, 0x00, 0xf0, 0x9c, 0x04, 0xa4, 0x01, 0x00,
 0x00, 0x9c, 0x23, 0x02, 0x00, 0xca, 0x03, 0x87,
 0x02, 0x03, 0x0c, 0x57, 0x38, 0x3b, 0x2f, 0x22,
 0x04, 0x11, 0x10, 0x00, 0x2f, 0x0e, 0x0f, 0xcd,
 0x02, 0x73, 0x61, 0x76, 0x65, 0x4f, 0x70, 0x74,
 0x69, 0x6f, 0x6e, 0x73, 0x28, 0x66, 0x69, 0x6c,
 0x65, 0x6e, 0x61, 0x6d, 0x65, 0x20, 0x3d, 0x20,
 0x74, 0x68, 0x69, 0x73, 0x2e, 0x6d, 0x61, 0x6b,
 0x65, 0x46, 0x69, 0x6c, 0x65, 0x6e, 0x61, 0x6d,
 0x65, 0x28, 0x27, 0x63, 0x6f, 0x6e, 0x66, 0x69,
 0x67, 0x27, 0x29, 0x29, 0x20, 0x7b, 0x0a, 0x20,
 0x20, 0x20, 0x20, 0x72, 0x65, 0x74, 0x75, 0x72,
 0x6e, 0x20, 0x73, 0x61, 0x76, 0x65, 0x46, 0x69,
 0x6c, 0x65, 0x28, 0x0a, 0x20, 0x20, 0x20, 0x20,
 0x20, 0x20, 0x66, 0x69, 0x6c, 0x65, 0x6e, 0x61,
 0x6d, 0x65, 0x2c, 0x0a, 0x20, 0x20, 0x20, 0x20,
 0x20, 0x20, 0x27, 0x28, 0x27, 0x20, 0x2b, 0x0a,
 0x20, 0x20, 0x20, 0x20, 0x20, 0x20, 0x20, 0x20,
 0x69, 0x6e, 0x73, 0x70, 0x65, 0x63, 0x74, 0x28,
 0x74, 0x68, 0x69, 0x73, 0x2e, 0x69, 0x6e, 0x73,
 0x70, 0x65, 0x63, 0x74, 0x4f, 0x70, 0x74, 0x69,
 0x6f, 0x6e, 0x73, 0x2c, 0x20, 0x7b, 0x0a, 0x20,
 0x20, 0x20, 0x20, 0x20, 0x20, 0x20, 0x20, 0x20,
 0x20, 0x63, 0x6f, 0x6c, 0x6f, 0x72, 0x73, 0x3a,
 0x20, 0x66, 0x61, 0x6c, 0x73, 0x65, 0x2c, 0x0a,
 0x20, 0x20, 0x20, 0x20, 0x20, 0x20, 0x20, 0x20,
 0x20, 0x20, 0x72, 0x65, 0x70, 0x61, 0x72, 0x73,
 0x65, 0x61, 0x62, 0x6c, 0x65, 0x3a, 0x20, 0x74,
 0x72, 0x75, 0x65, 0x2c, 0x0a, 0x20, 0x20, 0x20,
 0x20, 0x20, 0x20, 0x20, 0x20, 0x20, 0x20, 0x63,
 0x6f, 0x6d, 0x70, 0x61, 0x63, 0x74, 0x3a, 0x20,
 0x66, 0x61, 0x6c, 0x73, 0x65, 0x2c, 0x0a, 0x20,
 0x20, 0x20, 0x20, 0x20, 0x20, 0x20, 0x20, 0x20,
 0x20, 0x6d, 0x61, 0x78, 0x41, 0x72, 0x72, 0x61,
 0x79, 0x4c, 0x65, 0x6e, 0x67, 0x74, 0x68, 0x3a,
 0x20, 0x49, 0x6e, 0x66, 0x69, 0x6e, 0x69, 0x74,
 0x79, 0x2c, 0x0a, 0x20, 0x20, 0x20, 0x20, 0x20,
 0x20, 0x20, 0x20, 0x20, 0x20, 0x6d, 0x61, 0x78,
 0x53, 0x74, 0x72, 0x69, 0x6e, 0x67, 0x4c, 0x65,
 0x6e, 0x67, 0x74, 0x68, 0x3a, 0x20, 0x49, 0x6e,
 0x66, 0x69, 0x6e, 0x69, 0x74, 0x79, 0x2c, 0x0a,
 0x20, 0x20, 0x20, 0x20, 0x20, 0x20, 0x20, 0x20,
 0x7d, 0x29, 0x20, 0x2b, 0x0a, 0x20, 0x20, 0x20,
 0x20, 0x20, 0x20, 0x20, 0x20, 0x27, 0x29, 0x5c,
 0x6e, 0x27, 0x2c, 0x0a, 0x20, 0x20, 0x20, 0x20,
 0x29, 0x3b, 0x0a, 0x20, 0x20, 0x7d, 0x0c, 0x42,
 0x0b, 0x01, 0x00, 0x01, 0x01, 0x01, 0x03, 0x00,
 0x00, 0x00, 0x12, 0x02, 0xca, 0x06, 0x00, 0x01,
 0x00, 0x10, 0x00, 0x01, 0x00, 0x08, 0xc9, 0xc5,
 0x40, 0xa6, 0x01, 0x00, 0x00, 0x41, 0x69, 0x00,
 0x00, 0x00, 0xd1, 0x24, 0x01, 0x00, 0x29, 0xca,
 0x03, 0x96, 0x02, 0x03, 0x04, 0x0d, 0x04, 0x39,
 0x32, 0x3d, 0x61, 0x64, 0x64, 0x43, 0x6c, 0x65,
 0x61, 0x6e, 0x75, 0x70, 0x48, 0x61, 0x6e, 0x64,
 0x6c, 0x65, 0x72, 0x28, 0x66, 0x6e, 0x29, 0x20,
 0x7b, 0x0a, 0x20, 0x20, 0x20, 0x20, 0x74, 0x68,
 0x69, 0x73, 0x2e, 0x63, 0x6c, 0x65, 0x61, 0x6e,
 0x75, 0x70, 0x48, 0x61, 0x6e, 0x64, 0x6c, 0x65,
 0x72, 0x73, 0x2e, 0x61, 0x64, 0x64, 0x28, 0x66,
 0x6e, 0x29, 0x3b, 0x0a, 0x20, 0x20, 0x7d, 0x0c,
 0x40, 0x0b, 0x01, 0x00, 0x01, 0x03, 0x00, 0x06,
 0x00, 0x00, 0x00, 0x44, 0x04, 0xce, 0x06, 0x00,
 0x01, 0x00, 0xce, 0x06, 0x01, 0xff, 0xff, 0xff,
 0xff, 0x0f, 0x20, 0xd0, 0x06, 0x03, 0x00, 0x30,
 0x10, 0x00, 0x01, 0x00, 0x08, 0xcb, 0x60, 0x00,
 0x00, 0xd1, 0x11, 0xf2, 0xea, 0x04, 0x0e, 0xb4,
 0xd9, 0xc9, 0x60, 0x01, 0x00, 0xc7, 0x40, 0xa6,
 0x01, 0x00, 0x00, 0x7d, 0xec, 0x0f, 0xca, 0x61,
 0x01, 0x00, 0x41, 0xa9, 0x01, 0x00, 0x00, 0xc7,
 0x24, 0x01, 0x00, 0x0e, 0x80, 0x00, 0xea, 0xef,
 0x0e, 0x83, 0xc7, 0x09, 0x42, 0xaa, 0x01, 0x00,
 0x00, 0x38, 0xec, 0x00, 0x00, 0x00, 0x41, 0x3f,
 0x01, 0x00, 0x00, 0xd1, 0x24, 0x01, 0x00, 0x29,
 0xca, 0x03, 0x9a, 0x02, 0x03, 0x0a, 0x8a, 0x5a,
 0x2a, 0x1a, 0x3b, 0x6f, 0x26, 0x00, 0x34, 0x12,
 0x8e, 0x01, 0x65, 0x78, 0x69, 0x74, 0x28, 0x65,
 0x78, 0x69, 0x74, 0x43, 0x6f, 0x64, 0x65, 0x20,
 0x3d, 0x20, 0x30, 0x29, 0x20, 0x7b, 0x0a, 0x20,
 0x20, 0x20, 0x20, 0x66, 0x6f, 0x72, 0x28, 0x63,
 0x6f, 0x6e, 0x73, 0x74, 0x20, 0x68, 0x61, 0x6e,
 0x64, 0x6c, 0x65, 0x72, 0x20, 0x6f, 0x66, 0x20,
 0x74, 0x68, 0x69, 0x73, 0x2e, 0x63, 0x6c, 0x65,
 0x61, 0x6e, 0x75, 0x70, 0x48, 0x61, 0x6e, 0x64,
 0x6c, 0x65, 0x72, 0x73, 0x29, 0x20, 0x68, 0x61,
 0x6e, 0x64, 0x6c, 0x65, 0x72, 0x2e, 0x63, 0x61,
 0x6c, 0x6c, 0x28, 0x74, 0x68, 0x69, 0x73, 0x29,
 0x3b, 0x0a, 0x0a, 0x20, 0x20, 0x20, 0x20, 0x74,
 0x68, 0x69, 0x73, 0x2e, 0x72, 0x75, 0x6e, 0x6e,
 0x69, 0x6e, 0x67, 0x20, 0x3d, 0x20, 0x66, 0x61,
 0x6c, 0x73, 0x65, 0x3b, 0x0a, 0x20, 0x20, 0x20,
 0x20, 0x73, 0x74, 0x64, 0x2e, 0x65, 0x78, 0x69,
 0x74, 0x28, 0x65, 0x78, 0x69, 0x74, 0x43, 0x6f,
 0x64, 0x65, 0x29, 0x3b, 0x0a, 0x20, 0x20, 0x7d,
 0x0c, 0x42, 0x0b, 0x01, 0x00, 0x00, 0x01, 0x00,
 0x02, 0x00, 0x00, 0x00, 0x13, 0x01, 0x10, 0x00,
 0x01, 0x00, 0x08, 0xc9, 0xc5, 0xc0, 0x42, 0xab,
 0x01, 0x00, 0x00, 0xc5, 0xb4, 0x42, 0xac, 0x01,
 0x00, 0x00, 0xbc, 0xfe, 0x28, 0xca, 0x03, 0xa1,
 0x02, 0x03, 0x04, 0x0d, 0x04, 0x26, 0x00, 0x47,
 0x61, 0x62, 0x6f, 0x72, 0x74, 0x28, 0x29, 0x20,
 0x7b, 0x0a, 0x20, 0x20, 0x20, 0x20, 0x74, 0x68,
 0x69, 0x73, 0x2e, 0x63, 0x6d, 0x64, 0x20, 0x3d,
 0x20, 0x27, 0x27, 0x3b, 0x0a, 0x20, 0x20, 0x20,
 0x20, 0x74, 0x68, 0x69, 0x73, 0x2e, 0x63, 0x75,
 0x72, 0x73, 0x6f, 0x72, 0x50, 0x6f, 0x73, 0x20,
 0x3d, 0x20, 0x30, 0x3b, 0x0a, 0x20, 0x20, 0x20,
 0x20, 0x72, 0x65, 0x74, 0x75, 0x72, 0x6e, 0x20,
 0x2d, 0x32, 0x3b, 0x0a, 0x20, 0x20, 0x7d, 0x0c,
 0x42, 0x0b, 0x01, 0x00, 0x00, 0x00, 0x00, 0x03,
 0x00, 0x01, 0x00, 0x1f, 0x00, 0xa2, 0x04, 0x1d,
 0x1a, 0x64, 0x00, 0x00, 0x41, 0x0b, 0x01, 0x00,
 0x00, 0x04, 0x52, 0x01, 0x00, 0x00, 0x24, 0x01,
 0x00, 0x0e, 0x64, 0x00, 0x00, 0x41, 0x3a, 0x01,
 0x00, 0x00, 0x24, 0x00, 0x00, 0x0e, 0xb3, 0x28,
 0xca, 0x03, 0xa7, 0x02, 0x03, 0x08, 0x03, 0x04,
 0x2a, 0x0e, 0x30, 0x0d, 0x2a, 0x0e, 0x4c, 0x61,
 0x63, 0x63, 0x65, 0x70, 0x74, 0x4c, 0x69, 0x6e,
 0x65, 0x28, 0x29, 0x20, 0x7b, 0x0a, 0x20, 0x20,
 0x20, 0x20, 0x73, 0x74, 0x64, 0x6f, 0x75, 0x74,
 0x2e, 0x70, 0x75, 0x74, 0x73, 0x28, 0x27, 0x5c,
 0x6e, 0x27, 0x29, 0x3b, 0x0a, 0x20, 0x20, 0x20,
 0x20, 0x73, 0x74, 0x64, 0x6f, 0x75, 0x74, 0x2e,
 0x66, 0x6c, 0x75, 0x73, 0x68, 0x28, 0x29, 0x3b,
 0x0a, 0x20, 0x20, 0x20, 0x20, 0x72, 0x65, 0x74,
 0x75, 0x72, 0x6e, 0x20, 0x2d, 0x31, 0x3b, 0x0a,
 0x20, 0x20, 0x7d, 0x0c, 0x42, 0x0b, 0x01, 0x00,
 0x00, 0x00, 0x00, 0x00, 0x00, 0x00, 0x00, 0x01,
 0x00, 0x29, 0xca, 0x03, 0xad, 0x02, 0x03, 0x00,
 0x0a, 0x61, 0x6c, 0x65, 0x72, 0x74, 0x28, 0x29,
 0x20, 0x7b, 0x7d, 0x0c, 0x42, 0x0b, 0x01, 0x00,
 0x00, 0x01, 0x00, 0x04, 0x00, 0x01, 0x00, 0x3f,
 0x01, 0x10, 0x00, 0x01, 0x00, 0xdc, 0x04, 0x3d,
 0x02, 0x08, 0xc9, 0xc5, 0x40, 0xac, 0x01, 0x00,
 0x00, 0xb4, 0xa7, 0xea, 0x33, 0xc5, 0x41, 0xac,
 0x01, 0x00, 0x00, 0x8d, 0x42, 0xac, 0x01, 0x00,
 0x00, 0xdd, 0xc5, 0x40, 0xab, 0x01, 0x00, 0x00,
 0x41, 0xad, 0x01, 0x00, 0x00, 0xc5, 0x40, 0xac,
 0x01, 0x00, 0x00, 0x24, 0x01, 0x00, 0xef, 0xea,
 0x0f, 0xc5, 0x41, 0xac, 0x01, 0x00, 0x00, 0x8d,
 0x42, 0xac, 0x01, 0x00, 0x00, 0xec, 0xdb, 0x29,
 0xca, 0x03, 0xaf, 0x02, 0x03, 0x0a, 0x2b, 0x2c,
 0x17, 0x23, 0x44, 0x34, 0x39, 0x20, 0x3e, 0x24,
 0xa3, 0x01, 0x62, 0x61, 0x63, 0x6b, 0x77, 0x61,
 0x72, 0x64, 0x43, 0x68, 0x61, 0x72, 0x28, 0x29,
 0x20, 0x7b, 0x0a, 0x20, 0x20, 0x20, 0x20, 0x69,
 0x66, 0x28, 0x74, 0x68, 0x69, 0x73, 0x2e, 0x63,
 0x75, 0x72, 0x73, 0x6f, 0x72, 0x50, 0x6f, 0x73,
 0x20, 0x3e, 0x20, 0x30, 0x29, 0x20, 0x7b, 0x0a,
 0x20, 0x20, 0x20, 0x20, 0x20, 0x20, 0x74, 0x68,
 0x69, 0x73, 0x2e, 0x63, 0x75, 0x72, 0x73, 0x6f,
 0x72, 0x50, 0x6f, 0x73, 0x2d, 0x2d, 0x3b, 0x0a,
 0x20, 0x20, 0x20, 0x20, 0x20, 0x20, 0x77, 0x68,
 0x69, 0x6c, 0x65, 0x28, 0x69, 0x73, 0x54, 0x72,
 0x61, 0x69, 0x6c, 0x69, 0x6e, 0x67, 0x53, 0x75,
 0x72, 0x72, 0x6f, 0x67, 0x61, 0x74, 0x65, 0x28,
 0x74, 0x68, 0x69, 0x73, 0x2e, 0x63, 0x6d, 0x64,
 0x2e, 0x63, 0x68, 0x61, 0x72, 0x41, 0x74, 0x28,
 0x74, 0x68, 0x69, 0x73, 0x2e, 0x63, 0x75, 0x72,
 0x73, 0x6f, 0x72, 0x50, 0x6f, 0x73, 0x29, 0x29,
 0x29, 0x20, 0x74, 0x68, 0x69, 0x73, 0x2e, 0x63,
 0x75, 0x72, 0x73, 0x6f, 0x72, 0x50, 0x6f, 0x73,
 0x2d, 0x2d, 0x3b, 0x0a, 0x20, 0x20, 0x20, 0x20,
 0x7d, 0x0a, 0x20, 0x20, 0x7d, 0x0c, 0x42, 0x0b,
 0x01, 0x00, 0x00, 0x01, 0x00, 0x03, 0x00, 0x00,
 0x00, 0x0d, 0x01, 0x10, 0x00, 0x01, 0x00, 0x08,
 0xc9, 0xc5, 0x41, 0xae, 0x01, 0x00, 0x00, 0xb3,
 0x24, 0x01, 0x00, 0x29, 0xca, 0x03, 0xb6, 0x02,
 0x03, 0x04, 0x0d, 0x04, 0x20, 0x0a, 0x36, 0x62,
 0x61, 0x63, 0x6b, 0x77, 0x61, 0x72, 0x64, 0x44,
 0x65, 0x6c, 0x65, 0x74, 0x65, 0x43, 0x68, 0x61,
 0x72, 0x28, 0x29, 0x20, 0x7b, 0x0a, 0x20, 0x20,
 0x20, 0x20, 0x74, 0x68, 0x69, 0x73, 0x2e, 0x64,
 0x65, 0x6c, 0x65, 0x74, 0x65, 0x43, 0x68, 0x61,
 0x72, 0x44, 0x69, 0x72, 0x28, 0x2d, 0x31, 0x29,
 0x3b, 0x0a, 0x20, 0x20, 0x7d, 0x0c, 0x42, 0x0b,
 0x01, 0x00, 0x00, 0x01, 0x00, 0x05, 0x00, 0x00,
 0x00, 0x14, 0x01, 0x10, 0x00, 0x01, 0x00, 0x08,
 0xc9, 0xc5, 0x41, 0xaf, 0x01, 0x00, 0x00, 0xb4,
 0xc5, 0x40, 0xac, 0x01, 0x00, 0x00, 0xb3, 0x24,
 0x03, 0x00, 0x29, 0xca, 0x03, 0xba, 0x02, 0x03,
 0x04, 0x0d, 0x04, 0x20, 0x0a, 0x44, 0x62, 0x61,
 0x63, 0x6b, 0x77, 0x61, 0x72, 0x64, 0x4b, 0x69,
 0x6c, 0x6c, 0x4c, 0x69, 0x6e, 0x65, 0x28, 0x29,
 0x20, 0x7b, 0x0a, 0x20, 0x20, 0x20, 0x20, 0x74,
 0x68, 0x69, 0x73, 0x2e, 0x6b, 0x69, 0x6c, 0x6c,
 0x52, 0x65, 0x67, 0x69, 0x6f, 0x6e, 0x28, 0x30,
 0x2c, 0x20, 0x74, 0x68, 0x69, 0x73, 0x2e, 0x63,
 0x75, 0x72, 0x73, 0x6f, 0x72, 0x50, 0x6f, 0x73,
 0x2c, 0x20, 0x2d, 0x31, 0x29, 0x3b, 0x0a, 0x20,
 0x20, 0x7d, 0x0c, 0x42, 0x0b, 0x01, 0x00, 0x00,
 0x01, 0x00, 0x05, 0x00, 0x00, 0x00, 0x22, 0x01,
 0x10, 0x00, 0x01, 0x00, 0x08, 0xc9, 0xc5, 0x41,
 0xaf, 0x01, 0x00, 0x00, 0xc5, 0x41, 0xb0, 0x01,
 0x00, 0x00, 0xc5, 0x40, 0xac, 0x01, 0x00, 0x00,
 0x24, 0x01, 0x00, 0xc5, 0x40, 0xac, 0x01, 0x00,
 0x00, 0xb3, 0x24, 0x03, 0x00, 0x29, 0xca, 0x03,
 0xbe, 0x02, 0x03, 0x06, 0x0d, 0x04, 0x20, 0x20,
 0x20, 0x2c, 0x68, 0x62, 0x61, 0x63, 0x6b, 0x77,
 0x61, 0x72, 0x64, 0x4b, 0x69, 0x6c, 0x6c, 0x57,
 0x6f, 0x72, 0x64, 0x28, 0x29, 0x20, 0x7b, 0x0a,
 0x20, 0x20, 0x20, 0x20, 0x74, 0x68, 0x69, 0x73,
 0x2e, 0x6b, 0x69, 0x6c, 0x6c, 0x52, 0x65, 0x67,
 0x69, 0x6f, 0x6e, 0x28, 0x74, 0x68, 0x69, 0x73,
 0x2e, 0x73, 0x6b, 0x69, 0x70, 0x57, 0x6f, 0x72,
 0x64, 0x42, 0x61, 0x63, 0x6b, 0x77, 0x61, 0x72,
 0x64, 0x28, 0x74, 0x68, 0x69, 0x73, 0x2e, 0x63,
 0x75, 0x72, 0x73, 0x6f, 0x72, 0x50, 0x6f, 0x73,
 0x29, 0x2c, 0x20, 0x74, 0x68, 0x69, 0x73, 0x2e,
 0x63, 0x75, 0x72, 0x73, 0x6f, 0x72, 0x50, 0x6f,
 0x73, 0x2c, 0x20, 0x2d, 0x31, 0x29, 0x3b, 0x0a,
 0x20, 0x20, 0x7d, 0x0c, 0x42, 0x0b, 0x01, 0x00,
 0x00, 0x01, 0x00, 0x04, 0x00, 0x00, 0x00, 0x18,
 0x01, 0x10, 0x00, 0x01, 0x00, 0x08, 0xc9, 0xc5,
 0xc5, 0x41, 0xb0, 0x01, 0x00, 0x00, 0xc5, 0x40,
 0xac, 0x01, 0x00, 0x00, 0x24, 0x01, 0x00, 0x42,
 0xac, 0x01, 0x00, 0x00, 0x29, 0xca, 0x03, 0xc2,
 0x02, 0x03, 0x04, 0x0d, 0x04, 0x25, 0x4e, 0x50,
 0x62, 0x61, 0x63, 0x6b, 0x77, 0x61, 0x72, 0x64,
 0x57, 0x6f, 0x72, 0x64, 0x28, 0x29, 0x20, 0x7b,
 0x0a, 0x20, 0x20, 0x20, 0x20, 0x74, 0x68, 0x69,
 0x73, 0x2e, 0x63, 0x75, 0x72, 0x73, 0x6f, 0x72,
 0x50, 0x6f, 0x73, 0x20, 0x3d, 0x20, 0x74, 0x68,
 0x69, 0x73, 0x2e, 0x73, 0x6b, 0x69, 0x70, 0x57,
 0x6f, 0x72, 0x64, 0x42, 0x61, 0x63, 0x6b, 0x77,
 0x61, 0x72, 0x64, 0x28, 0x74, 0x68, 0x69, 0x73,
 0x2e, 0x63, 0x75, 0x72, 0x73, 0x6f, 0x72, 0x50,
 0x6f, 0x73, 0x29, 0x3b, 0x0a, 0x20, 0x20, 0x7d,
 0x0c, 0x42, 0x0b, 0x01, 0x00, 0x00, 0x01, 0x00,
 0x02, 0x00, 0x00, 0x00, 0x0a, 0x01, 0x10, 0x00,
 0x01, 0x00, 0x08, 0xc9, 0xc5, 0xb4, 0x42, 0xac,
 0x01, 0x00, 0x00, 0x29, 0xca, 0x03, 0xc6, 0x02,
 0x03, 0x02, 0x0d, 0x04, 0x2f, 0x62, 0x65, 0x67,
 0x69, 0x6e, 0x6e, 0x69, 0x6e, 0x67, 0x4f, 0x66,
 0x4c, 0x69, 0x6e, 0x65, 0x28, 0x29, 0x20, 0x7b,
 0x0a, 0x20, 0x20, 0x20, 0x20, 0x74, 0x68, 0x69,
 0x73, 0x2e, 0x63, 0x75, 0x72, 0x73, 0x6f, 0x72,
 0x50, 0x6f, 0x73, 0x20, 0x3d, 0x20, 0x30, 0x3b,
 0x0a, 0x20, 0x20, 0x7d, 0x0c, 0x42, 0x0b, 0x01,
 0x00, 0x02, 0x01, 0x02, 0x05, 0x00, 0x01, 0x01,
 0x82, 0x02, 0x03, 0xe2, 0x06, 0x00, 0x01, 0x00,
 0xe4, 0x06, 0x00, 0x01, 0x00, 0xe6, 0x06, 0x00,
 0x00, 0x00, 0xb8, 0x04, 0x2a, 0x02, 0x07, 0x02,
 0x30, 0x07, 0xc9, 0x38, 0xb4, 0x01, 0x00, 0x00,
 0x41, 0xb5, 0x01, 0x00, 0x00, 0xd1, 0x24, 0x01,
 0x00, 0x95, 0xea, 0x29, 0xdd, 0x04, 0xb6, 0x01,
 0x00, 0x00, 0xae, 0xea, 0x17, 0x04, 0xb7, 0x01,
 0x00, 0x00, 0xd1, 0x41, 0x38, 0x00, 0x00, 0x00,
 0x24, 0x00, 0x00, 0x9c, 0x04, 0xb8, 0x01, 0x00,
 0x00, 0x9c, 0x28, 0xd1, 0x41, 0x38, 0x00, 0x00,
 0x00, 0x25, 0x00, 0x00, 0xd1, 0xb4, 0xab, 0xea,
 0x15, 0xb5, 0xd1, 0x9a, 0xb4, 0xa5, 0xea, 0x09,
 0x04, 0xb9, 0x01, 0x00, 0x00, 0xc9, 0xec, 0x40,
 0xbe, 0x00, 0xc9, 0xec, 0x3b, 0xd2, 0xbc, 0x10,
 0xab, 0xea, 0x2b, 0x07, 0xc9, 0xd1, 0xb4, 0xa5,
 0xea, 0x0c, 0xd1, 0x8b, 0xd5, 0x04, 0xba, 0x01,
 0x00, 0x00, 0xc9, 0xec, 0x03, 0xc0, 0xc9, 0xc5,
 0x04, 0xbb, 0x01, 0x00, 0x00, 0xd1, 0x41, 0x38,
 0x00, 0x00, 0x00, 0xbc, 0x10, 0x24, 0x01, 0x00,
 0x9c, 0x9c, 0xc9, 0xec, 0x0b, 0xd1, 0x41, 0x38,
 0x00, 0x00, 0x00, 0x24, 0x00, 0x00, 0xc9, 0xd1,
 0x96, 0x04, 0xbc, 0x01, 0x00, 0x00, 0xad, 0xea,
 0x13, 0xdd, 0x04, 0xb6, 0x01, 0x00, 0x00, 0xae,
 0xea, 0x0a, 0x04, 0xbd, 0x01, 0x00, 0x00, 0x93,
 0x00, 0xec, 0x57, 0xdd, 0x04, 0xec, 0x00, 0x00,
 0x00, 0xae, 0xea, 0x4e, 0xc5, 0x41, 0xbe, 0x01,
 0x00, 0x00, 0x04, 0xbf, 0x01, 0x00, 0x00, 0x24,
 0x01, 0x00, 0xb4, 0xa5, 0xea, 0x3c, 0xd2, 0xbc,
 0x10, 0xab, 0x11, 0xea, 0x12, 0x0e, 0xc5, 0x41,
 0xbe, 0x01, 0x00, 0x00, 0x04, 0xc0, 0x01, 0x00,
 0x00, 0x24, 0x01, 0x00, 0xb4, 0xa5, 0x11, 0xeb,
 0x18, 0x0e, 0xd2, 0xbc, 0x0a, 0xab, 0xea, 0x1a,
 0xc5, 0x41, 0xbe, 0x01, 0x00, 0x00, 0x04, 0xc1,
 0x01, 0x00, 0x00, 0x24, 0x01, 0x00, 0xb4, 0xa5,
 0xea, 0x08, 0x04, 0xc2, 0x01, 0x00, 0x00, 0x93,
 0x00, 0xc5, 0x28, 0xca, 0x03, 0xca, 0x02, 0x03,
 0x45, 0x40, 0x30, 0x2c, 0x07, 0x44, 0x0e, 0x20,
 0x04, 0x16, 0x1a, 0x45, 0x35, 0x19, 0x05, 0x1c,
 0x02, 0x0c, 0x08, 0x16, 0x06, 0x2b, 0x11, 0x22,
 0x0e, 0x2c, 0x05, 0x17, 0x09, 0x12, 0x00, 0x2c,
 0x00, 0x0e, 0x03, 0x20, 0x18, 0x20, 0x04, 0x36,
 0x1b, 0x20, 0x0c, 0x1e, 0x0c, 0x34, 0x36, 0x2b,
 0x51, 0x35, 0x2a, 0x48, 0x16, 0x2a, 0x1e, 0x1b,
 0x20, 0x43, 0x10, 0x2a, 0x1e, 0x25, 0x20, 0x39,
 0x10, 0x2a, 0x1e, 0x18, 0xf9, 0x01, 0xb6, 0x07,
 0x62, 0x69, 0x67, 0x66, 0x6c, 0x6f, 0x61, 0x74,
 0x54, 0x6f, 0x53, 0x74, 0x72, 0x69, 0x6e, 0x67,
 0x28, 0x61, 0x2c, 0x20, 0x72, 0x61, 0x64, 0x69,
 0x78, 0x29, 0x20, 0x7b, 0x0a, 0x20, 0x20, 0x20,
 0x20, 0x76, 0x61, 0x72, 0x20, 0x73, 0x20, 0x3d,
 0x20, 0x6e, 0x75, 0x6c, 0x6c, 0x3b, 0x0a, 0x20,
 0x20, 0x20, 0x20, 0x69, 0x66, 0x28, 0x21, 0x42,
 0x69, 0x67, 0x46, 0x6c, 0x6f, 0x61, 0x74, 0x2e,
 0x69, 0x73, 0x46, 0x69, 0x6e, 0x69, 0x74, 0x65,
 0x28, 0x61, 0x29, 0x29, 0x20, 0x7b, 0x0a, 0x20,
 0x20, 0x20, 0x20, 0x20, 0x20, 0x2f, 0x2a, 0x20,
 0x4e, 0x61, 0x4e, 0x2c, 0x20, 0x49, 0x6e, 0x66,
 0x69, 0x6e, 0x69, 0x74, 0x65, 0x20, 0x2a, 0x2f,
 0x0a, 0x20, 0x20, 0x20, 0x20, 0x20, 0x20, 0x69,
 0x66, 0x28, 0x65, 0x76, 0x61, 0x6c, 0x4d, 0x6f,
 0x64, 0x65, 0x20, 0x21, 0x3d, 0x3d, 0x20, 0x27,
 0x6d, 0x61, 0x74, 0x68, 0x27, 0x29, 0x20, 0x7b,
 0x0a, 0x20, 0x20, 0x20, 0x20, 0x20, 0x20, 0x20,
 0x20, 0x72, 0x65, 0x74, 0x75, 0x72, 0x6e, 0x20,
 0x27, 0x42, 0x69, 0x67, 0x46, 0x6c, 0x6f, 0x61,
 0x74, 0x28, 0x27, 0x20, 0x2b, 0x20, 0x61, 0x2e,
 0x74, 0x6f, 0x53, 0x74, 0x72, 0x69, 0x6e, 0x67,
 0x28, 0x29, 0x20, 0x2b, 0x20, 0x27, 0x29, 0x27,
 0x3b, 0x0a, 0x20, 0x20, 0x20, 0x20, 0x20, 0x20,
 0x7d, 0x20, 0x65, 0x6c, 0x73, 0x65, 0x20, 0x7b,
 0x0a, 0x20, 0x20, 0x20, 0x20, 0x20, 0x20, 0x20,
 0x20, 0x72, 0x65, 0x74, 0x75, 0x72, 0x6e, 0x20,
 0x61, 0x2e, 0x74, 0x6f, 0x53, 0x74, 0x72, 0x69,
 0x6e, 0x67, 0x28, 0x29, 0x3b, 0x0a, 0x20, 0x20,
 0x20, 0x20, 0x20, 0x20, 0x7d, 0x0a, 0x20, 0x20,
 0x20, 0x20, 0x7d, 0x20, 0x65, 0x6c, 0x73, 0x65,
 0x20, 0x7b, 0x0a, 0x20, 0x20, 0x20, 0x20, 0x20,
 0x20, 0x69, 0x66, 0x28, 0x61, 0x20, 0x3d, 0x3d,
 0x20, 0x30, 0x29, 0x20, 0x7b, 0x0a, 0x20, 0x20,
 0x20, 0x20, 0x20, 0x20, 0x20, 0x20, 0x69, 0x66,
 0x28, 0x31, 0x20, 0x2f, 0x20, 0x61, 0x20, 0x3c,
 0x20, 0x30, 0x29, 0x20, 0x73, 0x20, 0x3d, 0x20,
 0x27, 0x2d, 0x30, 0x27, 0x3b, 0x0a, 0x20, 0x20,
 0x20, 0x20, 0x20, 0x20, 0x20, 0x20, 0x65, 0x6c,
 0x73, 0x65, 0x20, 0x73, 0x20, 0x3d, 0x20, 0x27,
 0x30, 0x27, 0x3b, 0x0a, 0x20, 0x20, 0x20, 0x20,
 0x20, 0x20, 0x7d, 0x20, 0x65, 0x6c, 0x73, 0x65,
 0x20, 0x7b, 0x0a, 0x20, 0x20, 0x20, 0x20, 0x20,
 0x20, 0x20, 0x20, 0x69, 0x66, 0x28, 0x72, 0x61,
 0x64, 0x69, 0x78, 0x20, 0x3d, 0x3d, 0x20, 0x31,
 0x36, 0x29, 0x20, 0x7b, 0x0a, 0x20, 0x20, 0x20,
 0x20, 0x20, 0x20, 0x20, 0x20, 0x20, 0x20, 0x76,
 0x61, 0x72, 0x20, 0x73, 0x20, 0x3d, 0x20, 0x6e,
 0x75, 0x6c, 0x6c, 0x3b, 0x0a, 0x20, 0x20, 0x20,
 0x20, 0x20, 0x20, 0x20, 0x20, 0x20, 0x20, 0x69,
 0x66, 0x28, 0x61, 0x20, 0x3c, 0x20, 0x30, 0x29,
 0x20, 0x7b, 0x0a, 0x20, 0x20, 0x20, 0x20, 0x20,
 0x20, 0x20, 0x20, 0x20, 0x20, 0x20, 0x20, 0x61,
 0x20, 0x3d, 0x20, 0x2d, 0x61, 0x3b, 0x0a, 0x20,
 0x20, 0x20, 0x20, 0x20, 0x20, 0x20, 0x20, 0x20,
 0x20, 0x20, 0x20, 0x73, 0x20, 0x3d, 0x20, 0x27,
 0x2d, 0x27, 0x3b, 0x0a, 0x20, 0x20, 0x20, 0x20,
 0x20, 0x20, 0x20, 0x20, 0x20, 0x20, 0x7d, 0x20,
 0x65, 0x6c, 0x73, 0x65, 0x20, 0x7b, 0x0a, 0x20,
 0x20, 0x20, 0x20, 0x20, 0x20, 0x20, 0x20, 0x20,
 0x20, 0x20, 0x20, 0x73, 0x20, 0x3d, 0x20, 0x27,
 0x27, 0x3b, 0x0a, 0x20, 0x20, 0x20, 0x20, 0x20,
 0x20, 0x20, 0x20, 0x20, 0x20, 0x7d, 0x0a, 0x20,
 0x20, 0x20, 0x20, 0x20, 0x20, 0x20, 0x20, 0x20,
 0x20, 0x73, 0x20, 0x2b, 0x3d, 0x20, 0x27, 0x30,
 0x78, 0x27, 0x20, 0x2b, 0x20, 0x61, 0x2e, 0x74,
 0x6f, 0x53, 0x74, 0x72, 0x69, 0x6e, 0x67, 0x28,
 0x31, 0x36, 0x29, 0x3b, 0x0a, 0x20, 0x20, 0x20,
 0x20, 0x20, 0x20, 0x20, 0x20, 0x7d, 0x20, 0x65,
 0x6c, 0x73, 0x65, 0x20, 0x7b, 0x0a, 0x20, 0x20,
 0x20, 0x20, 0x20, 0x20, 0x20, 0x20, 0x20, 0x20,
 0x73, 0x20, 0x3d, 0x20, 0x61, 0x2e, 0x74, 0x6f,
 0x53, 0x74, 0x72, 0x69, 0x6e, 0x67, 0x28, 0x29,
 0x3b, 0x0a, 0x20, 0x20, 0x20, 0x20, 0x20, 0x20,
 0x20, 0x20, 0x7d, 0x0a, 0x20, 0x20, 0x20, 0x20,
 0x20, 0x20, 0x7d, 0x0a, 0x20, 0x20, 0x20, 0x20,
 0x20, 0x20, 0x69, 0x66, 0x28, 0x74, 0x79, 0x70,
 0x65, 0x6f, 0x66, 0x20, 0x61, 0x20, 0x3d, 0x3d,
 0x3d, 0x20, 0x27, 0x62, 0x69, 0x67, 0x66, 0x6c,
 0x6f, 0x61, 0x74, 0x27, 0x20, 0x26, 0x26, 0x20,
 0x65, 0x76, 0x61, 0x6c, 0x4d, 0x6f, 0x64, 0x65,
 0x20, 0x21, 0x3d, 0x3d, 0x20, 0x27, 0x6d, 0x61,
 0x74, 0x68, 0x27, 0x29, 0x20, 0x7b, 0x0a, 0x20,
 0x20, 0x20, 0x20, 0x20, 0x20, 0x20, 0x20, 0x73,
 0x20, 0x2b, 0x3d, 0x20, 0x27, 0x6c, 0x27, 0x3b,
 0x0a, 0x20, 0x20, 0x20, 0x20, 0x20, 0x20, 0x7d,
 0x20, 0x65, 0x6c, 0x73, 0x65, 0x20, 0x69, 0x66,
 0x28, 0x65, 0x76, 0x61, 0x6c, 0x4d, 0x6f, 0x64,
 0x65, 0x20, 0x21, 0x3d, 0x3d, 0x20, 0x27, 0x73,
 0x74, 0x64, 0x27, 0x20, 0x26, 0x26, 0x20, 0x73,
 0x2e, 0x69, 0x6e, 0x64, 0x65, 0x78, 0x4f, 0x66,
 0x28, 0x27, 0x2e, 0x27, 0x29, 0x20, 0x3c, 0x20,
 0x30, 0x20, 0x26, 0x26, 0x20, 0x28, 0x28, 0x72,
 0x61, 0x64, 0x69, 0x78, 0x20, 0x3d, 0x3d, 0x20,
 0x31, 0x36, 0x20, 0x26, 0x26, 0x20, 0x73, 0x2e,
 0x69, 0x6e, 0x64, 0x65, 0x78, 0x4f, 0x66, 0x28,
 0x27, 0x70, 0x27, 0x29, 0x20, 0x3c, 0x20, 0x30,
 0x29, 0x20, 0x7c, 0x7c, 0x20, 0x28, 0x72, 0x61,
 0x64, 0x69, 0x78, 0x20, 0x3d, 0x3d, 0x20, 0x31,
 0x30, 0x20, 0x26, 0x26, 0x20, 0x73, 0x2e, 0x69,
 0x6e, 0x64, 0x65, 0x78, 0x4f, 0x66, 0x28, 0x27,
 0x65, 0x27, 0x29, 0x20, 0x3c, 0x20, 0x30, 0x29,
 0x29, 0x29, 0x20, 0x7b, 0x0a, 0x20, 0x20, 0x20,
 0x20, 0x20, 0x20, 0x20, 0x20, 0x2f, 0x2a, 0x20,
 0x61, 0x64, 0x64, 0x20, 0x61, 0x20, 0x64, 0x65,
 0x63, 0x69, 0x6d, 0x61, 0x6c, 0x20, 0x70, 0x6f,
 0x69, 0x6e, 0x74, 0x20, 0x73, 0x6f, 0x20, 0x74,
 0x68, 0x61, 0x74, 0x20, 0x74, 0x68, 0x65, 0x20,
 0x66, 0x6c, 0x6f, 0x61, 0x74, 0x69, 0x6e, 0x67,
 0x20, 0x70, 0x6f, 0x69, 0x6e, 0x74, 0x20, 0x74,
 0x79, 0x70, 0x65, 0x20, 0x69, 0x73, 0x20, 0x76,
 0x69, 0x73, 0x69, 0x62, 0x6c, 0x65, 0x20, 0x2a,
 0x2f, 0x0a, 0x20, 0x20, 0x20, 0x20, 0x20, 0x20,
 0x20, 0x20, 0x73, 0x20, 0x2b, 0x3d, 0x20, 0x27,
 0x2e, 0x30, 0x27, 0x3b, 0x0a, 0x20, 0x20, 0x20,
 0x20, 0x20, 0x20, 0x7d, 0x0a, 0x20, 0x20, 0x20,
 0x20, 0x20, 0x20, 0x72, 0x65, 0x74, 0x75, 0x72,
 0x6e, 0x20, 0x73, 0x3b, 0x0a, 0x20, 0x20, 0x20,
 0x20, 0x7d, 0x0a, 0x20, 0x20, 0x7d, 0x0c, 0x42,
 0x0b, 0x01, 0x00, 0x02, 0x01, 0x02, 0x05, 0x00,
 0x01, 0x00, 0x4e, 0x03, 0xe2, 0x06, 0x00, 0x01,
 0x00, 0xe4, 0x06, 0x00, 0x01, 0x00, 0xe6, 0x06,
 0x00, 0x00, 0x00, 0xb8, 0x04, 0x2a, 0x02, 0x07,
 0xc9, 0xd2, 0xbc, 0x10, 0xab, 0xea, 0x2b, 0x07,
 0xc9, 0xd1, 0xb4, 0xa5, 0xea, 0x0c, 0xd1, 0x8b,
 0xd5, 0x04, 0xba, 0x01, 0x00, 0x00, 0xc9, 0xec,
 0x03, 0xc0, 0xc9, 0xc5, 0x04, 0xbb, 0x01, 0x00,
 0x00, 0xd1, 0x41, 0x38, 0x00, 0x00, 0x00, 0xbc,
 0x10, 0x24, 0x01, 0x00, 0x9c, 0x9c, 0xc9, 0xec,
 0x0b, 0xd1, 0x41, 0x38, 0x00, 0x00, 0x00, 0x24,
 0x00, 0x00, 0xc9, 0xdd, 0x04, 0xec, 0x00, 0x00,
 0x00, 0xad, 0xea, 0x08, 0x04, 0x37, 0x01, 0x00,
 0x00, 0x93, 0x00, 0xc5, 0x28, 0xca, 0x03, 0xef,
 0x02, 0x03, 0x18, 0x13, 0x1c, 0x2c, 0x05, 0x17,
 0x09, 0x12, 0x00, 0x2c, 0x00, 0x0e, 0x03, 0x20,
 0x18, 0x20, 0x04, 0x36, 0x1b, 0x20, 0x0c, 0x1d,
 0x10, 0x2a, 0x0e, 0xb4, 0x02, 0x62, 0x69, 0x67,
 0x69, 0x6e, 0x74, 0x54, 0x6f, 0x53, 0x74, 0x72,
 0x69, 0x6e, 0x67, 0x28, 0x61, 0x2c, 0x20, 0x72,
 0x61, 0x64, 0x69, 0x78, 0x29, 0x20, 0x7b, 0x0a,
 0x20, 0x20, 0x20, 0x20, 0x76, 0x61, 0x72, 0x20,
 0x73, 0x20, 0x3d, 0x20, 0x6e, 0x75, 0x6c, 0x6c,
 0x3b, 0x0a, 0x20, 0x20, 0x20, 0x20, 0x69, 0x66,
 0x28, 0x72, 0x61, 0x64, 0x69, 0x78, 0x20, 0x3d,
 0x3d, 0x20, 0x31, 0x36, 0x29, 0x20, 0x7b, 0x0a,
 0x20, 0x20, 0x20, 0x20, 0x20, 0x20, 0x76, 0x61,
 0x72, 0x20, 0x73, 0x20, 0x3d, 0x20, 0x6e, 0x75,
 0x6c, 0x6c, 0x3b, 0x0a, 0x20, 0x20, 0x20, 0x20,
 0x20, 0x20, 0x69, 0x66, 0x28, 0x61, 0x20, 0x3c,
 0x20, 0x30, 0x29, 0x20, 0x7b, 0x0a, 0x20, 0x20,
 0x20, 0x20, 0x20, 0x20, 0x20, 0x20, 0x61, 0x20,
 0x3d, 0x20, 0x2d, 0x61, 0x3b, 0x0a, 0x20, 0x20,
 0x20, 0x20, 0x20, 0x20, 0x20, 0x20, 0x73, 0x20,
 0x3d, 0x20, 0x27, 0x2d, 0x27, 0x3b, 0x0a, 0x20,
 0x20, 0x20, 0x20, 0x20, 0x20, 0x7d, 0x20, 0x65,
 0x6c, 0x73, 0x65, 0x20, 0x7b, 0x0a, 0x20, 0x20,
 0x20, 0x20, 0x20, 0x20, 0x20, 0x20, 0x73, 0x20,
 0x3d, 0x20, 0x27, 0x27, 0x3b, 0x0a, 0x20, 0x20,
 0x20, 0x20, 0x20, 0x20, 0x7d, 0x0a, 0x20, 0x20,
 0x20, 0x20, 0x20, 0x20, 0x73, 0x20, 0x2b, 0x3d,
 0x20, 0x27, 0x30, 0x78, 0x27, 0x20, 0x2b, 0x20,
 0x61, 0x2e, 0x74, 0x6f, 0x53, 0x74, 0x72, 0x69,
 0x6e, 0x67, 0x28, 0x31, 0x36, 0x29, 0x3b, 0x0a,
 0x20, 0x20, 0x20, 0x20, 0x7d, 0x20, 0x65, 0x6c,
 0x73, 0x65, 0x20, 0x7b, 0x0a, 0x20, 0x20, 0x20,
 0x20, 0x20, 0x20, 0x73, 0x20, 0x3d, 0x20, 0x61,
 0x2e, 0x74, 0x6f, 0x53, 0x74, 0x72, 0x69, 0x6e,
 0x67, 0x28, 0x29, 0x3b, 0x0a, 0x20, 0x20, 0x20,
 0x20, 0x7d, 0x0a, 0x20, 0x20, 0x20, 0x20, 0x69,
 0x66, 0x28, 0x65, 0x76, 0x61, 0x6c, 0x4d, 0x6f,
 0x64, 0x65, 0x20, 0x3d, 0x3d, 0x3d, 0x20, 0x27,
 0x73, 0x74, 0x64, 0x27, 0x29, 0x20, 0x73, 0x20,
 0x2b, 0x3d, 0x20, 0x27, 0x6e, 0x27, 0x3b, 0x0a,
 0x20, 0x20, 0x20, 0x20, 0x72, 0x65, 0x74, 0x75,
 0x72, 0x6e, 0x20, 0x73, 0x3b, 0x0a, 0x20, 0x20,
 0x7d, 0x0c, 0x42, 0x0b, 0x01, 0x00, 0x00, 0x01,
 0x00, 0x06, 0x00, 0x00, 0x00, 0x26, 0x01, 0x10,
 0x00, 0x01, 0x00, 0x08, 0xc9, 0xc5, 0x41, 0xc3,
 0x01, 0x00, 0x00, 0xc5, 0x41, 0xc4, 0x01, 0x00,
 0x00, 0x04, 0xc5, 0x01, 0x00, 0x00, 0xc5, 0x40,
 0xc6, 0x01, 0x00, 0x00, 0x24, 0x02, 0x00, 0xc5,
 0x40, 0xc7, 0x01, 0x00, 0x00, 0x24, 0x02, 0x00,
 0x29, 0xca, 0x03, 0x81, 0x03, 0x03, 0x06, 0x0d,
 0x04, 0x20, 0x26, 0x20, 0x0a, 0x69, 0x63, 0x6d,
 0x64, 0x52, 0x65, 0x61, 0x64, 0x6c, 0x69, 0x6e,
 0x65, 0x53, 0x74, 0x61, 0x72, 0x74, 0x28, 0x29,
 0x20, 0x7b, 0x0a, 0x20, 0x20, 0x20, 0x20, 0x74,
 0x68, 0x69, 0x73, 0x2e, 0x72, 0x65, 0x61, 0x64,
 0x6c, 0x69, 0x6e, 0x65, 0x53, 0x74, 0x61, 0x72,
 0x74, 0x28, 0x74, 0x68, 0x69, 0x73, 0x2e, 0x64,
 0x75, 0x70, 0x73, 0x74, 0x72, 0x28, 0x27, 0x20,
 0x20, 0x20, 0x20, 0x27, 0x2c, 0x20, 0x74, 0x68,
 0x69, 0x73, 0x2e, 0x6c, 0x65, 0x76, 0x65, 0x6c,
 0x29, 0x2c, 0x20, 0x74, 0x68, 0x69, 0x73, 0x2e,
 0x72, 0x65, 0x61, 0x64, 0x6c, 0x69, 0x6e, 0x65,
 0x48, 0x61, 0x6e, 0x64, 0x6c, 0x65, 0x43, 0x6d,
 0x64, 0x29, 0x3b, 0x0a, 0x20, 0x20, 0x7d, 0x0c,
 0x40, 0x0b, 0x01, 0x00, 0x01, 0x02, 0x00, 0x04,
 0x00, 0x08, 0x00, 0x62, 0x03, 0xfa, 0x04, 0x00,
 0x01, 0x00, 0xfa, 0x04, 0x01, 0xff, 0xff, 0xff,
 0xff, 0x0f, 0x20, 0x10, 0x00, 0x01, 0x00, 0xce,
 0x04, 0x35, 0x02, 0xaa, 0x04, 0x23, 0x02, 0xc2,
 0x04, 0x2f, 0x02, 0xbe, 0x04, 0x2d, 0x02, 0xc0,
 0x04, 0x2e, 0x02, 0xa8, 0x04, 0x22, 0x02, 0xb8,
 0x04, 0x2a, 0x02, 0xa6, 0x04, 0x21, 0x02, 0x08,
 0xca, 0x60, 0x00, 0x00, 0xd1, 0x11, 0xf2, 0xea,
 0x04, 0x0e, 0x0a, 0xd9, 0xc9, 0xd1, 0xea, 0x04,
 0xdd, 0xee, 0x0e, 0xde, 0xea, 0x42, 0x38, 0x9e,
 0x00, 0x00, 0x00, 0x41, 0xc8, 0x01, 0x00, 0x00,
 0xbc, 0x0a, 0x24, 0x01, 0x00, 0x38, 0x9e, 0x00,
 0x00, 0x00, 0x41, 0xc8, 0x01, 0x00, 0x00, 0xb6,
 0x24, 0x01, 0x00, 0x9a, 0xe3, 0xbc, 0x71, 0xe4,
 0xbc, 0x0f, 0x5e, 0x04, 0x00, 0x5d, 0x05, 0x00,
 0xea, 0x16, 0x04, 0xb6, 0x01, 0x00, 0x00, 0x5e,
 0x06, 0x00, 0x38, 0x8d, 0x00, 0x00, 0x00, 0x5d,
 0x07, 0x00, 0x42, 0xc9, 0x01, 0x00, 0x00, 0xc6,
 0x41, 0xca, 0x01, 0x00, 0x00, 0x24, 0x00, 0x00,
 0x29, 0xca, 0x03, 0x85, 0x03, 0x03, 0x18, 0x58,
 0x22, 0x23, 0x19, 0x34, 0x1e, 0x1b, 0x14, 0x34,
 0x0a, 0x21, 0x3b, 0x12, 0x00, 0x36, 0x04, 0x2c,
 0x00, 0x00, 0x0d, 0x08, 0x07, 0x20, 0x0a, 0xf6,
 0x02, 0x63, 0x6d, 0x64, 0x53, 0x74, 0x61, 0x72,
 0x74, 0x28, 0x73, 0x68, 0x6f, 0x77, 0x42, 0x61,
 0x6e, 0x6e, 0x65, 0x72, 0x20, 0x3d, 0x20, 0x74,
 0x72, 0x75, 0x65, 0x29, 0x20, 0x7b, 0x0a, 0x20,
 0x20, 0x20, 0x20, 0x69, 0x66, 0x28, 0x73, 0x68,
 0x6f, 0x77, 0x42, 0x61, 0x6e, 0x6e, 0x65, 0x72,
 0x29, 0x20, 0x70, 0x75, 0x74, 0x42, 0x61, 0x6e,
 0x6e, 0x65, 0x72, 0x28, 0x29, 0x3b, 0x0a, 0x0a,
 0x20, 0x20, 0x20, 0x20, 0x69, 0x66, 0x28, 0x68,
 0x61, 0x73, 0x42, 0x69, 0x67, 0x6e, 0x75, 0x6d,
 0x29, 0x20, 0x7b, 0x0a, 0x20, 0x20, 0x20, 0x20,
 0x20, 0x20, 0x6c, 0x6f, 0x67, 0x32, 0x5f, 0x31,
 0x30, 0x20, 0x3d, 0x20, 0x4d, 0x61, 0x74, 0x68,
 0x2e, 0x6c, 0x6f, 0x67, 0x28, 0x31, 0x30, 0x29,
 0x20, 0x2f, 0x20, 0x4d, 0x61, 0x74, 0x68, 0x2e,
 0x6c, 0x6f, 0x67, 0x28, 0x32, 0x29, 0x3b, 0x0a,
 0x20, 0x20, 0x20, 0x20, 0x20, 0x20, 0x70, 0x72,
 0x65, 0x63, 0x20, 0x3d, 0x20, 0x31, 0x31, 0x33,
 0x3b, 0x0a, 0x20, 0x20, 0x20, 0x20, 0x20, 0x20,
 0x65, 0x78, 0x70, 0x42, 0x69, 0x74, 0x73, 0x20,
 0x3d, 0x20, 0x31, 0x35, 0x3b, 0x0a, 0x20, 0x20,
 0x20, 0x20, 0x20, 0x20, 0x69, 0x66, 0x28, 0x68,
 0x61, 0x73, 0x4a, 0x73, 0x63, 0x61, 0x6c, 0x63,
 0x29, 0x20, 0x7b, 0x0a, 0x20, 0x20, 0x20, 0x20,
 0x20, 0x20, 0x20, 0x20, 0x65, 0x76, 0x61, 0x6c,
 0x4d, 0x6f, 0x64, 0x65, 0x20, 0x3d, 0x20, 0x27,
 0x6d, 0x61, 0x74, 0x68, 0x27, 0x3b, 0x0a, 0x20,
 0x20, 0x20, 0x20, 0x20, 0x20, 0x20, 0x20, 0x2f,
 0x2a, 0x20, 0x58, 0x58, 0x58, 0x3a, 0x20, 0x6e,
 0x75, 0x6d, 0x65, 0x72, 0x69, 0x63, 0x20, 0x6d,
 0x6f, 0x64, 0x65, 0x20, 0x73, 0x68, 0x6f, 0x75,
 0x6c, 0x64, 0x20, 0x61, 0x6c, 0x77, 0x61, 0x79,
 0x73, 0x20, 0x62, 0x65, 0x20, 0x74, 0x68, 0x65,
 0x20, 0x64, 0x65, 0x66, 0x61, 0x75, 0x6c, 0x74,
 0x20, 0x3f, 0x20, 0x2a, 0x2f, 0x0a, 0x20, 0x20,
 0x20, 0x20, 0x20, 0x20, 0x20, 0x20, 0x67, 0x6c,
 0x6f, 0x62, 0x61, 0x6c, 0x54, 0x68, 0x69, 0x73,
 0x2e, 0x61, 0x6c, 0x67, 0x65, 0x62, 0x72, 0x61,
 0x69, 0x63, 0x4d, 0x6f, 0x64, 0x65, 0x20, 0x3d,
 0x20, 0x63, 0x6f, 0x6e, 0x66, 0x69, 0x67, 0x4e,
 0x75, 0x6d, 0x63, 0x61, 0x6c, 0x63, 0x3b, 0x0a,
 0x20, 0x20, 0x20, 0x20, 0x20, 0x20, 0x7d, 0x0a,
 0x20, 0x20, 0x20, 0x20, 0x7d, 0x0a, 0x0a, 0x20,
 0x20, 0x20, 0x20, 0x74, 0x68, 0x69, 0x73, 0x2e,
 0x63, 0x6d, 0x64, 0x52, 0x65, 0x61, 0x64, 0x6c,
 0x69, 0x6e, 0x65, 0x53, 0x74, 0x61, 0x72, 0x74,
 0x28, 0x29, 0x3b, 0x0a, 0x20, 0x20, 0x7d, 0x0c,
 0x42, 0x0b, 0x01, 0x00, 0x01, 0x17, 0x01, 0x04,
 0x0f, 0x03, 0x0a, 0x8f, 0x04, 0x18, 0x96, 0x07,
 0x00, 0x01, 0x40, 0x06, 0x98, 0x07, 0x00, 0x00,
 0x40, 0x04, 0x9a, 0x07, 0x00, 0x01, 0x40, 0x08,
 0x9c, 0x07, 0x00, 0x02, 0x40, 0x0a, 0xee, 0x04,
 0x00, 0x03, 0x40, 0x05, 0x9e, 0x07, 0x00, 0x04,
 0x40, 0x02, 0xa0, 0x07, 0x00, 0x05, 0x40, 0x00,
 0x8c, 0x07, 0x00, 0x06, 0x00, 0xa2, 0x07, 0x00,
 0x07, 0x00, 0xa4, 0x07, 0x00, 0x08, 0x40, 0x09,
 0xa6, 0x07, 0x00, 0x09, 0x40, 0x0e, 0xa8, 0x07,
 0x00, 0x0a, 0x40, 0x03, 0xaa, 0x07, 0x00, 0x0b,
 0x40, 0x01, 0xac, 0x07, 0x00, 0x0c, 0x40, 0x07,
 0xae, 0x07, 0x00, 0x0d, 0x00, 0xb0, 0x07, 0x00,
 0x0e, 0x00, 0xb2, 0x07, 0x00, 0x0f, 0x00, 0xb4,
 0x07, 0x00, 0x10, 0x00, 0xb6, 0x07, 0x00, 0x11,
 0x00, 0xb8, 0x07, 0x00, 0x12, 0x40, 0x0b, 0xba,
 0x07, 0x00, 0x13, 0x40, 0x0c, 0xbc, 0x07, 0x00,
 0x14, 0x40, 0x0d, 0xbe, 0x07, 0x00, 0x15, 0x00,
 0xc0, 0x07, 0x00, 0x16, 0x00, 0xd6, 0x04, 0x3a,
 0x02, 0xde, 0x04, 0x3e, 0x02, 0xd4, 0x04, 0x39,
 0x02, 0x0c, 0x43, 0x0a, 0x01, 0xa8, 0x07, 0x01,
 0x00, 0x01, 0x02, 0x00, 0x01, 0x00, 0x05, 0x01,
 0x9a, 0x07, 0x00, 0x01, 0x00, 0xa0, 0x07, 0x05,
 0x00, 0xdd, 0xd1, 0x9c, 0xe1, 0x29, 0xca, 0x03,
 0xa2, 0x03, 0x05, 0x02, 0x03, 0x04, 0x2f, 0x66,
 0x75, 0x6e, 0x63, 0x74, 0x69, 0x6f, 0x6e, 0x20,
 0x70, 0x75, 0x73, 0x68, 0x53, 0x74, 0x61, 0x74,
 0x65, 0x28, 0x63, 0x29, 0x20, 0x7b, 0x0a, 0x20,
 0x20, 0x20, 0x20, 0x20, 0x20, 0x73, 0x74, 0x61,
 0x74, 0x65, 0x20, 0x2b, 0x3d, 0x20, 0x63, 0x3b,
 0x0a, 0x20, 0x20, 0x20, 0x20, 0x7d, 0x0c, 0x43,
 0x0a, 0x01, 0xaa, 0x07, 0x01, 0x00, 0x01, 0x04,
 0x00, 0x01, 0x00, 0x0d, 0x01, 0x9a, 0x07, 0x00,
 0x01, 0x00, 0xa0, 0x07, 0x05, 0x00, 0xdd, 0x41,
 0xe1, 0x01, 0x00, 0x00, 0xdd, 0xe9, 0xb5, 0x9d,
 0x25, 0x01, 0x00, 0xca, 0x03, 0xa5, 0x03, 0x05,
 0x04, 0x21, 0x32, 0x0c, 0x1e, 0x4d, 0x66, 0x75,
 0x6e, 0x63, 0x74, 0x69, 0x6f, 0x6e, 0x20, 0x6c,
 0x61, 0x73, 0x74, 0x53, 0x74, 0x61, 0x74, 0x65,
 0x28, 0x63, 0x29, 0x20, 0x7b, 0x0a, 0x20, 0x20,
 0x20, 0x20, 0x20, 0x20, 0x72, 0x65, 0x74, 0x75,
 0x72, 0x6e, 0x20, 0x73, 0x74, 0x61, 0x74, 0x65,
 0x2e, 0x73, 0x75, 0x62, 0x73, 0x74, 0x72, 0x69,
 0x6e, 0x67, 0x28, 0x73, 0x74, 0x61, 0x74, 0x65,
 0x2e, 0x6c, 0x65, 0x6e, 0x67, 0x74, 0x68, 0x20,
 0x2d, 0x20, 0x31, 0x29, 0x3b, 0x0a, 0x20, 0x20,
 0x20, 0x20, 0x7d, 0x0c, 0x43, 0x0a, 0x01, 0xac,
 0x07, 0x01, 0x00, 0x01, 0x05, 0x00, 0x02, 0x00,
 0x14, 0x01, 0x9a, 0x07, 0x00, 0x01, 0x00, 0xaa,
 0x07, 0x0b, 0x00, 0xa0, 0x07, 0x05, 0x00, 0xdd,
 0xee, 0xd5, 0xde, 0x41, 0xe1, 0x01, 0x00, 0x00,
 0xb4, 0xde, 0xe9, 0xb5, 0x9d, 0x24, 0x02, 0x00,
 0xe2, 0xd1, 0x28, 0xca, 0x03, 0xa8, 0x03, 0x05,
 0x08, 0x08, 0x14, 0x0d, 0x0f, 0x20, 0x1c, 0x11,
 0x38, 0x7b, 0x66, 0x75, 0x6e, 0x63, 0x74, 0x69,
 0x6f, 0x6e, 0x20, 0x70, 0x6f, 0x70, 0x53, 0x74,
 0x61, 0x74, 0x65, 0x28, 0x63, 0x29, 0x20, 0x7b,
 0x0a, 0x20, 0x20, 0x20, 0x20, 0x20, 0x20, 0x76,
 0x61, 0x72, 0x20, 0x63, 0x20, 0x3d, 0x20, 0x6c,
 0x61, 0x73, 0x74, 0x53, 0x74, 0x61, 0x74, 0x65,
 0x28, 0x29, 0x3b, 0x0a, 0x20, 0x20, 0x20, 0x20,
 0x20, 0x20, 0x73, 0x74, 0x61, 0x74, 0x65, 0x20,
 0x3d, 0x20, 0x73, 0x74, 0x61, 0x74, 0x65, 0x2e,
 0x73, 0x75, 0x62, 0x73, 0x74, 0x72, 0x69, 0x6e,
 0x67, 0x28, 0x30, 0x2c, 0x20, 0x73, 0x74, 0x61,
 0x74, 0x65, 0x2e, 0x6c, 0x65, 0x6e, 0x67, 0x74,
 0x68, 0x20, 0x2d, 0x20, 0x31, 0x29, 0x3b, 0x0a,
 0x20, 0x20, 0x20, 0x20, 0x20, 0x20, 0x72, 0x65,
 0x74, 0x75, 0x72, 0x6e, 0x20, 0x63, 0x3b, 0x0a,
 0x20, 0x20, 0x20, 0x20, 0x7d, 0x0c, 0x43, 0x0a,
 0x01, 0xae, 0x07, 0x00, 0x00, 0x00, 0x03, 0x00,
 0x06, 0x00, 0x49, 0x00, 0x9e, 0x07, 0x04, 0x00,
 0xa8, 0x07, 0x0a, 0x00, 0x98, 0x07, 0x00, 0x00,
 0xee, 0x04, 0x03, 0x00, 0x96, 0x07, 0x00, 0x01,
 0xac, 0x07, 0x0c, 0x00, 0x04, 0xe2, 0x01, 0x00,
 0x00, 0xe1, 0xde, 0x04, 0xe3, 0x01, 0x00, 0x00,
 0xef, 0x0e, 0xdf, 0x8e, 0xe3, 0xdf, 0xe0, 0xb5,
 0x9d, 0xa5, 0xea, 0x31, 0x5d, 0x04, 0x00, 0xdf,
 0x46, 0x04, 0x7f, 0x00, 0x00, 0x00, 0xab, 0xea,
 0x1f, 0x5d, 0x04, 0x00, 0xdf, 0xb5, 0x9c, 0x46,
 0x04, 0xe3, 0x01, 0x00, 0x00, 0xab, 0xea, 0x10,
 0xdf, 0xb6, 0x9c, 0xe3, 0x5d, 0x05, 0x00, 0x04,
 0xe3, 0x01, 0x00, 0x00, 0xef, 0x0e, 0x29, 0xdf,
 0x8e, 0xe3, 0xec, 0xca, 0x29, 0xca, 0x03, 0xae,
 0x03, 0x05, 0x12, 0x03, 0x04, 0x21, 0x00, 0x3f,
 0x1a, 0x07, 0x08, 0x35, 0x03, 0x3e, 0x1e, 0x11,
 0x0c, 0x2b, 0x3f, 0x17, 0x00, 0xf3, 0x01, 0x66,
 0x75, 0x6e, 0x63, 0x74, 0x69, 0x6f, 0x6e, 0x20,
 0x70, 0x61, 0x72, 0x73, 0x65, 0x42, 0x6c, 0x6f,
 0x63, 0x6b, 0x43, 0x6f, 0x6d, 0x6d, 0x65, 0x6e,
 0x74, 0x28, 0x29, 0x20, 0x7b, 0x0a, 0x20, 0x20,
 0x20, 0x20, 0x20, 0x20, 0x73, 0x74, 0x79, 0x6c,
 0x65, 0x20, 0x3d, 0x20, 0x27, 0x63, 0x6f, 0x6d,
 0x6d, 0x65, 0x6e, 0x74, 0x27, 0x3b, 0x0a, 0x20,
 0x20, 0x20, 0x20, 0x20, 0x20, 0x70, 0x75, 0x73,
 0x68, 0x53, 0x74, 0x61, 0x74, 0x65, 0x28, 0x27,
 0x2f, 0x27, 0x29, 0x3b, 0x0a, 0x20, 0x20, 0x20,
 0x20, 0x20, 0x20, 0x66, 0x6f, 0x72, 0x28, 0x69,
 0x2b, 0x2b, 0x3b, 0x20, 0x69, 0x20, 0x3c, 0x20,
 0x6e, 0x20, 0x2d, 0x20, 0x31, 0x3b, 0x20, 0x69,
 0x2b, 0x2b, 0x29, 0x20, 0x7b, 0x0a, 0x20, 0x20,
 0x20, 0x20, 0x20, 0x20, 0x20, 0x20, 0x69, 0x66,
 0x28, 0x73, 0x74, 0x72, 0x5b, 0x69, 0x5d, 0x20,
 0x3d, 0x3d, 0x20, 0x27, 0x2a, 0x27, 0x20, 0x26,
 0x26, 0x20, 0x73, 0x74, 0x72, 0x5b, 0x69, 0x20,
 0x2b, 0x20, 0x31, 0x5d, 0x20, 0x3d, 0x3d, 0x20,
 0x27, 0x2f, 0x27, 0x29, 0x20, 0x7b, 0x0a, 0x20,
 0x20, 0x20, 0x20, 0x20, 0x20, 0x20, 0x20, 0x20,
 0x20, 0x69, 0x20, 0x2b, 0x3d, 0x20, 0x32, 0x3b,
 0x0a, 0x20, 0x20, 0x20, 0x20, 0x20, 0x20, 0x20,
 0x20, 0x20, 0x20, 0x70, 0x6f, 0x70, 0x53, 0x74,
 0x61, 0x74, 0x65, 0x28, 0x27, 0x2f, 0x27, 0x29,
 0x3b, 0x0a, 0x20, 0x20, 0x20, 0x20, 0x20, 0x20,
 0x20, 0x20, 0x20, 0x20, 0x62, 0x72, 0x65, 0x61,
 0x6b, 0x3b, 0x0a, 0x20, 0x20, 0x20, 0x20, 0x20,
 0x20, 0x20, 0x20, 0x7d, 0x0a, 0x20, 0x20, 0x20,
 0x20, 0x20, 0x20, 0x7d, 0x0a, 0x20, 0x20, 0x20,
 0x20, 0x7d, 0x0c, 0x43, 0x0a, 0x01, 0xb0, 0x07,
 0x00, 0x00, 0x00, 0x02, 0x00, 0x04, 0x00, 0x1f,
 0x00, 0x9e, 0x07, 0x04, 0x00, 0x98, 0x07, 0x00,
 0x00, 0xee, 0x04, 0x03, 0x00, 0x96, 0x07, 0x00,
 0x01, 0x04, 0xe2, 0x01, 0x00, 0x00, 0xe1, 0xde,
 0x8e, 0xe2, 0xde, 0xdf, 0xa5, 0xea, 0x11, 0xe0,
 0xde, 0x46, 0x04, 0x52, 0x01, 0x00, 0x00, 0xab,
 0xeb, 0x06, 0xde, 0x8e, 0xe2, 0xec, 0xec, 0x29,
 0xca, 0x03, 0xba, 0x03, 0x05, 0x06, 0x03, 0x04,
 0x35, 0x1a, 0x26, 0x04, 0x99, 0x01, 0x66, 0x75,
 0x6e, 0x63, 0x74, 0x69, 0x6f, 0x6e, 0x20, 0x70,
 0x61, 0x72, 0x73, 0x65, 0x4c, 0x69, 0x6e, 0x65,
 0x43, 0x6f, 0x6d, 0x6d, 0x65, 0x6e, 0x74, 0x28,
 0x29, 0x20, 0x7b, 0x0a, 0x20, 0x20, 0x20, 0x20,
 0x20, 0x20, 0x73, 0x74, 0x79, 0x6c, 0x65, 0x20,
 0x3d, 0x20, 0x27, 0x63, 0x6f, 0x6d, 0x6d, 0x65,
 0x6e, 0x74, 0x27, 0x3b, 0x0a, 0x20, 0x20, 0x20,
 0x20, 0x20, 0x20, 0x66, 0x6f, 0x72, 0x28, 0x69,
 0x2b, 0x2b, 0x3b, 0x20, 0x69, 0x20, 0x3c, 0x20,
 0x6e, 0x3b, 0x20, 0x69, 0x2b, 0x2b, 0x29, 0x20,
 0x7b, 0x0a, 0x20, 0x20, 0x20, 0x20, 0x20, 0x20,
 0x20, 0x20, 0x69, 0x66, 0x28, 0x73, 0x74, 0x72,
 0x5b, 0x69, 0x5d, 0x20, 0x3d, 0x3d, 0x20, 0x27,
 0x5c, 0x6e, 0x27, 0x29, 0x20, 0x7b, 0x0a, 0x20,
 0x20, 0x20, 0x20, 0x20, 0x20, 0x20, 0x20, 0x20,
 0x20, 0x62, 0x72, 0x65, 0x61, 0x6b, 0x3b, 0x0a,
 0x20, 0x20, 0x20, 0x20, 0x20, 0x20, 0x20, 0x20,
 0x7d, 0x0a, 0x20, 0x20, 0x20, 0x20, 0x20, 0x20,
 0x7d, 0x0a, 0x20, 0x20, 0x20, 0x20, 0x7d, 0x0c,
 0x43, 0x0a, 0x01, 0xb2, 0x07, 0x01, 0x00, 0x01,
 0x03, 0x00, 0x07, 0x00, 0x4c, 0x01, 0xc8, 0x07,
 0x00, 0x01, 0x00, 0x9e, 0x07, 0x04, 0x00, 0xa8,
 0x07, 0x0a, 0x00, 0x98, 0x07, 0x00, 0x00, 0xee,
 0x04, 0x03, 0x00, 0x96, 0x07, 0x00, 0x01, 0x9a,
 0x07, 0x01, 0x00, 0xac, 0x07, 0x0c, 0x00, 0x04,
 0x49, 0x00, 0x00, 0x00, 0xe1, 0xde, 0xd1, 0xef,
 0x0e, 0xdf, 0xe0, 0xa5, 0xea, 0x3d, 0x5d, 0x04,
 0x00, 0xdf, 0x90, 0xe3, 0x46, 0x5f, 0x05, 0x00,
 0x04, 0x52, 0x01, 0x00, 0x00, 0xab, 0xea, 0x09,
 0x04, 0xe5, 0x01, 0x00, 0x00, 0xe1, 0xec, 0xe2,
 0x5d, 0x05, 0x00, 0x04, 0xe6, 0x01, 0x00, 0x00,
 0xab, 0xea, 0x0b, 0xdf, 0xe0, 0xa8, 0xeb, 0x13,
 0xdf, 0x8e, 0xe3, 0xec, 0xcd, 0x5d, 0x05, 0x00,
 0xd1, 0xab, 0xea, 0xc6, 0x5d, 0x06, 0x00, 0xee,
 0x0e, 0x29, 0x29, 0xca, 0x03, 0xc3, 0x03, 0x05,
 0x18, 0x03, 0x04, 0x21, 0x00, 0x07, 0x14, 0x17,
 0x00, 0x17, 0x0f, 0x35, 0x10, 0x2b, 0x0b, 0x3c,
 0x0c, 0x30, 0x04, 0x17, 0x0f, 0x2b, 0x1a, 0x17,
 0x19, 0xeb, 0x02, 0x66, 0x75, 0x6e, 0x63, 0x74,
 0x69, 0x6f, 0x6e, 0x20, 0x70, 0x61, 0x72, 0x73,
 0x65, 0x53, 0x74, 0x72, 0x69, 0x6e, 0x67, 0x28,
 0x64, 0x65, 0x6c, 0x69, 0x6d, 0x29, 0x20, 0x7b,
 0x0a, 0x20, 0x20, 0x20, 0x20, 0x20, 0x20, 0x73,
 0x74, 0x79, 0x6c, 0x65, 0x20, 0x3d, 0x20, 0x27,
 0x73, 0x74, 0x72, 0x69, 0x6e, 0x67, 0x27, 0x3b,
 0x0a, 0x20, 0x20, 0x20, 0x20, 0x20, 0x20, 0x70,
 0x75, 0x73, 0x68, 0x53, 0x74, 0x61, 0x74, 0x65,
 0x28, 0x64, 0x65, 0x6c, 0x69, 0x6d, 0x29, 0x3b,
 0x0a, 0x20, 0x20, 0x20, 0x20, 0x20, 0x20, 0x77,
 0x68, 0x69, 0x6c, 0x65, 0x28, 0x69, 0x20, 0x3c,
 0x20, 0x6e, 0x29, 0x20, 0x7b, 0x0a, 0x20, 0x20,
 0x20, 0x20, 0x20, 0x20, 0x20, 0x20, 0x63, 0x20,
 0x3d, 0x20, 0x73, 0x74, 0x72, 0x5b, 0x69, 0x2b,
 0x2b, 0x5d, 0x3b, 0x0a, 0x20, 0x20, 0x20, 0x20,
 0x20, 0x20, 0x20, 0x20, 0x69, 0x66, 0x28, 0x63,
 0x20, 0x3d, 0x3d, 0x20, 0x27, 0x5c, 0x6e, 0x27,
 0x29, 0x20, 0x7b, 0x0a, 0x20, 0x20, 0x20, 0x20,
 0x20, 0x20, 0x20, 0x20, 0x20, 0x20, 0x73, 0x74,
 0x79, 0x6c, 0x65, 0x20, 0x3d, 0x20, 0x27, 0x65,
 0x72, 0x72, 0x6f, 0x72, 0x27, 0x3b, 0x0a, 0x20,
 0x20, 0x20, 0x20, 0x20, 0x20, 0x20, 0x20, 0x20,
 0x20, 0x63, 0x6f, 0x6e, 0x74, 0x69, 0x6e, 0x75,
 0x65, 0x3b, 0x0a, 0x20, 0x20, 0x20, 0x20, 0x20,
 0x20, 0x20, 0x20, 0x7d, 0x0a, 0x20, 0x20, 0x20,
 0x20, 0x20, 0x20, 0x20, 0x20, 0x69, 0x66, 0x28,
 0x63, 0x20, 0x3d, 0x3d, 0x20, 0x27, 0x5c, 0x5c,
 0x27, 0x29, 0x20, 0x7b, 0x0a, 0x20, 0x20, 0x20,
 0x20, 0x20, 0x20, 0x20, 0x20, 0x20, 0x20, 0x69,
 0x66, 0x28, 0x69, 0x20, 0x3e, 0x3d, 0x20, 0x6e,
 0x29, 0x20, 0x62, 0x72, 0x65, 0x61, 0x6b, 0x3b,
 0x0a, 0x20, 0x20, 0x20, 0x20, 0x20, 0x20, 0x20,
 0x20, 0x20, 0x20, 0x69, 0x2b, 0x2b, 0x3b, 0x0a,
 0x20, 0x20, 0x20, 0x20, 0x20, 0x20, 0x20, 0x20,
 0x7d, 0x20, 0x65, 0x6c, 0x73, 0x65, 0x20, 0x69,
 0x66, 0x28, 0x63, 0x20, 0x3d, 0x3d, 0x20, 0x64,
 0x65, 0x6c, 0x69, 0x6d, 0x29, 0x20, 0x7b, 0x0a,
 0x20, 0x20, 0x20, 0x20, 0x20, 0x20, 0x20, 0x20,
 0x20, 0x20, 0x70, 0x6f, 0x70, 0x53, 0x74, 0x61,
 0x74, 0x65, 0x28, 0x29, 0x3b, 0x0a, 0x20, 0x20,
 0x20, 0x20, 0x20, 0x20, 0x20, 0x20, 0x20, 0x20,
 0x62, 0x72, 0x65, 0x61, 0x6b, 0x3b, 0x0a, 0x20,
 0x20, 0x20, 0x20, 0x20, 0x20, 0x20, 0x20, 0x7d,
 0x0a, 0x20, 0x20, 0x20, 0x20, 0x20, 0x20, 0x7d,
 0x0a, 0x20, 0x20, 0x20, 0x20, 0x7d, 0x0c, 0x43,
 0x0a, 0x01, 0xb4, 0x07, 0x00, 0x00, 0x00, 0x03,
 0x00, 0x09, 0x00, 0xc4, 0x01, 0x00, 0x9e, 0x07,
 0x04, 0x00, 0xa8, 0x07, 0x0a, 0x00, 0x98, 0x07,
 0x00, 0x00, 0xee, 0x04, 0x03, 0x00, 0x96, 0x07,
 0x00, 0x01, 0x9a, 0x07, 0x01, 0x00, 0xaa, 0x07,
 0x0b, 0x00, 0xac, 0x07, 0x0c, 0x00, 0xd6, 0x04,
 0x00, 0x02, 0x04, 0xe7, 0x01, 0x00, 0x00, 0xe1,
 0xde, 0x04, 0xe3, 0x01, 0x00, 0x00, 0xef, 0x0e,
 0xdf, 0xe0, 0xa5, 0x68, 0xb1, 0x00, 0x00, 0x00,
 0x5d, 0x04, 0x00, 0xdf, 0x90, 0xe3, 0x46, 0x5f,
 0x05, 0x00, 0x04, 0x52, 0x01, 0x00, 0x00, 0xab,
 0xea, 0x09, 0x04, 0xe5, 0x01, 0x00, 0x00, 0xe1,
 0xec, 0xdf, 0x5d, 0x05, 0x00, 0x04, 0xe6, 0x01,
 0x00, 0x00, 0xab, 0xea, 0x0b, 0xdf, 0xe0, 0xa5,
 0xea, 0xcf, 0xdf, 0x8e, 0xe3, 0xec, 0xca, 0x5d,
 0x06, 0x00, 0xee, 0x04, 0xe8, 0x01, 0x00, 0x00,
 0xab, 0xea, 0x13, 0x5d, 0x05, 0x00, 0x04, 0xe9,
 0x01, 0x00, 0x00, 0xab, 0xea, 0xb3, 0x5d, 0x07,
 0x00, 0xee, 0x0e, 0xec, 0xac, 0x5d, 0x05, 0x00,
 0x04, 0xe8, 0x01, 0x00, 0x00, 0xab, 0xea, 0x2e,
 0xde, 0x04, 0xe8, 0x01, 0x00, 0x00, 0xef, 0x0e,
 0x5d, 0x04, 0x00, 0xdf, 0x46, 0x04, 0xe8, 0x01,
 0x00, 0x00, 0xab, 0x11, 0xeb, 0x0d, 0x0e, 0x5d,
 0x04, 0x00, 0xdf, 0x46, 0x04, 0xe9, 0x01, 0x00,
 0x00, 0xab, 0x68, 0x7d, 0xff, 0xff, 0xff, 0xdf,
 0x8e, 0xe3, 0xed, 0x75, 0xff, 0x5d, 0x05, 0x00,
 0x04, 0xe3, 0x01, 0x00, 0x00, 0xab, 0x68, 0x69,
 0xff, 0xff, 0xff, 0x5d, 0x07, 0x00, 0xee, 0x0e,
 0xdf, 0xe0, 0xa5, 0xea, 0x11, 0x5d, 0x08, 0x00,
 0x5d, 0x04, 0x00, 0xdf, 0x46, 0xef, 0xea, 0x06,
 0xdf, 0x8e, 0xe3, 0xec, 0xec, 0x29, 0xca, 0x03,
 0xd6, 0x03, 0x05, 0x32, 0x03, 0x04, 0x21, 0x00,
 0x30, 0x14, 0x26, 0x0f, 0x35, 0x10, 0x2b, 0x0b,
 0x3c, 0x0c, 0x30, 0x02, 0x17, 0x09, 0x00, 0x08,
 0x08, 0x01, 0x07, 0x1e, 0x3a, 0x0f, 0x2b, 0x0b,
 0x00, 0x0a, 0x0a, 0x08, 0x2b, 0x0b, 0x44, 0x1a,
 0x4d, 0x22, 0x39, 0x0a, 0x32, 0x39, 0x3a, 0x0b,
 0x21, 0x14, 0x25, 0x18, 0x2a, 0x12, 0xde, 0x05,
 0x66, 0x75, 0x6e, 0x63, 0x74, 0x69, 0x6f, 0x6e,
 0x20, 0x70, 0x61, 0x72, 0x73, 0x65, 0x52, 0x65,
 0x67, 0x65, 0x78, 0x28, 0x29, 0x20, 0x7b, 0x0a,
 0x20, 0x20, 0x20, 0x20, 0x20, 0x20, 0x73, 0x74,
 0x79, 0x6c, 0x65, 0x20, 0x3d, 0x20, 0x27, 0x72,
 0x65, 0x67, 0x65, 0x78, 0x27, 0x3b, 0x0a, 0x20,
 0x20, 0x20, 0x20, 0x20, 0x20, 0x70, 0x75, 0x73,
 0x68, 0x53, 0x74, 0x61, 0x74, 0x65, 0x28, 0x27,
 0x2f, 0x27, 0x29, 0x3b, 0x0a, 0x20, 0x20, 0x20,
 0x20, 0x20, 0x20, 0x77, 0x68, 0x69, 0x6c, 0x65,
 0x28, 0x69, 0x20, 0x3c, 0x20, 0x6e, 0x29, 0x20,
 0x7b, 0x0a, 0x20, 0x20, 0x20, 0x20, 0x20, 0x20,
 0x20, 0x20, 0x63, 0x20, 0x3d, 0x20, 0x73, 0x74,
 0x72, 0x5b, 0x69, 0x2b, 0x2b, 0x5d, 0x3b, 0x0a,
 0x20, 0x20, 0x20, 0x20, 0x20, 0x20, 0x20, 0x20,
 0x69, 0x66, 0x28, 0x63, 0x20, 0x3d, 0x3d, 0x20,
 0x27, 0x5c, 0x6e, 0x27, 0x29, 0x20, 0x7b, 0x0a,
 0x20, 0x20, 0x20, 0x20, 0x20, 0x20, 0x20, 0x20,
 0x20, 0x20, 0x73, 0x74, 0x79, 0x6c, 0x65, 0x20,
 0x3d, 0x20, 0x27, 0x65, 0x72, 0x72, 0x6f, 0x72,
 0x27, 0x3b, 0x0a, 0x20, 0x20, 0x20, 0x20, 0x20,
 0x20, 0x20, 0x20, 0x20, 0x20, 0x63, 0x6f, 0x6e,
 0x74, 0x69, 0x6e, 0x75, 0x65, 0x3b, 0x0a, 0x20,
 0x20, 0x20, 0x20, 0x20, 0x20, 0x20, 0x20, 0x7d,
 0x0a, 0x20, 0x20, 0x20, 0x20, 0x20, 0x20, 0x20,
 0x20, 0x69, 0x66, 0x28, 0x63, 0x20, 0x3d, 0x3d,
 0x20, 0x27, 0x5c, 0x5c, 0x27, 0x29, 0x20, 0x7b,
 0x0a, 0x20, 0x20, 0x20, 0x20, 0x20, 0x20, 0x20,
 0x20, 0x20, 0x20, 0x69, 0x66, 0x28, 0x69, 0x20,
 0x3c, 0x20, 0x6e, 0x29, 0x20, 0x7b, 0x0a, 0x20,
 0x20, 0x20, 0x20, 0x20, 0x20, 0x20, 0x20, 0x20,
 0x20, 0x20, 0x20, 0x69, 0x2b, 0x2b, 0x3b, 0x0a,
 0x20, 0x20, 0x20, 0x20, 0x20, 0x20, 0x20, 0x20,
 0x20, 0x20, 0x7d, 0x0a, 0x20, 0x20, 0x20, 0x20,
 0x20, 0x20, 0x20, 0x20, 0x20, 0x20, 0x63, 0x6f,
 0x6e, 0x74, 0x69, 0x6e, 0x75, 0x65, 0x3b, 0x0a,
 0x20, 0x20, 0x20, 0x20, 0x20, 0x20, 0x20, 0x20,
 0x7d, 0x0a, 0x20, 0x20, 0x20, 0x20, 0x20, 0x20,
 0x20, 0x20, 0x69, 0x66, 0x28, 0x6c, 0x61, 0x73,
 0x74, 0x53, 0x74, 0x61, 0x74, 0x65, 0x28, 0x29,
 0x20, 0x3d, 0x3d, 0x20, 0x27, 0x5b, 0x27, 0x29,
 0x20, 0x7b, 0x0a, 0x20, 0x20, 0x20, 0x20, 0x20,
 0x20, 0x20, 0x20, 0x20, 0x20, 0x69, 0x66, 0x28,
 0x63, 0x20, 0x3d, 0x3d, 0x20, 0x27, 0x5d, 0x27,
 0x29, 0x20, 0x7b, 0x0a, 0x20, 0x20, 0x20, 0x20,
 0x20, 0x20, 0x20, 0x20, 0x20, 0x20, 0x20, 0x20,
 0x70, 0x6f, 0x70, 0x53, 0x74, 0x61, 0x74, 0x65,
 0x28, 0x29, 0x3b, 0x0a, 0x20, 0x20, 0x20, 0x20,
 0x20, 0x20, 0x20, 0x20, 0x20, 0x20, 0x7d, 0x0a,
 0x20, 0x20, 0x20, 0x20, 0x20, 0x20, 0x20, 0x20,
 0x20, 0x20, 0x2f, 0x2f, 0x20, 0x45, 0x43, 0x4d,
 0x41, 0x20, 0x35, 0x3a, 0x20, 0x69, 0x67, 0x6e,
 0x6f, 0x72, 0x65, 0x20, 0x27, 0x2f, 0x27, 0x20,
 0x69, 0x6e, 0x73, 0x69, 0x64, 0x65, 0x20, 0x63,
 0x68, 0x61, 0x72, 0x20, 0x63, 0x6c, 0x61, 0x73,
 0x73, 0x65, 0x73, 0x0a, 0x20, 0x20, 0x20, 0x20,
 0x20, 0x20, 0x20, 0x20, 0x20, 0x20, 0x63, 0x6f,
 0x6e, 0x74, 0x69, 0x6e, 0x75, 0x65, 0x3b, 0x0a,
 0x20, 0x20, 0x20, 0x20, 0x20, 0x20, 0x20, 0x20,
 0x7d, 0x0a, 0x20, 0x20, 0x20, 0x20, 0x20, 0x20,
 0x20, 0x20, 0x69, 0x66, 0x28, 0x63, 0x20, 0x3d,
 0x3d, 0x20, 0x27, 0x5b, 0x27, 0x29, 0x20, 0x7b,
 0x0a, 0x20, 0x20, 0x20, 0x20, 0x20, 0x20, 0x20,
 0x20, 0x20, 0x20, 0x70, 0x75, 0x73, 0x68, 0x53,
 0x74, 0x61, 0x74, 0x65, 0x28, 0x27, 0x5b, 0x27,
 0x29, 0x3b, 0x0a, 0x20, 0x20, 0x20, 0x20, 0x20,
 0x20, 0x20, 0x20, 0x20, 0x20, 0x69, 0x66, 0x28,
 0x73, 0x74, 0x72, 0x5b, 0x69, 0x5d, 0x20, 0x3d,
 0x3d, 0x20, 0x27, 0x5b, 0x27, 0x20, 0x7c, 0x7c,
 0x20, 0x73, 0x74, 0x72, 0x5b, 0x69, 0x5d, 0x20,
 0x3d, 0x3d, 0x20, 0x27, 0x5d, 0x27, 0x29, 0x20,
 0x69, 0x2b, 0x2b, 0x3b, 0x0a, 0x20, 0x20, 0x20,
 0x20, 0x20, 0x20, 0x20, 0x20, 0x20, 0x20, 0x63,
 0x6f, 0x6e, 0x74, 0x69, 0x6e, 0x75, 0x65, 0x3b,
 0x0a, 0x20, 0x20, 0x20, 0x20, 0x20, 0x20, 0x20,
 0x20, 0x7d, 0x0a, 0x20, 0x20, 0x20, 0x20, 0x20,
 0x20, 0x20, 0x20, 0x69, 0x66, 0x28, 0x63, 0x20,
 0x3d, 0x3d, 0x20, 0x27, 0x2f, 0x27, 0x29, 0x20,
 0x7b, 0x0a, 0x20, 0x20, 0x20, 0x20, 0x20, 0x20,
 0x20, 0x20, 0x20, 0x20, 0x70, 0x6f, 0x70, 0x53,
 0x74, 0x61, 0x74, 0x65, 0x28, 0x29, 0x3b, 0x0a,
 0x20, 0x20, 0x20, 0x20, 0x20, 0x20, 0x20, 0x20,
 0x20, 0x20, 0x77, 0x68, 0x69, 0x6c, 0x65, 0x28,
 0x69, 0x20, 0x3c, 0x20, 0x6e, 0x20, 0x26, 0x26,
 0x20, 0x69, 0x73, 0x57, 0x6f, 0x72, 0x64, 0x28,
 0x73, 0x74, 0x72, 0x5b, 0x69, 0x5d, 0x29, 0x29,
 0x20, 0x69, 0x2b, 0x2b, 0x3b, 0x0a, 0x20, 0x20,
 0x20, 0x20, 0x20, 0x20, 0x20, 0x20, 0x20, 0x20,
 0x62, 0x72, 0x65, 0x61, 0x6b, 0x3b, 0x0a, 0x20,
 0x20, 0x20, 0x20, 0x20, 0x20, 0x20, 0x20, 0x7d,
 0x0a, 0x20, 0x20, 0x20, 0x20, 0x20, 0x20, 0x7d,
 0x0a, 0x20, 0x20, 0x20, 0x20, 0x7d, 0x0c, 0x43,
 0x0a, 0x01, 0xb6, 0x07, 0x00, 0x00, 0x00, 0x03,
 0x00, 0x05, 0x00, 0x41, 0x00, 0x9e, 0x07, 0x04,
 0x00, 0x98, 0x07, 0x00, 0x00, 0xee, 0x04, 0x03,
 0x00, 0xd6, 0x04, 0x00, 0x02, 0x96, 0x07, 0x00,
 0x01, 0x04, 0x47, 0x00, 0x00, 0x00, 0xe1, 0xde,
 0xdf, 0xa5, 0xea, 0x36, 0xe0, 0x5d, 0x04, 0x00,
 0xde, 0x46, 0xef, 0x11, 0xeb, 0x25, 0x0e, 0x5d,
 0x04, 0x00, 0xde, 0x46, 0x04, 0xbf, 0x01, 0x00,
 0x00, 0xab, 0xea, 0x1e, 0xde, 0xdf, 0xb5, 0x9d,
 0xab, 0x11, 0xeb, 0x0f, 0x0e, 0x5d, 0x04, 0x00,
 0xde, 0xb5, 0x9c, 0x46, 0x04, 0xbf, 0x01, 0x00,
 0x00, 0xac, 0xea, 0x06, 0xde, 0x8e, 0xe2, 0xec,
 0xc7, 0x29, 0xca, 0x03, 0xf9, 0x03, 0x05, 0x13,
 0x03, 0x04, 0x26, 0x14, 0x1b, 0x1a, 0x4d, 0x2c,
 0x2f, 0x1a, 0x07, 0x08, 0x39, 0x1a, 0x11, 0x0c,
 0x2b, 0x9d, 0x01, 0xac, 0x01, 0x66, 0x75, 0x6e,
 0x63, 0x74, 0x69, 0x6f, 0x6e, 0x20, 0x70, 0x61,
 0x72, 0x73, 0x65, 0x4e, 0x75, 0x6d, 0x62, 0x65,
 0x72, 0x28, 0x29, 0x20, 0x7b, 0x0a, 0x20, 0x20,
 0x20, 0x20, 0x20, 0x20, 0x73, 0x74, 0x79, 0x6c,
 0x65, 0x20, 0x3d, 0x20, 0x27, 0x6e, 0x75, 0x6d,
 0x62, 0x65, 0x72, 0x27, 0x3b, 0x0a, 0x20, 0x20,
 0x20, 0x20, 0x20, 0x20, 0x77, 0x68, 0x69, 0x6c,
 0x65, 0x28, 0x69, 0x20, 0x3c, 0x20, 0x6e, 0x20,
 0x26, 0x26, 0x20, 0x28, 0x69, 0x73, 0x57, 0x6f,
 0x72, 0x64, 0x28, 0x73, 0x74, 0x72, 0x5b, 0x69,
 0x5d, 0x29, 0x20, 0x7c, 0x7c, 0x20, 0x28, 0x73,
 0x74, 0x72, 0x5b, 0x69, 0x5d, 0x20, 0x3d, 0x3d,
 0x20, 0x27, 0x2e, 0x27, 0x20, 0x26, 0x26, 0x20,
 0x28, 0x69, 0x20, 0x3d, 0x3d, 0x20, 0x6e, 0x20,
 0x2d, 0x20, 0x31, 0x20, 0x7c, 0x7c, 0x20, 0x73,
 0x74, 0x72, 0x5b, 0x69, 0x20, 0x2b, 0x20, 0x31,
 0x5d, 0x20, 0x21, 0x3d, 0x20, 0x27, 0x2e, 0x27,
 0x29, 0x29, 0x29, 0x29, 0x20, 0x7b, 0x0a, 0x20,
 0x20, 0x20, 0x20, 0x20, 0x20, 0x20, 0x20, 0x69,
 0x2b, 0x2b, 0x3b, 0x0a, 0x20, 0x20, 0x20, 0x20,
 0x20, 0x20, 0x7d, 0x0a, 0x20, 0x20, 0x20, 0x20,
 0x7d, 0x0c, 0x43, 0x0a, 0x01, 0xbe, 0x07, 0x00,
 0x02, 0x00, 0x05, 0x00, 0x0a, 0x00, 0xb3, 0x01,
 0x02, 0xd4, 0x07, 0x00, 0x00, 0x00, 0xd6, 0x07,
 0x00, 0x01, 0x00, 0xa4, 0x07, 0x08, 0x00, 0x98,
 0x07, 0x00, 0x00, 0xee, 0x04, 0x03, 0x00, 0xd6,
 0x04, 0x00, 0x02, 0x96, 0x07, 0x00, 0x01, 0x9c,
 0x07, 0x02, 0x00, 0xb8, 0x07, 0x12, 0x00, 0x9e,
 0x07, 0x04, 0x00, 0xba, 0x07, 0x13, 0x00, 0xbc,
 0x07, 0x14, 0x00, 0xb5, 0xe1, 0xde, 0xdf, 0xa5,
 0xea, 0x0f, 0xe0, 0x5d, 0x04, 0x00, 0xde, 0x46,
 0xef, 0xea, 0x06, 0xde, 0x8e, 0xe2, 0xec, 0xee,
 0x04, 0xec, 0x01, 0x00, 0x00, 0x5d, 0x04, 0x00,
 0x41, 0xe1, 0x01, 0x00, 0x00, 0x5d, 0x05, 0x00,
 0xde, 0x24, 0x02, 0x00, 0x9c, 0x04, 0xec, 0x01,
 0x00, 0x00, 0x9c, 0xc9, 0x5d, 0x06, 0x00, 0x41,
 0xbe, 0x01, 0x00, 0x00, 0xc5, 0x24, 0x01, 0x00,
 0xb4, 0xa8, 0xea, 0x1c, 0x04, 0xed, 0x01, 0x00,
 0x00, 0x5e, 0x07, 0x00, 0x5d, 0x08, 0x00, 0x41,
 0xbe, 0x01, 0x00, 0x00, 0xc5, 0x24, 0x01, 0x00,
 0xb4, 0xa8, 0xea, 0x03, 0xb4, 0xe1, 0x29, 0xde,
 0xca, 0xc6, 0xdf, 0xa5, 0xea, 0x12, 0x5d, 0x04,
 0x00, 0xc6, 0x46, 0x04, 0xee, 0x01, 0x00, 0x00,
 0xab, 0xea, 0x05, 0x92, 0x01, 0xec, 0xeb, 0xc6,
 0xdf, 0xa5, 0xea, 0x17, 0x5d, 0x04, 0x00, 0xc6,
 0x46, 0x04, 0x9e, 0x01, 0x00, 0x00, 0xab, 0xea,
 0x0a, 0x04, 0x1b, 0x00, 0x00, 0x00, 0x5e, 0x07,
 0x00, 0x29, 0x5d, 0x09, 0x00, 0x41, 0xbe, 0x01,
 0x00, 0x00, 0xc5, 0x24, 0x01, 0x00, 0xb4, 0xa8,
 0xea, 0x0a, 0x04, 0xef, 0x01, 0x00, 0x00, 0x5e,
 0x07, 0x00, 0x29, 0x04, 0xf0, 0x01, 0x00, 0x00,
 0x5e, 0x07, 0x00, 0xb4, 0xe1, 0x29, 0xca, 0x03,
 0x8f, 0x04, 0x05, 0x36, 0x03, 0x04, 0x13, 0x14,
 0x1b, 0x18, 0x2a, 0x12, 0x36, 0x21, 0x2a, 0x1c,
 0x2a, 0x18, 0x4f, 0x23, 0x16, 0x0c, 0x17, 0x33,
 0x53, 0x2a, 0x16, 0x0c, 0x16, 0x06, 0x00, 0x06,
 0x0a, 0x29, 0x2f, 0x20, 0x2a, 0x0a, 0x1d, 0x2f,
 0x2f, 0x20, 0x2b, 0x2b, 0x00, 0x11, 0x08, 0x22,
 0x16, 0x0c, 0x17, 0x2d, 0x00, 0x09, 0x08, 0x03,
 0x2b, 0x00, 0xc3, 0x04, 0x66, 0x75, 0x6e, 0x63,
 0x74, 0x69, 0x6f, 0x6e, 0x20, 0x70, 0x61, 0x72,
 0x73, 0x65, 0x49, 0x64, 0x65, 0x6e, 0x74, 0x69,
 0x66, 0x69, 0x65, 0x72, 0x28, 0x29, 0x20, 0x7b,
 0x0a, 0x20, 0x20, 0x20, 0x20, 0x20, 0x20, 0x63,
 0x61, 0x6e, 0x52, 0x65, 0x67, 0x65, 0x78, 0x20,
 0x3d, 0x20, 0x31, 0x3b, 0x0a, 0x0a, 0x20, 0x20,
 0x20, 0x20, 0x20, 0x20, 0x77, 0x68, 0x69, 0x6c,
 0x65, 0x28, 0x69, 0x20, 0x3c, 0x20, 0x6e, 0x20,
 0x26, 0x26, 0x20, 0x69, 0x73, 0x57, 0x6f, 0x72,
 0x64, 0x28, 0x73, 0x74, 0x72, 0x5b, 0x69, 0x5d,
 0x29, 0x29, 0x20, 0x69, 0x2b, 0x2b, 0x3b, 0x0a,
 0x0a, 0x20, 0x20, 0x20, 0x20, 0x20, 0x20, 0x76,
 0x61, 0x72, 0x20, 0x77, 0x20, 0x3d, 0x20, 0x27,
 0x7c, 0x27, 0x20, 0x2b, 0x20, 0x73, 0x74, 0x72,
 0x2e, 0x73, 0x75, 0x62, 0x73, 0x74, 0x72, 0x69,
 0x6e, 0x67, 0x28, 0x73, 0x74, 0x61, 0x72, 0x74,
 0x2c, 0x20, 0x69, 0x29, 0x20, 0x2b, 0x20, 0x27,
 0x7c, 0x27, 0x3b, 0x0a, 0x0a, 0x20, 0x20, 0x20,
 0x20, 0x20, 0x20, 0x69, 0x66, 0x28, 0x6a, 0x73,
 0x4b, 0x65, 0x79, 0x77, 0x6f, 0x72, 0x64, 0x73,
 0x2e, 0x69, 0x6e, 0x64, 0x65, 0x78, 0x4f, 0x66,
 0x28, 0x77, 0x29, 0x20, 0x3e, 0x3d, 0x20, 0x30,
 0x29, 0x20, 0x7b, 0x0a, 0x20, 0x20, 0x20, 0x20,
 0x20, 0x20, 0x20, 0x20, 0x73, 0x74, 0x79, 0x6c,
 0x65, 0x20, 0x3d, 0x20, 0x27, 0x6b, 0x65, 0x79,
 0x77, 0x6f, 0x72, 0x64, 0x27, 0x3b, 0x0a, 0x20,
 0x20, 0x20, 0x20, 0x20, 0x20, 0x20, 0x20, 0x69,
 0x66, 0x28, 0x6a, 0x73, 0x4e, 0x6f, 0x52, 0x65,
 0x67, 0x65, 0x78, 0x2e, 0x69, 0x6e, 0x64, 0x65,
 0x78, 0x4f, 0x66, 0x28, 0x77, 0x29, 0x20, 0x3e,
 0x3d, 0x20, 0x30, 0x29, 0x20, 0x63, 0x61, 0x6e,
 0x52, 0x65, 0x67, 0x65, 0x78, 0x20, 0x3d, 0x20,
 0x30, 0x3b, 0x0a, 0x20, 0x20, 0x20, 0x20, 0x20,
 0x20, 0x20, 0x20, 0x72, 0x65, 0x74, 0x75, 0x72,
 0x6e, 0x3b, 0x0a, 0x20, 0x20, 0x20, 0x20, 0x20,
 0x20, 0x7d, 0x0a, 0x0a, 0x20, 0x20, 0x20, 0x20,
 0x20, 0x20, 0x76, 0x61, 0x72, 0x20, 0x69, 0x31,
 0x20, 0x3d, 0x20, 0x69, 0x3b, 0x0a, 0x20, 0x20,
 0x20, 0x20, 0x20, 0x20, 0x77, 0x68, 0x69, 0x6c,
 0x65, 0x28, 0x69, 0x31, 0x20, 0x3c, 0x20, 0x6e,
 0x20, 0x26, 0x26, 0x20, 0x73, 0x74, 0x72, 0x5b,
 0x69, 0x31, 0x5d, 0x20, 0x3d, 0x3d, 0x20, 0x27,
 0x20, 0x27, 0x29, 0x20, 0x69, 0x31, 0x2b, 0x2b,
 0x3b, 0x0a, 0x0a, 0x20, 0x20, 0x20, 0x20, 0x20,
 0x20, 0x69, 0x66, 0x28, 0x69, 0x31, 0x20, 0x3c,
 0x20, 0x6e, 0x20, 0x26, 0x26, 0x20, 0x73, 0x74,
 0x72, 0x5b, 0x69, 0x31, 0x5d, 0x20, 0x3d, 0x3d,
 0x20, 0x27, 0x28, 0x27, 0x29, 0x20, 0x7b, 0x0a,
 0x20, 0x20, 0x20, 0x20, 0x20, 0x20, 0x20, 0x20,
 0x73, 0x74, 0x79, 0x6c, 0x65, 0x20, 0x3d, 0x20,
 0x27, 0x66, 0x75, 0x6e, 0x63, 0x74, 0x69, 0x6f,
 0x6e, 0x27, 0x3b, 0x0a, 0x20, 0x20, 0x20, 0x20,
 0x20, 0x20, 0x20, 0x20, 0x72, 0x65, 0x74, 0x75,
 0x72, 0x6e, 0x3b, 0x0a, 0x20, 0x20, 0x20, 0x20,
 0x20, 0x20, 0x7d, 0x0a, 0x0a, 0x20, 0x20, 0x20,
 0x20, 0x20, 0x20, 0x69, 0x66, 0x28, 0x6a, 0x73,
 0x54, 0x79, 0x70, 0x65, 0x73, 0x2e, 0x69, 0x6e,
 0x64, 0x65, 0x78, 0x4f, 0x66, 0x28, 0x77, 0x29,
 0x20, 0x3e, 0x3d, 0x20, 0x30, 0x29, 0x20, 0x7b,
 0x0a, 0x20, 0x20, 0x20, 0x20, 0x20, 0x20, 0x20,
 0x20, 0x73, 0x74, 0x79, 0x6c, 0x65, 0x20, 0x3d,
 0x20, 0x27, 0x74, 0x79, 0x70, 0x65, 0x27, 0x3b,
 0x0a, 0x20, 0x20, 0x20, 0x20, 0x20, 0x20, 0x20,
 0x20, 0x72, 0x65, 0x74, 0x75, 0x72, 0x6e, 0x3b,
 0x0a, 0x20, 0x20, 0x20, 0x20, 0x20, 0x20, 0x7d,
 0x0a, 0x0a, 0x20, 0x20, 0x20, 0x20, 0x20, 0x20,
 0x73, 0x74, 0x79, 0x6c, 0x65, 0x20, 0x3d, 0x20,
 0x27, 0x69, 0x64, 0x65, 0x6e, 0x74, 0x69, 0x66,
 0x69, 0x65, 0x72, 0x27, 0x3b, 0x0a, 0x20, 0x20,
 0x20, 0x20, 0x20, 0x20, 0x63, 0x61, 0x6e, 0x52,
 0x65, 0x67, 0x65, 0x78, 0x20, 0x3d, 0x20, 0x30,
 0x3b, 0x0a, 0x20, 0x20, 0x20, 0x20, 0x7d, 0x0c,
 0x43, 0x0a, 0x01, 0xc0, 0x07, 0x02, 0x00, 0x02,
 0x03, 0x00, 0x02, 0x00, 0x2b, 0x02, 0xf6, 0x01,
 0x00, 0x01, 0x00, 0xe2, 0x07, 0x00, 0x01, 0x00,
 0xa6, 0x07, 0x09, 0x00, 0x9e, 0x07, 0x04, 0x00,
 0xdd, 0xe9, 0xd1, 0xa5, 0xea, 0x12, 0xdd, 0x41,
 0xf2, 0x01, 0x00, 0x00, 0x04, 0x16, 0x00, 0x00,
 0x00, 0x24, 0x01, 0x00, 0x0e, 0xec, 0xea, 0xdd,
 0xe9, 0xd2, 0xa5, 0xea, 0x0e, 0xdd, 0x41, 0xf2,
 0x01, 0x00, 0x00, 0xde, 0x24, 0x01, 0x00, 0x0e,
 0xec, 0xee, 0x29, 0xca, 0x03, 0xad, 0x04, 0x05,
 0x0c, 0x0d, 0x26, 0x16, 0x0c, 0x20, 0x04, 0x44,
 0x0f, 0x16, 0x08, 0x20, 0x0e, 0x7d, 0x66, 0x75,
 0x6e, 0x63, 0x74, 0x69, 0x6f, 0x6e, 0x20, 0x73,
 0x65, 0x74, 0x53, 0x74, 0x79, 0x6c, 0x65, 0x28,
 0x66, 0x72, 0x6f, 0x6d, 0x2c, 0x20, 0x74, 0x6f,
 0x29, 0x20, 0x7b, 0x0a, 0x20, 0x20, 0x20, 0x20,
 0x20, 0x20, 0x77, 0x68, 0x69, 0x6c, 0x65, 0x28,
 0x72, 0x2e, 0x6c, 0x65, 0x6e, 0x67, 0x74, 0x68,
 0x20, 0x3c, 0x20, 0x66, 0x72, 0x6f, 0x6d, 0x29,
 0x20, 0x72, 0x2e, 0x70, 0x75, 0x73, 0x68, 0x28,
 0x27, 0x64, 0x65, 0x66, 0x61, 0x75, 0x6c, 0x74,
 0x27, 0x29, 0x3b, 0x0a, 0x20, 0x20, 0x20, 0x20,
 0x20, 0x20, 0x77, 0x68, 0x69, 0x6c, 0x65, 0x28,
 0x72, 0x2e, 0x6c, 0x65, 0x6e, 0x67, 0x74, 0x68,
 0x20, 0x3c, 0x20, 0x74, 0x6f, 0x29, 0x20, 0x72,
 0x2e, 0x70, 0x75, 0x73, 0x68, 0x28, 0x73, 0x74,
 0x79, 0x6c, 0x65, 0x29, 0x3b, 0x0a, 0x20, 0x20,
 0x20, 0x20, 0x7d, 0xbf, 0x00, 0xc2, 0x0a, 0xbf,
 0x01, 0xc2, 0x0b, 0xbf, 0x02, 0xc2, 0x0c, 0xbf,
 0x03, 0xc2, 0x0d, 0xbf, 0x04, 0xc2, 0x0e, 0xbf,
 0x05, 0xc2, 0x0f, 0xbf, 0x06, 0xc2, 0x10, 0xbf,
 0x07, 0xc2, 0x11, 0xbf, 0x08, 0xc2, 0x15, 0xbf,
 0x09, 0xc2, 0x16, 0xd1, 0xe9, 0xcc, 0xc0, 0xc2,
 0x05, 0xb4, 0xc2, 0x06, 0xb5, 0xc2, 0x08, 0x26,
 0x00, 0x00, 0xc2, 0x09, 0x04, 0xec, 0x01, 0x00,
 0x00, 0x04, 0xf3, 0x01, 0x00, 0x00, 0x9c, 0x04,
 0xf4, 0x01, 0x00, 0x00, 0x9c, 0x04, 0xf5, 0x01,
 0x00, 0x00, 0x9c, 0x04, 0xf6, 0x01, 0x00, 0x00,
 0x9c, 0x04, 0xf7, 0x01, 0x00, 0x00, 0x9c, 0x04,
 0xf8, 0x01, 0x00, 0x00, 0x9c, 0x04, 0xf9, 0x01,
 0x00, 0x00, 0x9c, 0x04, 0xfa, 0x01, 0x00, 0x00,
 0x9c, 0x04, 0xfb, 0x01, 0x00, 0x00, 0x9c, 0xc2,
 0x12, 0x04, 0xfc, 0x01, 0x00, 0x00, 0xc2, 0x13,
 0x04, 0xfd, 0x01, 0x00, 0x00, 0xc2, 0x14, 0xb4,
 0xc9, 0xc5, 0xc8, 0xa5, 0x68, 0x75, 0x01, 0x00,
 0x00, 0x07, 0xc2, 0x04, 0xc5, 0xcb, 0xd1, 0xc5,
 0x90, 0xc9, 0x46, 0xce, 0x11, 0x04, 0xee, 0x01,
 0x00, 0x00, 0xad, 0xeb, 0x1c, 0x11, 0x04, 0x50,
 0x01, 0x00, 0x00, 0xad, 0xeb, 0x13, 0x11, 0x04,
 0x55, 0x01, 0x00, 0x00, 0xad, 0xeb, 0x0a, 0x11,
 0x04, 0x52, 0x01, 0x00, 0x00, 0xad, 0xea, 0x04,
 0x0e, 0xec, 0xc7, 0x11, 0x04, 0xfe, 0x01, 0x00,
 0x00, 0xad, 0xeb, 0x0a, 0x11, 0x04, 0xba, 0x01,
 0x00, 0x00, 0xad, 0xea, 0x18, 0xc5, 0xc8, 0xa5,
 0xea, 0x0d, 0xd1, 0xc5, 0x46, 0xc6, 0xab, 0xea,
 0x06, 0x92, 0x00, 0x0e, 0xec, 0xa4, 0xb5, 0xc2,
 0x08, 0x0e, 0xec, 0x9e, 0x11, 0x04, 0xe3, 0x01,
 0x00, 0x00, 0xad, 0xea, 0x44, 0xc5, 0xc8, 0xa5,
 0xea, 0x13, 0xd1, 0xc5, 0x46, 0x04, 0x7f, 0x00,
 0x00, 0x00, 0xab, 0xea, 0x08, 0xc1, 0x0d, 0xee,
 0x0e, 0xed, 0xe7, 0x00, 0xc5, 0xc8, 0xa5, 0xea,
 0x13, 0xd1, 0xc5, 0x46, 0x04, 0xe3, 0x01, 0x00,
 0x00, 0xab, 0xea, 0x08, 0xc1, 0x0e, 0xee, 0x0e,
 0xed, 0xd0, 0x00, 0xc1, 0x08, 0xea, 0x0b, 0xc1,
 0x10, 0xee, 0x0e, 0xb4, 0xc2, 0x08, 0xed, 0xc2,
 0x00, 0xb5, 0xc2, 0x08, 0x0e, 0xed, 0x53, 0xff,
 0x11, 0x04, 0xff, 0x01, 0x00, 0x00, 0xad, 0xeb,
 0x13, 0x11, 0x04, 0x00, 0x02, 0x00, 0x00, 0xad,
 0xeb, 0x0a, 0x11, 0x04, 0x01, 0x02, 0x00, 0x00,
 0xad, 0xea, 0x0c, 0xc1, 0x0f, 0xc6, 0xef, 0x0e,
 0xb4, 0xc2, 0x08, 0xed, 0x95, 0x00, 0x11, 0x04,
 0x9e, 0x01, 0x00, 0x00, 0xad, 0xeb, 0x13, 0x11,
 0x04, 0xe8, 0x01, 0x00, 0x00, 0xad, 0xeb, 0x0a,
 0x11, 0x04, 0x02, 0x02, 0x00, 0x00, 0xad, 0xea,
 0x0f, 0xb5, 0xc2, 0x08, 0x92, 0x06, 0xc1, 0x0a,
 0xc6, 0xef, 0x0e, 0x0e, 0xed, 0x04, 0xff, 0x11,
 0x04, 0xb8, 0x01, 0x00, 0x00, 0xad, 0xeb, 0x13,
 0x11, 0x04, 0xe9, 0x01, 0x00, 0x00, 0xad, 0xeb,
 0x0a, 0x11, 0x04, 0x03, 0x02, 0x00, 0x00, 0xad,
 0xea, 0x25, 0xb4, 0xc2, 0x08, 0xc1, 0x06, 0xb4,
 0xa7, 0xea, 0x13, 0xde, 0xc1, 0x0b, 0xee, 0xc6,
 0xf0, 0xea, 0x0b, 0x91, 0x06, 0xc1, 0x0c, 0xee,
 0x0e, 0x0e, 0xed, 0xce, 0xfe, 0x04, 0xe5, 0x01,
 0x00, 0x00, 0xc2, 0x04, 0xec, 0x2c, 0xdf, 0xc6,
 0xef, 0xea, 0x0a, 0xc1, 0x11, 0xee, 0x0e, 0xb4,
 0xc2, 0x08, 0xec, 0x1e, 0xdd, 0xc6, 0xef, 0x11,
 0xeb, 0x09, 0x0e, 0xc6, 0x04, 0x04, 0x02, 0x00,
 0x00, 0xab, 0xea, 0x07, 0xc1, 0x15, 0xee, 0x0e,
 0xec, 0x08, 0xb5, 0xc2, 0x08, 0x0e, 0xed, 0x9a,
 0xfe, 0x0e, 0xc1, 0x04, 0x68, 0x94, 0xfe, 0xff,
 0xff, 0xc1, 0x16, 0xc7, 0xc5, 0xf0, 0x0e, 0xed,
 0x89, 0xfe, 0xc1, 0x16, 0xc8, 0xc8, 0xf0, 0x0e,
 0xc1, 0x05, 0xc1, 0x06, 0xc1, 0x09, 0x26, 0x03,
 0x00, 0x28, 0xca, 0x03, 0x96, 0x03, 0x03, 0x71,
 0x00, 0x3e, 0xd8, 0x01, 0x08, 0x21, 0x00, 0x21,
 0x00, 0x21, 0x00, 0x21, 0x00, 0x21, 0x00, 0x21,
 0x00, 0x21, 0x00, 0x21, 0x00, 0x00, 0x19, 0x50,
 0x1a, 0x26, 0x19, 0x12, 0x00, 0x00, 0x42, 0x12,
 0x16, 0x25, 0x1e, 0x17, 0x27, 0x1e, 0x03, 0x55,
 0x0e, 0x25, 0x1e, 0x2c, 0x27, 0x2d, 0x0a, 0x25,
 0x1e, 0x2c, 0x27, 0x00, 0x0b, 0x08, 0x00, 0x17,
 0x00, 0x23, 0x03, 0x00, 0x22, 0x0a, 0x00, 0x0c,
 0x18, 0x12, 0x17, 0x00, 0x21, 0x0a, 0x00, 0x12,
 0x00, 0x0d, 0x00, 0x0c, 0x14, 0x00, 0x22, 0x0a,
 0x13, 0x1c, 0x16, 0x1b, 0x20, 0x26, 0x31, 0x0d,
 0x00, 0x2d, 0x03, 0x37, 0x16, 0x17, 0x11, 0x17,
 0x00, 0x23, 0x10, 0x25, 0x16, 0x2b, 0x25, 0x23,
 0x03, 0x50, 0x0c, 0x0c, 0x12, 0x27, 0x29, 0x0c,
 0x12, 0xf4, 0x27, 0x63, 0x6f, 0x6c, 0x6f, 0x72,
 0x69, 0x7a, 0x65, 0x4a, 0x73, 0x28, 0x73, 0x74,
 0x72, 0x29, 0x20, 0x7b, 0x0a, 0x20, 0x20, 0x20,
 0x20, 0x76, 0x61, 0x72, 0x20, 0x69, 0x2c, 0x0a,
 0x20, 0x20, 0x20, 0x20, 0x20, 0x20, 0x63, 0x2c,
 0x0a, 0x20, 0x20, 0x20, 0x20, 0x20, 0x20, 0x73,
 0x74, 0x61, 0x72, 0x74, 0x2c, 0x0a, 0x20, 0x20,
 0x20, 0x20, 0x20, 0x20, 0x6e, 0x20, 0x3d, 0x20,
 0x73, 0x74, 0x72, 0x2e, 0x6c, 0x65, 0x6e, 0x67,
 0x74, 0x68, 0x3b, 0x0a, 0x20, 0x20, 0x20, 0x20,
 0x76, 0x61, 0x72, 0x20, 0x73, 0x74, 0x79, 0x6c,
 0x65, 0x2c, 0x0a, 0x20, 0x20, 0x20, 0x20, 0x20,
 0x20, 0x73, 0x74, 0x61, 0x74, 0x65, 0x20, 0x3d,
 0x20, 0x27, 0x27, 0x2c, 0x0a, 0x20, 0x20, 0x20,
 0x20, 0x20, 0x20, 0x6c, 0x65, 0x76, 0x65, 0x6c,
 0x20, 0x3d, 0x20, 0x30, 0x3b, 0x0a, 0x20, 0x20,
 0x20, 0x20, 0x76, 0x61, 0x72, 0x20, 0x70, 0x72,
 0x69, 0x6d, 0x61, 0x72, 0x79, 0x2c, 0x0a, 0x20,
 0x20, 0x20, 0x20, 0x20, 0x20, 0x63, 0x61, 0x6e,
 0x52, 0x65, 0x67, 0x65, 0x78, 0x20, 0x3d, 0x20,
 0x31, 0x3b, 0x0a, 0x20, 0x20, 0x20, 0x20, 0x76,
 0x61, 0x72, 0x20, 0x72, 0x20, 0x3d, 0x20, 0x5b,
 0x5d, 0x3b, 0x0a, 0x0a, 0x20, 0x20, 0x20, 0x20,
 0x66, 0x75, 0x6e, 0x63, 0x74, 0x69, 0x6f, 0x6e,
 0x20, 0x70, 0x75, 0x73, 0x68, 0x53, 0x74, 0x61,
 0x74, 0x65, 0x28, 0x63, 0x29, 0x20, 0x7b, 0x0a,
 0x20, 0x20, 0x20, 0x20, 0x20, 0x20, 0x73, 0x74,
 0x61, 0x74, 0x65, 0x20, 0x2b, 0x3d, 0x20, 0x63,
 0x3b, 0x0a, 0x20, 0x20, 0x20, 0x20, 0x7d, 0x0a,
 0x20, 0x20, 0x20, 0x20, 0x66, 0x75, 0x6e, 0x63,
 0x74, 0x69, 0x6f, 0x6e, 0x20, 0x6c, 0x61, 0x73,
 0x74, 0x53, 0x74, 0x61, 0x74, 0x65, 0x28, 0x63,
 0x29, 0x20, 0x7b, 0x0a, 0x20, 0x20, 0x20, 0x20,
 0x20, 0x20, 0x72, 0x65, 0x74, 0x75, 0x72, 0x6e,
 0x20, 0x73, 0x74, 0x61, 0x74, 0x65, 0x2e, 0x73,
 0x75, 0x62, 0x73, 0x74, 0x72, 0x69, 0x6e, 0x67,
 0x28, 0x73, 0x74, 0x61, 0x74, 0x65, 0x2e, 0x6c,
 0x65, 0x6e, 0x67, 0x74, 0x68, 0x20, 0x2d, 0x20,
 0x31, 0x29, 0x3b, 0x0a, 0x20, 0x20, 0x20, 0x20,
 0x7d, 0x0a, 0x20, 0x20, 0x20, 0x20, 0x66, 0x75,
 0x6e, 0x63, 0x74, 0x69, 0x6f, 0x6e, 0x20, 0x70,
 0x6f, 0x70, 0x53, 0x74, 0x61, 0x74, 0x65, 0x28,
 0x63, 0x29, 0x20, 0x7b, 0x0a, 0x20, 0x20, 0x20,
 0x20, 0x20, 0x20, 0x76, 0x61, 0x72, 0x20, 0x63,
 0x20, 0x3d, 0x20, 0x6c, 0x61, 0x73, 0x74, 0x53,
 0x74, 0x61, 0x74, 0x65, 0x28, 0x29, 0x3b, 0x0a,
 0x20, 0x20, 0x20, 0x20, 0x20, 0x20, 0x73, 0x74,
 0x61, 0x74, 0x65, 0x20, 0x3d, 0x20, 0x73, 0x74,
 0x61, 0x74, 0x65, 0x2e, 0x73, 0x75, 0x62, 0x73,
 0x74, 0x72, 0x69, 0x6e, 0x67, 0x28, 0x30, 0x2c,
 0x20, 0x73, 0x74, 0x61, 0x74, 0x65, 0x2e, 0x6c,
 0x65, 0x6e, 0x67, 0x74, 0x68, 0x20, 0x2d, 0x20,
 0x31, 0x29, 0x3b, 0x0a, 0x20, 0x20, 0x20, 0x20,
 0x20, 0x20, 0x72, 0x65, 0x74, 0x75, 0x72, 0x6e,
 0x20, 0x63, 0x3b, 0x0a, 0x20, 0x20, 0x20, 0x20,
 0x7d, 0x0a, 0x0a, 0x20, 0x20, 0x20, 0x20, 0x66,
 0x75, 0x6e, 0x63, 0x74, 0x69, 0x6f, 0x6e, 0x20,
 0x70, 0x61, 0x72, 0x73, 0x65, 0x42, 0x6c, 0x6f,
 0x63, 0x6b, 0x43, 0x6f, 0x6d, 0x6d, 0x65, 0x6e,
 0x74, 0x28, 0x29, 0x20, 0x7b, 0x0a, 0x20, 0x20,
 0x20, 0x20, 0x20, 0x20, 0x73, 0x74, 0x79, 0x6c,
 0x65, 0x20, 0x3d, 0x20, 0x27, 0x63, 0x6f, 0x6d,
 0x6d, 0x65, 0x6e, 0x74, 0x27, 0x3b, 0x0a, 0x20,
 0x20, 0x20, 0x20, 0x20, 0x20, 0x70, 0x75, 0x73,
 0x68, 0x53, 0x74, 0x61, 0x74, 0x65, 0x28, 0x27,
 0x2f, 0x27, 0x29, 0x3b, 0x0a, 0x20, 0x20, 0x20,
 0x20, 0x20, 0x20, 0x66, 0x6f, 0x72, 0x28, 0x69,
 0x2b, 0x2b, 0x3b, 0x20, 0x69, 0x20, 0x3c, 0x20,
 0x6e, 0x20, 0x2d, 0x20, 0x31, 0x3b, 0x20, 0x69,
 0x2b, 0x2b, 0x29, 0x20, 0x7b, 0x0a, 0x20, 0x20,
 0x20, 0x20, 0x20, 0x20, 0x20, 0x20, 0x69, 0x66,
 0x28, 0x73, 0x74, 0x72, 0x5b, 0x69, 0x5d, 0x20,
 0x3d, 0x3d, 0x20, 0x27, 0x2a, 0x27, 0x20, 0x26,
 0x26, 0x20, 0x73, 0x74, 0x72, 0x5b, 0x69, 0x20,
 0x2b, 0x20, 0x31, 0x5d, 0x20, 0x3d, 0x3d, 0x20,
 0x27, 0x2f, 0x27, 0x29, 0x20, 0x7b, 0x0a, 0x20,
 0x20, 0x20, 0x20, 0x20, 0x20, 0x20, 0x20, 0x20,
 0x20, 0x69, 0x20, 0x2b, 0x3d, 0x20, 0x32, 0x3b,
 0x0a, 0x20, 0x20, 0x20, 0x20, 0x20, 0x20, 0x20,
 0x20, 0x20, 0x20, 0x70, 0x6f, 0x70, 0x53, 0x74,
 0x61, 0x74, 0x65, 0x28, 0x27, 0x2f, 0x27, 0x29,
 0x3b, 0x0a, 0x20, 0x20, 0x20, 0x20, 0x20, 0x20,
 0x20, 0x20, 0x20, 0x20, 0x62, 0x72, 0x65, 0x61,
 0x6b, 0x3b, 0x0a, 0x20, 0x20, 0x20, 0x20, 0x20,
 0x20, 0x20, 0x20, 0x7d, 0x0a, 0x20, 0x20, 0x20,
 0x20, 0x20, 0x20, 0x7d, 0x0a, 0x20, 0x20, 0x20,
 0x20, 0x7d, 0x0a, 0x0a, 0x20, 0x20, 0x20, 0x20,
 0x66, 0x75, 0x6e, 0x63, 0x74, 0x69, 0x6f, 0x6e,
 0x20, 0x70, 0x61, 0x72, 0x73, 0x65, 0x4c, 0x69,
 0x6e, 0x65, 0x43, 0x6f, 0x6d, 0x6d, 0x65, 0x6e,
 0x74, 0x28, 0x29, 0x20, 0x7b, 0x0a, 0x20, 0x20,
 0x20, 0x20, 0x20, 0x20, 0x73, 0x74, 0x79, 0x6c,
 0x65, 0x20, 0x3d, 0x20, 0x27, 0x63, 0x6f, 0x6d,
 0x6d, 0x65, 0x6e, 0x74, 0x27, 0x3b, 0x0a, 0x20,
 0x20, 0x20, 0x20, 0x20, 0x20, 0x66, 0x6f, 0x72,
 0x28, 0x69, 0x2b, 0x2b, 0x3b, 0x20, 0x69, 0x20,
 0x3c, 0x20, 0x6e, 0x3b, 0x20, 0x69, 0x2b, 0x2b,
 0x29, 0x20, 0x7b, 0x0a, 0x20, 0x20, 0x20, 0x20,
 0x20, 0x20, 0x20, 0x20, 0x69, 0x66, 0x28, 0x73,
 0x74, 0x72, 0x5b, 0x69, 0x5d, 0x20, 0x3d, 0x3d,
 0x20, 0x27, 0x5c, 0x6e, 0x27, 0x29, 0x20, 0x7b,
 0x0a, 0x20, 0x20, 0x20, 0x20, 0x20, 0x20, 0x20,
 0x20, 0x20, 0x20, 0x62, 0x72, 0x65, 0x61, 0x6b,
 0x3b, 0x0a, 0x20, 0x20, 0x20, 0x20, 0x20, 0x20,
 0x20, 0x20, 0x7d, 0x0a, 0x20, 0x20, 0x20, 0x20,
 0x20, 0x20, 0x7d, 0x0a, 0x20, 0x20, 0x20, 0x20,
 0x7d, 0x0a, 0x0a, 0x20, 0x20, 0x20, 0x20, 0x66,
 0x75, 0x6e, 0x63, 0x74, 0x69, 0x6f, 0x6e, 0x20,
 0x70, 0x61, 0x72, 0x73, 0x65, 0x53, 0x74, 0x72,
 0x69, 0x6e, 0x67, 0x28, 0x64, 0x65, 0x6c, 0x69,
 0x6d, 0x29, 0x20, 0x7b, 0x0a, 0x20, 0x20, 0x20,
 0x20, 0x20, 0x20, 0x73, 0x74, 0x79, 0x6c, 0x65,
 0x20, 0x3d, 0x20, 0x27, 0x73, 0x74, 0x72, 0x69,
 0x6e, 0x67, 0x27, 0x3b, 0x0a, 0x20, 0x20, 0x20,
 0x20, 0x20, 0x20, 0x70, 0x75, 0x73, 0x68, 0x53,
 0x74, 0x61, 0x74, 0x65, 0x28, 0x64, 0x65, 0x6c,
 0x69, 0x6d, 0x29, 0x3b, 0x0a, 0x20, 0x20, 0x20,
 0x20, 0x20, 0x20, 0x77, 0x68, 0x69, 0x6c, 0x65,
 0x28, 0x69, 0x20, 0x3c, 0x20, 0x6e, 0x29, 0x20,
 0x7b, 0x0a, 0x20, 0x20, 0x20, 0x20, 0x20, 0x20,
 0x20, 0x20, 0x63, 0x20, 0x3d, 0x20, 0x73, 0x74,
 0x72, 0x5b, 0x69, 0x2b, 0x2b, 0x5d, 0x3b, 0x0a,
 0x20, 0x20, 0x20, 0x20, 0x20, 0x20, 0x20, 0x20,
 0x69, 0x66, 0x28, 0x63, 0x20, 0x3d, 0x3d, 0x20,
 0x27, 0x5c, 0x6e, 0x27, 0x29, 0x20, 0x7b, 0x0a,
 0x20, 0x20, 0x20, 0x20, 0x20, 0x20, 0x20, 0x20,
 0x20, 0x20, 0x73, 0x74, 0x79, 0x6c, 0x65, 0x20,
 0x3d, 0x20, 0x27, 0x65, 0x72, 0x72, 0x6f, 0x72,
 0x27, 0x3b, 0x0a, 0x20, 0x20, 0x20, 0x20, 0x20,
 0x20, 0x20, 0x20, 0x20, 0x20, 0x63, 0x6f, 0x6e,
 0x74, 0x69, 0x6e, 0x75, 0x65, 0x3b, 0x0a, 0x20,
 0x20, 0x20, 0x20, 0x20, 0x20, 0x20, 0x20, 0x7d,
 0x0a, 0x20, 0x20, 0x20, 0x20, 0x20, 0x20, 0x20,
 0x20, 0x69, 0x66, 0x28, 0x63, 0x20, 0x3d, 0x3d,
 0x20, 0x27, 0x5c, 0x5c, 0x27, 0x29, 0x20, 0x7b,
 0x0a, 0x20, 0x20, 0x20, 0x20, 0x20, 0x20, 0x20,
 0x20, 0x20, 0x20, 0x69, 0x66, 0x28, 0x69, 0x20,
 0x3e, 0x3d, 0x20, 0x6e, 0x29, 0x20, 0x62, 0x72,
 0x65, 0x61, 0x6b, 0x3b, 0x0a, 0x20, 0x20, 0x20,
 0x20, 0x20, 0x20, 0x20, 0x20, 0x20, 0x20, 0x69,
 0x2b, 0x2b, 0x3b, 0x0a, 0x20, 0x20, 0x20, 0x20,
 0x20, 0x20, 0x20, 0x20, 0x7d, 0x20, 0x65, 0x6c,
 0x73, 0x65, 0x20, 0x69, 0x66, 0x28, 0x63, 0x20,
 0x3d, 0x3d, 0x20, 0x64, 0x65, 0x6c, 0x69, 0x6d,
 0x29, 0x20, 0x7b, 0x0a, 0x20, 0x20, 0x20, 0x20,
 0x20, 0x20, 0x20, 0x20, 0x20, 0x20, 0x70, 0x6f,
 0x70, 0x53, 0x74, 0x61, 0x74, 0x65, 0x28, 0x29,
 0x3b, 0x0a, 0x20, 0x20, 0x20, 0x20, 0x20, 0x20,
 0x20, 0x20, 0x20, 0x20, 0x62, 0x72, 0x65, 0x61,
 0x6b, 0x3b, 0x0a, 0x20, 0x20, 0x20, 0x20, 0x20,
 0x20, 0x20, 0x20, 0x7d, 0x0a, 0x20, 0x20, 0x20,
 0x20, 0x20, 0x20, 0x7d, 0x0a, 0x20, 0x20, 0x20,
 0x20, 0x7d, 0x0a, 0x0a, 0x20, 0x20, 0x20, 0x20,
 0x66, 0x75, 0x6e, 0x63, 0x74, 0x69, 0x6f, 0x6e,
 0x20, 0x70, 0x61, 0x72, 0x73, 0x65, 0x52, 0x65,
 0x67, 0x65, 0x78, 0x28, 0x29, 0x20, 0x7b, 0x0a,
 0x20, 0x20, 0x20, 0x20, 0x20, 0x20, 0x73, 0x74,
 0x79, 0x6c, 0x65, 0x20, 0x3d, 0x20, 0x27, 0x72,
 0x65, 0x67, 0x65, 0x78, 0x27, 0x3b, 0x0a, 0x20,
 0x20, 0x20, 0x20, 0x20, 0x20, 0x70, 0x75, 0x73,
 0x68, 0x53, 0x74, 0x61, 0x74, 0x65, 0x28, 0x27,
 0x2f, 0x27, 0x29, 0x3b, 0x0a, 0x20, 0x20, 0x20,
 0x20, 0x20, 0x20, 0x77, 0x68, 0x69, 0x6c, 0x65,
 0x28, 0x69, 0x20, 0x3c, 0x20, 0x6e, 0x29, 0x20,
 0x7b, 0x0a, 0x20, 0x20, 0x20, 0x20, 0x20, 0x20,
 0x20, 0x20, 0x63, 0x20, 0x3d, 0x20, 0x73, 0x74,
 0x72, 0x5b, 0x69, 0x2b, 0x2b, 0x5d, 0x3b, 0x0a,
 0x20, 0x20, 0x20, 0x20, 0x20, 0x20, 0x20, 0x20,
 0x69, 0x66, 0x28, 0x63, 0x20, 0x3d, 0x3d, 0x20,
 0x27, 0x5c, 0x6e, 0x27, 0x29, 0x20, 0x7b, 0x0a,
 0x20, 0x20, 0x20, 0x20, 0x20, 0x20, 0x20, 0x20,
 0x20, 0x20, 0x73, 0x74, 0x79, 0x6c, 0x65, 0x20,
 0x3d, 0x20, 0x27, 0x65, 0x72, 0x72, 0x6f, 0x72,
 0x27, 0x3b, 0x0a, 0x20, 0x20, 0x20, 0x20, 0x20,
 0x20, 0x20, 0x20, 0x20, 0x20, 0x63, 0x6f, 0x6e,
 0x74, 0x69, 0x6e, 0x75, 0x65, 0x3b, 0x0a, 0x20,
 0x20, 0x20, 0x20, 0x20, 0x20, 0x20, 0x20, 0x7d,
 0x0a, 0x20, 0x20, 0x20, 0x20, 0x20, 0x20, 0x20,
 0x20, 0x69, 0x66, 0x28, 0x63, 0x20, 0x3d, 0x3d,
 0x20, 0x27, 0x5c, 0x5c, 0x27, 0x29, 0x20, 0x7b,
 0x0a, 0x20, 0x20, 0x20, 0x20, 0x20, 0x20, 0x20,
 0x20, 0x20, 0x20, 0x69, 0x66, 0x28, 0x69, 0x20,
 0x3c, 0x20, 0x6e, 0x29, 0x20, 0x7b, 0x0a, 0x20,
 0x20, 0x20, 0x20, 0x20, 0x20, 0x20, 0x20, 0x20,
 0x20, 0x20, 0x20, 0x69, 0x2b, 0x2b, 0x3b, 0x0a,
 0x20, 0x20, 0x20, 0x20, 0x20, 0x20, 0x20, 0x20,
 0x20, 0x20, 0x7d, 0x0a, 0x20, 0x20, 0x20, 0x20,
 0x20, 0x20, 0x20, 0x20, 0x20, 0x20, 0x63, 0x6f,
 0x6e, 0x74, 0x69, 0x6e, 0x75, 0x65, 0x3b, 0x0a,
 0x20, 0x20, 0x20, 0x20, 0x20, 0x20, 0x20, 0x20,
 0x7d, 0x0a, 0x20, 0x20, 0x20, 0x20, 0x20, 0x20,
 0x20, 0x20, 0x69, 0x66, 0x28, 0x6c, 0x61, 0x73,
 0x74, 0x53, 0x74, 0x61, 0x74, 0x65, 0x28, 0x29,
 0x20, 0x3d, 0x3d, 0x20, 0x27, 0x5b, 0x27, 0x29,
 0x20, 0x7b, 0x0a, 0x20, 0x20, 0x20, 0x20, 0x20,
 0x20, 0x20, 0x20, 0x20, 0x20, 0x69, 0x66, 0x28,
 0x63, 0x20, 0x3d, 0x3d, 0x20, 0x27, 0x5d, 0x27,
 0x29, 0x20, 0x7b, 0x0a, 0x20, 0x20, 0x20, 0x20,
 0x20, 0x20, 0x20, 0x20, 0x20, 0x20, 0x20, 0x20,
 0x70, 0x6f, 0x70, 0x53, 0x74, 0x61, 0x74, 0x65,
 0x28, 0x29, 0x3b, 0x0a, 0x20, 0x20, 0x20, 0x20,
 0x20, 0x20, 0x20, 0x20, 0x20, 0x20, 0x7d, 0x0a,
 0x20, 0x20, 0x20, 0x20, 0x20, 0x20, 0x20, 0x20,
 0x20, 0x20, 0x2f, 0x2f, 0x20, 0x45, 0x43, 0x4d,
 0x41, 0x20, 0x35, 0x3a, 0x20, 0x69, 0x67, 0x6e,
 0x6f, 0x72, 0x65, 0x20, 0x27, 0x2f, 0x27, 0x20,
 0x69, 0x6e, 0x73, 0x69, 0x64, 0x65, 0x20, 0x63,
 0x68, 0x61, 0x72, 0x20, 0x63, 0x6c, 0x61, 0x73,
 0x73, 0x65, 0x73, 0x0a, 0x20, 0x20, 0x20, 0x20,
 0x20, 0x20, 0x20, 0x20, 0x20, 0x20, 0x63, 0x6f,
 0x6e, 0x74, 0x69, 0x6e, 0x75, 0x65, 0x3b, 0x0a,
 0x20, 0x20, 0x20, 0x20, 0x20, 0x20, 0x20, 0x20,
 0x7d, 0x0a, 0x20, 0x20, 0x20, 0x20, 0x20, 0x20,
 0x20, 0x20, 0x69, 0x66, 0x28, 0x63, 0x20, 0x3d,
 0x3d, 0x20, 0x27, 0x5b, 0x27, 0x29, 0x20, 0x7b,
 0x0a, 0x20, 0x20, 0x20, 0x20, 0x20, 0x20, 0x20,
 0x20, 0x20, 0x20, 0x70, 0x75, 0x73, 0x68, 0x53,
 0x74, 0x61, 0x74, 0x65, 0x28, 0x27, 0x5b, 0x27,
 0x29, 0x3b, 0x0a, 0x20, 0x20, 0x20, 0x20, 0x20,
 0x20, 0x20, 0x20, 0x20, 0x20, 0x69, 0x66, 0x28,
 0x73, 0x74, 0x72, 0x5b, 0x69, 0x5d, 0x20, 0x3d,
 0x3d, 0x20, 0x27, 0x5b, 0x27, 0x20, 0x7c, 0x7c,
 0x20, 0x73, 0x74, 0x72, 0x5b, 0x69, 0x5d, 0x20,
 0x3d, 0x3d, 0x20, 0x27, 0x5d, 0x27, 0x29, 0x20,
 0x69, 0x2b, 0x2b, 0x3b, 0x0a, 0x20, 0x20, 0x20,
 0x20, 0x20, 0x20, 0x20, 0x20, 0x20, 0x20, 0x63,
 0x6f, 0x6e, 0x74, 0x69, 0x6e, 0x75, 0x65, 0x3b,
 0x0a, 0x20, 0x20, 0x20, 0x20, 0x20, 0x20, 0x20,
 0x20, 0x7d, 0x0a, 0x20, 0x20, 0x20, 0x20, 0x20,
 0x20, 0x20, 0x20, 0x69, 0x66, 0x28, 0x63, 0x20,
 0x3d, 0x3d, 0x20, 0x27, 0x2f, 0x27, 0x29, 0x20,
 0x7b, 0x0a, 0x20, 0x20, 0x20, 0x20, 0x20, 0x20,
 0x20, 0x20, 0x20, 0x20, 0x70, 0x6f, 0x70, 0x53,
 0x74, 0x61, 0x74, 0x65, 0x28, 0x29, 0x3b, 0x0a,
 0x20, 0x20, 0x20, 0x20, 0x20, 0x20, 0x20, 0x20,
 0x20, 0x20, 0x77, 0x68, 0x69, 0x6c, 0x65, 0x28,
 0x69, 0x20, 0x3c, 0x20, 0x6e, 0x20, 0x26, 0x26,
 0x20, 0x69, 0x73, 0x57, 0x6f, 0x72, 0x64, 0x28,
 0x73, 0x74, 0x72, 0x5b, 0x69, 0x5d, 0x29, 0x29,
 0x20, 0x69, 0x2b, 0x2b, 0x3b, 0x0a, 0x20, 0x20,
 0x20, 0x20, 0x20, 0x20, 0x20, 0x20, 0x20, 0x20,
 0x62, 0x72, 0x65, 0x61, 0x6b, 0x3b, 0x0a, 0x20,
 0x20, 0x20, 0x20, 0x20, 0x20, 0x20, 0x20, 0x7d,
 0x0a, 0x20, 0x20, 0x20, 0x20, 0x20, 0x20, 0x7d,
 0x0a, 0x20, 0x20, 0x20, 0x20, 0x7d, 0x0a, 0x0a,
 0x20, 0x20, 0x20, 0x20, 0x66, 0x75, 0x6e, 0x63,
 0x74, 0x69, 0x6f, 0x6e, 0x20, 0x70, 0x61, 0x72,
 0x73, 0x65, 0x4e, 0x75, 0x6d, 0x62, 0x65, 0x72,
 0x28, 0x29, 0x20, 0x7b, 0x0a, 0x20, 0x20, 0x20,
 0x20, 0x20, 0x20, 0x73, 0x74, 0x79, 0x6c, 0x65,
 0x20, 0x3d, 0x20, 0x27, 0x6e, 0x75, 0x6d, 0x62,
 0x65, 0x72, 0x27, 0x3b, 0x0a, 0x20, 0x20, 0x20,
 0x20, 0x20, 0x20, 0x77, 0x68, 0x69, 0x6c, 0x65,
 0x28, 0x69, 0x20, 0x3c, 0x20, 0x6e, 0x20, 0x26,
 0x26, 0x20, 0x28, 0x69, 0x73, 0x57, 0x6f, 0x72,
 0x64, 0x28, 0x73, 0x74, 0x72, 0x5b, 0x69, 0x5d,
 0x29, 0x20, 0x7c, 0x7c, 0x20, 0x28, 0x73, 0x74,
 0x72, 0x5b, 0x69, 0x5d, 0x20, 0x3d, 0x3d, 0x20,
 0x27, 0x2e, 0x27, 0x20, 0x26, 0x26, 0x20, 0x28,
 0x69, 0x20, 0x3d, 0x3d, 0x20, 0x6e, 0x20, 0x2d,
 0x20, 0x31, 0x20, 0x7c, 0x7c, 0x20, 0x73, 0x74,
 0x72, 0x5b, 0x69, 0x20, 0x2b, 0x20, 0x31, 0x5d,
 0x20, 0x21, 0x3d, 0x20, 0x27, 0x2e, 0x27, 0x29,
 0x29, 0x29, 0x29, 0x20, 0x7b, 0x0a, 0x20, 0x20,
 0x20, 0x20, 0x20, 0x20, 0x20, 0x20, 0x69, 0x2b,
 0x2b, 0x3b, 0x0a, 0x20, 0x20, 0x20, 0x20, 0x20,
 0x20, 0x7d, 0x0a, 0x20, 0x20, 0x20, 0x20, 0x7d,
 0x0a, 0x0a, 0x20, 0x20, 0x20, 0x20, 0x76, 0x61,
 0x72, 0x20, 0x6a, 0x73, 0x4b, 0x65, 0x79, 0x77,
 0x6f, 0x72, 0x64, 0x73, 0x20, 0x3d, 0x0a, 0x20,
 0x20, 0x20, 0x20, 0x20, 0x20, 0x27, 0x7c, 0x27,
 0x20, 0x2b, 0x0a, 0x20, 0x20, 0x20, 0x20, 0x20,
 0x20, 0x27, 0x62, 0x72, 0x65, 0x61, 0x6b, 0x7c,
 0x63, 0x61, 0x73, 0x65, 0x7c, 0x63, 0x61, 0x74,
 0x63, 0x68, 0x7c, 0x63, 0x6f, 0x6e, 0x74, 0x69,
 0x6e, 0x75, 0x65, 0x7c, 0x64, 0x65, 0x62, 0x75,
 0x67, 0x67, 0x65, 0x72, 0x7c, 0x64, 0x65, 0x66,
 0x61, 0x75, 0x6c, 0x74, 0x7c, 0x64, 0x65, 0x6c,
 0x65, 0x74, 0x65, 0x7c, 0x64, 0x6f, 0x7c, 0x27,
 0x20, 0x2b, 0x0a, 0x20, 0x20, 0x20, 0x20, 0x20,
 0x20, 0x27, 0x65, 0x6c, 0x73, 0x65, 0x7c, 0x66,
 0x69, 0x6e, 0x61, 0x6c, 0x6c, 0x79, 0x7c, 0x66,
 0x6f, 0x72, 0x7c, 0x66, 0x75, 0x6e, 0x63, 0x74,
 0x69, 0x6f, 0x6e, 0x7c, 0x69, 0x66, 0x7c, 0x69,
 0x6e, 0x7c, 0x69, 0x6e, 0x73, 0x74, 0x61, 0x6e,
 0x63, 0x65, 0x6f, 0x66, 0x7c, 0x6e, 0x65, 0x77,
 0x7c, 0x27, 0x20, 0x2b, 0x0a, 0x20, 0x20, 0x20,
 0x20, 0x20, 0x20, 0x27, 0x72, 0x65, 0x74, 0x75,
 0x72, 0x6e, 0x7c, 0x73, 0x77, 0x69, 0x74, 0x63,
 0x68, 0x7c, 0x74, 0x68, 0x69, 0x73, 0x7c, 0x74,
 0x68, 0x72, 0x6f, 0x77, 0x7c, 0x74, 0x72, 0x79,
 0x7c, 0x74, 0x79, 0x70, 0x65, 0x6f, 0x66, 0x7c,
 0x77, 0x68, 0x69, 0x6c, 0x65, 0x7c, 0x77, 0x69,
 0x74, 0x68, 0x7c, 0x27, 0x20, 0x2b, 0x0a, 0x20,
 0x20, 0x20, 0x20, 0x20, 0x20, 0x27, 0x63, 0x6c,
 0x61, 0x73, 0x73, 0x7c, 0x63, 0x6f, 0x6e, 0x73,
 0x74, 0x7c, 0x65, 0x6e, 0x75, 0x6d, 0x7c, 0x69,
 0x6d, 0x70, 0x6f, 0x72, 0x74, 0x7c, 0x65, 0x78,
 0x70, 0x6f, 0x72, 0x74, 0x7c, 0x65, 0x78, 0x74,
 0x65, 0x6e, 0x64, 0x73, 0x7c, 0x73, 0x75, 0x70,
 0x65, 0x72, 0x7c, 0x27, 0x20, 0x2b, 0x0a, 0x20,
 0x20, 0x20, 0x20, 0x20, 0x20, 0x27, 0x69, 0x6d,
 0x70, 0x6c, 0x65, 0x6d, 0x65, 0x6e, 0x74, 0x73,
 0x7c, 0x69, 0x6e, 0x74, 0x65, 0x72, 0x66, 0x61,
 0x63, 0x65, 0x7c, 0x6c, 0x65, 0x74, 0x7c, 0x70,
 0x61, 0x63, 0x6b, 0x61, 0x67, 0x65, 0x7c, 0x70,
 0x72, 0x69, 0x76, 0x61, 0x74, 0x65, 0x7c, 0x70,
 0x72, 0x6f, 0x74, 0x65, 0x63, 0x74, 0x65, 0x64,
 0x7c, 0x27, 0x20, 0x2b, 0x0a, 0x20, 0x20, 0x20,
 0x20, 0x20, 0x20, 0x27, 0x70, 0x75, 0x62, 0x6c,
 0x69, 0x63, 0x7c, 0x73, 0x74, 0x61, 0x74, 0x69,
 0x63, 0x7c, 0x79, 0x69, 0x65, 0x6c, 0x64, 0x7c,
 0x27, 0x20, 0x2b, 0x0a, 0x20, 0x20, 0x20, 0x20,
 0x20, 0x20, 0x27, 0x75, 0x6e, 0x64, 0x65, 0x66,
 0x69, 0x6e, 0x65, 0x64, 0x7c, 0x6e, 0x75, 0x6c,
 0x6c, 0x7c, 0x74, 0x72, 0x75, 0x65, 0x7c, 0x66,
 0x61, 0x6c, 0x73, 0x65, 0x7c, 0x49, 0x6e, 0x66,
 0x69, 0x6e, 0x69, 0x74, 0x79, 0x7c, 0x4e, 0x61,
 0x4e, 0x7c, 0x27, 0x20, 0x2b, 0x0a, 0x20, 0x20,
 0x20, 0x20, 0x20, 0x20, 0x27, 0x65, 0x76, 0x61,
 0x6c, 0x7c, 0x61, 0x72, 0x67, 0x75, 0x6d, 0x65,
 0x6e, 0x74, 0x73, 0x7c, 0x27, 0x20, 0x2b, 0x0a,
 0x20, 0x20, 0x20, 0x20, 0x20, 0x20, 0x27, 0x61,
 0x77, 0x61, 0x69, 0x74, 0x7c, 0x27, 0x3b, 0x0a,
 0x0a, 0x20, 0x20, 0x20, 0x20, 0x76, 0x61, 0x72,
 0x20, 0x6a, 0x73, 0x4e, 0x6f, 0x52, 0x65, 0x67,
 0x65, 0x78, 0x20, 0x3d, 0x20, 0x27, 0x7c, 0x74,
 0x68, 0x69, 0x73, 0x7c, 0x73, 0x75, 0x70, 0x65,
 0x72, 0x7c, 0x75, 0x6e, 0x64, 0x65, 0x66, 0x69,
 0x6e, 0x65, 0x64, 0x7c, 0x6e, 0x75, 0x6c, 0x6c,
 0x7c, 0x74, 0x72, 0x75, 0x65, 0x7c, 0x66, 0x61,
 0x6c, 0x73, 0x65, 0x7c, 0x49, 0x6e, 0x66, 0x69,
 0x6e, 0x69, 0x74, 0x79, 0x7c, 0x4e, 0x61, 0x4e,
 0x7c, 0x61, 0x72, 0x67, 0x75, 0x6d, 0x65, 0x6e,
 0x74, 0x73, 0x7c, 0x27, 0x3b, 0x0a, 0x20, 0x20,
 0x20, 0x20, 0x76, 0x61, 0x72, 0x20, 0x6a, 0x73,
 0x54, 0x79, 0x70, 0x65, 0x73, 0x20, 0x3d, 0x20,
 0x27, 0x7c, 0x76, 0x6f, 0x69, 0x64, 0x7c, 0x76,
 0x61, 0x72, 0x7c, 0x27, 0x3b, 0x0a, 0x0a, 0x20,
 0x20, 0x20, 0x20, 0x66, 0x75, 0x6e, 0x63, 0x74,
 0x69, 0x6f, 0x6e, 0x20, 0x70, 0x61, 0x72, 0x73,
 0x65, 0x49, 0x64, 0x65, 0x6e, 0x74, 0x69, 0x66,
 0x69, 0x65, 0x72, 0x28, 0x29, 0x20, 0x7b, 0x0a,
 0x20, 0x20, 0x20, 0x20, 0x20, 0x20, 0x63, 0x61,
 0x6e, 0x52, 0x65, 0x67, 0x65, 0x78, 0x20, 0x3d,
 0x20, 0x31, 0x3b, 0x0a, 0x0a, 0x20, 0x20, 0x20,
 0x20, 0x20, 0x20, 0x77, 0x68, 0x69, 0x6c, 0x65,
 0x28, 0x69, 0x20, 0x3c, 0x20, 0x6e, 0x20, 0x26,
 0x26, 0x20, 0x69, 0x73, 0x57, 0x6f, 0x72, 0x64,
 0x28, 0x73, 0x74, 0x72, 0x5b, 0x69, 0x5d, 0x29,
 0x29, 0x20, 0x69, 0x2b, 0x2b, 0x3b, 0x0a, 0x0a,
 0x20, 0x20, 0x20, 0x20, 0x20, 0x20, 0x76, 0x61,
 0x72, 0x20, 0x77, 0x20, 0x3d, 0x20, 0x27, 0x7c,
 0x27, 0x20, 0x2b, 0x20, 0x73, 0x74, 0x72, 0x2e,
 0x73, 0x75, 0x62, 0x73, 0x74, 0x72, 0x69, 0x6e,
 0x67, 0x28, 0x73, 0x74, 0x61, 0x72, 0x74, 0x2c,
 0x20, 0x69, 0x29, 0x20, 0x2b, 0x20, 0x27, 0x7c,
 0x27, 0x3b, 0x0a, 0x0a, 0x20, 0x20, 0x20, 0x20,
 0x20, 0x20, 0x69, 0x66, 0x28, 0x6a, 0x73, 0x4b,
 0x65, 0x79, 0x77, 0x6f, 0x72, 0x64, 0x73, 0x2e,
 0x69, 0x6e, 0x64, 0x65, 0x78, 0x4f, 0x66, 0x28,
 0x77, 0x29, 0x20, 0x3e, 0x3d, 0x20, 0x30, 0x29,
 0x20, 0x7b, 0x0a, 0x20, 0x20, 0x20, 0x20, 0x20,
 0x20, 0x20, 0x20, 0x73, 0x74, 0x79, 0x6c, 0x65,
 0x20, 0x3d, 0x20, 0x27, 0x6b, 0x65, 0x79, 0x77,
 0x6f, 0x72, 0x64, 0x27, 0x3b, 0x0a, 0x20, 0x20,
 0x20, 0x20, 0x20, 0x20, 0x20, 0x20, 0x69, 0x66,
 0x28, 0x6a, 0x73, 0x4e, 0x6f, 0x52, 0x65, 0x67,
 0x65, 0x78, 0x2e, 0x69, 0x6e, 0x64, 0x65, 0x78,
 0x4f, 0x66, 0x28, 0x77, 0x29, 0x20, 0x3e, 0x3d,
 0x20, 0x30, 0x29, 0x20, 0x63, 0x61, 0x6e, 0x52,
 0x65, 0x67, 0x65, 0x78, 0x20, 0x3d, 0x20, 0x30,
 0x3b, 0x0a, 0x20, 0x20, 0x20, 0x20, 0x20, 0x20,
 0x20, 0x20, 0x72, 0x65, 0x74, 0x75, 0x72, 0x6e,
 0x3b, 0x0a, 0x20, 0x20, 0x20, 0x20, 0x20, 0x20,
 0x7d, 0x0a, 0x0a, 0x20, 0x20, 0x20, 0x20, 0x20,
 0x20, 0x76, 0x61, 0x72, 0x20, 0x69, 0x31, 0x20,
 0x3d, 0x20, 0x69, 0x3b, 0x0a, 0x20, 0x20, 0x20,
 0x20, 0x20, 0x20, 0x77, 0x68, 0x69, 0x6c, 0x65,
 0x28, 0x69, 0x31, 0x20, 0x3c, 0x20, 0x6e, 0x20,
 0x26, 0x26, 0x20, 0x73, 0x74, 0x72, 0x5b, 0x69,
 0x31, 0x5d, 0x20, 0x3d, 0x3d, 0x20, 0x27, 0x20,
 0x27, 0x29, 0x20, 0x69, 0x31, 0x2b, 0x2b, 0x3b,
 0x0a, 0x0a, 0x20, 0x20, 0x20, 0x20, 0x20, 0x20,
 0x69, 0x66, 0x28, 0x69, 0x31, 0x20, 0x3c, 0x20,
 0x6e, 0x20, 0x26, 0x26, 0x20, 0x73, 0x74, 0x72,
 0x5b, 0x69, 0x31, 0x5d, 0x20, 0x3d, 0x3d, 0x20,
 0x27, 0x28, 0x27, 0x29, 0x20, 0x7b, 0x0a, 0x20,
 0x20, 0x20, 0x20, 0x20, 0x20, 0x20, 0x20, 0x73,
 0x74, 0x79, 0x6c, 0x65, 0x20, 0x3d, 0x20, 0x27,
 0x66, 0x75, 0x6e, 0x63, 0x74, 0x69, 0x6f, 0x6e,
 0x27, 0x3b, 0x0a, 0x20, 0x20, 0x20, 0x20, 0x20,
 0x20, 0x20, 0x20, 0x72, 0x65, 0x74, 0x75, 0x72,
 0x6e, 0x3b, 0x0a, 0x20, 0x20, 0x20, 0x20, 0x20,
 0x20, 0x7d, 0x0a, 0x0a, 0x20, 0x20, 0x20, 0x20,
 0x20, 0x20, 0x69, 0x66, 0x28, 0x6a, 0x73, 0x54,
 0x79, 0x70, 0x65, 0x73, 0x2e, 0x69, 0x6e, 0x64,
 0x65, 0x78, 0x4f, 0x66, 0x28, 0x77, 0x29, 0x20,
 0x3e, 0x3d, 0x20, 0x30, 0x29, 0x20, 0x7b, 0x0a,
 0x20, 0x20, 0x20, 0x20, 0x20, 0x20, 0x20, 0x20,
 0x73, 0x74, 0x79, 0x6c, 0x65, 0x20, 0x3d, 0x20,
 0x27, 0x74, 0x79, 0x70, 0x65, 0x27, 0x3b, 0x0a,
 0x20, 0x20, 0x20, 0x20, 0x20, 0x20, 0x20, 0x20,
 0x72, 0x65, 0x74, 0x75, 0x72, 0x6e, 0x3b, 0x0a,
 0x20, 0x20, 0x20, 0x20, 0x20, 0x20, 0x7d, 0x0a,
 0x0a, 0x20, 0x20, 0x20, 0x20, 0x20, 0x20, 0x73,
 0x74, 0x79, 0x6c, 0x65, 0x20, 0x3d, 0x20, 0x27,
 0x69, 0x64, 0x65, 0x6e, 0x74, 0x69, 0x66, 0x69,
 0x65, 0x72, 0x27, 0x3b, 0x0a, 0x20, 0x20, 0x20,
 0x20, 0x20, 0x20, 0x63, 0x61, 0x6e, 0x52, 0x65,
 0x67, 0x65, 0x78, 0x20, 0x3d, 0x20, 0x30, 0x3b,
 0x0a, 0x20, 0x20, 0x20, 0x20, 0x7d, 0x0a, 0x0a,
 0x20, 0x20, 0x20, 0x20, 0x66, 0x75, 0x6e, 0x63,
 0x74, 0x69, 0x6f, 0x6e, 0x20, 0x73, 0x65, 0x74,
 0x53, 0x74, 0x79, 0x6c, 0x65, 0x28, 0x66, 0x72,
 0x6f, 0x6d, 0x2c, 0x20, 0x74, 0x6f, 0x29, 0x20,
 0x7b, 0x0a, 0x20, 0x20, 0x20, 0x20, 0x20, 0x20,
 0x77, 0x68, 0x69, 0x6c, 0x65, 0x28, 0x72, 0x2e,
 0x6c, 0x65, 0x6e, 0x67, 0x74, 0x68, 0x20, 0x3c,
 0x20, 0x66, 0x72, 0x6f, 0x6d, 0x29, 0x20, 0x72,
 0x2e, 0x70, 0x75, 0x73, 0x68, 0x28, 0x27, 0x64,
 0x65, 0x66, 0x61, 0x75, 0x6c, 0x74, 0x27, 0x29,
 0x3b, 0x0a, 0x20, 0x20, 0x20, 0x20, 0x20, 0x20,
 0x77, 0x68, 0x69, 0x6c, 0x65, 0x28, 0x72, 0x2e,
 0x6c, 0x65, 0x6e, 0x67, 0x74, 0x68, 0x20, 0x3c,
 0x20, 0x74, 0x6f, 0x29, 0x20, 0x72, 0x2e, 0x70,
 0x75, 0x73, 0x68, 0x28, 0x73, 0x74, 0x79, 0x6c,
 0x65, 0x29, 0x3b, 0x0a, 0x20, 0x20, 0x20, 0x20,
 0x7d, 0x0a, 0x0a, 0x20, 0x20, 0x20, 0x20, 0x66,
 0x6f, 0x72, 0x28, 0x69, 0x20, 0x3d, 0x20, 0x30,
 0x3b, 0x20, 0x69, 0x20, 0x3c, 0x20, 0x6e, 0x3b,
 0x20, 0x29, 0x20, 0x7b, 0x0a, 0x20, 0x20, 0x20,
 0x20, 0x20, 0x20, 0x73, 0x74, 0x79, 0x6c, 0x65,
 0x20, 0x3d, 0x20, 0x6e, 0x75, 0x6c, 0x6c, 0x3b,
 0x0a, 0x20, 0x20, 0x20, 0x20, 0x20, 0x20, 0x73,
 0x74, 0x61, 0x72, 0x74, 0x20, 0x3d, 0x20, 0x69,
 0x3b, 0x0a, 0x20, 0x20, 0x20, 0x20, 0x20, 0x20,
 0x73, 0x77, 0x69, 0x74, 0x63, 0x68, 0x20, 0x28,
 0x28, 0x63, 0x20, 0x3d, 0x20, 0x73, 0x74, 0x72,
 0x5b, 0x69, 0x2b, 0x2b, 0x5d, 0x29, 0x29, 0x20,
 0x7b, 0x0a, 0x20, 0x20, 0x20, 0x20, 0x20, 0x20,
 0x20, 0x20, 0x63, 0x61, 0x73, 0x65, 0x20, 0x27,
 0x20, 0x27, 0x3a, 0x0a, 0x20, 0x20, 0x20, 0x20,
 0x20, 0x20, 0x20, 0x20, 0x63, 0x61, 0x73, 0x65,
 0x20, 0x27, 0x5c, 0x74, 0x27, 0x3a, 0x0a, 0x20,
 0x20, 0x20, 0x20, 0x20, 0x20, 0x20, 0x20, 0x63,
 0x61, 0x73, 0x65, 0x20, 0x27, 0x5c, 0x72, 0x27,
 0x3a, 0x0a, 0x20, 0x20, 0x20, 0x20, 0x20, 0x20,
 0x20, 0x20, 0x63, 0x61, 0x73, 0x65, 0x20, 0x27,
 0x5c, 0x6e, 0x27, 0x3a, 0x0a, 0x20, 0x20, 0x20,
 0x20, 0x20, 0x20, 0x20, 0x20, 0x20, 0x20, 0x63,
 0x6f, 0x6e, 0x74, 0x69, 0x6e, 0x75, 0x65, 0x3b,
 0x0a, 0x20, 0x20, 0x20, 0x20, 0x20, 0x20, 0x20,
 0x20, 0x63, 0x61, 0x73, 0x65, 0x20, 0x27, 0x2b,
 0x27, 0x3a, 0x0a, 0x20, 0x20, 0x20, 0x20, 0x20,
 0x20, 0x20, 0x20, 0x63, 0x61, 0x73, 0x65, 0x20,
 0x27, 0x2d, 0x27, 0x3a, 0x0a, 0x20, 0x20, 0x20,
 0x20, 0x20, 0x20, 0x20, 0x20, 0x20, 0x20, 0x69,
 0x66, 0x28, 0x69, 0x20, 0x3c, 0x20, 0x6e, 0x20,
 0x26, 0x26, 0x20, 0x73, 0x74, 0x72, 0x5b, 0x69,
 0x5d, 0x20, 0x3d, 0x3d, 0x20, 0x63, 0x29, 0x20,
 0x7b, 0x0a, 0x20, 0x20, 0x20, 0x20, 0x20, 0x20,
 0x20, 0x20, 0x20, 0x20, 0x20, 0x20, 0x69, 0x2b,
 0x2b, 0x3b, 0x0a, 0x20, 0x20, 0x20, 0x20, 0x20,
 0x20, 0x20, 0x20, 0x20, 0x20, 0x20, 0x20, 0x63,
 0x6f, 0x6e, 0x74, 0x69, 0x6e, 0x75, 0x65, 0x3b,
 0x0a, 0x20, 0x20, 0x20, 0x20, 0x20, 0x20, 0x20,
 0x20, 0x20, 0x20, 0x7d, 0x0a, 0x20, 0x20, 0x20,
 0x20, 0x20, 0x20, 0x20, 0x20, 0x20, 0x20, 0x63,
 0x61, 0x6e, 0x52, 0x65, 0x67, 0x65, 0x78, 0x20,
 0x3d, 0x20, 0x31, 0x3b, 0x0a, 0x20, 0x20, 0x20,
 0x20, 0x20, 0x20, 0x20, 0x20, 0x20, 0x20, 0x63,
 0x6f, 0x6e, 0x74, 0x69, 0x6e, 0x75, 0x65, 0x3b,
 0x0a, 0x20, 0x20, 0x20, 0x20, 0x20, 0x20, 0x20,
 0x20, 0x63, 0x61, 0x73, 0x65, 0x20, 0x27, 0x2f,
 0x27, 0x3a, 0x0a, 0x20, 0x20, 0x20, 0x20, 0x20,
 0x20, 0x20, 0x20, 0x20, 0x20, 0x69, 0x66, 0x28,
 0x69, 0x20, 0x3c, 0x20, 0x6e, 0x20, 0x26, 0x26,
 0x20, 0x73, 0x74, 0x72, 0x5b, 0x69, 0x5d, 0x20,
 0x3d, 0x3d, 0x20, 0x27, 0x2a, 0x27, 0x29, 0x20,
 0x7b, 0x0a, 0x20, 0x20, 0x20, 0x20, 0x20, 0x20,
 0x20, 0x20, 0x20, 0x20, 0x20, 0x20, 0x2f, 0x2f,
 0x20, 0x62, 0x6c, 0x6f, 0x63, 0x6b, 0x20, 0x63,
 0x6f, 0x6d, 0x6d, 0x65, 0x6e, 0x74, 0x0a, 0x20,
 0x20, 0x20, 0x20, 0x20, 0x20, 0x20, 0x20, 0x20,
 0x20, 0x20, 0x20, 0x70, 0x61, 0x72, 0x73, 0x65,
 0x42, 0x6c, 0x6f, 0x63, 0x6b, 0x43, 0x6f, 0x6d,
 0x6d, 0x65, 0x6e, 0x74, 0x28, 0x29, 0x3b, 0x0a,
 0x20, 0x20, 0x20, 0x20, 0x20, 0x20, 0x20, 0x20,
 0x20, 0x20, 0x20, 0x20, 0x62, 0x72, 0x65, 0x61,
 0x6b, 0x3b, 0x0a, 0x20, 0x20, 0x20, 0x20, 0x20,
 0x20, 0x20, 0x20, 0x20, 0x20, 0x7d, 0x0a, 0x20,
 0x20, 0x20, 0x20, 0x20, 0x20, 0x20, 0x20, 0x20,
 0x20, 0x69, 0x66, 0x28, 0x69, 0x20, 0x3c, 0x20,
 0x6e, 0x20, 0x26, 0x26, 0x20, 0x73, 0x74, 0x72,
 0x5b, 0x69, 0x5d, 0x20, 0x3d, 0x3d, 0x20, 0x27,
 0x2f, 0x27, 0x29, 0x20, 0x7b, 0x0a, 0x20, 0x20,
 0x20, 0x20, 0x20, 0x20, 0x20, 0x20, 0x20, 0x20,
 0x20, 0x20, 0x2f, 0x2f, 0x20, 0x6c, 0x69, 0x6e,
 0x65, 0x20, 0x63, 0x6f, 0x6d, 0x6d, 0x65, 0x6e,
 0x74, 0x0a, 0x20, 0x20, 0x20, 0x20, 0x20, 0x20,
 0x20, 0x20, 0x20, 0x20, 0x20, 0x20, 0x70, 0x61,
 0x72, 0x73, 0x65, 0x4c, 0x69, 0x6e, 0x65, 0x43,
 0x6f, 0x6d, 0x6d, 0x65, 0x6e, 0x74, 0x28, 0x29,
 0x3b, 0x0a, 0x20, 0x20, 0x20, 0x20, 0x20, 0x20,
 0x20, 0x20, 0x20, 0x20, 0x20, 0x20, 0x62, 0x72,
 0x65, 0x61, 0x6b, 0x3b, 0x0a, 0x20, 0x20, 0x20,
 0x20, 0x20, 0x20, 0x20, 0x20, 0x20, 0x20, 0x7d,
 0x0a, 0x20, 0x20, 0x20, 0x20, 0x20, 0x20, 0x20,
 0x20, 0x20, 0x20, 0x69, 0x66, 0x28, 0x63, 0x61,
 0x6e, 0x52, 0x65, 0x67, 0x65, 0x78, 0x29, 0x20,
 0x7b, 0x0a, 0x20, 0x20, 0x20, 0x20, 0x20, 0x20,
 0x20, 0x20, 0x20, 0x20, 0x20, 0x20, 0x70, 0x61,
 0x72, 0x73, 0x65, 0x52, 0x65, 0x67, 0x65, 0x78,
 0x28, 0x29, 0x3b, 0x0a, 0x20, 0x20, 0x20, 0x20,
 0x20, 0x20, 0x20, 0x20, 0x20, 0x20, 0x20, 0x20,
 0x63, 0x61, 0x6e, 0x52, 0x65, 0x67, 0x65, 0x78,
 0x20, 0x3d, 0x20, 0x30, 0x3b, 0x0a, 0x20, 0x20,
 0x20, 0x20, 0x20, 0x20, 0x20, 0x20, 0x20, 0x20,
 0x20, 0x20, 0x62, 0x72, 0x65, 0x61, 0x6b, 0x3b,
 0x0a, 0x20, 0x20, 0x20, 0x20, 0x20, 0x20, 0x20,
 0x20, 0x20, 0x20, 0x7d, 0x0a, 0x20, 0x20, 0x20,
 0x20, 0x20, 0x20, 0x20, 0x20, 0x20, 0x20, 0x63,
 0x61, 0x6e, 0x52, 0x65, 0x67, 0x65, 0x78, 0x20,
 0x3d, 0x20, 0x31, 0x3b, 0x0a, 0x20, 0x20, 0x20,
 0x20, 0x20, 0x20, 0x20, 0x20, 0x20, 0x20, 0x63,
 0x6f, 0x6e, 0x74, 0x69, 0x6e, 0x75, 0x65, 0x3b,
 0x0a, 0x20, 0x20, 0x20, 0x20, 0x20, 0x20, 0x20,
 0x20, 0x63, 0x61, 0x73, 0x65, 0x20, 0x22, 0x27,
 0x22, 0x3a, 0x0a, 0x20, 0x20, 0x20, 0x20, 0x20,
 0x20, 0x20, 0x20, 0x63, 0x61, 0x73, 0x65, 0x20,
 0x27, 0x22, 0x27, 0x3a, 0x0a, 0x20, 0x20, 0x20,
 0x20, 0x20, 0x20, 0x20, 0x20, 0x63, 0x61, 0x73,
 0x65, 0x20, 0x27, 0x60, 0x27, 0x3a, 0x0a, 0x20,
 0x20, 0x20, 0x20, 0x20, 0x20, 0x20, 0x20, 0x20,
 0x20, 0x70, 0x61, 0x72, 0x73, 0x65, 0x53, 0x74,
 0x72, 0x69, 0x6e, 0x67, 0x28, 0x63, 0x29, 0x3b,
 0x0a, 0x20, 0x20, 0x20, 0x20, 0x20, 0x20, 0x20,
 0x20, 0x20, 0x20, 0x63, 0x61, 0x6e, 0x52, 0x65,
 0x67, 0x65, 0x78, 0x20, 0x3d, 0x20, 0x30, 0x3b,
 0x0a, 0x20, 0x20, 0x20, 0x20, 0x20, 0x20, 0x20,
 0x20, 0x20, 0x20, 0x62, 0x72, 0x65, 0x61, 0x6b,
 0x3b, 0x0a, 0x20, 0x20, 0x20, 0x20, 0x20, 0x20,
 0x20, 0x20, 0x63, 0x61, 0x73, 0x65, 0x20, 0x27,
 0x28, 0x27, 0x3a, 0x0a, 0x20, 0x20, 0x20, 0x20,
 0x20, 0x20, 0x20, 0x20, 0x63, 0x61, 0x73, 0x65,
 0x20, 0x27, 0x5b, 0x27, 0x3a, 0x0a, 0x20, 0x20,
 0x20, 0x20, 0x20, 0x20, 0x20, 0x20, 0x63, 0x61,
 0x73, 0x65, 0x20, 0x27, 0x7b, 0x27, 0x3a, 0x0a,
 0x20, 0x20, 0x20, 0x20, 0x20, 0x20, 0x20, 0x20,
 0x20, 0x20, 0x63, 0x61, 0x6e, 0x52, 0x65, 0x67,
 0x65, 0x78, 0x20, 0x3d, 0x20, 0x31, 0x3b, 0x0a,
 0x20, 0x20, 0x20, 0x20, 0x20, 0x20, 0x20, 0x20,
 0x20, 0x20, 0x6c, 0x65, 0x76, 0x65, 0x6c, 0x2b,
 0x2b, 0x3b, 0x0a, 0x20, 0x20, 0x20, 0x20, 0x20,
 0x20, 0x20, 0x20, 0x20, 0x20, 0x70, 0x75, 0x73,
 0x68, 0x53, 0x74, 0x61, 0x74, 0x65, 0x28, 0x63,
 0x29, 0x3b, 0x0a, 0x20, 0x20, 0x20, 0x20, 0x20,
 0x20, 0x20, 0x20, 0x20, 0x20, 0x63, 0x6f, 0x6e,
 0x74, 0x69, 0x6e, 0x75, 0x65, 0x3b, 0x0a, 0x20,
 0x20, 0x20, 0x20, 0x20, 0x20, 0x20, 0x20, 0x63,
 0x61, 0x73, 0x65, 0x20, 0x27, 0x29, 0x27, 0x3a,
 0x0a, 0x20, 0x20, 0x20, 0x20, 0x20, 0x20, 0x20,
 0x20, 0x63, 0x61, 0x73, 0x65, 0x20, 0x27, 0x5d,
 0x27, 0x3a, 0x0a, 0x20, 0x20, 0x20, 0x20, 0x20,
 0x20, 0x20, 0x20, 0x63, 0x61, 0x73, 0x65, 0x20,
 0x27, 0x7d, 0x27, 0x3a, 0x0a, 0x20, 0x20, 0x20,
 0x20, 0x20, 0x20, 0x20, 0x20, 0x20, 0x20, 0x63,
 0x61, 0x6e, 0x52, 0x65, 0x67, 0x65, 0x78, 0x20,
 0x3d, 0x20, 0x30, 0x3b, 0x0a, 0x20, 0x20, 0x20,
 0x20, 0x20, 0x20, 0x20, 0x20, 0x20, 0x20, 0x69,
 0x66, 0x28, 0x6c, 0x65, 0x76, 0x65, 0x6c, 0x20,
 0x3e, 0x20, 0x30, 0x20, 0x26, 0x26, 0x20, 0x69,
 0x73, 0x42, 0x61, 0x6c, 0x61, 0x6e, 0x63, 0x65,
 0x64, 0x28, 0x6c, 0x61, 0x73, 0x74, 0x53, 0x74,
 0x61, 0x74, 0x65, 0x28, 0x29, 0x2c, 0x20, 0x63,
 0x29, 0x29, 0x20, 0x7b, 0x0a, 0x20, 0x20, 0x20,
 0x20, 0x20, 0x20, 0x20, 0x20, 0x20, 0x20, 0x20,
 0x20, 0x6c, 0x65, 0x76, 0x65, 0x6c, 0x2d, 0x2d,
 0x3b, 0x0a, 0x20, 0x20, 0x20, 0x20, 0x20, 0x20,
 0x20, 0x20, 0x20, 0x20, 0x20, 0x20, 0x70, 0x6f,
 0x70, 0x53, 0x74, 0x61, 0x74, 0x65, 0x28, 0x29,
 0x3b, 0x0a, 0x20, 0x20, 0x20, 0x20, 0x20, 0x20,
 0x20, 0x20, 0x20, 0x20, 0x20, 0x20, 0x63, 0x6f,
 0x6e, 0x74, 0x69, 0x6e, 0x75, 0x65, 0x3b, 0x0a,
 0x20, 0x20, 0x20, 0x20, 0x20, 0x20, 0x20, 0x20,
 0x20, 0x20, 0x7d, 0x0a, 0x20, 0x20, 0x20, 0x20,
 0x20, 0x20, 0x20, 0x20, 0x20, 0x20, 0x73, 0x74,
 0x79, 0x6c, 0x65, 0x20, 0x3d, 0x20, 0x27, 0x65,
 0x72, 0x72, 0x6f, 0x72, 0x27, 0x3b, 0x0a, 0x20,
 0x20, 0x20, 0x20, 0x20, 0x20, 0x20, 0x20, 0x20,
 0x20, 0x62, 0x72, 0x65, 0x61, 0x6b, 0x3b, 0x0a,
 0x20, 0x20, 0x20, 0x20, 0x20, 0x20, 0x20, 0x20,
 0x64, 0x65, 0x66, 0x61, 0x75, 0x6c, 0x74, 0x3a,
 0x0a, 0x20, 0x20, 0x20, 0x20, 0x20, 0x20, 0x20,
 0x20, 0x20, 0x20, 0x69, 0x66, 0x28, 0x69, 0x73,
 0x44, 0x69, 0x67, 0x69, 0x74, 0x28, 0x63, 0x29,
 0x29, 0x20, 0x7b, 0x0a, 0x20, 0x20, 0x20, 0x20,
 0x20, 0x20, 0x20, 0x20, 0x20, 0x20, 0x20, 0x20,
 0x70, 0x61, 0x72, 0x73, 0x65, 0x4e, 0x75, 0x6d,
 0x62, 0x65, 0x72, 0x28, 0x29, 0x3b, 0x0a, 0x20,
 0x20, 0x20, 0x20, 0x20, 0x20, 0x20, 0x20, 0x20,
 0x20, 0x20, 0x20, 0x63, 0x61, 0x6e, 0x52, 0x65,
 0x67, 0x65, 0x78, 0x20, 0x3d, 0x20, 0x30, 0x3b,
 0x0a, 0x20, 0x20, 0x20, 0x20, 0x20, 0x20, 0x20,
 0x20, 0x20, 0x20, 0x20, 0x20, 0x62, 0x72, 0x65,
 0x61, 0x6b, 0x3b, 0x0a, 0x20, 0x20, 0x20, 0x20,
 0x20, 0x20, 0x20, 0x20, 0x20, 0x20, 0x7d, 0x0a,
 0x20, 0x20, 0x20, 0x20, 0x20, 0x20, 0x20, 0x20,
 0x20, 0x20, 0x69, 0x66, 0x28, 0x69, 0x73, 0x57,
 0x6f, 0x72, 0x64, 0x28, 0x63, 0x29, 0x20, 0x7c,
 0x7c, 0x20, 0x63, 0x20, 0x3d, 0x3d, 0x20, 0x27,
 0x24, 0x27, 0x29, 0x20, 0x7b, 0x0a, 0x20, 0x20,
 0x20, 0x20, 0x20, 0x20, 0x20, 0x20, 0x20, 0x20,
 0x20, 0x20, 0x70, 0x61, 0x72, 0x73, 0x65, 0x49,
 0x64, 0x65, 0x6e, 0x74, 0x69, 0x66, 0x69, 0x65,
 0x72, 0x28, 0x29, 0x3b, 0x0a, 0x20, 0x20, 0x20,
 0x20, 0x20, 0x20, 0x20, 0x20, 0x20, 0x20, 0x20,
 0x20, 0x62, 0x72, 0x65, 0x61, 0x6b, 0x3b, 0x0a,
 0x20, 0x20, 0x20, 0x20, 0x20, 0x20, 0x20, 0x20,
 0x20, 0x20, 0x7d, 0x0a, 0x20, 0x20, 0x20, 0x20,
 0x20, 0x20, 0x20, 0x20, 0x20, 0x20, 0x63, 0x61,
 0x6e, 0x52, 0x65, 0x67, 0x65, 0x78, 0x20, 0x3d,
 0x20, 0x31, 0x3b, 0x0a, 0x20, 0x20, 0x20, 0x20,
 0x20, 0x20, 0x20, 0x20, 0x20, 0x20, 0x63, 0x6f,
 0x6e, 0x74, 0x69, 0x6e, 0x75, 0x65, 0x3b, 0x0a,
 0x20, 0x20, 0x20, 0x20, 0x20, 0x20, 0x7d, 0x0a,
 0x20, 0x20, 0x20, 0x20, 0x20, 0x20, 0x69, 0x66,
 0x28, 0x73, 0x74, 0x79, 0x6c, 0x65, 0x29, 0x20,
 0x73, 0x65, 0x74, 0x53, 0x74, 0x79, 0x6c, 0x65,
 0x28, 0x73, 0x74, 0x61, 0x72, 0x74, 0x2c, 0x20,
 0x69, 0x29, 0x3b, 0x0a, 0x20, 0x20, 0x20, 0x20,
 0x7d, 0x0a, 0x20, 0x20, 0x20, 0x20, 0x73, 0x65,
 0x74, 0x53, 0x74, 0x79, 0x6c, 0x65, 0x28, 0x6e,
 0x2c, 0x20, 0x6e, 0x29, 0x3b, 0x0a, 0x20, 0x20,
 0x20, 0x20, 0x72, 0x65, 0x74, 0x75, 0x72, 0x6e,
 0x20, 0x5b, 0x73, 0x74, 0x61, 0x74, 0x65, 0x2c,
 0x20, 0x6c, 0x65, 0x76, 0x65, 0x6c, 0x2c, 0x20,
 0x72, 0x5d, 0x3b, 0x0a, 0x20, 0x20, 0x7d, 0x0c,
 0x42, 0x0b, 0x01, 0x00, 0x00, 0x09, 0x00, 0x04,
 0x00, 0x00, 0x00, 0x98, 0x02, 0x09, 0x8a, 0x08,
 0x00, 0x00, 0x00, 0x8c, 0x08, 0x00, 0x01, 0x00,
 0xe6, 0x06, 0x00, 0x02, 0x00, 0x98, 0x07, 0x00,
 0x03, 0x00, 0x8e, 0x08, 0x00, 0x04, 0x00, 0x90,
 0x08, 0x00, 0x05, 0x00, 0x92, 0x08, 0x00, 0x06,
 0x00, 0x94, 0x08, 0x00, 0x07, 0x00, 0x10, 0x00,
 0x01, 0x00, 0x08, 0xc2, 0x08, 0xc1, 0x08, 0x41,
 0x0b, 0x02, 0x00, 0x00, 0xc1, 0x08, 0x40, 0xab,
 0x01, 0x00, 0x00, 0xc1, 0x08, 0x40, 0xac, 0x01,
 0x00, 0x00, 0x24, 0x02, 0x00, 0xce, 0x40, 0x05,
 0x02, 0x00, 0x00, 0xcd, 0xe9, 0xb4, 0xad, 0xea,
 0x02, 0x29, 0xc5, 0xb4, 0x46, 0xcf, 0xe9, 0xc2,
 0x05, 0xb5, 0xcc, 0xc8, 0xc5, 0xe9, 0xa5, 0xea,
 0x2a, 0xc5, 0xc8, 0x46, 0xc2, 0x06, 0xb4, 0xc2,
 0x04, 0xc1, 0x04, 0xc1, 0x05, 0xa5, 0xea, 0x17,
 0xc1, 0x06, 0xc1, 0x04, 0x46, 0xc7, 0xc1, 0x04,
 0x46, 0xae, 0xea, 0x07, 0xc1, 0x04, 0xc2, 0x05,
 0xec, 0x05, 0x92, 0x04, 0xec, 0xe4, 0x92, 0x03,
 0xec, 0xd2, 0xc6, 0x40, 0x0c, 0x02, 0x00, 0x00,
 0xcc, 0xc8, 0xc1, 0x05, 0xa5, 0xea, 0x13, 0xc1,
 0x08, 0x41, 0x0d, 0x02, 0x00, 0x00, 0xc7, 0xc8,
 0x46, 0x24, 0x01, 0x00, 0x0e, 0x92, 0x03, 0xec,
 0xe9, 0xc1, 0x08, 0x40, 0x0e, 0x02, 0x00, 0x00,
 0xc1, 0x08, 0x40, 0x4f, 0x01, 0x00, 0x00, 0xad,
 0xea, 0x5a, 0xc5, 0xe9, 0xb5, 0xab, 0xea, 0x54,
 0xc6, 0x40, 0x0f, 0x02, 0x00, 0x00, 0xc5, 0xb4,
 0x46, 0x46, 0xc3, 0x07, 0xf5, 0xea, 0x2a, 0xc1,
 0x08, 0x41, 0x0d, 0x02, 0x00, 0x00, 0x04, 0x9e,
 0x01, 0x00, 0x00, 0x24, 0x01, 0x00, 0x0e, 0xc1,
 0x07, 0xe9, 0xb4, 0xab, 0xea, 0x2e, 0xc1, 0x08,
 0x41, 0x0d, 0x02, 0x00, 0x00, 0x04, 0xb8, 0x01,
 0x00, 0x00, 0x24, 0x01, 0x00, 0x0e, 0xec, 0x1c,
 0xc1, 0x07, 0x96, 0x04, 0x4a, 0x00, 0x00, 0x00,
 0xab, 0xea, 0x11, 0xc1, 0x08, 0x41, 0x0d, 0x02,
 0x00, 0x00, 0x04, 0xbf, 0x01, 0x00, 0x00, 0x24,
 0x01, 0x00, 0x0e, 0xc1, 0x08, 0x40, 0x0e, 0x02,
 0x00, 0x00, 0xc1, 0x08, 0x40, 0x4f, 0x01, 0x00,
 0x00, 0xad, 0xea, 0x1e, 0xc5, 0xe9, 0xb6, 0xa8,
 0xea, 0x18, 0xc1, 0x08, 0x41, 0x10, 0x02, 0x00,
 0x00, 0xc5, 0x24, 0x01, 0x00, 0x0e, 0xc1, 0x08,
 0x41, 0x11, 0x02, 0x00, 0x00, 0x24, 0x00, 0x00,
 0x0e, 0x29, 0xca, 0x03, 0x80, 0x05, 0x03, 0x42,
 0x13, 0x04, 0x25, 0x34, 0x5d, 0x00, 0x26, 0x0f,
 0x1c, 0x23, 0x17, 0x00, 0x22, 0x1e, 0x1c, 0x19,
 0x35, 0x1e, 0x35, 0x01, 0x26, 0x13, 0x00, 0x16,
 0x0a, 0x1e, 0x1c, 0x25, 0x25, 0x18, 0x5e, 0x0c,
 0x3e, 0x42, 0x55, 0x47, 0x12, 0x19, 0x25, 0x0a,
 0x3f, 0x14, 0x16, 0x06, 0x25, 0x0a, 0x44, 0x05,
 0x30, 0x27, 0x25, 0x0a, 0x00, 0x10, 0x0c, 0x16,
 0x3e, 0x42, 0x17, 0x65, 0x25, 0x2a, 0x1e, 0x29,
 0x25, 0x0a, 0xdd, 0x08, 0x63, 0x6f, 0x6d, 0x70,
 0x6c, 0x65, 0x74, 0x69, 0x6f, 0x6e, 0x28, 0x29,
 0x20, 0x7b, 0x0a, 0x20, 0x20, 0x20, 0x20, 0x76,
 0x61, 0x72, 0x20, 0x74, 0x61, 0x62, 0x2c, 0x20,
 0x72, 0x65, 0x73, 0x2c, 0x20, 0x73, 0x2c, 0x20,
 0x69, 0x2c, 0x20, 0x6a, 0x2c, 0x20, 0x6c, 0x65,
 0x6e, 0x2c, 0x20, 0x74, 0x3b, 0x0a, 0x20, 0x20,
 0x20, 0x20, 0x72, 0x65, 0x73, 0x20, 0x3d, 0x20,
 0x74, 0x68, 0x69, 0x73, 0x2e, 0x67, 0x65, 0x74,
 0x43, 0x6f, 0x6d, 0x70, 0x6c, 0x65, 0x74, 0x69,
 0x6f, 0x6e, 0x73, 0x28, 0x74, 0x68, 0x69, 0x73,
 0x2e, 0x63, 0x6d, 0x64, 0x2c, 0x20, 0x74, 0x68,
 0x69, 0x73, 0x2e, 0x63, 0x75, 0x72, 0x73, 0x6f,
 0x72, 0x50, 0x6f, 0x73, 0x29, 0x3b, 0x0a, 0x20,
 0x20, 0x20, 0x20, 0x74, 0x61, 0x62, 0x20, 0x3d,
 0x20, 0x72, 0x65, 0x73, 0x2e, 0x74, 0x61, 0x62,
 0x3b, 0x0a, 0x20, 0x20, 0x20, 0x20, 0x69, 0x66,
 0x28, 0x74, 0x61, 0x62, 0x2e, 0x6c, 0x65, 0x6e,
 0x67, 0x74, 0x68, 0x20, 0x3d, 0x3d, 0x3d, 0x20,
 0x30, 0x29, 0x20, 0x72, 0x65, 0x74, 0x75, 0x72,
 0x6e, 0x3b, 0x0a, 0x20, 0x20, 0x20, 0x20, 0x73,
 0x20, 0x3d, 0x20, 0x74, 0x61, 0x62, 0x5b, 0x30,
 0x5d, 0x3b, 0x0a, 0x20, 0x20, 0x20, 0x20, 0x6c,
 0x65, 0x6e, 0x20, 0x3d, 0x20, 0x73, 0x2e, 0x6c,
 0x65, 0x6e, 0x67, 0x74, 0x68, 0x3b, 0x0a, 0x20,
 0x20, 0x20, 0x20, 0x2f, 0x2a, 0x20, 0x61, 0x64,
 0x64, 0x20, 0x74, 0x68, 0x65, 0x20, 0x63, 0x68,
 0x61, 0x72, 0x73, 0x20, 0x77, 0x68, 0x69, 0x63,
 0x68, 0x20, 0x61, 0x72, 0x65, 0x20, 0x69, 0x64,
 0x65, 0x6e, 0x74, 0x69, 0x63, 0x61, 0x6c, 0x20,
 0x69, 0x6e, 0x20, 0x61, 0x6c, 0x6c, 0x20, 0x74,
 0x68, 0x65, 0x20, 0x63, 0x6f, 0x6d, 0x70, 0x6c,
 0x65, 0x74, 0x69, 0x6f, 0x6e, 0x73, 0x20, 0x2a,
 0x2f, 0x0a, 0x20, 0x20, 0x20, 0x20, 0x66, 0x6f,
 0x72, 0x28, 0x69, 0x20, 0x3d, 0x20, 0x31, 0x3b,
 0x20, 0x69, 0x20, 0x3c, 0x20, 0x74, 0x61, 0x62,
 0x2e, 0x6c, 0x65, 0x6e, 0x67, 0x74, 0x68, 0x3b,
 0x20, 0x69, 0x2b, 0x2b, 0x29, 0x20, 0x7b, 0x0a,
 0x20, 0x20, 0x20, 0x20, 0x20, 0x20, 0x74, 0x20,
 0x3d, 0x20, 0x74, 0x61, 0x62, 0x5b, 0x69, 0x5d,
 0x3b, 0x0a, 0x20, 0x20, 0x20, 0x20, 0x20, 0x20,
 0x66, 0x6f, 0x72, 0x28, 0x6a, 0x20, 0x3d, 0x20,
 0x30, 0x3b, 0x20, 0x6a, 0x20, 0x3c, 0x20, 0x6c,
 0x65, 0x6e, 0x3b, 0x20, 0x6a, 0x2b, 0x2b, 0x29,
 0x20, 0x7b, 0x0a, 0x20, 0x20, 0x20, 0x20, 0x20,
 0x20, 0x20, 0x20, 0x69, 0x66, 0x28, 0x74, 0x5b,
 0x6a, 0x5d, 0x20, 0x21, 0x3d, 0x3d, 0x20, 0x73,
 0x5b, 0x6a, 0x5d, 0x29, 0x20, 0x7b, 0x0a, 0x20,
 0x20, 0x20, 0x20, 0x20, 0x20, 0x20, 0x20, 0x20,
 0x20, 0x6c, 0x65, 0x6e, 0x20, 0x3d, 0x20, 0x6a,
 0x3b, 0x0a, 0x20, 0x20, 0x20, 0x20, 0x20, 0x20,
 0x20, 0x20, 0x20, 0x20, 0x62, 0x72, 0x65, 0x61,
 0x6b, 0x3b, 0x0a, 0x20, 0x20, 0x20, 0x20, 0x20,
 0x20, 0x20, 0x20, 0x7d, 0x0a, 0x20, 0x20, 0x20,
 0x20, 0x20, 0x20, 0x7d, 0x0a, 0x20, 0x20, 0x20,
 0x20, 0x7d, 0x0a, 0x20, 0x20, 0x20, 0x20, 0x66,
 0x6f, 0x72, 0x28, 0x69, 0x20, 0x3d, 0x20, 0x72,
 0x65, 0x73, 0x2e, 0x70, 0x6f, 0x73, 0x3b, 0x20,
 0x69, 0x20, 0x3c, 0x20, 0x6c, 0x65, 0x6e, 0x3b,
 0x20, 0x69, 0x2b, 0x2b, 0x29, 0x20, 0x7b, 0x0a,
 0x20, 0x20, 0x20, 0x20, 0x20, 0x20, 0x74, 0x68,
 0x69, 0x73, 0x2e, 0x69, 0x6e, 0x73, 0x65, 0x72,
 0x74, 0x28, 0x73, 0x5b, 0x69, 0x5d, 0x29, 0x3b,
 0x0a, 0x20, 0x20, 0x20, 0x20, 0x7d, 0x0a, 0x20,
 0x20, 0x20, 0x20, 0x69, 0x66, 0x28, 0x74, 0x68,
 0x69, 0x73, 0x2e, 0x6c, 0x61, 0x73, 0x74, 0x46,
 0x75, 0x6e, 0x20, 0x3d, 0x3d, 0x3d, 0x20, 0x74,
 0x68, 0x69, 0x73, 0x2e, 0x63, 0x6f, 0x6d, 0x70,
 0x6c, 0x65, 0x74, 0x69, 0x6f, 0x6e, 0x20, 0x26,
 0x26, 0x20, 0x74, 0x61, 0x62, 0x2e, 0x6c, 0x65,
 0x6e, 0x67, 0x74, 0x68, 0x20, 0x3d, 0x3d, 0x20,
 0x31, 0x29, 0x20, 0x7b, 0x0a, 0x20, 0x20, 0x20,
 0x20, 0x20, 0x20, 0x2f, 0x2a, 0x20, 0x61, 0x70,
 0x70, 0x65, 0x6e, 0x64, 0x20, 0x70, 0x61, 0x72,
 0x65, 0x6e, 0x74, 0x68, 0x65, 0x73, 0x65, 0x73,
 0x20, 0x74, 0x6f, 0x20, 0x66, 0x75, 0x6e, 0x63,
 0x74, 0x69, 0x6f, 0x6e, 0x20, 0x6e, 0x61, 0x6d,
 0x65, 0x73, 0x20, 0x2a, 0x2f, 0x0a, 0x20, 0x20,
 0x20, 0x20, 0x20, 0x20, 0x76, 0x61, 0x72, 0x20,
 0x6d, 0x20, 0x3d, 0x20, 0x72, 0x65, 0x73, 0x2e,
 0x63, 0x74, 0x78, 0x5b, 0x74, 0x61, 0x62, 0x5b,
 0x30, 0x5d, 0x5d, 0x3b, 0x0a, 0x20, 0x20, 0x20,
 0x20, 0x20, 0x20, 0x69, 0x66, 0x28, 0x74, 0x79,
 0x70, 0x65, 0x6f, 0x66, 0x20, 0x6d, 0x20, 0x3d,
 0x3d, 0x20, 0x27, 0x66, 0x75, 0x6e, 0x63, 0x74,
 0x69, 0x6f, 0x6e, 0x27, 0x29, 0x20, 0x7b, 0x0a,
 0x20, 0x20, 0x20, 0x20, 0x20, 0x20, 0x20, 0x20,
 0x74, 0x68, 0x69, 0x73, 0x2e, 0x69, 0x6e, 0x73,
 0x65, 0x72, 0x74, 0x28, 0x27, 0x28, 0x27, 0x29,
 0x3b, 0x0a, 0x20, 0x20, 0x20, 0x20, 0x20, 0x20,
 0x20, 0x20, 0x69, 0x66, 0x28, 0x6d, 0x2e, 0x6c,
 0x65, 0x6e, 0x67, 0x74, 0x68, 0x20, 0x3d, 0x3d,
 0x20, 0x30, 0x29, 0x20, 0x74, 0x68, 0x69, 0x73,
 0x2e, 0x69, 0x6e, 0x73, 0x65, 0x72, 0x74, 0x28,
 0x27, 0x29, 0x27, 0x29, 0x3b, 0x0a, 0x20, 0x20,
 0x20, 0x20, 0x20, 0x20, 0x7d, 0x20, 0x65, 0x6c,
 0x73, 0x65, 0x20, 0x69, 0x66, 0x28, 0x74, 0x79,
 0x70, 0x65, 0x6f, 0x66, 0x20, 0x6d, 0x20, 0x3d,
 0x3d, 0x20, 0x27, 0x6f, 0x62, 0x6a, 0x65, 0x63,
 0x74, 0x27, 0x29, 0x20, 0x7b, 0x0a, 0x20, 0x20,
 0x20, 0x20, 0x20, 0x20, 0x20, 0x20, 0x74, 0x68,
 0x69, 0x73, 0x2e, 0x69, 0x6e, 0x73, 0x65, 0x72,
 0x74, 0x28, 0x27, 0x2e, 0x27, 0x29, 0x3b, 0x0a,
 0x20, 0x20, 0x20, 0x20, 0x20, 0x20, 0x7d, 0x0a,
 0x20, 0x20, 0x20, 0x20, 0x7d, 0x0a, 0x20, 0x20,
 0x20, 0x20, 0x2f, 0x2f, 0x63, 0x6f, 0x6e, 0x73,
 0x6f, 0x6c, 0x65, 0x2e, 0x6c, 0x6f, 0x67, 0x28,
 0x27, 0x72, 0x65, 0x70, 0x6c, 0x2e, 0x63, 0x6f,
 0x6d, 0x70, 0x6c, 0x65, 0x74, 0x69, 0x6f, 0x6e,
 0x27, 0x2c, 0x20, 0x72, 0x65, 0x73, 0x2e, 0x74,
 0x61, 0x62, 0x2e, 0x6c, 0x65, 0x6e, 0x67, 0x74,
 0x68, 0x2c, 0x20, 0x74, 0x68, 0x69, 0x73, 0x2e,
 0x6c, 0x61, 0x73, 0x74, 0x46, 0x75, 0x6e, 0x29,
 0x3b, 0x0a, 0x0a, 0x20, 0x20, 0x20, 0x20, 0x2f,
 0x2a, 0x20, 0x73, 0x68, 0x6f, 0x77, 0x20, 0x74,
 0x68, 0x65, 0x20, 0x70, 0x6f, 0x73, 0x73, 0x69,
 0x62, 0x6c, 0x65, 0x20, 0x63, 0x6f, 0x6d, 0x70,
 0x6c, 0x65, 0x74, 0x69, 0x6f, 0x6e, 0x73, 0x20,
 0x2a, 0x2f, 0x0a, 0x20, 0x20, 0x20, 0x20, 0x69,
 0x66, 0x28, 0x74, 0x68, 0x69, 0x73, 0x2e, 0x6c,
 0x61, 0x73, 0x74, 0x46, 0x75, 0x6e, 0x20, 0x3d,
 0x3d, 0x3d, 0x20, 0x74, 0x68, 0x69, 0x73, 0x2e,
 0x63, 0x6f, 0x6d, 0x70, 0x6c, 0x65, 0x74, 0x69,
 0x6f, 0x6e, 0x20, 0x26, 0x26, 0x20, 0x74, 0x61,
 0x62, 0x2e, 0x6c, 0x65, 0x6e, 0x67, 0x74, 0x68,
 0x20, 0x3e, 0x3d, 0x20, 0x32, 0x29, 0x20, 0x7b,
 0x0a, 0x20, 0x20, 0x20, 0x20, 0x20, 0x20, 0x74,
 0x68, 0x69, 0x73, 0x2e, 0x73, 0x68, 0x6f, 0x77,
 0x43, 0x6f, 0x6d, 0x70, 0x6c, 0x65, 0x74, 0x69,
 0x6f, 0x6e, 0x73, 0x28, 0x74, 0x61, 0x62, 0x29,
 0x3b, 0x0a, 0x0a, 0x20, 0x20, 0x20, 0x20, 0x20,
 0x20, 0x2f, 0x2a, 0x20, 0x73, 0x68, 0x6f, 0x77,
 0x20, 0x61, 0x20, 0x6e, 0x65, 0x77, 0x20, 0x74,
 0x68, 0x69, 0x73, 0x2e, 0x70, 0x72, 0x6f, 0x6d,
 0x70, 0x74, 0x20, 0x2a, 0x2f, 0x0a, 0x20, 0x20,
 0x20, 0x20, 0x20, 0x20, 0x74, 0x68, 0x69, 0x73,
 0x2e, 0x72, 0x65, 0x61, 0x64, 0x6c, 0x69, 0x6e,
 0x65, 0x50, 0x72, 0x69, 0x6e, 0x74, 0x50, 0x72,
 0x6f, 0x6d, 0x70, 0x74, 0x28, 0x29, 0x3b, 0x0a,
 0x20, 0x20, 0x20, 0x20, 0x7d, 0x0a, 0x20, 0x20,
 0x7d, 0x0c, 0x42, 0x0b, 0x01, 0x00, 0x01, 0x09,
 0x01, 0x07, 0x00, 0x01, 0x00, 0xc7, 0x02, 0x0a,
 0x8a, 0x08, 0x00, 0x01, 0x00, 0xa4, 0x08, 0x01,
 0x00, 0x20, 0x98, 0x07, 0x02, 0x04, 0x20, 0xa6,
 0x08, 0x01, 0x01, 0x30, 0xa8, 0x08, 0x01, 0x03,
 0x30, 0xaa, 0x08, 0x03, 0x04, 0x20, 0xac, 0x08,
 0x05, 0x05, 0x20, 0x98, 0x07, 0x06, 0x06, 0x20,
 0xe6, 0x06, 0x06, 0x07, 0x20, 0x10, 0x00, 0x01,
 0x00, 0xa2, 0x04, 0x1d, 0x1a, 0x08, 0xc2, 0x08,
 0x60, 0x03, 0x00, 0x60, 0x02, 0x00, 0x60, 0x00,
 0x00, 0xb4, 0xc9, 0x60, 0x01, 0x00, 0xb4, 0xca,
 0x61, 0x01, 0x00, 0xd1, 0xe9, 0xa5, 0xea, 0x26,
 0x38, 0x9e, 0x00, 0x00, 0x00, 0x41, 0x17, 0x02,
 0x00, 0x00, 0x61, 0x00, 0x00, 0xd1, 0x61, 0x01,
 0x00, 0x46, 0xe9, 0x24, 0x02, 0x00, 0x11, 0x62,
 0x00, 0x00, 0x0e, 0x61, 0x01, 0x00, 0x90, 0x62,
 0x01, 0x00, 0x0e, 0xec, 0xd4, 0x61, 0x00, 0x00,
 0xb6, 0x9c, 0x11, 0x62, 0x00, 0x00, 0x0e, 0x38,
 0x9e, 0x00, 0x00, 0x00, 0x41, 0x17, 0x02, 0x00,
 0x00, 0xb5, 0x38, 0x9e, 0x00, 0x00, 0x00, 0x41,
 0x18, 0x02, 0x00, 0x00, 0xc1, 0x08, 0x40, 0x19,
 0x02, 0x00, 0x00, 0xb5, 0x9c, 0x61, 0x00, 0x00,
 0x9a, 0x24, 0x01, 0x00, 0x24, 0x02, 0x00, 0xcb,
 0x38, 0x9e, 0x00, 0x00, 0x00, 0x41, 0x1a, 0x02,
 0x00, 0x00, 0xd1, 0xe9, 0x61, 0x02, 0x00, 0x9a,
 0x24, 0x01, 0x00, 0xcc, 0x64, 0x00, 0x00, 0x41,
 0x0b, 0x01, 0x00, 0x00, 0x04, 0x52, 0x01, 0x00,
 0x00, 0x24, 0x01, 0x00, 0x0e, 0x64, 0x00, 0x00,
 0x41, 0x3a, 0x01, 0x00, 0x00, 0x24, 0x00, 0x00,
 0x0e, 0x60, 0x04, 0x00, 0xb4, 0xc2, 0x04, 0x61,
 0x04, 0x00, 0x61, 0x03, 0x00, 0xa5, 0x68, 0x94,
 0x00, 0x00, 0x00, 0x60, 0x05, 0x00, 0xb4, 0xc2,
 0x05, 0x61, 0x05, 0x00, 0x61, 0x02, 0x00, 0xa5,
 0xea, 0x5a, 0x60, 0x07, 0x00, 0x60, 0x06, 0x00,
 0x61, 0x05, 0x00, 0x61, 0x03, 0x00, 0x99, 0x61,
 0x04, 0x00, 0x9c, 0xc2, 0x06, 0x61, 0x06, 0x00,
 0xd1, 0xe9, 0xa8, 0xeb, 0x3f, 0xd1, 0x61, 0x06,
 0x00, 0x46, 0xc2, 0x07, 0x61, 0x05, 0x00, 0x61,
 0x02, 0x00, 0xb5, 0x9d, 0xac, 0xea, 0x14, 0x61,
 0x07, 0x00, 0x41, 0x1b, 0x02, 0x00, 0x00, 0x61,
 0x00, 0x00, 0x24, 0x01, 0x00, 0x11, 0x62, 0x07,
 0x00, 0x0e, 0x64, 0x00, 0x00, 0x41, 0x0b, 0x01,
 0x00, 0x00, 0x61, 0x07, 0x00, 0x24, 0x01, 0x00,
 0x0e, 0x61, 0x05, 0x00, 0x90, 0x62, 0x05, 0x00,
 0x0e, 0xec, 0x9f, 0x64, 0x00, 0x00, 0x41, 0x0b,
 0x01, 0x00, 0x00, 0x04, 0x52, 0x01, 0x00, 0x00,
 0x24, 0x01, 0x00, 0x0e, 0x64, 0x00, 0x00, 0x41,
 0x3a, 0x01, 0x00, 0x00, 0x24, 0x00, 0x00, 0x0e,
 0x61, 0x04, 0x00, 0x90, 0x62, 0x04, 0x00, 0x0e,
 0xed, 0x66, 0xff, 0x29, 0xca, 0x03, 0xa9, 0x05,
 0x03, 0x3a, 0x73, 0x2a, 0x1b, 0x22, 0x34, 0x28,
 0x8b, 0x6f, 0x68, 0x26, 0x39, 0x18, 0x25, 0x2c,
 0x0c, 0x0a, 0x6c, 0x43, 0x0c, 0x1a, 0x2c, 0x49,
 0x2a, 0x0e, 0x30, 0x0d, 0x2a, 0x0e, 0x46, 0x20,
 0x5d, 0x04, 0x4e, 0x0d, 0x16, 0x10, 0x30, 0x1b,
 0x4f, 0x04, 0x11, 0x10, 0x1b, 0x06, 0x2a, 0x1a,
 0x3a, 0x43, 0x2a, 0x18, 0x59, 0x1b, 0x2a, 0x0e,
 0x30, 0x0d, 0x2a, 0x0e, 0xb2, 0x05, 0x73, 0x68,
 0x6f, 0x77, 0x43, 0x6f, 0x6d, 0x70, 0x6c, 0x65,
 0x74, 0x69, 0x6f, 0x6e, 0x73, 0x28, 0x74, 0x61,
 0x62, 0x29, 0x20, 0x7b, 0x0a, 0x20, 0x20, 0x20,
 0x20, 0x6c, 0x65, 0x74, 0x20, 0x6d, 0x61, 0x78,
 0x57, 0x69, 0x64, 0x74, 0x68, 0x20, 0x3d, 0x20,
 0x30, 0x3b, 0x0a, 0x0a, 0x20, 0x20, 0x20, 0x20,
 0x66, 0x6f, 0x72, 0x28, 0x6c, 0x65, 0x74, 0x20,
 0x69, 0x20, 0x3d, 0x20, 0x30, 0x3b, 0x20, 0x69,
 0x20, 0x3c, 0x20, 0x74, 0x61, 0x62, 0x2e, 0x6c,
 0x65, 0x6e, 0x67, 0x74, 0x68, 0x3b, 0x20, 0x69,
 0x2b, 0x2b, 0x29, 0x20, 0x6d, 0x61, 0x78, 0x57,
 0x69, 0x64, 0x74, 0x68, 0x20, 0x3d, 0x20, 0x4d,
 0x61, 0x74, 0x68, 0x2e, 0x6d, 0x61, 0x78, 0x28,
 0x6d, 0x61, 0x78, 0x57, 0x69, 0x64, 0x74, 0x68,
 0x2c, 0x20, 0x74, 0x61, 0x62, 0x5b, 0x69, 0x5d,
 0x2e, 0x6c, 0x65, 0x6e, 0x67, 0x74, 0x68, 0x29,
 0x3b, 0x0a, 0x0a, 0x20, 0x20, 0x20, 0x20, 0x6d,
 0x61, 0x78, 0x57, 0x69, 0x64, 0x74, 0x68, 0x20,
 0x2b, 0x3d, 0x20, 0x32, 0x3b, 0x0a, 0x0a, 0x20,
 0x20, 0x20, 0x20, 0x63, 0x6f, 0x6e, 0x73, 0x74,
 0x20, 0x6e, 0x43, 0x6f, 0x6c, 0x73, 0x20, 0x3d,
 0x20, 0x4d, 0x61, 0x74, 0x68, 0x2e, 0x6d, 0x61,
 0x78, 0x28, 0x31, 0x2c, 0x20, 0x4d, 0x61, 0x74,
 0x68, 0x2e, 0x66, 0x6c, 0x6f, 0x6f, 0x72, 0x28,
 0x28, 0x74, 0x68, 0x69, 0x73, 0x2e, 0x63, 0x6f,
 0x6c, 0x75, 0x6d, 0x6e, 0x73, 0x20, 0x2b, 0x20,
 0x31, 0x29, 0x20, 0x2f, 0x20, 0x6d, 0x61, 0x78,
 0x57, 0x69, 0x64, 0x74, 0x68, 0x29, 0x29, 0x3b,
 0x0a, 0x20, 0x20, 0x20, 0x20, 0x63, 0x6f, 0x6e,
 0x73, 0x74, 0x20, 0x6e, 0x52, 0x6f, 0x77, 0x73,
 0x20, 0x3d, 0x20, 0x4d, 0x61, 0x74, 0x68, 0x2e,
 0x63, 0x65, 0x69, 0x6c, 0x28, 0x74, 0x61, 0x62,
 0x2e, 0x6c, 0x65, 0x6e, 0x67, 0x74, 0x68, 0x20,
 0x2f, 0x20, 0x6e, 0x43, 0x6f, 0x6c, 0x73, 0x29,
 0x3b, 0x0a, 0x0a, 0x20, 0x20, 0x20, 0x20, 0x73,
 0x74, 0x64, 0x6f, 0x75, 0x74, 0x2e, 0x70, 0x75,
 0x74, 0x73, 0x28, 0x27, 0x5c, 0x6e, 0x27, 0x29,
 0x3b, 0x0a, 0x20, 0x20, 0x20, 0x20, 0x73, 0x74,
 0x64, 0x6f, 0x75, 0x74, 0x2e, 0x66, 0x6c, 0x75,
 0x73, 0x68, 0x28, 0x29, 0x3b, 0x0a, 0x0a, 0x20,
 0x20, 0x20, 0x20, 0x2f, 0x2a, 0x20, 0x64, 0x69,
 0x73, 0x70, 0x6c, 0x61, 0x79, 0x20, 0x74, 0x68,
 0x65, 0x20, 0x73, 0x6f, 0x72, 0x74, 0x65, 0x64,
 0x20, 0x6c, 0x69, 0x73, 0x74, 0x20, 0x63, 0x6f,
 0x6c, 0x75, 0x6d, 0x6e, 0x2d, 0x77, 0x69, 0x73,
 0x65, 0x20, 0x2a, 0x2f, 0x0a, 0x20, 0x20, 0x20,
 0x20, 0x66, 0x6f, 0x72, 0x28, 0x6c, 0x65, 0x74,
 0x20, 0x72, 0x6f, 0x77, 0x20, 0x3d, 0x20, 0x30,
 0x3b, 0x20, 0x72, 0x6f, 0x77, 0x20, 0x3c, 0x20,
 0x6e, 0x52, 0x6f, 0x77, 0x73, 0x3b, 0x20, 0x72,
 0x6f, 0x77, 0x2b, 0x2b, 0x29, 0x20, 0x7b, 0x0a,
 0x20, 0x20, 0x20, 0x20, 0x20, 0x20, 0x66, 0x6f,
 0x72, 0x28, 0x6c, 0x65, 0x74, 0x20, 0x63, 0x6f,
 0x6c, 0x20, 0x3d, 0x20, 0x30, 0x3b, 0x20, 0x63,
 0x6f, 0x6c, 0x20, 0x3c, 0x20, 0x6e, 0x43, 0x6f,
 0x6c, 0x73, 0x3b, 0x20, 0x63, 0x6f, 0x6c, 0x2b,
 0x2b, 0x29, 0x20, 0x7b, 0x0a, 0x20, 0x20, 0x20,
 0x20, 0x20, 0x20, 0x20, 0x20, 0x6c, 0x65, 0x74,
 0x20, 0x69, 0x20, 0x3d, 0x20, 0x63, 0x6f, 0x6c,
 0x20, 0x2a, 0x20, 0x6e, 0x52, 0x6f, 0x77, 0x73,
 0x20, 0x2b, 0x20, 0x72, 0x6f, 0x77, 0x3b, 0x0a,
 0x20, 0x20, 0x20, 0x20, 0x20, 0x20, 0x20, 0x20,
 0x69, 0x66, 0x28, 0x69, 0x20, 0x3e, 0x3d, 0x20,
 0x74, 0x61, 0x62, 0x2e, 0x6c, 0x65, 0x6e, 0x67,
 0x74, 0x68, 0x29, 0x20, 0x62, 0x72, 0x65, 0x61,
 0x6b, 0x3b, 0x0a, 0x20, 0x20, 0x20, 0x20, 0x20,
 0x20, 0x20, 0x20, 0x6c, 0x65, 0x74, 0x20, 0x73,
 0x20, 0x3d, 0x20, 0x74, 0x61, 0x62, 0x5b, 0x69,
 0x5d, 0x3b, 0x0a, 0x20, 0x20, 0x20, 0x20, 0x20,
 0x20, 0x20, 0x20, 0x69, 0x66, 0x28, 0x63, 0x6f,
 0x6c, 0x20, 0x21, 0x3d, 0x20, 0x6e, 0x43, 0x6f,
 0x6c, 0x73, 0x20, 0x2d, 0x20, 0x31, 0x29, 0x20,
 0x73, 0x20, 0x3d, 0x20, 0x73, 0x2e, 0x70, 0x61,
 0x64, 0x45, 0x6e, 0x64, 0x28, 0x6d, 0x61, 0x78,
 0x57, 0x69, 0x64, 0x74, 0x68, 0x29, 0x3b, 0x0a,
 0x20, 0x20, 0x20, 0x20, 0x20, 0x20, 0x20, 0x20,
 0x73, 0x74, 0x64, 0x6f, 0x75, 0x74, 0x2e, 0x70,
 0x75, 0x74, 0x73, 0x28, 0x73, 0x29, 0x3b, 0x0a,
 0x20, 0x20, 0x20, 0x20, 0x20, 0x20, 0x7d, 0x0a,
 0x20, 0x20, 0x20, 0x20, 0x20, 0x20, 0x73, 0x74,
 0x64, 0x6f, 0x75, 0x74, 0x2e, 0x70, 0x75, 0x74,
 0x73, 0x28, 0x27, 0x5c, 0x6e, 0x27, 0x29, 0x3b,
 0x0a, 0x20, 0x20, 0x20, 0x20, 0x20, 0x20, 0x73,
 0x74, 0x64, 0x6f, 0x75, 0x74, 0x2e, 0x66, 0x6c,
 0x75, 0x73, 0x68, 0x28, 0x29, 0x3b, 0x0a, 0x20,
 0x20, 0x20, 0x20, 0x7d, 0x0a, 0x20, 0x20, 0x7d,
 0x0c, 0x42, 0x0b, 0x01, 0x00, 0x00, 0x02, 0x00,
 0x06, 0x00, 0x01, 0x00, 0x84, 0x01, 0x02, 0xd0,
 0x06, 0x04, 0x00, 0x30, 0x10, 0x00, 0x01, 0x00,
 0xa2, 0x04, 0x1d, 0x1a, 0x08, 0xca, 0xc6, 0x40,
 0x0e, 0x02, 0x00, 0x00, 0xc6, 0x40, 0x44, 0x01,
 0x00, 0x00, 0xad, 0xea, 0x4c, 0x64, 0x00, 0x00,
 0x41, 0x0b, 0x01, 0x00, 0x00, 0x04, 0x52, 0x01,
 0x00, 0x00, 0x24, 0x01, 0x00, 0x0e, 0x64, 0x00,
 0x00, 0x41, 0x3a, 0x01, 0x00, 0x00, 0x24, 0x00,
 0x00, 0x0e, 0x60, 0x00, 0x00, 0xc6, 0x40, 0xa6,
 0x01, 0x00, 0x00, 0x7d, 0xec, 0x0f, 0xc9, 0x61,
 0x00, 0x00, 0x41, 0xa9, 0x01, 0x00, 0x00, 0xc6,
 0x24, 0x01, 0x00, 0x0e, 0x80, 0x00, 0xea, 0xef,
 0x0e, 0x83, 0xc6, 0x41, 0x3f, 0x01, 0x00, 0x00,
 0xb4, 0x24, 0x01, 0x00, 0x0e, 0xbc, 0xfd, 0x28,
 0x64, 0x00, 0x00, 0x41, 0x0b, 0x01, 0x00, 0x00,
 0x04, 0x1c, 0x02, 0x00, 0x00, 0x24, 0x01, 0x00,
 0x0e, 0x64, 0x00, 0x00, 0x41, 0x3a, 0x01, 0x00,
 0x00, 0x24, 0x00, 0x00, 0x0e, 0xc6, 0x41, 0x11,
 0x02, 0x00, 0x00, 0x24, 0x00, 0x00, 0x0e, 0x29,
 0xca, 0x03, 0xc4, 0x05, 0x03, 0x1e, 0x2d, 0x2c,
 0x30, 0x23, 0x2a, 0x0e, 0x30, 0x0d, 0x2a, 0x0e,
 0x59, 0x48, 0x2a, 0x1a, 0x3b, 0x6f, 0x20, 0x0a,
 0x2d, 0x09, 0x2a, 0x0e, 0x30, 0x0d, 0x2a, 0x0e,
 0x17, 0x0d, 0x20, 0x0a, 0x81, 0x03, 0x63, 0x6f,
 0x6e, 0x74, 0x72, 0x6f, 0x6c, 0x43, 0x28, 0x29,
 0x20, 0x7b, 0x0a, 0x20, 0x20, 0x20, 0x20, 0x2f,
 0x2f, 0x69, 0x66, 0x28, 0x73, 0x75, 0x70, 0x70,
 0x6f, 0x72, 0x74, 0x73, 0x41, 0x6e, 0x73, 0x69,
 0x29, 0x20, 0x70, 0x72, 0x69, 0x6e, 0x74, 0x43,
 0x73, 0x69, 0x28, 0x31, 0x32, 0x2c, 0x20, 0x27,
 0x69, 0x27, 0x29, 0x3b, 0x0a, 0x0a, 0x20, 0x20,
 0x20, 0x20, 0x69, 0x66, 0x28, 0x74, 0x68, 0x69,
 0x73, 0x2e, 0x6c, 0x61, 0x73, 0x74, 0x46, 0x75,
 0x6e, 0x20, 0x3d, 0x3d, 0x3d, 0x20, 0x74, 0x68,
 0x69, 0x73, 0x2e, 0x63, 0x6f, 0x6e, 0x74, 0x72,
 0x6f, 0x6c, 0x43, 0x29, 0x20, 0x7b, 0x0a, 0x20,
 0x20, 0x20, 0x20, 0x20, 0x20, 0x73, 0x74, 0x64,
 0x6f, 0x75, 0x74, 0x2e, 0x70, 0x75, 0x74, 0x73,
 0x28, 0x27, 0x5c, 0x6e, 0x27, 0x29, 0x3b, 0x0a,
 0x20, 0x20, 0x20, 0x20, 0x20, 0x20, 0x73, 0x74,
 0x64, 0x6f, 0x75, 0x74, 0x2e, 0x66, 0x6c, 0x75,
 0x73, 0x68, 0x28, 0x29, 0x3b, 0x0a, 0x0a, 0x20,
 0x20, 0x20, 0x20, 0x20, 0x20, 0x66, 0x6f, 0x72,
 0x28, 0x63, 0x6f, 0x6e, 0x73, 0x74, 0x20, 0x68,
 0x61, 0x6e, 0x64, 0x6c, 0x65, 0x72, 0x20, 0x6f,
 0x66, 0x20, 0x74, 0x68, 0x69, 0x73, 0x2e, 0x63,
 0x6c, 0x65, 0x61, 0x6e, 0x75, 0x70, 0x48, 0x61,
 0x6e, 0x64, 0x6c, 0x65, 0x72, 0x73, 0x29, 0x20,
 0x68, 0x61, 0x6e, 0x64, 0x6c, 0x65, 0x72, 0x2e,
 0x63, 0x61, 0x6c, 0x6c, 0x28, 0x74, 0x68, 0x69,
 0x73, 0x29, 0x3b, 0x0a, 0x0a, 0x20, 0x20, 0x20,
 0x20, 0x20, 0x20, 0x74, 0x68, 0x69, 0x73, 0x2e,
 0x65, 0x78, 0x69, 0x74, 0x28, 0x30, 0x29, 0x3b,
 0x0a, 0x20, 0x20, 0x20, 0x20, 0x20, 0x20, 0x72,
 0x65, 0x74, 0x75, 0x72, 0x6e, 0x20, 0x2d, 0x33,
 0x3b, 0x0a, 0x20, 0x20, 0x20, 0x20, 0x7d, 0x20,
 0x65, 0x6c, 0x73, 0x65, 0x20, 0x7b, 0x0a, 0x20,
 0x20, 0x20, 0x20, 0x20, 0x20, 0x73, 0x74, 0x64,
 0x6f, 0x75, 0x74, 0x2e, 0x70, 0x75, 0x74, 0x73,
 0x28, 0x27, 0x5c, 0x6e, 0x28, 0x50, 0x72, 0x65,
 0x73, 0x73, 0x20, 0x43, 0x74, 0x72, 0x6c, 0x2d,
 0x43, 0x20, 0x61, 0x67, 0x61, 0x69, 0x6e, 0x20,
 0x74, 0x6f, 0x20, 0x71, 0x75, 0x69, 0x74, 0x29,
 0x5c, 0x6e, 0x27, 0x29, 0x3b, 0x0a, 0x20, 0x20,
 0x20, 0x20, 0x20, 0x20, 0x73, 0x74, 0x64, 0x6f,
 0x75, 0x74, 0x2e, 0x66, 0x6c, 0x75, 0x73, 0x68,
 0x28, 0x29, 0x3b, 0x0a, 0x20, 0x20, 0x20, 0x20,
 0x20, 0x20, 0x74, 0x68, 0x69, 0x73, 0x2e, 0x72,
 0x65, 0x61, 0x64, 0x6c, 0x69, 0x6e, 0x65, 0x50,
 0x72, 0x69, 0x6e, 0x74, 0x50, 0x72, 0x6f, 0x6d,
 0x70, 0x74, 0x28, 0x29, 0x3b, 0x0a, 0x20, 0x20,
 0x20, 0x20, 0x7d, 0x0a, 0x20, 0x20, 0x7d, 0x0c,
 0x42, 0x0b, 0x01, 0x00, 0x00, 0x01, 0x00, 0x03,
 0x00, 0x01, 0x00, 0x39, 0x01, 0x10, 0x00, 0x01,
 0x00, 0xa2, 0x04, 0x1d, 0x1a, 0x08, 0xc9, 0xc5,
 0x40, 0xab, 0x01, 0x00, 0x00, 0xe9, 0xb4, 0xab,
 0xea, 0x21, 0x64, 0x00, 0x00, 0x41, 0x0b, 0x01,
 0x00, 0x00, 0x04, 0x52, 0x01, 0x00, 0x00, 0x24,
 0x01, 0x00, 0x0e, 0x64, 0x00, 0x00, 0x41, 0x3a,
 0x01, 0x00, 0x00, 0x24, 0x00, 0x00, 0x0e, 0xbc,
 0xfd, 0x28, 0xc5, 0x41, 0xae, 0x01, 0x00, 0x00,
 0xb5, 0x24, 0x01, 0x00, 0x0e, 0x29, 0xca, 0x03,
 0xd6, 0x05, 0x03, 0x0e, 0x30, 0x30, 0x17, 0x27,
 0x2a, 0x0e, 0x30, 0x0d, 0x2a, 0x0e, 0x28, 0x0d,
 0x20, 0x0a, 0xc4, 0x01, 0x63, 0x6f, 0x6e, 0x74,
 0x72, 0x6f, 0x6c, 0x44, 0x28, 0x29, 0x20, 0x7b,
 0x0a, 0x20, 0x20, 0x20, 0x20, 0x69, 0x66, 0x28,
 0x74, 0x68, 0x69, 0x73, 0x2e, 0x63, 0x6d, 0x64,
 0x2e, 0x6c, 0x65, 0x6e, 0x67, 0x74, 0x68, 0x20,
 0x3d, 0x3d, 0x20, 0x30, 0x29, 0x20, 0x7b, 0x0a,
 0x20, 0x20, 0x20, 0x20, 0x20, 0x20, 0x73, 0x74,
 0x64, 0x6f, 0x75, 0x74, 0x2e, 0x70, 0x75, 0x74,
 0x73, 0x28, 0x27, 0x5c, 0x6e, 0x27, 0x29, 0x3b,
 0x0a, 0x20, 0x20, 0x20, 0x20, 0x20, 0x20, 0x73,
 0x74, 0x64, 0x6f, 0x75, 0x74, 0x2e, 0x66, 0x6c,
 0x75, 0x73, 0x68, 0x28, 0x29, 0x3b, 0x0a, 0x20,
 0x20, 0x20, 0x20, 0x20, 0x20, 0x72, 0x65, 0x74,
 0x75, 0x72, 0x6e, 0x20, 0x2d, 0x33, 0x3b, 0x20,
 0x2f, 0x2a, 0x20, 0x65, 0x78, 0x69, 0x74, 0x20,
 0x72, 0x65, 0x61, 0x64, 0x20, 0x65, 0x76, 0x61,
 0x6c, 0x20, 0x74, 0x68, 0x69, 0x73, 0x2e, 0x70,
 0x72, 0x69, 0x6e, 0x74, 0x20, 0x6c, 0x6f, 0x6f,
 0x70, 0x20, 0x2a, 0x2f, 0x0a, 0x20, 0x20, 0x20,
 0x20, 0x7d, 0x20, 0x65, 0x6c, 0x73, 0x65, 0x20,
 0x7b, 0x0a, 0x20, 0x20, 0x20, 0x20, 0x20, 0x20,
 0x74, 0x68, 0x69, 0x73, 0x2e, 0x64, 0x65, 0x6c,
 0x65, 0x74, 0x65, 0x43, 0x68, 0x61, 0x72, 0x44,
 0x69, 0x72, 0x28, 0x31, 0x29, 0x3b, 0x0a, 0x20,
 0x20, 0x20, 0x20, 0x7d, 0x0a, 0x20, 0x20, 0x7d,
 0x0c, 0x42, 0x0b, 0x01, 0x00, 0x00, 0x01, 0x00,
 0x02, 0x00, 0x00, 0x00, 0x18, 0x01, 0x10, 0x00,
 0x01, 0x00, 0x08, 0xc9, 0xc5, 0x40, 0xab, 0x01,
 0x00, 0x00, 0xe9, 0xb4, 0xa7, 0xea, 0x0b, 0xc5,
 0x41, 0x64, 0x01, 0x00, 0x00, 0x24, 0x00, 0x00,
 0x0e, 0x29, 0xca, 0x03, 0xe0, 0x05, 0x03, 0x06,
 0x32, 0x2e, 0x16, 0x06, 0x20, 0x0a, 0xcd, 0x01,
 0x63, 0x6f, 0x6e, 0x74, 0x72, 0x6f, 0x6c, 0x4c,
 0x28, 0x29, 0x20, 0x7b, 0x0a, 0x20, 0x20, 0x20,
 0x20, 0x2f, 0x2f, 0x70, 0x75, 0x74, 0x73, 0x28,
 0x60, 0x63, 0x6f, 0x6e, 0x74, 0x72, 0x6f, 0x6c,
 0x4c, 0x20, 0x27, 0x24, 0x7b, 0x4f, 0x62, 0x6a,
 0x65, 0x63, 0x74, 0x2e, 0x67, 0x65, 0x74, 0x4f,
 0x77, 0x6e, 0x50, 0x72, 0x6f, 0x70, 0x65, 0x72,
 0x74, 0x79, 0x4e, 0x61, 0x6d, 0x65, 0x73, 0x28,
 0x4f, 0x62, 0x6a, 0x65, 0x63, 0x74, 0x2e, 0x67,
 0x65, 0x74, 0x50, 0x72, 0x6f, 0x74, 0x6f, 0x74,
 0x79, 0x70, 0x65, 0x4f, 0x66, 0x28, 0x74, 0x68,
 0x69, 0x73, 0x29, 0x29, 0x20, 0x2e, 0x66, 0x69,
 0x6c, 0x74, 0x65, 0x72, 0x28, 0x6e, 0x20, 0x3d,
 0x3e, 0x20, 0x74, 0x79, 0x70, 0x65, 0x6f, 0x66,
 0x20, 0x74, 0x68, 0x69, 0x73, 0x5b, 0x6e, 0x5d,
 0x20, 0x21, 0x3d, 0x20, 0x27, 0x66, 0x75, 0x6e,
 0x63, 0x74, 0x69, 0x6f, 0x6e, 0x27, 0x29, 0x20,
 0x2e, 0x6a, 0x6f, 0x69, 0x6e, 0x28, 0x27, 0x20,
 0x27, 0x29, 0x7d, 0x27, 0x5c, 0x6e, 0x60, 0x20,
 0x29, 0x3b, 0x0a, 0x0a, 0x20, 0x20, 0x20, 0x20,
 0x69, 0x66, 0x28, 0x74, 0x68, 0x69, 0x73, 0x2e,
 0x63, 0x6d, 0x64, 0x2e, 0x6c, 0x65, 0x6e, 0x67,
 0x74, 0x68, 0x20, 0x3e, 0x20, 0x30, 0x29, 0x20,
 0x74, 0x68, 0x69, 0x73, 0x2e, 0x64, 0x65, 0x6c,
 0x65, 0x74, 0x65, 0x41, 0x6c, 0x6c, 0x28, 0x29,
 0x3b, 0x0a, 0x20, 0x20, 0x7d, 0x0c, 0x42, 0x0b,
 0x01, 0x00, 0x00, 0x01, 0x00, 0x03, 0x00, 0x00,
 0x00, 0x0d, 0x01, 0x10, 0x00, 0x01, 0x00, 0x08,
 0xc9, 0xc5, 0x41, 0xae, 0x01, 0x00, 0x00, 0xb5,
 0x24, 0x01, 0x00, 0x29, 0xca, 0x03, 0xe6, 0x05,
 0x03, 0x04, 0x0d, 0x04, 0x20, 0x0a, 0x2d, 0x64,
 0x65, 0x6c, 0x65, 0x74, 0x65, 0x43, 0x68, 0x61,
 0x72, 0x28, 0x29, 0x20, 0x7b, 0x0a, 0x20, 0x20,
 0x20, 0x20, 0x74, 0x68, 0x69, 0x73, 0x2e, 0x64,
 0x65, 0x6c, 0x65, 0x74, 0x65, 0x43, 0x68, 0x61,
 0x72, 0x44, 0x69, 0x72, 0x28, 0x31, 0x29, 0x3b,
 0x0a, 0x20, 0x20, 0x7d, 0x0c, 0x42, 0x0b, 0x01,
 0x00, 0x01, 0x03, 0x01, 0x05, 0x00, 0x01, 0x00,
 0x9e, 0x01, 0x04, 0xba, 0x08, 0x00, 0x01, 0x00,
 0x9c, 0x07, 0x00, 0x00, 0x00, 0xbc, 0x08, 0x00,
 0x01, 0x00, 0x10, 0x00, 0x01, 0x00, 0xdc, 0x04,
 0x3d, 0x02, 0x08, 0xcb, 0x07, 0xca, 0xc7, 0x40,
 0xac, 0x01, 0x00, 0x00, 0xc9, 0xd1, 0xb4, 0xa5,
 0xea, 0x1a, 0x91, 0x00, 0xdd, 0xc7, 0x40, 0xab,
 0x01, 0x00, 0x00, 0x41, 0xad, 0x01, 0x00, 0x00,
 0xc5, 0x24, 0x01, 0x00, 0xef, 0xea, 0x05, 0x91,
 0x00, 0xec, 0xea, 0xc5, 0xb5, 0x9c, 0xca, 0xdd,
 0xc7, 0x40, 0xab, 0x01, 0x00, 0x00, 0x41, 0xad,
 0x01, 0x00, 0x00, 0xc6, 0x24, 0x01, 0x00, 0xef,
 0xea, 0x05, 0x92, 0x01, 0xec, 0xea, 0xc5, 0xb4,
 0xa8, 0xea, 0x55, 0xc5, 0xc7, 0x40, 0xab, 0x01,
 0x00, 0x00, 0xe9, 0xa5, 0xea, 0x4a, 0xc7, 0x40,
 0x0e, 0x02, 0x00, 0x00, 0xc7, 0x40, 0xaf, 0x01,
 0x00, 0x00, 0xad, 0xea, 0x0e, 0xc7, 0x41, 0xaf,
 0x01, 0x00, 0x00, 0xc4, 0xd1, 0x24, 0x03, 0x00,
 0x0e, 0x29, 0xc7, 0xc7, 0x40, 0xab, 0x01, 0x00,
 0x00, 0x41, 0xe1, 0x01, 0x00, 0x00, 0xb4, 0xc5,
 0x24, 0x02, 0x00, 0xc7, 0x40, 0xab, 0x01, 0x00,
 0x00, 0x41, 0xe1, 0x01, 0x00, 0x00, 0xc6, 0x24,
 0x01, 0x00, 0x9c, 0x42, 0xab, 0x01, 0x00, 0x00,
 0xc7, 0xc5, 0x42, 0xac, 0x01, 0x00, 0x00, 0x29,
 0xca, 0x03, 0xea, 0x05, 0x03, 0x2c, 0x00, 0x04,
 0x08, 0x04, 0x2b, 0x12, 0x17, 0x0d, 0x12, 0x34,
 0x39, 0x20, 0x25, 0x12, 0x18, 0x69, 0x07, 0x1c,
 0x17, 0x18, 0x39, 0x20, 0x25, 0x0e, 0x1d, 0x49,
 0x1b, 0x1a, 0x53, 0x05, 0x30, 0x23, 0x20, 0x20,
 0x27, 0x1f, 0x3e, 0x28, 0x1b, 0x2c, 0x39, 0x26,
 0x35, 0x79, 0xa0, 0x04, 0x64, 0x65, 0x6c, 0x65,
 0x74, 0x65, 0x43, 0x68, 0x61, 0x72, 0x44, 0x69,
 0x72, 0x28, 0x64, 0x69, 0x72, 0x29, 0x20, 0x7b,
 0x0a, 0x20, 0x20, 0x20, 0x20, 0x76, 0x61, 0x72,
 0x20, 0x73, 0x74, 0x61, 0x72, 0x74, 0x2c, 0x0a,
 0x20, 0x20, 0x20, 0x20, 0x20, 0x20, 0x65, 0x6e,
 0x64, 0x20, 0x3d, 0x20, 0x6e, 0x75, 0x6c, 0x6c,
 0x3b, 0x0a, 0x0a, 0x20, 0x20, 0x20, 0x20, 0x73,
 0x74, 0x61, 0x72, 0x74, 0x20, 0x3d, 0x20, 0x74,
 0x68, 0x69, 0x73, 0x2e, 0x63, 0x75, 0x72, 0x73,
 0x6f, 0x72, 0x50, 0x6f, 0x73, 0x3b, 0x0a, 0x20,
 0x20, 0x20, 0x20, 0x69, 0x66, 0x28, 0x64, 0x69,
 0x72, 0x20, 0x3c, 0x20, 0x30, 0x29, 0x20, 0x7b,
 0x0a, 0x20, 0x20, 0x20, 0x20, 0x20, 0x20, 0x73,
 0x74, 0x61, 0x72, 0x74, 0x2d, 0x2d, 0x3b, 0x0a,
 0x20, 0x20, 0x20, 0x20, 0x20, 0x20, 0x77, 0x68,
 0x69, 0x6c, 0x65, 0x28, 0x69, 0x73, 0x54, 0x72,
 0x61, 0x69, 0x6c, 0x69, 0x6e, 0x67, 0x53, 0x75,
 0x72, 0x72, 0x6f, 0x67, 0x61, 0x74, 0x65, 0x28,
 0x74, 0x68, 0x69, 0x73, 0x2e, 0x63, 0x6d, 0x64,
 0x2e, 0x63, 0x68, 0x61, 0x72, 0x41, 0x74, 0x28,
 0x73, 0x74, 0x61, 0x72, 0x74, 0x29, 0x29, 0x29,
 0x20, 0x73, 0x74, 0x61, 0x72, 0x74, 0x2d, 0x2d,
 0x3b, 0x0a, 0x20, 0x20, 0x20, 0x20, 0x7d, 0x0a,
 0x20, 0x20, 0x20, 0x20, 0x65, 0x6e, 0x64, 0x20,
 0x3d, 0x20, 0x73, 0x74, 0x61, 0x72, 0x74, 0x20,
 0x2b, 0x20, 0x31, 0x3b, 0x0a, 0x20, 0x20, 0x20,
 0x20, 0x77, 0x68, 0x69, 0x6c, 0x65, 0x28, 0x69,
 0x73, 0x54, 0x72, 0x61, 0x69, 0x6c, 0x69, 0x6e,
 0x67, 0x53, 0x75, 0x72, 0x72, 0x6f, 0x67, 0x61,
 0x74, 0x65, 0x28, 0x74, 0x68, 0x69, 0x73, 0x2e,
 0x63, 0x6d, 0x64, 0x2e, 0x63, 0x68, 0x61, 0x72,
 0x41, 0x74, 0x28, 0x65, 0x6e, 0x64, 0x29, 0x29,
 0x29, 0x20, 0x65, 0x6e, 0x64, 0x2b, 0x2b, 0x3b,
 0x0a, 0x0a, 0x20, 0x20, 0x20, 0x20, 0x69, 0x66,
 0x28, 0x73, 0x74, 0x61, 0x72, 0x74, 0x20, 0x3e,
 0x3d, 0x20, 0x30, 0x20, 0x26, 0x26, 0x20, 0x73,
 0x74, 0x61, 0x72, 0x74, 0x20, 0x3c, 0x20, 0x74,
 0x68, 0x69, 0x73, 0x2e, 0x63, 0x6d, 0x64, 0x2e,
 0x6c, 0x65, 0x6e, 0x67, 0x74, 0x68, 0x29, 0x20,
 0x7b, 0x0a, 0x20, 0x20, 0x20, 0x20, 0x20, 0x20,
 0x69, 0x66, 0x28, 0x74, 0x68, 0x69, 0x73, 0x2e,
 0x6c, 0x61, 0x73, 0x74, 0x46, 0x75, 0x6e, 0x20,
 0x3d, 0x3d, 0x3d, 0x20, 0x74, 0x68, 0x69, 0x73,
 0x2e, 0x6b, 0x69, 0x6c, 0x6c, 0x52, 0x65, 0x67,
 0x69, 0x6f, 0x6e, 0x29, 0x20, 0x7b, 0x0a, 0x20,
 0x20, 0x20, 0x20, 0x20, 0x20, 0x20, 0x20, 0x74,
 0x68, 0x69, 0x73, 0x2e, 0x6b, 0x69, 0x6c, 0x6c,
 0x52, 0x65, 0x67, 0x69, 0x6f, 0x6e, 0x28, 0x73,
 0x74, 0x61, 0x72, 0x74, 0x2c, 0x20, 0x65, 0x6e,
 0x64, 0x2c, 0x20, 0x64, 0x69, 0x72, 0x29, 0x3b,
 0x0a, 0x20, 0x20, 0x20, 0x20, 0x20, 0x20, 0x7d,
 0x20, 0x65, 0x6c, 0x73, 0x65, 0x20, 0x7b, 0x0a,
 0x20, 0x20, 0x20, 0x20, 0x20, 0x20, 0x20, 0x20,
 0x74, 0x68, 0x69, 0x73, 0x2e, 0x63, 0x6d, 0x64,
 0x20, 0x3d, 0x20, 0x74, 0x68, 0x69, 0x73, 0x2e,
 0x63, 0x6d, 0x64, 0x2e, 0x73, 0x75, 0x62, 0x73,
 0x74, 0x72, 0x69, 0x6e, 0x67, 0x28, 0x30, 0x2c,
 0x20, 0x73, 0x74, 0x61, 0x72, 0x74, 0x29, 0x20,
 0x2b, 0x20, 0x74, 0x68, 0x69, 0x73, 0x2e, 0x63,
 0x6d, 0x64, 0x2e, 0x73, 0x75, 0x62, 0x73, 0x74,
 0x72, 0x69, 0x6e, 0x67, 0x28, 0x65, 0x6e, 0x64,
 0x29, 0x3b, 0x0a, 0x20, 0x20, 0x20, 0x20, 0x20,
 0x20, 0x20, 0x20, 0x74, 0x68, 0x69, 0x73, 0x2e,
 0x63, 0x75, 0x72, 0x73, 0x6f, 0x72, 0x50, 0x6f,
 0x73, 0x20, 0x3d, 0x20, 0x73, 0x74, 0x61, 0x72,
 0x74, 0x3b, 0x0a, 0x20, 0x20, 0x20, 0x20, 0x20,
 0x20, 0x7d, 0x0a, 0x20, 0x20, 0x20, 0x20, 0x7d,
 0x0a, 0x20, 0x20, 0x7d, 0x0c, 0x42, 0x0b, 0x01,
 0x00, 0x00, 0x01, 0x00, 0x05, 0x00, 0x00, 0x00,
 0x15, 0x01, 0x10, 0x00, 0x01, 0x00, 0x08, 0xc9,
 0xc5, 0x41, 0xaf, 0x01, 0x00, 0x00, 0xb4, 0xc5,
 0x40, 0xab, 0x01, 0x00, 0x00, 0xe9, 0xb5, 0x24,
 0x03, 0x00, 0x29, 0xca, 0x03, 0x80, 0x06, 0x03,
 0x04, 0x0d, 0x04, 0x20, 0x0a, 0x81, 0x01, 0x64,
 0x65, 0x6c, 0x65, 0x74, 0x65, 0x41, 0x6c, 0x6c,
 0x28, 0x29, 0x20, 0x7b, 0x0a, 0x20, 0x20, 0x20,
 0x20, 0x74, 0x68, 0x69, 0x73, 0x2e, 0x6b, 0x69,
 0x6c, 0x6c, 0x52, 0x65, 0x67, 0x69, 0x6f, 0x6e,
 0x28, 0x30, 0x2c, 0x20, 0x74, 0x68, 0x69, 0x73,
 0x2e, 0x63, 0x6d, 0x64, 0x2e, 0x6c, 0x65, 0x6e,
 0x67, 0x74, 0x68, 0x2c, 0x20, 0x31, 0x29, 0x3b,
 0x0a, 0x0a, 0x20, 0x20, 0x20, 0x20, 0x2f, 0x2a,
 0x20, 0x74, 0x68, 0x69, 0x73, 0x2e, 0x63, 0x75,
 0x72, 0x73, 0x6f, 0x72, 0x50, 0x6f, 0x73, 0x20,
 0x3d, 0x20, 0x30, 0x3b, 0x0a, 0x20, 0x20, 0x20,
 0x20, 0x74, 0x68, 0x69, 0x73, 0x2e, 0x63, 0x6d,
 0x64, 0x20, 0x3d, 0x20, 0x27, 0x27, 0x3b, 0x0a,
 0x20, 0x20, 0x20, 0x20, 0x74, 0x68, 0x69, 0x73,
 0x2e, 0x75, 0x70, 0x64, 0x61, 0x74, 0x65, 0x28,
 0x29, 0x3b, 0x2a, 0x2f, 0x0a, 0x20, 0x20, 0x7d,
 0x0c, 0x42, 0x0b, 0x01, 0x00, 0x00, 0x02, 0x00,
 0x06, 0x00, 0x00, 0x00, 0x5c, 0x02, 0xbc, 0x08,
 0x00, 0x00, 0x00, 0x10, 0x00, 0x01, 0x00, 0x08,
 0xca, 0xc6, 0x41, 0x1f, 0x02, 0x00, 0x00, 0xc6,
 0x40, 0xac, 0x01, 0x00, 0x00, 0x24, 0x01, 0x00,
 0xc9, 0xc6, 0xc6, 0x40, 0xab, 0x01, 0x00, 0x00,
 0x41, 0xe1, 0x01, 0x00, 0x00, 0xb4, 0xc6, 0x40,
 0xac, 0x01, 0x00, 0x00, 0x24, 0x02, 0x00, 0xc6,
 0x40, 0xab, 0x01, 0x00, 0x00, 0x41, 0xe1, 0x01,
 0x00, 0x00, 0xc6, 0x40, 0xac, 0x01, 0x00, 0x00,
 0xc5, 0x24, 0x02, 0x00, 0x41, 0x20, 0x02, 0x00,
 0x00, 0x24, 0x00, 0x00, 0x9c, 0xc6, 0x40, 0xab,
 0x01, 0x00, 0x00, 0x41, 0xe1, 0x01, 0x00, 0x00,
 0xc5, 0x24, 0x01, 0x00, 0x9c, 0x42, 0xab, 0x01,
 0x00, 0x00, 0x29, 0xca, 0x03, 0x88, 0x06, 0x03,
 0x10, 0x2b, 0x42, 0x35, 0x3d, 0x3e, 0x28, 0x34,
 0x3e, 0x39, 0x26, 0x4d, 0x2a, 0x16, 0x20, 0x39,
 0x26, 0xd0, 0x01, 0x64, 0x6f, 0x77, 0x6e, 0x63,
 0x61, 0x73, 0x65, 0x57, 0x6f, 0x72, 0x64, 0x28,
 0x29, 0x20, 0x7b, 0x0a, 0x20, 0x20, 0x20, 0x20,
 0x76, 0x61, 0x72, 0x20, 0x65, 0x6e, 0x64, 0x20,
 0x3d, 0x20, 0x74, 0x68, 0x69, 0x73, 0x2e, 0x73,
 0x6b, 0x69, 0x70, 0x57, 0x6f, 0x72, 0x64, 0x46,
 0x6f, 0x72, 0x77, 0x61, 0x72, 0x64, 0x28, 0x74,
 0x68, 0x69, 0x73, 0x2e, 0x63, 0x75, 0x72, 0x73,
 0x6f, 0x72, 0x50, 0x6f, 0x73, 0x29, 0x3b, 0x0a,
 0x20, 0x20, 0x20, 0x20, 0x74, 0x68, 0x69, 0x73,
 0x2e, 0x63, 0x6d, 0x64, 0x20, 0x3d, 0x20, 0x74,
 0x68, 0x69, 0x73, 0x2e, 0x63, 0x6d, 0x64, 0x2e,
 0x73, 0x75, 0x62, 0x73, 0x74, 0x72, 0x69, 0x6e,
 0x67, 0x28, 0x30, 0x2c, 0x20, 0x74, 0x68, 0x69,
 0x73, 0x2e, 0x63, 0x75, 0x72, 0x73, 0x6f, 0x72,
 0x50, 0x6f, 0x73, 0x29, 0x20, 0x2b, 0x20, 0x74,
 0x68, 0x69, 0x73, 0x2e, 0x63, 0x6d, 0x64, 0x2e,
 0x73, 0x75, 0x62, 0x73, 0x74, 0x72, 0x69, 0x6e,
 0x67, 0x28, 0x74, 0x68, 0x69, 0x73, 0x2e, 0x63,
 0x75, 0x72, 0x73, 0x6f, 0x72, 0x50, 0x6f, 0x73,
 0x2c, 0x20, 0x65, 0x6e, 0x64, 0x29, 0x2e, 0x74,
 0x6f, 0x4c, 0x6f, 0x77, 0x65, 0x72, 0x43, 0x61,
 0x73, 0x65, 0x28, 0x29, 0x20, 0x2b, 0x20, 0x74,
 0x68, 0x69, 0x73, 0x2e, 0x63, 0x6d, 0x64, 0x2e,
 0x73, 0x75, 0x62, 0x73, 0x74, 0x72, 0x69, 0x6e,
 0x67, 0x28, 0x65, 0x6e, 0x64, 0x29, 0x3b, 0x0a,
 0x20, 0x20, 0x7d, 0x0c, 0x42, 0x0b, 0x01, 0x00,
 0x02, 0x01, 0x02, 0x02, 0x00, 0x00, 0x00, 0x10,
 0x03, 0x96, 0x07, 0x00, 0x01, 0x00, 0xc2, 0x08,
 0x00, 0x01, 0x00, 0x8c, 0x08, 0x00, 0x00, 0x00,
 0xc0, 0xc9, 0xd2, 0x8f, 0xd6, 0xb4, 0xa7, 0xea,
 0x06, 0xd1, 0x93, 0x00, 0xec, 0xf5, 0xc5, 0x28,
 0xca, 0x03, 0x8d, 0x06, 0x03, 0x04, 0x1d, 0x24,
 0x16, 0x06, 0x5d, 0x64, 0x75, 0x70, 0x73, 0x74,
 0x72, 0x28, 0x73, 0x74, 0x72, 0x2c, 0x20, 0x63,
 0x6f, 0x75, 0x6e, 0x74, 0x29, 0x20, 0x7b, 0x0a,
 0x20, 0x20, 0x20, 0x20, 0x76, 0x61, 0x72, 0x20,
 0x72, 0x65, 0x73, 0x20, 0x3d, 0x20, 0x27, 0x27,
 0x3b, 0x0a, 0x20, 0x20, 0x20, 0x20, 0x77, 0x68,
 0x69, 0x6c, 0x65, 0x28, 0x63, 0x6f, 0x75, 0x6e,
 0x74, 0x2d, 0x2d, 0x20, 0x3e, 0x20, 0x30, 0x29,
 0x20, 0x72, 0x65, 0x73, 0x20, 0x2b, 0x3d, 0x20,
 0x73, 0x74, 0x72, 0x3b, 0x0a, 0x20, 0x20, 0x20,
 0x20, 0x72, 0x65, 0x74, 0x75, 0x72, 0x6e, 0x20,
 0x72, 0x65, 0x73, 0x3b, 0x0a, 0x20, 0x20, 0x7d,
 0x0c, 0x42, 0x0b, 0x01, 0x00, 0x00, 0x01, 0x00,
 0x02, 0x00, 0x00, 0x00, 0x10, 0x01, 0x10, 0x00,
 0x01, 0x00, 0x08, 0xc9, 0xc5, 0xc5, 0x40, 0xab,
 0x01, 0x00, 0x00, 0xe9, 0x42, 0xac, 0x01, 0x00,
 0x00, 0x29, 0xca, 0x03, 0x93, 0x06, 0x03, 0x02,
 0x0d, 0x04, 0x37, 0x65, 0x6e, 0x64, 0x4f, 0x66,
 0x4c, 0x69, 0x6e, 0x65, 0x28, 0x29, 0x20, 0x7b,
 0x0a, 0x20, 0x20, 0x20, 0x20, 0x74, 0x68, 0x69,
 0x73, 0x2e, 0x63, 0x75, 0x72, 0x73, 0x6f, 0x72,
 0x50, 0x6f, 0x73, 0x20, 0x3d, 0x20, 0x74, 0x68,
 0x69, 0x73, 0x2e, 0x63, 0x6d, 0x64, 0x2e, 0x6c,
 0x65, 0x6e, 0x67, 0x74, 0x68, 0x3b, 0x0a, 0x20,
 0x20, 0x7d, 0x0c, 0x42, 0x0b, 0x01, 0x00, 0x00,
 0x00, 0x00, 0x06, 0x00, 0x04, 0x00, 0x52, 0x00,
 0xf4, 0x03, 0x0a, 0x1a, 0xa2, 0x04, 0x1d, 0x1a,
 0xca, 0x04, 0x33, 0x02, 0xfe, 0x03, 0x0f, 0x1a,
 0x64, 0x00, 0x00, 0xb5, 0xb6, 0xf0, 0x95, 0xea,
 0x21, 0x64, 0x01, 0x00, 0x41, 0x0b, 0x01, 0x00,
 0x00, 0x04, 0x55, 0x01, 0x00, 0x00, 0x04, 0xee,
 0x01, 0x00, 0x00, 0x41, 0x39, 0x01, 0x00, 0x00,
 0xdf, 0x24, 0x01, 0x00, 0x9c, 0x24, 0x01, 0x00,
 0x0e, 0x64, 0x03, 0x00, 0xb5, 0xb4, 0xf0, 0x95,
 0xea, 0x12, 0x64, 0x01, 0x00, 0x41, 0x0b, 0x01,
 0x00, 0x00, 0x04, 0x55, 0x01, 0x00, 0x00, 0x24,
 0x01, 0x00, 0x0e, 0x64, 0x01, 0x00, 0x41, 0x3a,
 0x01, 0x00, 0x00, 0x24, 0x00, 0x00, 0x0e, 0xb4,
 0xe3, 0x29, 0xca, 0x03, 0x97, 0x06, 0x03, 0x16,
 0x12, 0x0c, 0x20, 0x22, 0x2a, 0x0e, 0x1b, 0x18,
 0x34, 0x16, 0x40, 0x5d, 0x20, 0x32, 0x2a, 0x0e,
 0x31, 0x47, 0x2a, 0x0e, 0x18, 0x0d, 0xc2, 0x01,
 0x72, 0x65, 0x61, 0x64, 0x6c, 0x69, 0x6e, 0x65,
 0x52, 0x65, 0x6d, 0x6f, 0x76, 0x65, 0x50, 0x72,
 0x6f, 0x6d, 0x70, 0x74, 0x28, 0x29, 0x20, 0x7b,
 0x0a, 0x20, 0x20, 0x20, 0x20, 0x69, 0x66, 0x28,
 0x21, 0x63, 0x6c, 0x65, 0x61, 0x72, 0x4c, 0x69,
 0x6e, 0x65, 0x28, 0x31, 0x2c, 0x20, 0x32, 0x29,
 0x29, 0x20, 0x73, 0x74, 0x64, 0x6f, 0x75, 0x74,
 0x2e, 0x70, 0x75, 0x74, 0x73, 0x28, 0x27, 0x5c,
 0x72, 0x27, 0x20, 0x2b, 0x20, 0x27, 0x20, 0x27,
 0x2e, 0x72, 0x65, 0x70, 0x65, 0x61, 0x74, 0x28,
 0x74, 0x65, 0x72, 0x6d, 0x43, 0x75, 0x72, 0x73,
 0x6f, 0x72, 0x58, 0x29, 0x29, 0x3b, 0x0a, 0x0a,
 0x20, 0x20, 0x20, 0x20, 0x69, 0x66, 0x28, 0x21,
 0x73, 0x65, 0x74, 0x43, 0x75, 0x72, 0x73, 0x6f,
 0x72, 0x50, 0x6f, 0x73, 0x69, 0x74, 0x69, 0x6f,
 0x6e, 0x28, 0x31, 0x2c, 0x20, 0x30, 0x29, 0x29,
 0x20, 0x73, 0x74, 0x64, 0x6f, 0x75, 0x74, 0x2e,
 0x70, 0x75, 0x74, 0x73, 0x28, 0x27, 0x5c, 0x72,
 0x27, 0x29, 0x3b, 0x0a, 0x0a, 0x20, 0x20, 0x20,
 0x20, 0x73, 0x74, 0x64, 0x6f, 0x75, 0x74, 0x2e,
 0x66, 0x6c, 0x75, 0x73, 0x68, 0x28, 0x29, 0x3b,
 0x0a, 0x0a, 0x20, 0x20, 0x20, 0x20, 0x74, 0x65,
 0x72, 0x6d, 0x43, 0x75, 0x72, 0x73, 0x6f, 0x72,
 0x58, 0x20, 0x3d, 0x20, 0x30, 0x3b, 0x0a, 0x20,
 0x20, 0x7d, 0x0c, 0x42, 0x0b, 0x01, 0x00, 0x01,
 0x01, 0x01, 0x05, 0x00, 0x03, 0x00, 0x84, 0x01,
 0x02, 0xc4, 0x08, 0x00, 0x01, 0x00, 0x10, 0x00,
 0x01, 0x00, 0x84, 0x04, 0x12, 0x1a, 0xae, 0x04,
 0x25, 0x02, 0xba, 0x04, 0x2b, 0x02, 0x08, 0xc9,
 0xd1, 0xc5, 0x04, 0x04, 0x02, 0x00, 0x00, 0x46,
 0xae, 0xea, 0x11, 0xc5, 0xc5, 0x40, 0x23, 0x02,
 0x00, 0x00, 0xb4, 0xa3, 0xb5, 0x9c, 0x42, 0x23,
 0x02, 0x00, 0x00, 0x64, 0x00, 0x00, 0x41, 0x24,
 0x02, 0x00, 0x00, 0xd1, 0x24, 0x01, 0x00, 0xea,
 0x0e, 0xc5, 0x41, 0x25, 0x02, 0x00, 0x00, 0xd1,
 0x24, 0x01, 0x00, 0x0e, 0xec, 0x1d, 0xc5, 0x41,
 0x26, 0x02, 0x00, 0x00, 0xde, 0xdf, 0x40, 0x22,
 0x02, 0x00, 0x00, 0x46, 0xd1, 0xde, 0x40, 0x27,
 0x02, 0x00, 0x00, 0x26, 0x03, 0x00, 0x24, 0x01,
 0x00, 0x0e, 0xd1, 0x96, 0x04, 0x4d, 0x00, 0x00,
 0x00, 0xab, 0xea, 0x07, 0x38, 0x46, 0x00, 0x00,
 0x00, 0xd5, 0xc5, 0x04, 0x04, 0x02, 0x00, 0x00,
 0x1b, 0x11, 0xaf, 0xeb, 0x04, 0x1b, 0x70, 0x1b,
 0x1b, 0xd1, 0x1b, 0x70, 0x1b, 0x48, 0x38, 0x8d,
 0x00, 0x00, 0x00, 0xd1, 0x42, 0x28, 0x02, 0x00,
 0x00, 0x29, 0xca, 0x03, 0xa1, 0x06, 0x03, 0x1a,
 0x12, 0x20, 0x34, 0x16, 0x25, 0x42, 0x0c, 0x0a,
 0x4f, 0x57, 0x20, 0x12, 0x20, 0x24, 0x26, 0x51,
 0x20, 0x0a, 0x77, 0x14, 0x2f, 0x16, 0x22, 0x3d,
 0x67, 0x00, 0xd0, 0x02, 0x70, 0x72, 0x69, 0x6e,
 0x74, 0x52, 0x65, 0x73, 0x75, 0x6c, 0x74, 0x28,
 0x72, 0x65, 0x73, 0x75, 0x6c, 0x74, 0x29, 0x20,
 0x7b, 0x0a, 0x20, 0x20, 0x20, 0x20, 0x69, 0x66,
 0x28, 0x72, 0x65, 0x73, 0x75, 0x6c, 0x74, 0x20,
 0x21, 0x3d, 0x3d, 0x20, 0x74, 0x68, 0x69, 0x73,
 0x5b, 0x27, 0x24, 0x27, 0x5d, 0x29, 0x20, 0x74,
 0x68, 0x69, 0x73, 0x2e, 0x72, 0x65, 0x73, 0x75,
 0x6c, 0x74, 0x49, 0x64, 0x20, 0x3d, 0x20, 0x28,
 0x74, 0x68, 0x69, 0x73, 0x2e, 0x72, 0x65, 0x73,
 0x75, 0x6c, 0x74, 0x49, 0x64, 0x20, 0x7c, 0x20,
 0x30, 0x29, 0x20, 0x2b, 0x20, 0x31, 0x3b, 0x0a,
 0x0a, 0x20, 0x20, 0x20, 0x20, 0x69, 0x66, 0x28,
 0x74, 0x79, 0x70, 0x65, 0x73, 0x2e, 0x69, 0x73,
 0x50, 0x72, 0x6f, 0x6d, 0x69, 0x73, 0x65, 0x28,
 0x72, 0x65, 0x73, 0x75, 0x6c, 0x74, 0x29, 0x29,
 0x20, 0x74, 0x68, 0x69, 0x73, 0x2e, 0x70, 0x72,
 0x69, 0x6e, 0x74, 0x50, 0x72, 0x6f, 0x6d, 0x69,
 0x73, 0x65, 0x28, 0x72, 0x65, 0x73, 0x75, 0x6c,
 0x74, 0x29, 0x3b, 0x0a, 0x20, 0x20, 0x20, 0x20,
 0x65, 0x6c, 0x73, 0x65, 0x20, 0x74, 0x68, 0x69,
 0x73, 0x2e, 0x70, 0x72, 0x69, 0x6e, 0x74, 0x53,
 0x74, 0x61, 0x74, 0x75, 0x73, 0x28, 0x5b, 0x63,
 0x6f, 0x6c, 0x6f, 0x72, 0x73, 0x5b, 0x73, 0x74,
 0x79, 0x6c, 0x65, 0x73, 0x2e, 0x72, 0x65, 0x73,
 0x75, 0x6c, 0x74, 0x5d, 0x2c, 0x20, 0x72, 0x65,
 0x73, 0x75, 0x6c, 0x74, 0x2c, 0x20, 0x63, 0x6f,
 0x6c, 0x6f, 0x72, 0x73, 0x2e, 0x6e, 0x6f, 0x6e,
 0x65, 0x5d, 0x29, 0x3b, 0x0a, 0x0a, 0x20, 0x20,
 0x20, 0x20, 0x69, 0x66, 0x28, 0x74, 0x79, 0x70,
 0x65, 0x6f, 0x66, 0x20, 0x72, 0x65, 0x73, 0x75,
 0x6c, 0x74, 0x20, 0x3d, 0x3d, 0x20, 0x27, 0x75,
 0x6e, 0x6b, 0x6e, 0x6f, 0x77, 0x6e, 0x27, 0x29,
 0x20, 0x72, 0x65, 0x73, 0x75, 0x6c, 0x74, 0x20,
 0x3d, 0x20, 0x75, 0x6e, 0x64, 0x65, 0x66, 0x69,
 0x6e, 0x65, 0x64, 0x3b, 0x0a, 0x0a, 0x20, 0x20,
 0x20, 0x20, 0x74, 0x68, 0x69, 0x73, 0x5b, 0x27,
 0x24, 0x27, 0x5d, 0x20, 0x3d, 0x20, 0x72, 0x65,
 0x73, 0x75, 0x6c, 0x74, 0x3b, 0x0a, 0x20, 0x20,
 0x20, 0x20, 0x67, 0x6c, 0x6f, 0x62, 0x61, 0x6c,
 0x54, 0x68, 0x69, 0x73, 0x2e, 0x5f, 0x20, 0x3d,
 0x20, 0x72, 0x65, 0x73, 0x75, 0x6c, 0x74, 0x3b,
 0x0a, 0x20, 0x20, 0x7d, 0x0c, 0x40, 0x0b, 0x01,
 0x00, 0x02, 0x05, 0x01, 0x03, 0x02, 0x01, 0x04,
 0x5d, 0x07, 0xc4, 0x08, 0x00, 0x01, 0x00, 0xd2,
 0x08, 0x00, 0x01, 0x00, 0xc4, 0x08, 0x01, 0xff,
 0xff, 0xff, 0xff, 0x0f, 0x20, 0xd2, 0x08, 0x01,
 0x01, 0x20, 0xd4, 0x08, 0x02, 0x00, 0x30, 0xd6,
 0x08, 0x02, 0x03, 0x70, 0x01, 0x10, 0x00, 0x01,
 0x40, 0x00, 0xae, 0x04, 0x25, 0x02, 0x0c, 0x42,
 0x0b, 0x01, 0x00, 0x01, 0x00, 0x01, 0x0d, 0x00,
 0x01, 0x00, 0x42, 0x01, 0xd4, 0x08, 0x00, 0x01,
 0x00, 0xae, 0x04, 0x00, 0x02, 0xc0, 0x41, 0x5d,
 0x00, 0x00, 0x00, 0xdd, 0x40, 0x2c, 0x02, 0x00,
 0x00, 0x04, 0x2d, 0x02, 0x00, 0x00, 0xdd, 0x40,
 0x2e, 0x02, 0x00, 0x00, 0x04, 0x22, 0x02, 0x00,
 0x00, 0xdd, 0x40, 0x2c, 0x02, 0x00, 0x00, 0x04,
 0x2f, 0x02, 0x00, 0x00, 0xdd, 0x40, 0x30, 0x02,
 0x00, 0x00, 0xd1, 0xdd, 0x40, 0x2c, 0x02, 0x00,
 0x00, 0x04, 0x31, 0x02, 0x00, 0x00, 0xdd, 0x40,
 0x27, 0x02, 0x00, 0x00, 0x25, 0x0b, 0x00, 0xca,
 0x03, 0xad, 0x06, 0x1e, 0x00, 0x69, 0x69, 0x64,
 0x20, 0x3d, 0x3e, 0x20, 0x60, 0x24, 0x7b, 0x63,
 0x6f, 0x6c, 0x6f, 0x72, 0x73, 0x2e, 0x67, 0x72,
 0x61, 0x79, 0x7d, 0x3c, 0x24, 0x7b, 0x63, 0x6f,
 0x6c, 0x6f, 0x72, 0x73, 0x2e, 0x72, 0x65, 0x64,
 0x7d, 0x72, 0x65, 0x73, 0x75, 0x6c, 0x74, 0x24,
 0x7b, 0x63, 0x6f, 0x6c, 0x6f, 0x72, 0x73, 0x2e,
 0x67, 0x72, 0x61, 0x79, 0x7d, 0x23, 0x24, 0x7b,
 0x63, 0x6f, 0x6c, 0x6f, 0x72, 0x73, 0x2e, 0x63,
 0x79, 0x61, 0x6e, 0x7d, 0x24, 0x7b, 0x69, 0x64,
 0x7d, 0x24, 0x7b, 0x63, 0x6f, 0x6c, 0x6f, 0x72,
 0x73, 0x2e, 0x67, 0x72, 0x61, 0x79, 0x7d, 0x3e,
 0x24, 0x7b, 0x63, 0x6f, 0x6c, 0x6f, 0x72, 0x73,
 0x2e, 0x6e, 0x6f, 0x6e, 0x65, 0x7d, 0x60, 0x0c,
 0x42, 0x0b, 0x01, 0x00, 0x01, 0x00, 0x01, 0x05,
 0x00, 0x02, 0x00, 0x28, 0x01, 0x82, 0x01, 0x00,
 0x01, 0x00, 0x10, 0x04, 0x00, 0xd6, 0x08, 0x03,
 0x18, 0xdd, 0xd1, 0x42, 0x28, 0x02, 0x00, 0x00,
 0x38, 0x8d, 0x00, 0x00, 0x00, 0xd1, 0x42, 0x28,
 0x02, 0x00, 0x00, 0xdd, 0x41, 0x26, 0x02, 0x00,
 0x00, 0x64, 0x01, 0x00, 0x04, 0x32, 0x02, 0x00,
 0x00, 0xd1, 0x26, 0x03, 0x00, 0x24, 0x01, 0x00,
 0x29, 0xca, 0x03, 0xb3, 0x06, 0x0f, 0x08, 0x03,
 0x07, 0x26, 0x00, 0x3a, 0x00, 0x20, 0x0a, 0x8e,
 0x01, 0x76, 0x61, 0x6c, 0x75, 0x65, 0x20, 0x3d,
 0x3e, 0x20, 0x7b, 0x0a, 0x20, 0x20, 0x20, 0x20,
 0x20, 0x20, 0x20, 0x20, 0x20, 0x20, 0x74, 0x68,
 0x69, 0x73, 0x2e, 0x5f, 0x20, 0x3d, 0x20, 0x76,
 0x61, 0x6c, 0x75, 0x65, 0x3b, 0x0a, 0x20, 0x20,
 0x20, 0x20, 0x20, 0x20, 0x20, 0x20, 0x20, 0x20,
 0x67, 0x6c, 0x6f, 0x62, 0x61, 0x6c, 0x54, 0x68,
 0x69, 0x73, 0x2e, 0x5f, 0x20, 0x3d, 0x20, 0x76,
 0x61, 0x6c, 0x75, 0x65, 0x3b, 0x0a, 0x20, 0x20,
 0x20, 0x20, 0x20, 0x20, 0x20, 0x20, 0x20, 0x20,
 0x74, 0x68, 0x69, 0x73, 0x2e, 0x70, 0x72, 0x69,
 0x6e, 0x74, 0x53, 0x74, 0x61, 0x74, 0x75, 0x73,
 0x28, 0x5b, 0x62, 0x61, 0x6e, 0x6e, 0x65, 0x72,
 0x2c, 0x20, 0x60, 0x20, 0x72, 0x65, 0x73, 0x6f,
 0x6c, 0x76, 0x65, 0x64, 0x20, 0x74, 0x6f, 0x3a,
 0x5c, 0x6e, 0x60, 0x2c, 0x20, 0x76, 0x61, 0x6c,
 0x75, 0x65, 0x5d, 0x29, 0x3b, 0x0a, 0x20, 0x20,
 0x20, 0x20, 0x20, 0x20, 0x20, 0x20, 0x7d, 0x0c,
 0x42, 0x0b, 0x01, 0x00, 0x01, 0x00, 0x01, 0x06,
 0x00, 0x02, 0x00, 0x2f, 0x01, 0x82, 0x01, 0x00,
 0x01, 0x00, 0x10, 0x04, 0x00, 0xd6, 0x08, 0x03,
 0x18, 0xdd, 0x04, 0x33, 0x02, 0x00, 0x00, 0x1b,
 0x11, 0xaf, 0xeb, 0x04, 0x1b, 0x70, 0x1b, 0x1b,
 0xd1, 0x1b, 0x70, 0x1b, 0x48, 0xdd, 0x41, 0x26,
 0x02, 0x00, 0x00, 0x64, 0x01, 0x00, 0x04, 0x34,
 0x02, 0x00, 0x00, 0xd1, 0x04, 0xb8, 0x01, 0x00,
 0x00, 0x26, 0x04, 0x00, 0x24, 0x01, 0x00, 0x29,
 0xca, 0x03, 0xb8, 0x06, 0x10, 0x06, 0x03, 0x09,
 0x67, 0x00, 0x20, 0x0a, 0x72, 0x76, 0x61, 0x6c,
 0x75, 0x65, 0x20, 0x3d, 0x3e, 0x20, 0x7b, 0x0a,
 0x20, 0x20, 0x20, 0x20, 0x20, 0x20, 0x20, 0x20,
 0x20, 0x20, 0x74, 0x68, 0x69, 0x73, 0x5b, 0x27,
 0x21, 0x27, 0x5d, 0x20, 0x3d, 0x20, 0x76, 0x61,
 0x6c, 0x75, 0x65, 0x3b, 0x0a, 0x20, 0x20, 0x20,
 0x20, 0x20, 0x20, 0x20, 0x20, 0x20, 0x20, 0x74,
 0x68, 0x69, 0x73, 0x2e, 0x70, 0x72, 0x69, 0x6e,
 0x74, 0x53, 0x74, 0x61, 0x74, 0x75, 0x73, 0x28,
 0x5b, 0x62, 0x61, 0x6e, 0x6e, 0x65, 0x72, 0x2c,
 0x20, 0x60, 0x20, 0x72, 0x65, 0x6a, 0x65, 0x63,
 0x74, 0x65, 0x64, 0x20, 0x28, 0x60, 0x2c, 0x20,
 0x76, 0x61, 0x6c, 0x75, 0x65, 0x2c, 0x20, 0x60,
 0x29, 0x60, 0x5d, 0x29, 0x3b, 0x0a, 0x20, 0x20,
 0x20, 0x20, 0x20, 0x20, 0x20, 0x20, 0x7d, 0x0c,
 0x42, 0x0b, 0x01, 0x00, 0x00, 0x00, 0x00, 0x06,
 0x00, 0x01, 0x00, 0x1e, 0x00, 0xd6, 0x08, 0x03,
 0x18, 0x38, 0x95, 0x01, 0x00, 0x00, 0x41, 0xc8,
 0x01, 0x00, 0x00, 0xc0, 0x41, 0x5d, 0x00, 0x00,
 0x00, 0x64, 0x00, 0x00, 0x04, 0x35, 0x02, 0x00,
 0x00, 0x24, 0x02, 0x00, 0x25, 0x01, 0x00, 0xca,
 0x03, 0xbd, 0x06, 0x0a, 0x02, 0x34, 0x34, 0x31,
 0x28, 0x29, 0x20, 0x3d, 0x3e, 0x20, 0x63, 0x6f,
 0x6e, 0x73, 0x6f, 0x6c, 0x65, 0x2e, 0x6c, 0x6f,
 0x67, 0x28, 0x60, 0x24, 0x7b, 0x62, 0x61, 0x6e,
 0x6e, 0x65, 0x72, 0x7d, 0x20, 0x2d, 0x3e, 0x20,
 0x70, 0x65, 0x6e, 0x64, 0x69, 0x6e, 0x67, 0x20,
 0x50, 0x72, 0x6f, 0x6d, 0x69, 0x73, 0x65, 0x60,
 0x29, 0x08, 0xc2, 0x04, 0x60, 0x01, 0x00, 0x60,
 0x00, 0x00, 0xd1, 0xc9, 0xd2, 0x11, 0xf2, 0xea,
 0x0a, 0x0e, 0xbf, 0x00, 0x4c, 0x29, 0x02, 0x00,
 0x00, 0xda, 0xca, 0x60, 0x03, 0x00, 0x60, 0x02,
 0x00, 0xc1, 0x04, 0x40, 0x23, 0x02, 0x00, 0x00,
 0xcb, 0xd2, 0x61, 0x02, 0x00, 0xef, 0xcc, 0xd1,
 0xc1, 0x04, 0x04, 0x04, 0x02, 0x00, 0x00, 0x46,
 0xae, 0xea, 0x17, 0xd1, 0x41, 0x81, 0x00, 0x00,
 0x00, 0xbf, 0x01, 0x24, 0x01, 0x00, 0x41, 0x19,
 0x00, 0x00, 0x00, 0xbf, 0x02, 0x24, 0x01, 0x00,
 0x0e, 0xc1, 0x04, 0x41, 0x26, 0x02, 0x00, 0x00,
 0xbf, 0x03, 0x24, 0x01, 0x00, 0x29, 0xca, 0x03,
 0xad, 0x06, 0x03, 0x12, 0xd1, 0x2a, 0x22, 0x09,
 0x3a, 0x17, 0x21, 0x10, 0x00, 0x0a, 0x0a, 0x02,
 0x00, 0x06, 0x0a, 0x15, 0x25, 0x0a, 0xdc, 0x04,
 0x70, 0x72, 0x69, 0x6e, 0x74, 0x50, 0x72, 0x6f,
 0x6d, 0x69, 0x73, 0x65, 0x28, 0x72, 0x65, 0x73,
 0x75, 0x6c, 0x74, 0x2c, 0x20, 0x66, 0x6d, 0x74,
 0x20, 0x3d, 0x20, 0x69, 0x64, 0x20, 0x3d, 0x3e,
 0x20, 0x60, 0x24, 0x7b, 0x63, 0x6f, 0x6c, 0x6f,
 0x72, 0x73, 0x2e, 0x67, 0x72, 0x61, 0x79, 0x7d,
 0x3c, 0x24, 0x7b, 0x63, 0x6f, 0x6c, 0x6f, 0x72,
 0x73, 0x2e, 0x72, 0x65, 0x64, 0x7d, 0x72, 0x65,
 0x73, 0x75, 0x6c, 0x74, 0x24, 0x7b, 0x63, 0x6f,
 0x6c, 0x6f, 0x72, 0x73, 0x2e, 0x67, 0x72, 0x61,
 0x79, 0x7d, 0x23, 0x24, 0x7b, 0x63, 0x6f, 0x6c,
 0x6f, 0x72, 0x73, 0x2e, 0x63, 0x79, 0x61, 0x6e,
 0x7d, 0x24, 0x7b, 0x69, 0x64, 0x7d, 0x24, 0x7b,
 0x63, 0x6f, 0x6c, 0x6f, 0x72, 0x73, 0x2e, 0x67,
 0x72, 0x61, 0x79, 0x7d, 0x3e, 0x24, 0x7b, 0x63,
 0x6f, 0x6c, 0x6f, 0x72, 0x73, 0x2e, 0x6e, 0x6f,
 0x6e, 0x65, 0x7d, 0x60, 0x29, 0x20, 0x7b, 0x0a,
 0x20, 0x20, 0x20, 0x20, 0x63, 0x6f, 0x6e, 0x73,
 0x74, 0x20, 0x69, 0x64, 0x20, 0x3d, 0x20, 0x74,
 0x68, 0x69, 0x73, 0x2e, 0x72, 0x65, 0x73, 0x75,
 0x6c, 0x74, 0x49, 0x64, 0x3b, 0x0a, 0x20, 0x20,
 0x20, 0x20, 0x63, 0x6f, 0x6e, 0x73, 0x74, 0x20,
 0x62, 0x61, 0x6e, 0x6e, 0x65, 0x72, 0x20, 0x3d,
 0x20, 0x66, 0x6d, 0x74, 0x28, 0x69, 0x64, 0x29,
 0x3b, 0x0a, 0x0a, 0x20, 0x20, 0x20, 0x20, 0x69,
 0x66, 0x28, 0x72, 0x65, 0x73, 0x75, 0x6c, 0x74,
 0x20, 0x21, 0x3d, 0x3d, 0x20, 0x74, 0x68, 0x69,
 0x73, 0x5b, 0x27, 0x24, 0x27, 0x5d, 0x29, 0x0a,
 0x20, 0x20, 0x20, 0x20, 0x20, 0x20, 0x72, 0x65,
 0x73, 0x75, 0x6c, 0x74, 0x0a, 0x20, 0x20, 0x20,
 0x20, 0x20, 0x20, 0x20, 0x20, 0x2e, 0x74, 0x68,
 0x65, 0x6e, 0x28, 0x76, 0x61, 0x6c, 0x75, 0x65,
 0x20, 0x3d, 0x3e, 0x20, 0x7b, 0x0a, 0x20, 0x20,
 0x20, 0x20, 0x20, 0x20, 0x20, 0x20, 0x20, 0x20,
 0x74, 0x68, 0x69, 0x73, 0x2e, 0x5f, 0x20, 0x3d,
 0x20, 0x76, 0x61, 0x6c, 0x75, 0x65, 0x3b, 0x0a,
 0x20, 0x20, 0x20, 0x20, 0x20, 0x20, 0x20, 0x20,
 0x20, 0x20, 0x67, 0x6c, 0x6f, 0x62, 0x61, 0x6c,
 0x54, 0x68, 0x69, 0x73, 0x2e, 0x5f, 0x20, 0x3d,
 0x20, 0x76, 0x61, 0x6c, 0x75, 0x65, 0x3b, 0x0a,
 0x20, 0x20, 0x20, 0x20, 0x20, 0x20, 0x20, 0x20,
 0x20, 0x20, 0x74, 0x68, 0x69, 0x73, 0x2e, 0x70,
 0x72, 0x69, 0x6e, 0x74, 0x53, 0x74, 0x61, 0x74,
 0x75, 0x73, 0x28, 0x5b, 0x62, 0x61, 0x6e, 0x6e,
 0x65, 0x72, 0x2c, 0x20, 0x60, 0x20, 0x72, 0x65,
 0x73, 0x6f, 0x6c, 0x76, 0x65, 0x64, 0x20, 0x74,
 0x6f, 0x3a, 0x5c, 0x6e, 0x60, 0x2c, 0x20, 0x76,
 0x61, 0x6c, 0x75, 0x65, 0x5d, 0x29, 0x3b, 0x0a,
 0x20, 0x20, 0x20, 0x20, 0x20, 0x20, 0x20, 0x20,
 0x7d, 0x29, 0x0a, 0x20, 0x20, 0x20, 0x20, 0x20,
 0x20, 0x20, 0x20, 0x2e, 0x63, 0x61, 0x74, 0x63,
 0x68, 0x28, 0x76, 0x61, 0x6c, 0x75, 0x65, 0x20,
 0x3d, 0x3e, 0x20, 0x7b, 0x0a, 0x20, 0x20, 0x20,
 0x20, 0x20, 0x20, 0x20, 0x20, 0x20, 0x20, 0x74,
 0x68, 0x69, 0x73, 0x5b, 0x27, 0x21, 0x27, 0x5d,
 0x20, 0x3d, 0x20, 0x76, 0x61, 0x6c, 0x75, 0x65,
 0x3b, 0x0a, 0x20, 0x20, 0x20, 0x20, 0x20, 0x20,
 0x20, 0x20, 0x20, 0x20, 0x74, 0x68, 0x69, 0x73,
 0x2e, 0x70, 0x72, 0x69, 0x6e, 0x74, 0x53, 0x74,
 0x61, 0x74, 0x75, 0x73, 0x28, 0x5b, 0x62, 0x61,
 0x6e, 0x6e, 0x65, 0x72, 0x2c, 0x20, 0x60, 0x20,
 0x72, 0x65, 0x6a, 0x65, 0x63, 0x74, 0x65, 0x64,
 0x20, 0x28, 0x60, 0x2c, 0x20, 0x76, 0x61, 0x6c,
 0x75, 0x65, 0x2c, 0x20, 0x60, 0x29, 0x60, 0x5d,
 0x29, 0x3b, 0x0a, 0x20, 0x20, 0x20, 0x20, 0x20,
 0x20, 0x20, 0x20, 0x7d, 0x29, 0x3b, 0x0a, 0x0a,
 0x20, 0x20, 0x20, 0x20, 0x74, 0x68, 0x69, 0x73,
 0x2e, 0x70, 0x72, 0x69, 0x6e, 0x74, 0x53, 0x74,
 0x61, 0x74, 0x75, 0x73, 0x28, 0x28, 0x29, 0x20,
 0x3d, 0x3e, 0x20, 0x63, 0x6f, 0x6e, 0x73, 0x6f,
 0x6c, 0x65, 0x2e, 0x6c, 0x6f, 0x67, 0x28, 0x60,
 0x24, 0x7b, 0x62, 0x61, 0x6e, 0x6e, 0x65, 0x72,
 0x7d, 0x20, 0x2d, 0x3e, 0x20, 0x70, 0x65, 0x6e,
 0x64, 0x69, 0x6e, 0x67, 0x20, 0x50, 0x72, 0x6f,
 0x6d, 0x69, 0x73, 0x65, 0x60, 0x29, 0x29, 0x3b,
 0x0a, 0x20, 0x20, 0x7d, 0x0c, 0x42, 0x0b, 0x01,
 0x00, 0x01, 0x01, 0x01, 0x04, 0x00, 0x01, 0x00,
 0x2e, 0x02, 0xe2, 0x06, 0x00, 0x01, 0x00, 0x98,
 0x08, 0x00, 0x00, 0x00, 0xd2, 0x04, 0x38, 0x02,
 0x07, 0xc9, 0xd1, 0xb4, 0x46, 0x04, 0xe6, 0x01,
 0x00, 0x00, 0xae, 0xea, 0x03, 0xc0, 0x28, 0xb5,
 0xc9, 0xc5, 0xd1, 0xe9, 0xa5, 0xea, 0x0d, 0xdd,
 0xd1, 0xc5, 0x46, 0xef, 0x95, 0xeb, 0x05, 0x92,
 0x00, 0xec, 0xef, 0xd1, 0x41, 0xe1, 0x01, 0x00,
 0x00, 0xb5, 0xc5, 0x25, 0x02, 0x00, 0xca, 0x03,
 0xe8, 0x06, 0x03, 0x08, 0x1d, 0x1c, 0x44, 0x0e,
 0x21, 0x09, 0x59, 0x09, 0xc0, 0x01, 0x65, 0x78,
 0x74, 0x72, 0x61, 0x63, 0x74, 0x44, 0x69, 0x72,
 0x65, 0x63, 0x74, 0x69, 0x76, 0x65, 0x28, 0x61,
 0x29, 0x20, 0x7b, 0x0a, 0x20, 0x20, 0x20, 0x20,
 0x76, 0x61, 0x72, 0x20, 0x70, 0x6f, 0x73, 0x20,
 0x3d, 0x20, 0x6e, 0x75, 0x6c, 0x6c, 0x3b, 0x0a,
 0x20, 0x20, 0x20, 0x20, 0x69, 0x66, 0x28, 0x61,
 0x5b, 0x30, 0x5d, 0x20, 0x21, 0x3d, 0x3d, 0x20,
 0x27, 0x5c, 0x5c, 0x27, 0x29, 0x20, 0x72, 0x65,
 0x74, 0x75, 0x72, 0x6e, 0x20, 0x27, 0x27, 0x3b,
 0x0a, 0x20, 0x20, 0x20, 0x20, 0x66, 0x6f, 0x72,
 0x28, 0x70, 0x6f, 0x73, 0x20, 0x3d, 0x20, 0x31,
 0x3b, 0x20, 0x70, 0x6f, 0x73, 0x20, 0x3c, 0x20,
 0x61, 0x2e, 0x6c, 0x65, 0x6e, 0x67, 0x74, 0x68,
 0x3b, 0x20, 0x70, 0x6f, 0x73, 0x2b, 0x2b, 0x29,
 0x20, 0x7b, 0x0a, 0x20, 0x20, 0x20, 0x20, 0x20,
 0x20, 0x69, 0x66, 0x28, 0x21, 0x69, 0x73, 0x41,
 0x6c, 0x70, 0x68, 0x61, 0x28, 0x61, 0x5b, 0x70,
 0x6f, 0x73, 0x5d, 0x29, 0x29, 0x20, 0x62, 0x72,
 0x65, 0x61, 0x6b, 0x3b, 0x0a, 0x20, 0x20, 0x20,
 0x20, 0x7d, 0x0a, 0x20, 0x20, 0x20, 0x20, 0x72,
 0x65, 0x74, 0x75, 0x72, 0x6e, 0x20, 0x61, 0x2e,
 0x73, 0x75, 0x62, 0x73, 0x74, 0x72, 0x69, 0x6e,
 0x67, 0x28, 0x31, 0x2c, 0x20, 0x70, 0x6f, 0x73,
 0x29, 0x3b, 0x0a, 0x20, 0x20, 0x7d, 0x0c, 0x42,
 0x0b, 0x01, 0x00, 0x00, 0x01, 0x00, 0x04, 0x00,
 0x01, 0x00, 0x45, 0x01, 0x10, 0x00, 0x01, 0x00,
 0xdc, 0x04, 0x3d, 0x02, 0x08, 0xc9, 0xc5, 0x40,
 0xac, 0x01, 0x00, 0x00, 0xc5, 0x40, 0xab, 0x01,
 0x00, 0x00, 0xe9, 0xa5, 0xea, 0x33, 0xc5, 0x41,
 0xac, 0x01, 0x00, 0x00, 0x8e, 0x42, 0xac, 0x01,
 0x00, 0x00, 0xdd, 0xc5, 0x40, 0xab, 0x01, 0x00,
 0x00, 0x41, 0xad, 0x01, 0x00, 0x00, 0xc5, 0x40,
 0xac, 0x01, 0x00, 0x00, 0x24, 0x01, 0x00, 0xef,
 0xea, 0x0f, 0xc5, 0x41, 0xac, 0x01, 0x00, 0x00,
 0x8e, 0x42, 0xac, 0x01, 0x00, 0x00, 0xec, 0xdb,
 0x29, 0xca, 0x03, 0xf1, 0x06, 0x03, 0x0a, 0x2b,
 0x2c, 0x35, 0x23, 0x44, 0x34, 0x39, 0x20, 0x3e,
 0x24, 0xb0, 0x01, 0x66, 0x6f, 0x72, 0x77, 0x61,
 0x72, 0x64, 0x43, 0x68, 0x61, 0x72, 0x28, 0x29,
 0x20, 0x7b, 0x0a, 0x20, 0x20, 0x20, 0x20, 0x69,
 0x66, 0x28, 0x74, 0x68, 0x69, 0x73, 0x2e, 0x63,
 0x75, 0x72, 0x73, 0x6f, 0x72, 0x50, 0x6f, 0x73,
 0x20, 0x3c, 0x20, 0x74, 0x68, 0x69, 0x73, 0x2e,
 0x63, 0x6d, 0x64, 0x2e, 0x6c, 0x65, 0x6e, 0x67,
 0x74, 0x68, 0x29, 0x20, 0x7b, 0x0a, 0x20, 0x20,
 0x20, 0x20, 0x20, 0x20, 0x74, 0x68, 0x69, 0x73,
 0x2e, 0x63, 0x75, 0x72, 0x73, 0x6f, 0x72, 0x50,
 0x6f, 0x73, 0x2b, 0x2b, 0x3b, 0x0a, 0x20, 0x20,
 0x20, 0x20, 0x20, 0x20, 0x77, 0x68, 0x69, 0x6c,
 0x65, 0x28, 0x69, 0x73, 0x54, 0x72, 0x61, 0x69,
 0x6c, 0x69, 0x6e, 0x67, 0x53, 0x75, 0x72, 0x72,
 0x6f, 0x67, 0x61, 0x74, 0x65, 0x28, 0x74, 0x68,
 0x69, 0x73, 0x2e, 0x63, 0x6d, 0x64, 0x2e, 0x63,
 0x68, 0x61, 0x72, 0x41, 0x74, 0x28, 0x74, 0x68,
 0x69, 0x73, 0x2e, 0x63, 0x75, 0x72, 0x73, 0x6f,
 0x72, 0x50, 0x6f, 0x73, 0x29, 0x29, 0x29, 0x20,
 0x74, 0x68, 0x69, 0x73, 0x2e, 0x63, 0x75, 0x72,
 0x73, 0x6f, 0x72, 0x50, 0x6f, 0x73, 0x2b, 0x2b,
 0x3b, 0x0a, 0x20, 0x20, 0x20, 0x20, 0x7d, 0x0a,
 0x20, 0x20, 0x7d, 0x0c, 0x42, 0x0b, 0x01, 0x00,
 0x00, 0x01, 0x00, 0x04, 0x00, 0x00, 0x00, 0x18,
 0x01, 0x10, 0x00, 0x01, 0x00, 0x08, 0xc9, 0xc5,
 0xc5, 0x41, 0x1f, 0x02, 0x00, 0x00, 0xc5, 0x40,
 0xac, 0x01, 0x00, 0x00, 0x24, 0x01, 0x00, 0x42,
 0xac, 0x01, 0x00, 0x00, 0x29, 0xca, 0x03, 0xf8,
 0x06, 0x03, 0x04, 0x0d, 0x04, 0x25, 0x4c, 0x4e,
 0x66, 0x6f, 0x72, 0x77, 0x61, 0x72, 0x64, 0x57,
 0x6f, 0x72, 0x64, 0x28, 0x29, 0x20, 0x7b, 0x0a,
 0x20, 0x20, 0x20, 0x20, 0x74, 0x68, 0x69, 0x73,
 0x2e, 0x63, 0x75, 0x72, 0x73, 0x6f, 0x72, 0x50,
 0x6f, 0x73, 0x20, 0x3d, 0x20, 0x74, 0x68, 0x69,
 0x73, 0x2e, 0x73, 0x6b, 0x69, 0x70, 0x57, 0x6f,
 0x72, 0x64, 0x46, 0x6f, 0x72, 0x77, 0x61, 0x72,
 0x64, 0x28, 0x74, 0x68, 0x69, 0x73, 0x2e, 0x63,
 0x75, 0x72, 0x73, 0x6f, 0x72, 0x50, 0x6f, 0x73,
 0x29, 0x3b, 0x0a, 0x20, 0x20, 0x7d, 0x0c, 0x42,
 0x0b, 0x01, 0x00, 0x02, 0x0f, 0x02, 0x08, 0x00,
 0x01, 0x01, 0x93, 0x03, 0x11, 0xec, 0x08, 0x00,
 0x01, 0x00, 0x98, 0x08, 0x00, 0x01, 0x00, 0xee,
 0x08, 0x03, 0x00, 0x20, 0xca, 0x06, 0x05, 0x01,
 0x20, 0xf0, 0x08, 0x05, 0x02, 0x20, 0xf2, 0x08,
 0x05, 0x03, 0x20, 0xe6, 0x06, 0x00, 0x00, 0x00,
 0xf4, 0x08, 0x00, 0x05, 0x00, 0xf6, 0x08, 0x00,
 0x06, 0x00, 0xa6, 0x07, 0x00, 0x07, 0x00, 0x98,
 0x07, 0x00, 0x08, 0x00, 0x8e, 0x08, 0x00, 0x09,
 0x00, 0xf8, 0x08, 0x00, 0x0a, 0x00, 0xfa, 0x08,
 0x00, 0x0b, 0x00, 0xfc, 0x08, 0x00, 0x0c, 0x00,
 0xfe, 0x08, 0x0d, 0x00, 0x21, 0x10, 0x00, 0x01,
 0x00, 0x86, 0x04, 0x13, 0x1a, 0x0c, 0x43, 0x0a,
 0x01, 0xfe, 0x08, 0x02, 0x00, 0x02, 0x03, 0x00,
 0x00, 0x00, 0x34, 0x02, 0xe2, 0x06, 0x00, 0x01,
 0x00, 0x80, 0x09, 0x00, 0x01, 0x00, 0xd1, 0xb4,
 0x46, 0xd2, 0xb4, 0x46, 0xac, 0xea, 0x1b, 0xd1,
 0xb4, 0x46, 0x04, 0x28, 0x02, 0x00, 0x00, 0xab,
 0xea, 0x03, 0xb5, 0x28, 0xd2, 0xb4, 0x46, 0x04,
 0x28, 0x02, 0x00, 0x00, 0xab, 0xea, 0x03, 0xb3,
 0x28, 0xd1, 0xd2, 0xa5, 0xea, 0x03, 0xb3, 0x28,
 0xd1, 0xd2, 0xa7, 0xea, 0x04, 0xb5, 0x8c, 0x28,
 0xb4, 0x28, 0xca, 0x03, 0xa1, 0x07, 0x09, 0x0a,
 0x12, 0x1a, 0x30, 0x04, 0x44, 0x00, 0x3b, 0x0b,
 0x26, 0x00, 0xe9, 0x01, 0x66, 0x75, 0x6e, 0x63,
 0x74, 0x69, 0x6f, 0x6e, 0x20, 0x73, 0x79, 0x6d,
 0x63, 0x6d, 0x70, 0x28, 0x61, 0x2c, 0x20, 0x62,
 0x29, 0x20, 0x7b, 0x0a, 0x20, 0x20, 0x20, 0x20,
 0x20, 0x20, 0x20, 0x20, 0x20, 0x20, 0x69, 0x66,
 0x28, 0x61, 0x5b, 0x30, 0x5d, 0x20, 0x21, 0x3d,
 0x20, 0x62, 0x5b, 0x30, 0x5d, 0x29, 0x20, 0x7b,
 0x0a, 0x20, 0x20, 0x20, 0x20, 0x20, 0x20, 0x20,
 0x20, 0x20, 0x20, 0x20, 0x20, 0x69, 0x66, 0x28,
 0x61, 0x5b, 0x30, 0x5d, 0x20, 0x3d, 0x3d, 0x20,
 0x27, 0x5f, 0x27, 0x29, 0x20, 0x72, 0x65, 0x74,
 0x75, 0x72, 0x6e, 0x20, 0x31, 0x3b, 0x0a, 0x20,
 0x20, 0x20, 0x20, 0x20, 0x20, 0x20, 0x20, 0x20,
 0x20, 0x20, 0x20, 0x69, 0x66, 0x28, 0x62, 0x5b,
 0x30, 0x5d, 0x20, 0x3d, 0x3d, 0x20, 0x27, 0x5f,
 0x27, 0x29, 0x20, 0x72, 0x65, 0x74, 0x75, 0x72,
 0x6e, 0x20, 0x2d, 0x31, 0x3b, 0x0a, 0x20, 0x20,
 0x20, 0x20, 0x20, 0x20, 0x20, 0x20, 0x20, 0x20,
 0x7d, 0x0a, 0x20, 0x20, 0x20, 0x20, 0x20, 0x20,
 0x20, 0x20, 0x20, 0x20, 0x69, 0x66, 0x28, 0x61,
 0x20, 0x3c, 0x20, 0x62, 0x29, 0x20, 0x72, 0x65,
 0x74, 0x75, 0x72, 0x6e, 0x20, 0x2d, 0x31, 0x3b,
 0x0a, 0x20, 0x20, 0x20, 0x20, 0x20, 0x20, 0x20,
 0x20, 0x20, 0x20, 0x69, 0x66, 0x28, 0x61, 0x20,
 0x3e, 0x20, 0x62, 0x29, 0x20, 0x72, 0x65, 0x74,
 0x75, 0x72, 0x6e, 0x20, 0x2b, 0x31, 0x3b, 0x0a,
 0x20, 0x20, 0x20, 0x20, 0x20, 0x20, 0x20, 0x20,
 0x20, 0x20, 0x72, 0x65, 0x74, 0x75, 0x72, 0x6e,
 0x20, 0x30, 0x3b, 0x0a, 0x20, 0x20, 0x20, 0x20,
 0x20, 0x20, 0x20, 0x20, 0x7d, 0x08, 0xc2, 0x0e,
 0xd1, 0x41, 0x41, 0x02, 0x00, 0x00, 0x04, 0xe6,
 0x01, 0x00, 0x00, 0x24, 0x01, 0x00, 0xea, 0x74,
 0x60, 0x00, 0x00, 0x06, 0xc9, 0xc1, 0x0e, 0x41,
 0x42, 0x02, 0x00, 0x00, 0xd1, 0x41, 0x43, 0x02,
 0x00, 0x00, 0xb5, 0xd1, 0x41, 0xbe, 0x01, 0x00,
 0x00, 0x04, 0xee, 0x01, 0x00, 0x00, 0x24, 0x01,
 0x00, 0x24, 0x02, 0x00, 0x24, 0x01, 0x00, 0x11,
 0x62, 0x00, 0x00, 0xea, 0x47, 0x60, 0x03, 0x00,
 0x60, 0x02, 0x00, 0x60, 0x01, 0x00, 0x06, 0x11,
 0xf2, 0xeb, 0x11, 0x7d, 0x80, 0x00, 0x0e, 0xca,
 0x80, 0x00, 0x0e, 0xcb, 0x80, 0x00, 0x0e, 0xcc,
 0x83, 0xec, 0x07, 0x0e, 0x61, 0x00, 0x00, 0xec,
 0xeb, 0x61, 0x03, 0x00, 0xf5, 0x11, 0xea, 0x08,
 0x0e, 0x61, 0x03, 0x00, 0xd1, 0xd2, 0xf0, 0x11,
 0xeb, 0x11, 0x0e, 0x0b, 0x26, 0x00, 0x00, 0x4b,
 0x05, 0x02, 0x00, 0x00, 0xb4, 0x4b, 0x0c, 0x02,
 0x00, 0x00, 0x28, 0x07, 0xc2, 0x0a, 0xc1, 0x0e,
 0x41, 0x44, 0x02, 0x00, 0x00, 0xd1, 0xd2, 0x24,
 0x02, 0x00, 0xc2, 0x04, 0xc1, 0x0e, 0x41, 0x45,
 0x02, 0x00, 0x00, 0xd1, 0xd2, 0xc1, 0x04, 0xe9,
 0x9d, 0x24, 0x02, 0x00, 0xc2, 0x06, 0x26, 0x00,
 0x00, 0xc2, 0x07, 0xb4, 0xc2, 0x08, 0xc1, 0x06,
 0xc2, 0x05, 0xc1, 0x08, 0xbc, 0x0a, 0xa5, 0x68,
 0x79, 0x00, 0x00, 0x00, 0xc1, 0x05, 0xf3, 0xeb,
 0x71, 0xc1, 0x05, 0x06, 0xae, 0xea, 0x6b, 0x38,
 0x96, 0x00, 0x00, 0x00, 0x41, 0x46, 0x02, 0x00,
 0x00, 0xc1, 0x05, 0x24, 0x01, 0x00, 0xc2, 0x0b,
 0xb4, 0xc2, 0x09, 0xc1, 0x09, 0xc1, 0x0b, 0xe9,
 0xa5, 0xea, 0x3a, 0xc1, 0x0b, 0xc1, 0x09, 0x46,
 0xc3, 0x0c, 0x96, 0x04, 0x49, 0x00, 0x00, 0x00,
 0xab, 0xea, 0x26, 0xc0, 0xc1, 0x0c, 0x8c, 0x9c,
 0xc1, 0x0c, 0xac, 0xea, 0x1c, 0xc1, 0x0c, 0x41,
 0x41, 0x02, 0x00, 0x00, 0xc1, 0x04, 0x24, 0x01,
 0x00, 0xea, 0x0e, 0xc1, 0x07, 0x41, 0xf2, 0x01,
 0x00, 0x00, 0xc1, 0x0c, 0x24, 0x01, 0x00, 0x0e,
 0x92, 0x09, 0xec, 0xc0, 0x38, 0x96, 0x00, 0x00,
 0x00, 0x41, 0x60, 0x00, 0x00, 0x00, 0xc1, 0x05,
 0x24, 0x01, 0x00, 0xc2, 0x05, 0x92, 0x08, 0xec,
 0x82, 0xec, 0x3e, 0xc1, 0x08, 0xc1, 0x07, 0xe9,
 0xa5, 0xea, 0x2d, 0xc1, 0x07, 0xc1, 0x08, 0x46,
 0xc1, 0x07, 0xc1, 0x08, 0xb5, 0x9d, 0x46, 0xac,
 0xea, 0x1a, 0xc1, 0x07, 0xc1, 0x09, 0x90, 0xc2,
 0x09, 0x1b, 0x11, 0xaf, 0xeb, 0x04, 0x1b, 0x70,
 0x1b, 0x1b, 0xc1, 0x07, 0xc1, 0x08, 0x46, 0x1b,
 0x70, 0x1b, 0x48, 0x92, 0x08, 0xec, 0xcd, 0xc1,
 0x07, 0xc1, 0x09, 0x42, 0x32, 0x00, 0x00, 0x00,
 0x64, 0x00, 0x00, 0xc1, 0x07, 0xef, 0xc2, 0x07,
 0x0b, 0xc1, 0x07, 0x4b, 0x05, 0x02, 0x00, 0x00,
 0xc1, 0x04, 0xe9, 0x4b, 0x0c, 0x02, 0x00, 0x00,
 0xc1, 0x06, 0x4b, 0x0f, 0x02, 0x00, 0x00, 0x28,
 0xca, 0x03, 0xfc, 0x06, 0x03, 0x4b, 0x30, 0x14,
 0x73, 0x38, 0x20, 0x0a, 0x25, 0x1c, 0x00, 0x3b,
 0x08, 0x2f, 0x2a, 0x2e, 0x00, 0x1a, 0x16, 0x6b,
 0x25, 0x30, 0x26, 0x2f, 0x25, 0x3e, 0x0c, 0x18,
 0x30, 0x55, 0x00, 0x0e, 0x08, 0x3a, 0x34, 0x1c,
 0x1b, 0x20, 0x49, 0x23, 0x40, 0x2f, 0x45, 0x0a,
 0x34, 0x22, 0x16, 0x12, 0x3e, 0x30, 0x25, 0x08,
 0x25, 0x0e, 0x36, 0xa1, 0x01, 0x34, 0x38, 0x00,
 0x0d, 0x1c, 0x25, 0x0d, 0x18, 0x3a, 0x0b, 0x16,
 0x0c, 0x20, 0x08, 0x95, 0x2d, 0x31, 0x07, 0x11,
 0x16, 0xa3, 0x0e, 0x67, 0x65, 0x74, 0x43, 0x6f,
 0x6d, 0x70, 0x6c, 0x65, 0x74, 0x69, 0x6f, 0x6e,
 0x73, 0x28, 0x6c, 0x69, 0x6e, 0x65, 0x2c, 0x20,
 0x70, 0x6f, 0x73, 0x29, 0x20, 0x7b, 0x0a, 0x20,
 0x20, 0x20, 0x20, 0x69, 0x66, 0x28, 0x6c, 0x69,
 0x6e, 0x65, 0x2e, 0x73, 0x74, 0x61, 0x72, 0x74,
 0x73, 0x57, 0x69, 0x74, 0x68, 0x28, 0x27, 0x5c,
 0x5c, 0x27, 0x29, 0x29, 0x20, 0x7b, 0x0a, 0x20,
 0x20, 0x20, 0x20, 0x20, 0x20, 0x2f, 0x2f, 0x63,
 0x6f, 0x6e, 0x73, 0x6f, 0x6c, 0x65, 0x2e, 0x6c,
 0x6f, 0x67, 0x28, 0x27, 0x67, 0x65, 0x74, 0x43,
 0x6f, 0x6d, 0x70, 0x6c, 0x65, 0x74, 0x69, 0x6f,
 0x6e, 0x73, 0x27, 0x2c, 0x20, 0x7b, 0x20, 0x6c,
 0x69, 0x6e, 0x65, 0x2c, 0x70, 0x6f, 0x73, 0x7d,
 0x29, 0x3b, 0x0a, 0x20, 0x20, 0x20, 0x20, 0x20,
 0x20, 0x6c, 0x65, 0x74, 0x20, 0x64, 0x69, 0x72,
 0x65, 0x63, 0x74, 0x69, 0x76, 0x65, 0x3b, 0x0a,
 0x20, 0x20, 0x20, 0x20, 0x20, 0x20, 0x69, 0x66,
 0x28, 0x28, 0x64, 0x69, 0x72, 0x65, 0x63, 0x74,
 0x69, 0x76, 0x65, 0x20, 0x3d, 0x20, 0x74, 0x68,
 0x69, 0x73, 0x2e, 0x67, 0x65, 0x74, 0x44, 0x69,
 0x72, 0x65, 0x63, 0x74, 0x69, 0x76, 0x65, 0x28,
 0x6c, 0x69, 0x6e, 0x65, 0x2e, 0x73, 0x6c, 0x69,
 0x63, 0x65, 0x28, 0x31, 0x2c, 0x20, 0x6c, 0x69,
 0x6e, 0x65, 0x2e, 0x69, 0x6e, 0x64, 0x65, 0x78,
 0x4f, 0x66, 0x28, 0x27, 0x20, 0x27, 0x29, 0x29,
 0x29, 0x29, 0x29, 0x20, 0x7b, 0x0a, 0x20, 0x20,
 0x20, 0x20, 0x20, 0x20, 0x20, 0x20, 0x6c, 0x65,
 0x74, 0x20, 0x5b, 0x66, 0x6e, 0x2c, 0x20, 0x68,
 0x65, 0x6c, 0x70, 0x2c, 0x20, 0x63, 0x6f, 0x6d,
 0x70, 0x6c, 0x65, 0x74, 0x65, 0x5d, 0x20, 0x3d,
 0x20, 0x64, 0x69, 0x72, 0x65, 0x63, 0x74, 0x69,
 0x76, 0x65, 0x3b, 0x0a, 0x0a, 0x20, 0x20, 0x20,
 0x20, 0x20, 0x20, 0x20, 0x20, 0x2f, 0x2f, 0x63,
 0x6f, 0x6e, 0x73, 0x6f, 0x6c, 0x65, 0x2e, 0x6c,
 0x6f, 0x67, 0x28, 0x27, 0x67, 0x65, 0x74, 0x43,
 0x6f, 0x6d, 0x70, 0x6c, 0x65, 0x74, 0x69, 0x6f,
 0x6e, 0x73, 0x27, 0x2c, 0x20, 0x7b, 0x20, 0x66,
 0x6e, 0x2c, 0x20, 0x68, 0x65, 0x6c, 0x70, 0x2c,
 0x20, 0x63, 0x6f, 0x6d, 0x70, 0x6c, 0x65, 0x74,
 0x65, 0x20, 0x7d, 0x29, 0x3b, 0x0a, 0x20, 0x20,
 0x20, 0x20, 0x20, 0x20, 0x20, 0x20, 0x72, 0x65,
 0x74, 0x75, 0x72, 0x6e, 0x20, 0x28, 0x74, 0x79,
 0x70, 0x65, 0x6f, 0x66, 0x20, 0x63, 0x6f, 0x6d,
 0x70, 0x6c, 0x65, 0x74, 0x65, 0x20, 0x3d, 0x3d,
 0x20, 0x27, 0x66, 0x75, 0x6e, 0x63, 0x74, 0x69,
 0x6f, 0x6e, 0x27, 0x20, 0x26, 0x26, 0x20, 0x63,
 0x6f, 0x6d, 0x70, 0x6c, 0x65, 0x74, 0x65, 0x28,
 0x6c, 0x69, 0x6e, 0x65, 0x2c, 0x20, 0x70, 0x6f,
 0x73, 0x29, 0x29, 0x20, 0x7c, 0x7c, 0x20, 0x7b,
 0x20, 0x74, 0x61, 0x62, 0x3a, 0x20, 0x5b, 0x5d,
 0x2c, 0x20, 0x70, 0x6f, 0x73, 0x3a, 0x20, 0x30,
 0x20, 0x7d, 0x3b, 0x0a, 0x20, 0x20, 0x20, 0x20,
 0x20, 0x20, 0x7d, 0x0a, 0x20, 0x20, 0x20, 0x20,
 0x7d, 0x0a, 0x20, 0x20, 0x20, 0x20, 0x76, 0x61,
 0x72, 0x20, 0x73, 0x2c, 0x0a, 0x20, 0x20, 0x20,
 0x20, 0x20, 0x20, 0x6f, 0x62, 0x6a, 0x2c, 0x0a,
 0x20, 0x20, 0x20, 0x20, 0x20, 0x20, 0x63, 0x74,
 0x78, 0x4f, 0x62, 0x6a, 0x2c, 0x0a, 0x20, 0x20,
 0x20, 0x20, 0x20, 0x20, 0x72, 0x2c, 0x0a, 0x20,
 0x20, 0x20, 0x20, 0x20, 0x20, 0x69, 0x2c, 0x0a,
 0x20, 0x20, 0x20, 0x20, 0x20, 0x20, 0x6a, 0x2c,
 0x0a, 0x20, 0x20, 0x20, 0x20, 0x20, 0x20, 0x70,
 0x61, 0x72, 0x65, 0x6e, 0x20, 0x3d, 0x20, 0x6e,
 0x75, 0x6c, 0x6c, 0x3b, 0x0a, 0x0a, 0x20, 0x20,
 0x20, 0x20, 0x73, 0x20, 0x3d, 0x20, 0x74, 0x68,
 0x69, 0x73, 0x2e, 0x67, 0x65, 0x74, 0x43, 0x6f,
 0x6e, 0x74, 0x65, 0x78, 0x74, 0x57, 0x6f, 0x72,
 0x64, 0x28, 0x6c, 0x69, 0x6e, 0x65, 0x2c, 0x20,
 0x70, 0x6f, 0x73, 0x29, 0x3b, 0x0a, 0x20, 0x20,
 0x20, 0x20, 0x63, 0x74, 0x78, 0x4f, 0x62, 0x6a,
 0x20, 0x3d, 0x20, 0x74, 0x68, 0x69, 0x73, 0x2e,
 0x67, 0x65, 0x74, 0x43, 0x6f, 0x6e, 0x74, 0x65,
 0x78, 0x74, 0x4f, 0x62, 0x6a, 0x65, 0x63, 0x74,
 0x28, 0x6c, 0x69, 0x6e, 0x65, 0x2c, 0x20, 0x70,
 0x6f, 0x73, 0x20, 0x2d, 0x20, 0x73, 0x2e, 0x6c,
 0x65, 0x6e, 0x67, 0x74, 0x68, 0x29, 0x3b, 0x0a,
 0x20, 0x20, 0x20, 0x20, 0x72, 0x20, 0x3d, 0x20,
 0x5b, 0x5d, 0x3b, 0x0a, 0x20, 0x20, 0x20, 0x20,
 0x2f, 0x2a, 0x20, 0x65, 0x6e, 0x75, 0x6d, 0x65,
 0x72, 0x61, 0x74, 0x65, 0x20, 0x70, 0x72, 0x6f,
 0x70, 0x65, 0x72, 0x74, 0x69, 0x65, 0x73, 0x20,
 0x66, 0x72, 0x6f, 0x6d, 0x20, 0x6f, 0x62, 0x6a,
 0x65, 0x63, 0x74, 0x20, 0x61, 0x6e, 0x64, 0x20,
 0x69, 0x74, 0x73, 0x20, 0x70, 0x72, 0x6f, 0x74,
 0x6f, 0x74, 0x79, 0x70, 0x65, 0x20, 0x63, 0x68,
 0x61, 0x69, 0x6e, 0x2c, 0x0a, 0x20, 0x20, 0x20,
 0x20, 0x20, 0x20, 0x20, 0x61, 0x64, 0x64, 0x20,
 0x6e, 0x6f, 0x6e, 0x2d, 0x6e, 0x75, 0x6d, 0x65,
 0x72, 0x69, 0x63, 0x20, 0x72, 0x65, 0x67, 0x75,
 0x6c, 0x61, 0x72, 0x20, 0x70, 0x72, 0x6f, 0x70,
 0x65, 0x72, 0x74, 0x69, 0x65, 0x73, 0x20, 0x77,
 0x69, 0x74, 0x68, 0x20, 0x73, 0x20, 0x61, 0x73,
 0x20, 0x65, 0x20, 0x70, 0x72, 0x65, 0x66, 0x69,
 0x78, 0x0a, 0x20, 0x20, 0x20, 0x20, 0x20, 0x2a,
 0x2f, 0x0a, 0x20, 0x20, 0x20, 0x20, 0x66, 0x6f,
 0x72, 0x28, 0x69, 0x20, 0x3d, 0x20, 0x30, 0x2c,
 0x20, 0x6f, 0x62, 0x6a, 0x20, 0x3d, 0x20, 0x63,
 0x74, 0x78, 0x4f, 0x62, 0x6a, 0x3b, 0x20, 0x69,
 0x20, 0x3c, 0x20, 0x31, 0x30, 0x20, 0x26, 0x26,
 0x20, 0x6f, 0x62, 0x6a, 0x20, 0x21, 0x3d, 0x3d,
 0x20, 0x6e, 0x75, 0x6c, 0x6c, 0x20, 0x26, 0x26,
 0x20, 0x6f, 0x62, 0x6a, 0x20, 0x21, 0x3d, 0x3d,
 0x20, 0x76, 0x6f, 0x69, 0x64, 0x20, 0x30, 0x3b,
 0x20, 0x69, 0x2b, 0x2b, 0x29, 0x20, 0x7b, 0x0a,
 0x20, 0x20, 0x20, 0x20, 0x20, 0x20, 0x76, 0x61,
 0x72, 0x20, 0x70, 0x72, 0x6f, 0x70, 0x73, 0x20,
 0x3d, 0x20, 0x4f, 0x62, 0x6a, 0x65, 0x63, 0x74,
 0x2e, 0x67, 0x65, 0x74, 0x4f, 0x77, 0x6e, 0x50,
 0x72, 0x6f, 0x70, 0x65, 0x72, 0x74, 0x79, 0x4e,
 0x61, 0x6d, 0x65, 0x73, 0x28, 0x6f, 0x62, 0x6a,
 0x29, 0x3b, 0x0a, 0x20, 0x20, 0x20, 0x20, 0x20,
 0x20, 0x2f, 0x2a, 0x20, 0x61, 0x64, 0x64, 0x20,
 0x6e, 0x6f, 0x6e, 0x2d, 0x6e, 0x75, 0x6d, 0x65,
 0x72, 0x69, 0x63, 0x20, 0x72, 0x65, 0x67, 0x75,
 0x6c, 0x61, 0x72, 0x20, 0x70, 0x72, 0x6f, 0x70,
 0x65, 0x72, 0x74, 0x69, 0x65, 0x73, 0x20, 0x2a,
 0x2f, 0x0a, 0x20, 0x20, 0x20, 0x20, 0x20, 0x20,
 0x66, 0x6f, 0x72, 0x28, 0x6a, 0x20, 0x3d, 0x20,
 0x30, 0x3b, 0x20, 0x6a, 0x20, 0x3c, 0x20, 0x70,
 0x72, 0x6f, 0x70, 0x73, 0x2e, 0x6c, 0x65, 0x6e,
 0x67, 0x74, 0x68, 0x3b, 0x20, 0x6a, 0x2b, 0x2b,
 0x29, 0x20, 0x7b, 0x0a, 0x20, 0x20, 0x20, 0x20,
 0x20, 0x20, 0x20, 0x20, 0x76, 0x61, 0x72, 0x20,
 0x70, 0x72, 0x6f, 0x70, 0x20, 0x3d, 0x20, 0x70,
 0x72, 0x6f, 0x70, 0x73, 0x5b, 0x6a, 0x5d, 0x3b,
 0x0a, 0x20, 0x20, 0x20, 0x20, 0x20, 0x20, 0x20,
 0x20, 0x69, 0x66, 0x28, 0x74, 0x79, 0x70, 0x65,
 0x6f, 0x66, 0x20, 0x70, 0x72, 0x6f, 0x70, 0x20,
 0x3d, 0x3d, 0x20, 0x27, 0x73, 0x74, 0x72, 0x69,
 0x6e, 0x67, 0x27, 0x20, 0x26, 0x26, 0x20, 0x27,
 0x27, 0x20, 0x2b, 0x20, 0x2b, 0x70, 0x72, 0x6f,
 0x70, 0x20, 0x21, 0x3d, 0x20, 0x70, 0x72, 0x6f,
 0x70, 0x20, 0x26, 0x26, 0x20, 0x70, 0x72, 0x6f,
 0x70, 0x2e, 0x73, 0x74, 0x61, 0x72, 0x74, 0x73,
 0x57, 0x69, 0x74, 0x68, 0x28, 0x73, 0x29, 0x29,
 0x20, 0x72, 0x2e, 0x70, 0x75, 0x73, 0x68, 0x28,
 0x70, 0x72, 0x6f, 0x70, 0x29, 0x3b, 0x0a, 0x20,
 0x20, 0x20, 0x20, 0x20, 0x20, 0x7d, 0x0a, 0x20,
 0x20, 0x20, 0x20, 0x20, 0x20, 0x6f, 0x62, 0x6a,
 0x20, 0x3d, 0x20, 0x4f, 0x62, 0x6a, 0x65, 0x63,
 0x74, 0x2e, 0x67, 0x65, 0x74, 0x50, 0x72, 0x6f,
 0x74, 0x6f, 0x74, 0x79, 0x70, 0x65, 0x4f, 0x66,
 0x28, 0x6f, 0x62, 0x6a, 0x29, 0x3b, 0x0a, 0x20,
 0x20, 0x20, 0x20, 0x7d, 0x0a, 0x20, 0x20, 0x20,
 0x20, 0x69, 0x66, 0x28, 0x30, 0x29, 0x0a, 0x20,
 0x20, 0x20, 0x20, 0x20, 0x20, 0x69, 0x66, 0x28,
 0x72, 0x2e, 0x6c, 0x65, 0x6e, 0x67, 0x74, 0x68,
 0x20, 0x3e, 0x20, 0x31, 0x29, 0x20, 0x7b, 0x0a,
 0x20, 0x20, 0x20, 0x20, 0x20, 0x20, 0x20, 0x20,
 0x2f, 0x2a, 0x20, 0x73, 0x6f, 0x72, 0x74, 0x20,
 0x6c, 0x69, 0x73, 0x74, 0x20, 0x77, 0x69, 0x74,
 0x68, 0x20, 0x69, 0x6e, 0x74, 0x65, 0x72, 0x6e,
 0x61, 0x6c, 0x20, 0x6e, 0x61, 0x6d, 0x65, 0x73,
 0x20, 0x6c, 0x61, 0x73, 0x74, 0x20, 0x61, 0x6e,
 0x64, 0x20, 0x72, 0x65, 0x6d, 0x6f, 0x76, 0x65,
 0x20, 0x64, 0x75, 0x70, 0x6c, 0x69, 0x63, 0x61,
 0x74, 0x65, 0x73, 0x20, 0x2a, 0x2f, 0x0a, 0x20,
 0x20, 0x20, 0x20, 0x20, 0x20, 0x20, 0x20, 0x66,
 0x75, 0x6e, 0x63, 0x74, 0x69, 0x6f, 0x6e, 0x20,
 0x73, 0x79, 0x6d, 0x63, 0x6d, 0x70, 0x28, 0x61,
 0x2c, 0x20, 0x62, 0x29, 0x20, 0x7b, 0x0a, 0x20,
 0x20, 0x20, 0x20, 0x20, 0x20, 0x20, 0x20, 0x20,
 0x20, 0x69, 0x66, 0x28, 0x61, 0x5b, 0x30, 0x5d,
 0x20, 0x21, 0x3d, 0x20, 0x62, 0x5b, 0x30, 0x5d,
 0x29, 0x20, 0x7b, 0x0a, 0x20, 0x20, 0x20, 0x20,
 0x20, 0x20, 0x20, 0x20, 0x20, 0x20, 0x20, 0x20,
 0x69, 0x66, 0x28, 0x61, 0x5b, 0x30, 0x5d, 0x20,
 0x3d, 0x3d, 0x20, 0x27, 0x5f, 0x27, 0x29, 0x20,
 0x72, 0x65, 0x74, 0x75, 0x72, 0x6e, 0x20, 0x31,
 0x3b, 0x0a, 0x20, 0x20, 0x20, 0x20, 0x20, 0x20,
 0x20, 0x20, 0x20, 0x20, 0x20, 0x20, 0x69, 0x66,
 0x28, 0x62, 0x5b, 0x30, 0x5d, 0x20, 0x3d, 0x3d,
 0x20, 0x27, 0x5f, 0x27, 0x29, 0x20, 0x72, 0x65,
 0x74, 0x75, 0x72, 0x6e, 0x20, 0x2d, 0x31, 0x3b,
 0x0a, 0x20, 0x20, 0x20, 0x20, 0x20, 0x20, 0x20,
 0x20, 0x20, 0x20, 0x7d, 0x0a, 0x20, 0x20, 0x20,
 0x20, 0x20, 0x20, 0x20, 0x20, 0x20, 0x20, 0x69,
 0x66, 0x28, 0x61, 0x20, 0x3c, 0x20, 0x62, 0x29,
 0x20, 0x72, 0x65, 0x74, 0x75, 0x72, 0x6e, 0x20,
 0x2d, 0x31, 0x3b, 0x0a, 0x20, 0x20, 0x20, 0x20,
 0x20, 0x20, 0x20, 0x20, 0x20, 0x20, 0x69, 0x66,
 0x28, 0x61, 0x20, 0x3e, 0x20, 0x62, 0x29, 0x20,
 0x72, 0x65, 0x74, 0x75, 0x72, 0x6e, 0x20, 0x2b,
 0x31, 0x3b, 0x0a, 0x20, 0x20, 0x20, 0x20, 0x20,
 0x20, 0x20, 0x20, 0x20, 0x20, 0x72, 0x65, 0x74,
 0x75, 0x72, 0x6e, 0x20, 0x30, 0x3b, 0x0a, 0x20,
 0x20, 0x20, 0x20, 0x20, 0x20, 0x20, 0x20, 0x7d,
 0x0a, 0x20, 0x20, 0x20, 0x20, 0x20, 0x20, 0x20,
 0x20, 0x72, 0x2e, 0x73, 0x6f, 0x72, 0x74, 0x28,
 0x74, 0x68, 0x69, 0x73, 0x2e, 0x73, 0x79, 0x6d,
 0x63, 0x6d, 0x70, 0x29, 0x3b, 0x0a, 0x20, 0x20,
 0x20, 0x20, 0x20, 0x20, 0x20, 0x20, 0x66, 0x6f,
 0x72, 0x28, 0x69, 0x20, 0x3d, 0x20, 0x6a, 0x20,
 0x3d, 0x20, 0x31, 0x3b, 0x20, 0x69, 0x20, 0x3c,
 0x20, 0x72, 0x2e, 0x6c, 0x65, 0x6e, 0x67, 0x74,
 0x68, 0x3b, 0x20, 0x69, 0x2b, 0x2b, 0x29, 0x20,
 0x7b, 0x0a, 0x20, 0x20, 0x20, 0x20, 0x20, 0x20,
 0x20, 0x20, 0x20, 0x20, 0x69, 0x66, 0x28, 0x72,
 0x5b, 0x69, 0x5d, 0x20, 0x21, 0x3d, 0x20, 0x72,
 0x5b, 0x69, 0x20, 0x2d, 0x20, 0x31, 0x5d, 0x29,
 0x20, 0x72, 0x5b, 0x6a, 0x2b, 0x2b, 0x5d, 0x20,
 0x3d, 0x20, 0x72, 0x5b, 0x69, 0x5d, 0x3b, 0x0a,
 0x20, 0x20, 0x20, 0x20, 0x20, 0x20, 0x20, 0x20,
 0x7d, 0x0a, 0x20, 0x20, 0x20, 0x20, 0x20, 0x20,
 0x20, 0x20, 0x72, 0x2e, 0x6c, 0x65, 0x6e, 0x67,
 0x74, 0x68, 0x20, 0x3d, 0x20, 0x6a, 0x3b, 0x0a,
 0x20, 0x20, 0x20, 0x20, 0x20, 0x20, 0x7d, 0x0a,
 0x20, 0x20, 0x20, 0x20, 0x72, 0x20, 0x3d, 0x20,
 0x75, 0x6e, 0x69, 0x71, 0x75, 0x65, 0x28, 0x72,
 0x29, 0x3b, 0x0a, 0x20, 0x20, 0x20, 0x20, 0x2f,
 0x2a, 0x20, 0x27, 0x74, 0x61, 0x62, 0x27, 0x20,
 0x3d, 0x20, 0x6c, 0x69, 0x73, 0x74, 0x20, 0x6f,
 0x66, 0x20, 0x63, 0x6f, 0x6d, 0x70, 0x6c, 0x65,
 0x74, 0x69, 0x6f, 0x6e, 0x73, 0x2c, 0x20, 0x27,
 0x70, 0x6f, 0x73, 0x27, 0x20, 0x3d, 0x20, 0x63,
 0x75, 0x72, 0x73, 0x6f, 0x72, 0x20, 0x70, 0x6f,
 0x73, 0x69, 0x74, 0x69, 0x6f, 0x6e, 0x20, 0x69,
 0x6e, 0x73, 0x69, 0x64, 0x65, 0x0a, 0x20, 0x20,
 0x20, 0x20, 0x20, 0x20, 0x20, 0x74, 0x68, 0x65,
 0x20, 0x63, 0x6f, 0x6d, 0x70, 0x6c, 0x65, 0x74,
 0x69, 0x6f, 0x6e, 0x73, 0x20, 0x2a, 0x2f, 0x0a,
 0x20, 0x20, 0x20, 0x20, 0x72, 0x65, 0x74, 0x75,
 0x72, 0x6e, 0x20, 0x7b, 0x20, 0x74, 0x61, 0x62,
 0x3a, 0x20, 0x72, 0x2c, 0x20, 0x70, 0x6f, 0x73,
 0x3a, 0x20, 0x73, 0x2e, 0x6c, 0x65, 0x6e, 0x67,
 0x74, 0x68, 0x2c, 0x20, 0x63, 0x74, 0x78, 0x3a,
 0x20, 0x63, 0x74, 0x78, 0x4f, 0x62, 0x6a, 0x20,
 0x7d, 0x3b, 0x0a, 0x20, 0x20, 0x7d, 0x0c, 0x4a,
 0x0b, 0x01, 0x00, 0x02, 0x08, 0x02, 0x07, 0x0a,
 0x4c, 0x02, 0xc2, 0x02, 0x0a, 0xec, 0x08, 0x00,
 0x01, 0x40, 0x00, 0x98, 0x08, 0x00, 0x01, 0x40,
 0x01, 0xf4, 0x08, 0x00, 0x00, 0x40, 0x02, 0x8e,
 0x09, 0x00, 0x01, 0x40, 0x03, 0x9a, 0x07, 0x00,
 0x02, 0x40, 0x04, 0x82, 0x07, 0x0c, 0x00, 0x43,
 0x05, 0x10, 0x00, 0x01, 0x40, 0x06, 0xe4, 0x01,
 0x00, 0x01, 0x40, 0x07, 0xe8, 0x01, 0x00, 0x01,
 0x40, 0x08, 0x9c, 0x01, 0x00, 0x01, 0x40, 0x09,
 0xee, 0x01, 0x01, 0x18, 0xda, 0x03, 0x00, 0x18,
 0x10, 0x06, 0x00, 0xe0, 0x03, 0x00, 0x1a, 0xe2,
 0x03, 0x01, 0x1a, 0xe4, 0x03, 0x02, 0x1a, 0xe6,
 0x03, 0x03, 0x1a, 0xe8, 0x03, 0x04, 0x1a, 0xea,
 0x03, 0x05, 0x1a, 0xec, 0x03, 0x06, 0x1a, 0xee,
 0x03, 0x07, 0x1a, 0xf0, 0x03, 0x08, 0x1a, 0xf2,
 0x03, 0x09, 0x1a, 0xf4, 0x03, 0x0a, 0x1a, 0xf6,
 0x03, 0x0b, 0x1a, 0xf8, 0x03, 0x0c, 0x1a, 0xfa,
 0x03, 0x0d, 0x1a, 0xfc, 0x03, 0x0e, 0x1a, 0xfe,
 0x03, 0x0f, 0x1a, 0x80, 0x04, 0x10, 0x1a, 0x82,
 0x04, 0x11, 0x1a, 0x84, 0x04, 0x12, 0x1a, 0x86,
 0x04, 0x13, 0x1a, 0xd2, 0x03, 0x14, 0x1a, 0x88,
 0x04, 0x15, 0x1a, 0xd6, 0x03, 0x16, 0x1a, 0x8a,
 0x04, 0x17, 0x1a, 0x8c, 0x04, 0x18, 0x1a, 0x9e,
 0x04, 0x19, 0x1a, 0x8e, 0x04, 0x1a, 0x1a, 0x90,
 0x04, 0x1b, 0x1a, 0xa0, 0x04, 0x1c, 0x1a, 0xa2,
 0x04, 0x1d, 0x1a, 0x96, 0x04, 0x1e, 0x1a, 0x98,
 0x04, 0x1f, 0x1a, 0xa4, 0x04, 0x20, 0x1a, 0xa6,
 0x04, 0x21, 0x02, 0xa8, 0x04, 0x22, 0x02, 0xaa,
 0x04, 0x23, 0x02, 0xac, 0x04, 0x24, 0x02, 0xae,
 0x04, 0x25, 0x02, 0xb0, 0x04, 0x26, 0x1a, 0xb2,
 0x04, 0x27, 0x02, 0xb4, 0x04, 0x28, 0x02, 0xb6,
 0x04, 0x29, 0x02, 0xb8, 0x04, 0x2a, 0x02, 0xba,
 0x04, 0x2b, 0x02, 0xbc, 0x04, 0x2c, 0x02, 0xbe,
 0x04, 0x2d, 0x02, 0xc0, 0x04, 0x2e, 0x02, 0xc2,
 0x04, 0x2f, 0x02, 0xc4, 0x04, 0x30, 0x02, 0xc6,
 0x04, 0x31, 0x02, 0xc8, 0x04, 0x32, 0x02, 0xca,
 0x04, 0x33, 0x02, 0xcc, 0x04, 0x34, 0x02, 0xce,
 0x04, 0x35, 0x02, 0xd0, 0x04, 0x36, 0x02, 0xda,
 0x03, 0x37, 0x12, 0xd2, 0x04, 0x38, 0x02, 0xd4,
 0x04, 0x39, 0x02, 0xd6, 0x04, 0x3a, 0x02, 0xd8,
 0x04, 0x3b, 0x02, 0xda, 0x04, 0x3c, 0x02, 0xdc,
 0x04, 0x3d, 0x02, 0xde, 0x04, 0x3e, 0x02, 0xe0,
 0x04, 0x3f, 0x02, 0xe2, 0x04, 0x40, 0x02, 0xe4,
 0x04, 0x41, 0x02, 0xe6, 0x04, 0x42, 0x02, 0xe8,
 0x04, 0x43, 0x02, 0xea, 0x04, 0x44, 0x02, 0xf8,
 0x03, 0x45, 0x02, 0xec, 0x04, 0x46, 0x02, 0xdc,
 0x03, 0x47, 0x02, 0xde, 0x03, 0x48, 0x12, 0x07,
 0x02, 0x20, 0x07, 0x34, 0x00, 0x00, 0x01, 0x00,
 0x12, 0x00, 0x00, 0x00, 0x09, 0x06, 0x00, 0x00,
 0x00, 0x05, 0x08, 0xf5, 0xff, 0xff, 0xff, 0x0c,
 0x00, 0x01, 0x20, 0x0d, 0x00, 0x0b, 0x0c, 0x04,
 0xc2, 0x06, 0x0c, 0x03, 0xc2, 0x05, 0x08, 0xc2,
 0x04, 0x0c, 0x00, 0xc2, 0x07, 0x6b, 0x24, 0x01,
 0x00, 0x00, 0x07, 0xcb, 0xd2, 0xb4, 0xa6, 0x11,
 0xeb, 0x16, 0x0e, 0x04, 0x48, 0x02, 0x00, 0x00,
 0x41, 0xbe, 0x01, 0x00, 0x00, 0xd1, 0xd2, 0xb5,
 0x9d, 0x46, 0x24, 0x01, 0x00, 0xb4, 0xa8, 0xea,
 0x08, 0x38, 0x8d, 0x00, 0x00, 0x00, 0x6e, 0x28,
 0xd2, 0xb6, 0xa8, 0x68, 0xf3, 0x00, 0x00, 0x00,
 0xd1, 0xd2, 0xb5, 0x9d, 0x46, 0x04, 0xbf, 0x01,
 0x00, 0x00, 0xad, 0x68, 0xe3, 0x00, 0x00, 0x00,
 0xd2, 0x8d, 0xd6, 0x0b, 0xc9, 0xd1, 0xd2, 0xb5,
 0x9d, 0x46, 0xcf, 0x11, 0x04, 0xff, 0x01, 0x00,
 0x00, 0xad, 0xeb, 0x0a, 0x11, 0x04, 0x00, 0x02,
 0x00, 0x00, 0xad, 0xea, 0x08, 0x04, 0xb1, 0x01,
 0x00, 0x00, 0x6e, 0x28, 0x11, 0x04, 0xe9, 0x01,
 0x00, 0x00, 0xad, 0xea, 0x06, 0x26, 0x00, 0x00,
 0x6e, 0x28, 0x11, 0x04, 0x03, 0x02, 0x00, 0x00,
 0xad, 0xea, 0x04, 0x0b, 0x6e, 0x28, 0x11, 0x04,
 0xe3, 0x01, 0x00, 0x00, 0xad, 0xea, 0x08, 0xbe,
 0x00, 0xbe, 0x01, 0x34, 0x6e, 0x28, 0x5d, 0x3d,
 0x00, 0xc7, 0xef, 0x68, 0x88, 0x00, 0x00, 0x00,
 0xc1, 0x04, 0x41, 0x44, 0x02, 0x00, 0x00, 0xd1,
 0xd2, 0x24, 0x02, 0x00, 0xca, 0x04, 0x03, 0x00,
 0x00, 0x00, 0x04, 0x02, 0x00, 0x00, 0x00, 0x04,
 0x01, 0x00, 0x00, 0x00, 0x04, 0x08, 0x00, 0x00,
 0x00, 0x26, 0x04, 0x00, 0x41, 0x49, 0x02, 0x00,
 0x00, 0xc6, 0x24, 0x01, 0x00, 0x11, 0xeb, 0x0b,
 0x0e, 0x38, 0x4a, 0x02, 0x00, 0x00, 0xc6, 0x8c,
 0xef, 0x95, 0xea, 0x0e, 0x38, 0x3b, 0x00, 0x00,
 0x00, 0xc6, 0x32, 0x01, 0x00, 0x00, 0x00, 0x6e,
 0x28, 0xc1, 0x04, 0x41, 0x45, 0x02, 0x00, 0x00,
 0xd1, 0xd2, 0xc6, 0xe9, 0x9d, 0x24, 0x02, 0x00,
 0xcd, 0xf3, 0x11, 0xeb, 0x04, 0x0e, 0xc5, 0xf2,
 0xea, 0x04, 0xc5, 0x6e, 0x28, 0xc5, 0x38, 0x8d,
 0x00, 0x00, 0x00, 0xad, 0xea, 0x13, 0xc4, 0x46,
 0xf2, 0xea, 0x0e, 0x38, 0x3b, 0x00, 0x00, 0x00,
 0xc6, 0x32, 0x01, 0x00, 0x00, 0x00, 0x6e, 0x28,
 0xc4, 0x46, 0x6e, 0x28, 0x0b, 0x6e, 0x28, 0x0e,
 0xec, 0x0e, 0xcc, 0x6b, 0x0a, 0x00, 0x00, 0x00,
 0x67, 0x03, 0x00, 0x0e, 0xec, 0x02, 0x30, 0x29,
 0xca, 0x03, 0xb6, 0x07, 0x03, 0x35, 0x00, 0x17,
 0x0a, 0x1c, 0x52, 0x4a, 0x0c, 0x16, 0x20, 0x0e,
 0x3f, 0x6d, 0x2f, 0x20, 0x11, 0x0e, 0x3a, 0x3d,
 0x12, 0x00, 0x17, 0x30, 0x00, 0x4a, 0x18, 0x13,
 0x26, 0x0f, 0x25, 0x36, 0xad, 0x26, 0x43, 0x14,
 0x39, 0x34, 0x2b, 0xa3, 0x01, 0x25, 0x38, 0x0c,
 0x18, 0x26, 0x39, 0x20, 0x20, 0x26, 0x1f, 0x34,
 0x38, 0x2a, 0x28, 0x8d, 0x08, 0x67, 0x65, 0x74,
 0x43, 0x6f, 0x6e, 0x74, 0x65, 0x78, 0x74, 0x4f,
 0x62, 0x6a, 0x65, 0x63, 0x74, 0x28, 0x6c, 0x69,
 0x6e, 0x65, 0x2c, 0x20, 0x70, 0x6f, 0x73, 0x29,
 0x20, 0x7b, 0x0a, 0x20, 0x20, 0x20, 0x20, 0x74,
 0x72, 0x79, 0x20, 0x7b, 0x0a, 0x20, 0x20, 0x20,
 0x20, 0x20, 0x20, 0x76, 0x61, 0x72, 0x20, 0x6f,
 0x62, 0x6a, 0x2c, 0x0a, 0x20, 0x20, 0x20, 0x20,
 0x20, 0x20, 0x20, 0x20, 0x62, 0x61, 0x73, 0x65,
 0x2c, 0x0a, 0x20, 0x20, 0x20, 0x20, 0x20, 0x20,
 0x20, 0x20, 0x63, 0x20, 0x3d, 0x20, 0x6e, 0x75,
 0x6c, 0x6c, 0x3b, 0x0a, 0x20, 0x20, 0x20, 0x20,
 0x20, 0x20, 0x69, 0x66, 0x28, 0x70, 0x6f, 0x73,
 0x20, 0x3c, 0x3d, 0x20, 0x30, 0x20, 0x7c, 0x7c,
 0x20, 0x27, 0x20, 0x7e, 0x21, 0x25, 0x5e, 0x26,
 0x2a, 0x28, 0x2d, 0x2b, 0x3d, 0x7b, 0x5b, 0x7c,
 0x3a, 0x3b, 0x2c, 0x3c, 0x3e, 0x3f, 0x2f, 0x27,
 0x2e, 0x69, 0x6e, 0x64, 0x65, 0x78, 0x4f, 0x66,
 0x28, 0x6c, 0x69, 0x6e, 0x65, 0x5b, 0x70, 0x6f,
 0x73, 0x20, 0x2d, 0x20, 0x31, 0x5d, 0x29, 0x20,
 0x3e, 0x3d, 0x20, 0x30, 0x29, 0x20, 0x72, 0x65,
 0x74, 0x75, 0x72, 0x6e, 0x20, 0x67, 0x6c, 0x6f,
 0x62, 0x61, 0x6c, 0x54, 0x68, 0x69, 0x73, 0x3b,
 0x0a, 0x20, 0x20, 0x20, 0x20, 0x20, 0x20, 0x69,
 0x66, 0x28, 0x70, 0x6f, 0x73, 0x20, 0x3e, 0x3d,
 0x20, 0x32, 0x20, 0x26, 0x26, 0x20, 0x6c, 0x69,
 0x6e, 0x65, 0x5b, 0x70, 0x6f, 0x73, 0x20, 0x2d,
 0x20, 0x31, 0x5d, 0x20, 0x3d, 0x3d, 0x3d, 0x20,
 0x27, 0x2e, 0x27, 0x29, 0x20, 0x7b, 0x0a, 0x20,
 0x20, 0x20, 0x20, 0x20, 0x20, 0x20, 0x20, 0x70,
 0x6f, 0x73, 0x2d, 0x2d, 0x3b, 0x0a, 0x20, 0x20,
 0x20, 0x20, 0x20, 0x20, 0x20, 0x20, 0x6f, 0x62,
 0x6a, 0x20, 0x3d, 0x20, 0x7b, 0x7d, 0x3b, 0x0a,
 0x20, 0x20, 0x20, 0x20, 0x20, 0x20, 0x20, 0x20,
 0x73, 0x77, 0x69, 0x74, 0x63, 0x68, 0x20, 0x28,
 0x28, 0x63, 0x20, 0x3d, 0x20, 0x6c, 0x69, 0x6e,
 0x65, 0x5b, 0x70, 0x6f, 0x73, 0x20, 0x2d, 0x20,
 0x31, 0x5d, 0x29, 0x29, 0x20, 0x7b, 0x0a, 0x20,
 0x20, 0x20, 0x20, 0x20, 0x20, 0x20, 0x20, 0x20,
 0x20, 0x63, 0x61, 0x73, 0x65, 0x20, 0x22, 0x27,
 0x22, 0x3a, 0x0a, 0x0a, 0x20, 0x20, 0x20, 0x20,
 0x20, 0x20, 0x20, 0x20, 0x20, 0x20, 0x63, 0x61,
 0x73, 0x65, 0x20, 0x27, 0x22, 0x27, 0x3a, 0x0a,
 0x20, 0x20, 0x20, 0x20, 0x20, 0x20, 0x20, 0x20,
 0x20, 0x20, 0x20, 0x20, 0x72, 0x65, 0x74, 0x75,
 0x72, 0x6e, 0x20, 0x27, 0x61, 0x27, 0x3b, 0x0a,
 0x20, 0x20, 0x20, 0x20, 0x20, 0x20, 0x20, 0x20,
 0x20, 0x20, 0x63, 0x61, 0x73, 0x65, 0x20, 0x27,
 0x5d, 0x27, 0x3a, 0x0a, 0x20, 0x20, 0x20, 0x20,
 0x20, 0x20, 0x20, 0x20, 0x20, 0x20, 0x20, 0x20,
 0x72, 0x65, 0x74, 0x75, 0x72, 0x6e, 0x20, 0x5b,
 0x5d, 0x3b, 0x0a, 0x20, 0x20, 0x20, 0x20, 0x20,
 0x20, 0x20, 0x20, 0x20, 0x20, 0x63, 0x61, 0x73,
 0x65, 0x20, 0x27, 0x7d, 0x27, 0x3a, 0x0a, 0x20,
 0x20, 0x20, 0x20, 0x20, 0x20, 0x20, 0x20, 0x20,
 0x20, 0x20, 0x20, 0x72, 0x65, 0x74, 0x75, 0x72,
 0x6e, 0x20, 0x7b, 0x7d, 0x3b, 0x0a, 0x20, 0x20,
 0x20, 0x20, 0x20, 0x20, 0x20, 0x20, 0x20, 0x20,
 0x63, 0x61, 0x73, 0x65, 0x20, 0x27, 0x2f, 0x27,
 0x3a, 0x0a, 0x20, 0x20, 0x20, 0x20, 0x20, 0x20,
 0x20, 0x20, 0x20, 0x20, 0x20, 0x20, 0x72, 0x65,
 0x74, 0x75, 0x72, 0x6e, 0x20, 0x2f, 0x20, 0x2f,
 0x3b, 0x0a, 0x20, 0x20, 0x20, 0x20, 0x20, 0x20,
 0x20, 0x20, 0x20, 0x20, 0x64, 0x65, 0x66, 0x61,
 0x75, 0x6c, 0x74, 0x3a, 0x0a, 0x20, 0x20, 0x20,
 0x20, 0x20, 0x20, 0x20, 0x20, 0x20, 0x20, 0x20,
 0x20, 0x69, 0x66, 0x28, 0x69, 0x73, 0x57, 0x6f,
 0x72, 0x64, 0x28, 0x63, 0x29, 0x29, 0x20, 0x7b,
 0x0a, 0x20, 0x20, 0x20, 0x20, 0x20, 0x20, 0x20,
 0x20, 0x20, 0x20, 0x20, 0x20, 0x20, 0x20, 0x62,
 0x61, 0x73, 0x65, 0x20, 0x3d, 0x20, 0x74, 0x68,
 0x69, 0x73, 0x2e, 0x67, 0x65, 0x74, 0x43, 0x6f,
 0x6e, 0x74, 0x65, 0x78, 0x74, 0x57, 0x6f, 0x72,
 0x64, 0x28, 0x6c, 0x69, 0x6e, 0x65, 0x2c, 0x20,
 0x70, 0x6f, 0x73, 0x29, 0x3b, 0x0a, 0x20, 0x20,
 0x20, 0x20, 0x20, 0x20, 0x20, 0x20, 0x20, 0x20,
 0x20, 0x20, 0x20, 0x20, 0x69, 0x66, 0x28, 0x5b,
 0x27, 0x74, 0x72, 0x75, 0x65, 0x27, 0x2c, 0x20,
 0x27, 0x66, 0x61, 0x6c, 0x73, 0x65, 0x27, 0x2c,
 0x20, 0x27, 0x6e, 0x75, 0x6c, 0x6c, 0x27, 0x2c,
 0x20, 0x27, 0x74, 0x68, 0x69, 0x73, 0x27, 0x5d,
 0x2e, 0x69, 0x6e, 0x63, 0x6c, 0x75, 0x64, 0x65,
 0x73, 0x28, 0x62, 0x61, 0x73, 0x65, 0x29, 0x20,
 0x7c, 0x7c, 0x20, 0x21, 0x69, 0x73, 0x4e, 0x61,
 0x4e, 0x28, 0x2b, 0x62, 0x61, 0x73, 0x65, 0x29,
 0x29, 0x20, 0x72, 0x65, 0x74, 0x75, 0x72, 0x6e,
 0x20, 0x65, 0x76, 0x61, 0x6c, 0x28, 0x62, 0x61,
 0x73, 0x65, 0x29, 0x3b, 0x0a, 0x20, 0x20, 0x20,
 0x20, 0x20, 0x20, 0x20, 0x20, 0x20, 0x20, 0x20,
 0x20, 0x20, 0x20, 0x6f, 0x62, 0x6a, 0x20, 0x3d,
 0x20, 0x74, 0x68, 0x69, 0x73, 0x2e, 0x67, 0x65,
 0x74, 0x43, 0x6f, 0x6e, 0x74, 0x65, 0x78, 0x74,
 0x4f, 0x62, 0x6a, 0x65, 0x63, 0x74, 0x28, 0x6c,
 0x69, 0x6e, 0x65, 0x2c, 0x20, 0x70, 0x6f, 0x73,
 0x20, 0x2d, 0x20, 0x62, 0x61, 0x73, 0x65, 0x2e,
 0x6c, 0x65, 0x6e, 0x67, 0x74, 0x68, 0x29, 0x3b,
 0x0a, 0x20, 0x20, 0x20, 0x20, 0x20, 0x20, 0x20,
 0x20, 0x20, 0x20, 0x20, 0x20, 0x20, 0x20, 0x69,
 0x66, 0x28, 0x6f, 0x62, 0x6a, 0x20, 0x3d, 0x3d,
 0x3d, 0x20, 0x6e, 0x75, 0x6c, 0x6c, 0x20, 0x7c,
 0x7c, 0x20, 0x6f, 0x62, 0x6a, 0x20, 0x3d, 0x3d,
 0x3d, 0x20, 0x76, 0x6f, 0x69, 0x64, 0x20, 0x30,
 0x29, 0x20, 0x72, 0x65, 0x74, 0x75, 0x72, 0x6e,
 0x20, 0x6f, 0x62, 0x6a, 0x3b, 0x0a, 0x20, 0x20,
 0x20, 0x20, 0x20, 0x20, 0x20, 0x20, 0x20, 0x20,
 0x20, 0x20, 0x20, 0x20, 0x69, 0x66, 0x28, 0x6f,
 0x62, 0x6a, 0x20, 0x3d, 0x3d, 0x3d, 0x20, 0x67,
 0x6c, 0x6f, 0x62, 0x61, 0x6c, 0x54, 0x68, 0x69,
 0x73, 0x20, 0x26, 0x26, 0x20, 0x6f, 0x62, 0x6a,
 0x5b, 0x62, 0x61, 0x73, 0x65, 0x5d, 0x20, 0x3d,
 0x3d, 0x3d, 0x20, 0x76, 0x6f, 0x69, 0x64, 0x20,
 0x30, 0x29, 0x20, 0x72, 0x65, 0x74, 0x75, 0x72,
 0x6e, 0x20, 0x65, 0x76, 0x61, 0x6c, 0x28, 0x62,
 0x61, 0x73, 0x65, 0x29, 0x3b, 0x0a, 0x20, 0x20,
 0x20, 0x20, 0x20, 0x20, 0x20, 0x20, 0x20, 0x20,
 0x20, 0x20, 0x20, 0x20, 0x65, 0x6c, 0x73, 0x65,
 0x20, 0x72, 0x65, 0x74, 0x75, 0x72, 0x6e, 0x20,
 0x6f, 0x62, 0x6a, 0x5b, 0x62, 0x61, 0x73, 0x65,
 0x5d, 0x3b, 0x0a, 0x20, 0x20, 0x20, 0x20, 0x20,
 0x20, 0x20, 0x20, 0x20, 0x20, 0x20, 0x20, 0x7d,
 0x0a, 0x20, 0x20, 0x20, 0x20, 0x20, 0x20, 0x20,
 0x20, 0x20, 0x20, 0x20, 0x20, 0x72, 0x65, 0x74,
 0x75, 0x72, 0x6e, 0x20, 0x7b, 0x7d, 0x3b, 0x0a,
 0x20, 0x20, 0x20, 0x20, 0x20, 0x20, 0x20, 0x20,
 0x7d, 0x0a, 0x20, 0x20, 0x20, 0x20, 0x20, 0x20,
 0x7d, 0x0a, 0x20, 0x20, 0x20, 0x20, 0x7d, 0x20,
 0x63, 0x61, 0x74, 0x63, 0x68, 0x28, 0x65, 0x29,
 0x20, 0x7b, 0x7d, 0x0a, 0x20, 0x20, 0x20, 0x20,
 0x72, 0x65, 0x74, 0x75, 0x72, 0x6e, 0x20, 0x76,
 0x6f, 0x69, 0x64, 0x20, 0x30, 0x3b, 0x0a, 0x20,
 0x20, 0x7d, 0x0c, 0x42, 0x0b, 0x01, 0x00, 0x02,
 0x01, 0x02, 0x04, 0x00, 0x01, 0x00, 0x1d, 0x03,
 0xec, 0x08, 0x00, 0x01, 0x00, 0x98, 0x08, 0x00,
 0x01, 0x00, 0xe6, 0x06, 0x00, 0x00, 0x00, 0xd6,
 0x04, 0x3a, 0x02, 0xc0, 0xc9, 0xd2, 0xb4, 0xa7,
 0xea, 0x15, 0xdd, 0xd1, 0xd2, 0xb5, 0x9d, 0x46,
 0xef, 0xea, 0x0c, 0xd2, 0x8d, 0xd6, 0xd1, 0xd2,
 0x46, 0xc5, 0x9c, 0xc9, 0xec, 0xe8, 0xc5, 0x28,
 0xca, 0x03, 0xda, 0x07, 0x03, 0x0c, 0x13, 0x1c,
 0x1b, 0x18, 0x0c, 0x16, 0x21, 0x41, 0x12, 0x00,
 0x11, 0x20, 0x97, 0x01, 0x67, 0x65, 0x74, 0x43,
 0x6f, 0x6e, 0x74, 0x65, 0x78, 0x74, 0x57, 0x6f,
 0x72, 0x64, 0x28, 0x6c, 0x69, 0x6e, 0x65, 0x2c,
 0x20, 0x70, 0x6f, 0x73, 0x29, 0x20, 0x7b, 0x0a,
 0x20, 0x20, 0x20, 0x20, 0x76, 0x61, 0x72, 0x20,
 0x73, 0x20, 0x3d, 0x20, 0x27, 0x27, 0x3b, 0x0a,
 0x20, 0x20, 0x20, 0x20, 0x77, 0x68, 0x69, 0x6c,
 0x65, 0x28, 0x70, 0x6f, 0x73, 0x20, 0x3e, 0x20,
 0x30, 0x20, 0x26, 0x26, 0x20, 0x69, 0x73, 0x57,
 0x6f, 0x72, 0x64, 0x28, 0x6c, 0x69, 0x6e, 0x65,
 0x5b, 0x70, 0x6f, 0x73, 0x20, 0x2d, 0x20, 0x31,
 0x5d, 0x29, 0x29, 0x20, 0x7b, 0x0a, 0x20, 0x20,
 0x20, 0x20, 0x20, 0x20, 0x70, 0x6f, 0x73, 0x2d,
 0x2d, 0x3b, 0x0a, 0x20, 0x20, 0x20, 0x20, 0x20,
 0x20, 0x73, 0x20, 0x3d, 0x20, 0x6c, 0x69, 0x6e,
 0x65, 0x5b, 0x70, 0x6f, 0x73, 0x5d, 0x20, 0x2b,
 0x20, 0x73, 0x3b, 0x0a, 0x20, 0x20, 0x20, 0x20,
 0x7d, 0x0a, 0x20, 0x20, 0x20, 0x20, 0x72, 0x65,
 0x74, 0x75, 0x72, 0x6e, 0x20, 0x73, 0x3b, 0x0a,
 0x20, 0x20, 0x7d, 0x0c, 0x42, 0x0b, 0x01, 0x00,
 0x01, 0x01, 0x01, 0x04, 0x00, 0x02, 0x00, 0x7b,
 0x02, 0x9a, 0x07, 0x00, 0x01, 0x00, 0x10, 0x00,
 0x01, 0x00, 0xc4, 0x04, 0x30, 0x02, 0xc6, 0x04,
 0x31, 0x02, 0x08, 0xc9, 0xc5, 0x40, 0x4b, 0x02,
 0x00, 0x00, 0x95, 0xea, 0x0d, 0xc5, 0x41, 0x4c,
 0x02, 0x00, 0x00, 0xd1, 0x24, 0x01, 0x00, 0x0e,
 0x29, 0xdd, 0xb4, 0xae, 0xea, 0x2b, 0xd1, 0xbd,
 0x80, 0x00, 0xa8, 0xea, 0x24, 0xd1, 0xbd, 0xc0,
 0x00, 0xa5, 0xea, 0x1d, 0xde, 0xba, 0x9e, 0xd1,
 0xbc, 0x3f, 0xa1, 0xa3, 0xe2, 0xdd, 0x8d, 0xe5,
 0xb4, 0xad, 0xea, 0x41, 0xc5, 0x41, 0x4c, 0x02,
 0x00, 0x00, 0xde, 0x24, 0x01, 0x00, 0x0e, 0x29,
 0xd1, 0xbd, 0xc0, 0x00, 0xa8, 0xea, 0x21, 0xd1,
 0xbd, 0xf8, 0x00, 0xa5, 0xea, 0x1a, 0xb5, 0xd1,
 0xbd, 0xe0, 0x00, 0xa8, 0x9c, 0xd1, 0xbd, 0xf0,
 0x00, 0xa8, 0x9c, 0xe1, 0xd1, 0xb5, 0xba, 0xdd,
 0x9d, 0x9e, 0xb5, 0x9d, 0xa1, 0xe2, 0x29, 0xb4,
 0xe1, 0xc5, 0x41, 0x4c, 0x02, 0x00, 0x00, 0xd1,
 0x24, 0x01, 0x00, 0x0e, 0x29, 0xca, 0x03, 0xe3,
 0x07, 0x03, 0x38, 0x3b, 0x08, 0x20, 0x20, 0x26,
 0x0e, 0x1b, 0x14, 0x25, 0x18, 0x21, 0x59, 0x07,
 0x30, 0x0c, 0x0a, 0x07, 0x0a, 0x1c, 0x43, 0x12,
 0x24, 0x17, 0x1f, 0x20, 0x20, 0x27, 0x09, 0x25,
 0x18, 0x21, 0x31, 0x07, 0x22, 0x07, 0x0c, 0x1b,
 0x10, 0x07, 0x0c, 0x21, 0x49, 0x07, 0x1e, 0x07,
 0x0e, 0x07, 0x0a, 0x11, 0x1e, 0x1d, 0x53, 0x0d,
 0x00, 0x20, 0x20, 0xd8, 0x03, 0x68, 0x61, 0x6e,
 0x64, 0x6c, 0x65, 0x42, 0x79, 0x74, 0x65, 0x28,
 0x63, 0x29, 0x20, 0x7b, 0x0a, 0x20, 0x20, 0x20,
 0x20, 0x69, 0x66, 0x28, 0x21, 0x74, 0x68, 0x69,
 0x73, 0x2e, 0x75, 0x74, 0x66, 0x38, 0x29, 0x20,
 0x7b, 0x0a, 0x20, 0x20, 0x20, 0x20, 0x20, 0x20,
 0x74, 0x68, 0x69, 0x73, 0x2e, 0x68, 0x61, 0x6e,
 0x64, 0x6c, 0x65, 0x43, 0x68, 0x61, 0x72, 0x28,
 0x63, 0x29, 0x3b, 0x0a, 0x20, 0x20, 0x20, 0x20,
 0x7d, 0x20, 0x65, 0x6c, 0x73, 0x65, 0x20, 0x69,
 0x66, 0x28, 0x75, 0x74, 0x66, 0x38, 0x5f, 0x73,
 0x74, 0x61, 0x74, 0x65, 0x20, 0x21, 0x3d, 0x3d,
 0x20, 0x30, 0x20, 0x26, 0x26, 0x20, 0x63, 0x20,
 0x3e, 0x3d, 0x20, 0x30, 0x78, 0x38, 0x30, 0x20,
 0x26, 0x26, 0x20, 0x63, 0x20, 0x3c, 0x20, 0x30,
 0x78, 0x63, 0x30, 0x29, 0x20, 0x7b, 0x0a, 0x20,
 0x20, 0x20, 0x20, 0x20, 0x20, 0x75, 0x74, 0x66,
 0x38, 0x5f, 0x76, 0x61, 0x6c, 0x20, 0x3d, 0x20,
 0x28, 0x75, 0x74, 0x66, 0x38, 0x5f, 0x76, 0x61,
 0x6c, 0x20, 0x3c, 0x3c, 0x20, 0x36, 0x29, 0x20,
 0x7c, 0x20, 0x28, 0x63, 0x20, 0x26, 0x20, 0x30,
 0x78, 0x33, 0x66, 0x29, 0x3b, 0x0a, 0x20, 0x20,
 0x20, 0x20, 0x20, 0x20, 0x75, 0x74, 0x66, 0x38,
 0x5f, 0x73, 0x74, 0x61, 0x74, 0x65, 0x2d, 0x2d,
 0x3b, 0x0a, 0x20, 0x20, 0x20, 0x20, 0x20, 0x20,
 0x69, 0x66, 0x28, 0x75, 0x74, 0x66, 0x38, 0x5f,
 0x73, 0x74, 0x61, 0x74, 0x65, 0x20, 0x3d, 0x3d,
 0x3d, 0x20, 0x30, 0x29, 0x20, 0x7b, 0x0a, 0x20,
 0x20, 0x20, 0x20, 0x20, 0x20, 0x20, 0x20, 0x74,
 0x68, 0x69, 0x73, 0x2e, 0x68, 0x61, 0x6e, 0x64,
 0x6c, 0x65, 0x43, 0x68, 0x61, 0x72, 0x28, 0x75,
 0x74, 0x66, 0x38, 0x5f, 0x76, 0x61, 0x6c, 0x29,
 0x3b, 0x0a, 0x20, 0x20, 0x20, 0x20, 0x20, 0x20,
 0x7d, 0x0a, 0x20, 0x20, 0x20, 0x20, 0x7d, 0x20,
 0x65, 0x6c, 0x73, 0x65, 0x20, 0x69, 0x66, 0x28,
 0x63, 0x20, 0x3e, 0x3d, 0x20, 0x30, 0x78, 0x63,
 0x30, 0x20, 0x26, 0x26, 0x20, 0x63, 0x20, 0x3c,
 0x20, 0x30, 0x78, 0x66, 0x38, 0x29, 0x20, 0x7b,
 0x0a, 0x20, 0x20, 0x20, 0x20, 0x20, 0x20, 0x75,
 0x74, 0x66, 0x38, 0x5f, 0x73, 0x74, 0x61, 0x74,
 0x65, 0x20, 0x3d, 0x20, 0x31, 0x20, 0x2b, 0x20,
 0x28, 0x63, 0x20, 0x3e, 0x3d, 0x20, 0x30, 0x78,
 0x65, 0x30, 0x29, 0x20, 0x2b, 0x20, 0x28, 0x63,
 0x20, 0x3e, 0x3d, 0x20, 0x30, 0x78, 0x66, 0x30,
 0x29, 0x3b, 0x0a, 0x20, 0x20, 0x20, 0x20, 0x20,
 0x20, 0x75, 0x74, 0x66, 0x38, 0x5f, 0x76, 0x61,
 0x6c, 0x20, 0x3d, 0x20, 0x63, 0x20, 0x26, 0x20,
 0x28, 0x28, 0x31, 0x20, 0x3c, 0x3c, 0x20, 0x28,
 0x36, 0x20, 0x2d, 0x20, 0x75, 0x74, 0x66, 0x38,
 0x5f, 0x73, 0x74, 0x61, 0x74, 0x65, 0x29, 0x29,
 0x20, 0x2d, 0x20, 0x31, 0x29, 0x3b, 0x0a, 0x20,
 0x20, 0x20, 0x20, 0x7d, 0x20, 0x65, 0x6c, 0x73,
 0x65, 0x20, 0x7b, 0x0a, 0x20, 0x20, 0x20, 0x20,
 0x20, 0x20, 0x75, 0x74, 0x66, 0x38, 0x5f, 0x73,
 0x74, 0x61, 0x74, 0x65, 0x20, 0x3d, 0x20, 0x30,
 0x3b, 0x0a, 0x20, 0x20, 0x20, 0x20, 0x20, 0x20,
 0x74, 0x68, 0x69, 0x73, 0x2e, 0x68, 0x61, 0x6e,
 0x64, 0x6c, 0x65, 0x43, 0x68, 0x61, 0x72, 0x28,
 0x63, 0x29, 0x3b, 0x0a, 0x20, 0x20, 0x20, 0x20,
 0x7d, 0x0a, 0x20, 0x20, 0x7d, 0x0c, 0x42, 0x0b,
 0x01, 0x00, 0x01, 0x02, 0x01, 0x04, 0x00, 0x02,
 0x04, 0x92, 0x02, 0x03, 0x9a, 0x09, 0x00, 0x01,
 0x00, 0x9a, 0x07, 0x00, 0x00, 0x00, 0x10, 0x00,
 0x01, 0x00, 0xb4, 0x04, 0x28, 0x02, 0xb2, 0x04,
 0x27, 0x02, 0x07, 0x02, 0x30, 0x07, 0x02, 0x39,
 0x07, 0x02, 0x30, 0x07, 0x02, 0x39, 0x08, 0xca,
 0x07, 0xc9, 0x38, 0x9a, 0x00, 0x00, 0x00, 0x41,
 0x4e, 0x02, 0x00, 0x00, 0xd1, 0x24, 0x01, 0x00,
 0xc9, 0xdd, 0x11, 0xb4, 0xad, 0xea, 0x1f, 0xc5,
 0x04, 0x6b, 0x01, 0x00, 0x00, 0xab, 0xea, 0x08,
 0xc5, 0xe2, 0xb5, 0xe1, 0xed, 0xe9, 0x00, 0xc6,
 0x41, 0x4f, 0x02, 0x00, 0x00, 0xc5, 0x24, 0x01,
 0x00, 0x0e, 0xed, 0xdb, 0x00, 0x11, 0xb5, 0xad,
 0xea, 0x31, 0xde, 0xc5, 0x9c, 0xe2, 0xc5, 0x04,
 0xe8, 0x01, 0x00, 0x00, 0xab, 0xea, 0x06, 0xb6,
 0xe1, 0xed, 0xc4, 0x00, 0xc5, 0x04, 0x50, 0x02,
 0x00, 0x00, 0xab, 0xea, 0x06, 0xb7, 0xe1, 0xed,
 0xb6, 0x00, 0xc6, 0x41, 0x4f, 0x02, 0x00, 0x00,
 0xde, 0x24, 0x01, 0x00, 0x0e, 0xb4, 0xe1, 0xed,
 0xa6, 0x00, 0x11, 0xb6, 0xad, 0xea, 0x3c, 0xde,
 0xc5, 0x9c, 0xe2, 0xc5, 0x04, 0x2d, 0x02, 0x00,
 0x00, 0xab, 0xea, 0x06, 0xb8, 0xe1, 0xed, 0x8f,
 0x00, 0xc5, 0x04, 0x51, 0x02, 0x00, 0x00, 0xab,
 0x11, 0xeb, 0x0e, 0x0e, 0xc5, 0xbe, 0x00, 0xa8,
 0x11, 0xea, 0x06, 0x0e, 0xc5, 0xbe, 0x01, 0xa6,
 0x95, 0xea, 0x74, 0xc6, 0x41, 0x4f, 0x02, 0x00,
 0x00, 0xde, 0x24, 0x01, 0x00, 0x0e, 0xb4, 0xe1,
 0xec, 0x65, 0x11, 0xb7, 0xad, 0xea, 0x14, 0xde,
 0xc5, 0x9c, 0xe2, 0xc6, 0x41, 0x4f, 0x02, 0x00,
 0x00, 0xde, 0x24, 0x01, 0x00, 0x0e, 0xb4, 0xe1,
 0xec, 0x4d, 0x11, 0xb8, 0xad, 0xea, 0x48, 0xc5,
 0x04, 0x51, 0x02, 0x00, 0x00, 0xab, 0x11, 0xeb,
 0x24, 0x0e, 0xc5, 0xbe, 0x02, 0xa8, 0x11, 0xea,
 0x06, 0x0e, 0xc5, 0xbe, 0x03, 0xa6, 0x11, 0xeb,
 0x14, 0x0e, 0xc5, 0x04, 0x52, 0x02, 0x00, 0x00,
 0xab, 0x11, 0xeb, 0x09, 0x0e, 0xc5, 0x04, 0x0a,
 0x02, 0x00, 0x00, 0xab, 0x95, 0xea, 0x14, 0xc6,
 0x41, 0x53, 0x02, 0x00, 0x00, 0xde, 0x24, 0x01,
 0x00, 0x0e, 0xb4, 0xe1, 0xc0, 0xe2, 0x0e, 0xed,
 0x09, 0xff, 0xde, 0xc5, 0x9c, 0xe2, 0x0e, 0x29,
 0xca, 0x03, 0xf5, 0x07, 0x03, 0x56, 0x18, 0x04,
 0x34, 0x32, 0x00, 0x0c, 0x08, 0x15, 0x2c, 0x0b,
 0x0d, 0x00, 0x1d, 0x00, 0x20, 0x1e, 0x00, 0x0d,
 0x0a, 0x21, 0x1c, 0x10, 0x2b, 0x0b, 0x21, 0x1a,
 0x2b, 0x19, 0x1d, 0x00, 0x20, 0x1e, 0x1c, 0x1d,
 0x00, 0x0a, 0x0a, 0x03, 0x1c, 0x10, 0x2b, 0x0b,
 0x21, 0x1e, 0x39, 0x1a, 0x2a, 0x18, 0x21, 0x4f,
 0x20, 0x1e, 0x1c, 0x1d, 0x00, 0x09, 0x0a, 0x03,
 0x17, 0x00, 0x20, 0x1e, 0x1c, 0x1d, 0x00, 0x0a,
 0x08, 0x14, 0x39, 0x1a, 0x2a, 0x18, 0x2a, 0x1a,
 0x39, 0x18, 0x30, 0x73, 0x20, 0x22, 0x1c, 0x21,
 0x0d, 0x00, 0x23, 0x00, 0xed, 0x0a, 0x68, 0x61,
 0x6e, 0x64, 0x6c, 0x65, 0x43, 0x68, 0x61, 0x72,
 0x28, 0x63, 0x31, 0x29, 0x20, 0x7b, 0x0a, 0x20,
 0x20, 0x20, 0x20, 0x76, 0x61, 0x72, 0x20, 0x63,
 0x20, 0x3d, 0x20, 0x6e, 0x75, 0x6c, 0x6c, 0x3b,
 0x0a, 0x20, 0x20, 0x20, 0x20, 0x63, 0x20, 0x3d,
 0x20, 0x53, 0x74, 0x72, 0x69, 0x6e, 0x67, 0x2e,
 0x66, 0x72, 0x6f, 0x6d, 0x43, 0x6f, 0x64, 0x65,
 0x50, 0x6f, 0x69, 0x6e, 0x74, 0x28, 0x63, 0x31,
 0x29, 0x3b, 0x0a, 0x20, 0x20, 0x20, 0x20, 0x66,
 0x6f, 0x72, 0x28, 0x3b, 0x3b, 0x29, 0x20, 0x7b,
 0x0a, 0x20, 0x20, 0x20, 0x20, 0x20, 0x20, 0x73,
 0x77, 0x69, 0x74, 0x63, 0x68, 0x20, 0x28, 0x72,
 0x65, 0x61, 0x64, 0x6c, 0x69, 0x6e, 0x65, 0x53,
 0x74, 0x61, 0x74, 0x65, 0x29, 0x20, 0x7b, 0x0a,
 0x20, 0x20, 0x20, 0x20, 0x20, 0x20, 0x20, 0x20,
 0x63, 0x61, 0x73, 0x65, 0x20, 0x30, 0x3a, 0x0a,
 0x20, 0x20, 0x20, 0x20, 0x20, 0x20, 0x20, 0x20,
 0x20, 0x20, 0x69, 0x66, 0x28, 0x63, 0x20, 0x3d,
 0x3d, 0x20, 0x27, 0x5c, 0x78, 0x31, 0x62, 0x27,
 0x29, 0x20, 0x7b, 0x0a, 0x20, 0x20, 0x20, 0x20,
 0x20, 0x20, 0x20, 0x20, 0x20, 0x20, 0x20, 0x20,
 0x2f, 0x2a, 0x20, 0x27, 0x5e, 0x5b, 0x27, 0x20,
 0x2d, 0x20, 0x45, 0x53, 0x43, 0x20, 0x2a, 0x2f,
 0x0a, 0x20, 0x20, 0x20, 0x20, 0x20, 0x20, 0x20,
 0x20, 0x20, 0x20, 0x20, 0x20, 0x72, 0x65, 0x61,
 0x64, 0x6c, 0x69, 0x6e, 0x65, 0x4b, 0x65, 0x79,
 0x73, 0x20, 0x3d, 0x20, 0x63, 0x3b, 0x0a, 0x20,
 0x20, 0x20, 0x20, 0x20, 0x20, 0x20, 0x20, 0x20,
 0x20, 0x20, 0x20, 0x72, 0x65, 0x61, 0x64, 0x6c,
 0x69, 0x6e, 0x65, 0x53, 0x74, 0x61, 0x74, 0x65,
 0x20, 0x3d, 0x20, 0x31, 0x3b, 0x0a, 0x20, 0x20,
 0x20, 0x20, 0x20, 0x20, 0x20, 0x20, 0x20, 0x20,
 0x7d, 0x20, 0x65, 0x6c, 0x73, 0x65, 0x20, 0x7b,
 0x0a, 0x20, 0x20, 0x20, 0x20, 0x20, 0x20, 0x20,
 0x20, 0x20, 0x20, 0x20, 0x20, 0x74, 0x68, 0x69,
 0x73, 0x2e, 0x68, 0x61, 0x6e, 0x64, 0x6c, 0x65,
 0x4b, 0x65, 0x79, 0x28, 0x63, 0x29, 0x3b, 0x0a,
 0x20, 0x20, 0x20, 0x20, 0x20, 0x20, 0x20, 0x20,
 0x20, 0x20, 0x7d, 0x0a, 0x20, 0x20, 0x20, 0x20,
 0x20, 0x20, 0x20, 0x20, 0x20, 0x20, 0x62, 0x72,
 0x65, 0x61, 0x6b, 0x3b, 0x0a, 0x0a, 0x20, 0x20,
 0x20, 0x20, 0x20, 0x20, 0x20, 0x20, 0x63, 0x61,
 0x73, 0x65, 0x20, 0x31, 0x20, 0x2f, 0x2a, 0x20,
 0x27, 0x5e, 0x5b, 0x20, 0x2a, 0x2f, 0x3a, 0x0a,
 0x20, 0x20, 0x20, 0x20, 0x20, 0x20, 0x20, 0x20,
 0x20, 0x20, 0x72, 0x65, 0x61, 0x64, 0x6c, 0x69,
 0x6e, 0x65, 0x4b, 0x65, 0x79, 0x73, 0x20, 0x2b,
 0x3d, 0x20, 0x63, 0x3b, 0x0a, 0x20, 0x20, 0x20,
 0x20, 0x20, 0x20, 0x20, 0x20, 0x20, 0x20, 0x69,
 0x66, 0x28, 0x63, 0x20, 0x3d, 0x3d, 0x20, 0x27,
 0x5b, 0x27, 0x29, 0x20, 0x7b, 0x0a, 0x20, 0x20,
 0x20, 0x20, 0x20, 0x20, 0x20, 0x20, 0x20, 0x20,
 0x20, 0x20, 0x72, 0x65, 0x61, 0x64, 0x6c, 0x69,
 0x6e, 0x65, 0x53, 0x74, 0x61, 0x74, 0x65, 0x20,
 0x3d, 0x20, 0x32, 0x3b, 0x0a, 0x20, 0x20, 0x20,
 0x20, 0x20, 0x20, 0x20, 0x20, 0x20, 0x20, 0x7d,
 0x20, 0x65, 0x6c, 0x73, 0x65, 0x20, 0x69, 0x66,
 0x28, 0x63, 0x20, 0x3d, 0x3d, 0x20, 0x27, 0x4f,
 0x27, 0x29, 0x20, 0x7b, 0x0a, 0x20, 0x20, 0x20,
 0x20, 0x20, 0x20, 0x20, 0x20, 0x20, 0x20, 0x20,
 0x20, 0x72, 0x65, 0x61, 0x64, 0x6c, 0x69, 0x6e,
 0x65, 0x53, 0x74, 0x61, 0x74, 0x65, 0x20, 0x3d,
 0x20, 0x33, 0x3b, 0x0a, 0x20, 0x20, 0x20, 0x20,
 0x20, 0x20, 0x20, 0x20, 0x20, 0x20, 0x7d, 0x20,
 0x65, 0x6c, 0x73, 0x65, 0x20, 0x7b, 0x0a, 0x20,
 0x20, 0x20, 0x20, 0x20, 0x20, 0x20, 0x20, 0x20,
 0x20, 0x20, 0x20, 0x74, 0x68, 0x69, 0x73, 0x2e,
 0x68, 0x61, 0x6e, 0x64, 0x6c, 0x65, 0x4b, 0x65,
 0x79, 0x28, 0x72, 0x65, 0x61, 0x64, 0x6c, 0x69,
 0x6e, 0x65, 0x4b, 0x65, 0x79, 0x73, 0x29, 0x3b,
 0x0a, 0x20, 0x20, 0x20, 0x20, 0x20, 0x20, 0x20,
 0x20, 0x20, 0x20, 0x20, 0x20, 0x72, 0x65, 0x61,
 0x64, 0x6c, 0x69, 0x6e, 0x65, 0x53, 0x74, 0x61,
 0x74, 0x65, 0x20, 0x3d, 0x20, 0x30, 0x3b, 0x0a,
 0x20, 0x20, 0x20, 0x20, 0x20, 0x20, 0x20, 0x20,
 0x20, 0x20, 0x7d, 0x0a, 0x20, 0x20, 0x20, 0x20,
 0x20, 0x20, 0x20, 0x20, 0x20, 0x20, 0x62, 0x72,
 0x65, 0x61, 0x6b, 0x3b, 0x0a, 0x0a, 0x20, 0x20,
 0x20, 0x20, 0x20, 0x20, 0x20, 0x20, 0x63, 0x61,
 0x73, 0x65, 0x20, 0x32, 0x20, 0x2f, 0x2a, 0x20,
 0x27, 0x5e, 0x5b, 0x5b, 0x27, 0x20, 0x2d, 0x20,
 0x43, 0x53, 0x49, 0x20, 0x2a, 0x2f, 0x3a, 0x0a,
 0x20, 0x20, 0x20, 0x20, 0x20, 0x20, 0x20, 0x20,
 0x20, 0x20, 0x72, 0x65, 0x61, 0x64, 0x6c, 0x69,
 0x6e, 0x65, 0x4b, 0x65, 0x79, 0x73, 0x20, 0x2b,
 0x3d, 0x20, 0x63, 0x3b, 0x0a, 0x20, 0x20, 0x20,
 0x20, 0x20, 0x20, 0x20, 0x20, 0x20, 0x20, 0x69,
 0x66, 0x28, 0x63, 0x20, 0x3d, 0x3d, 0x20, 0x27,
 0x3c, 0x27, 0x29, 0x20, 0x7b, 0x0a, 0x20, 0x20,
 0x20, 0x20, 0x20, 0x20, 0x20, 0x20, 0x20, 0x20,
 0x20, 0x20, 0x72, 0x65, 0x61, 0x64, 0x6c, 0x69,
 0x6e, 0x65, 0x53, 0x74, 0x61, 0x74, 0x65, 0x20,
 0x3d, 0x20, 0x34, 0x3b, 0x0a, 0x20, 0x20, 0x20,
 0x20, 0x20, 0x20, 0x20, 0x20, 0x20, 0x20, 0x7d,
 0x20, 0x65, 0x6c, 0x73, 0x65, 0x20, 0x69, 0x66,
 0x28, 0x21, 0x28, 0x63, 0x20, 0x3d, 0x3d, 0x20,
 0x27, 0x3b, 0x27, 0x20, 0x7c, 0x7c, 0x20, 0x28,
 0x63, 0x20, 0x3e, 0x3d, 0x20, 0x27, 0x30, 0x27,
 0x20, 0x26, 0x26, 0x20, 0x63, 0x20, 0x3c, 0x3d,
 0x20, 0x27, 0x39, 0x27, 0x29, 0x29, 0x29, 0x20,
 0x7b, 0x0a, 0x20, 0x20, 0x20, 0x20, 0x20, 0x20,
 0x20, 0x20, 0x20, 0x20, 0x20, 0x20, 0x74, 0x68,
 0x69, 0x73, 0x2e, 0x68, 0x61, 0x6e, 0x64, 0x6c,
 0x65, 0x4b, 0x65, 0x79, 0x28, 0x72, 0x65, 0x61,
 0x64, 0x6c, 0x69, 0x6e, 0x65, 0x4b, 0x65, 0x79,
 0x73, 0x29, 0x3b, 0x0a, 0x20, 0x20, 0x20, 0x20,
 0x20, 0x20, 0x20, 0x20, 0x20, 0x20, 0x20, 0x20,
 0x72, 0x65, 0x61, 0x64, 0x6c, 0x69, 0x6e, 0x65,
 0x53, 0x74, 0x61, 0x74, 0x65, 0x20, 0x3d, 0x20,
 0x30, 0x3b, 0x0a, 0x20, 0x20, 0x20, 0x20, 0x20,
 0x20, 0x20, 0x20, 0x20, 0x20, 0x7d, 0x0a, 0x20,
 0x20, 0x20, 0x20, 0x20, 0x20, 0x20, 0x20, 0x20,
 0x20, 0x62, 0x72, 0x65, 0x61, 0x6b, 0x3b, 0x0a,
 0x0a, 0x20, 0x20, 0x20, 0x20, 0x20, 0x20, 0x20,
 0x20, 0x63, 0x61, 0x73, 0x65, 0x20, 0x33, 0x20,
 0x2f, 0x2a, 0x20, 0x27, 0x5e, 0x5b, 0x4f, 0x27,
 0x20, 0x2d, 0x20, 0x45, 0x53, 0x43, 0x32, 0x20,
 0x2a, 0x2f, 0x3a, 0x0a, 0x20, 0x20, 0x20, 0x20,
 0x20, 0x20, 0x20, 0x20, 0x20, 0x20, 0x72, 0x65,
 0x61, 0x64, 0x6c, 0x69, 0x6e, 0x65, 0x4b, 0x65,
 0x79, 0x73, 0x20, 0x2b, 0x3d, 0x20, 0x63, 0x3b,
 0x0a, 0x20, 0x20, 0x20, 0x20, 0x20, 0x20, 0x20,
 0x20, 0x20, 0x20, 0x74, 0x68, 0x69, 0x73, 0x2e,
 0x68, 0x61, 0x6e, 0x64, 0x6c, 0x65, 0x4b, 0x65,
 0x79, 0x28, 0x72, 0x65, 0x61, 0x64, 0x6c, 0x69,
 0x6e, 0x65, 0x4b, 0x65, 0x79, 0x73, 0x29, 0x3b,
 0x0a, 0x20, 0x20, 0x20, 0x20, 0x20, 0x20, 0x20,
 0x20, 0x20, 0x20, 0x72, 0x65, 0x61, 0x64, 0x6c,
 0x69, 0x6e, 0x65, 0x53, 0x74, 0x61, 0x74, 0x65,
 0x20, 0x3d, 0x20, 0x30, 0x3b, 0x0a, 0x20, 0x20,
 0x20, 0x20, 0x20, 0x20, 0x20, 0x20, 0x20, 0x20,
 0x62, 0x72, 0x65, 0x61, 0x6b, 0x3b, 0x0a, 0x0a,
 0x20, 0x20, 0x20, 0x20, 0x20, 0x20, 0x20, 0x20,
 0x63, 0x61, 0x73, 0x65, 0x20, 0x34, 0x3a, 0x0a,
 0x20, 0x20, 0x20, 0x20, 0x20, 0x20, 0x20, 0x20,
 0x20, 0x20, 0x69, 0x66, 0x28, 0x21, 0x28, 0x63,
 0x20, 0x3d, 0x3d, 0x20, 0x27, 0x3b, 0x27, 0x20,
 0x7c, 0x7c, 0x20, 0x28, 0x63, 0x20, 0x3e, 0x3d,
 0x20, 0x27, 0x30, 0x27, 0x20, 0x26, 0x26, 0x20,
 0x63, 0x20, 0x3c, 0x3d, 0x20, 0x27, 0x39, 0x27,
 0x29, 0x20, 0x7c, 0x7c, 0x20, 0x63, 0x20, 0x3d,
 0x3d, 0x20, 0x27, 0x4d, 0x27, 0x20, 0x7c, 0x7c,
 0x20, 0x63, 0x20, 0x3d, 0x3d, 0x20, 0x27, 0x6d,
 0x27, 0x29, 0x29, 0x20, 0x7b, 0x0a, 0x20, 0x20,
 0x20, 0x20, 0x20, 0x20, 0x20, 0x20, 0x20, 0x20,
 0x20, 0x20, 0x74, 0x68, 0x69, 0x73, 0x2e, 0x68,
 0x61, 0x6e, 0x64, 0x6c, 0x65, 0x4d, 0x6f, 0x75,
 0x73, 0x65, 0x28, 0x72, 0x65, 0x61, 0x64, 0x6c,
 0x69, 0x6e, 0x65, 0x4b, 0x65, 0x79, 0x73, 0x29,
 0x3b, 0x0a, 0x20, 0x20, 0x20, 0x20, 0x20, 0x20,
 0x20, 0x20, 0x20, 0x20, 0x20, 0x20, 0x72, 0x65,
 0x61, 0x64, 0x6c, 0x69, 0x6e, 0x65, 0x53, 0x74,
 0x61, 0x74, 0x65, 0x20, 0x3d, 0x20, 0x30, 0x3b,
 0x0a, 0x20, 0x20, 0x20, 0x20, 0x20, 0x20, 0x20,
 0x20, 0x20, 0x20, 0x20, 0x20, 0x72, 0x65, 0x61,
 0x64, 0x6c, 0x69, 0x6e, 0x65, 0x4b, 0x65, 0x79,
 0x73, 0x20, 0x3d, 0x20, 0x27, 0x27, 0x3b, 0x0a,
 0x20, 0x20, 0x20, 0x20, 0x20, 0x20, 0x20, 0x20,
 0x20, 0x20, 0x20, 0x20, 0x63, 0x6f, 0x6e, 0x74,
 0x69, 0x6e, 0x75, 0x65, 0x3b, 0x0a, 0x20, 0x20,
 0x20, 0x20, 0x20, 0x20, 0x20, 0x20, 0x20, 0x20,
 0x7d, 0x20, 0x65, 0x6c, 0x73, 0x65, 0x20, 0x7b,
 0x0a, 0x20, 0x20, 0x20, 0x20, 0x20, 0x20, 0x20,
 0x20, 0x20, 0x20, 0x20, 0x20, 0x72, 0x65, 0x61,
 0x64, 0x6c, 0x69, 0x6e, 0x65, 0x4b, 0x65, 0x79,
 0x73, 0x20, 0x2b, 0x3d, 0x20, 0x63, 0x3b, 0x0a,
 0x20, 0x20, 0x20, 0x20, 0x20, 0x20, 0x20, 0x20,
 0x20, 0x20, 0x7d, 0x0a, 0x20, 0x20, 0x20, 0x20,
 0x20, 0x20, 0x20, 0x20, 0x20, 0x20, 0x62, 0x72,
 0x65, 0x61, 0x6b, 0x3b, 0x0a, 0x20, 0x20, 0x20,
 0x20, 0x20, 0x20, 0x7d, 0x0a, 0x20, 0x20, 0x20,
 0x20, 0x20, 0x20, 0x62, 0x72, 0x65, 0x61, 0x6b,
 0x3b, 0x0a, 0x20, 0x20, 0x20, 0x20, 0x7d, 0x0a,
 0x20, 0x20, 0x7d, 0x0c, 0x42, 0x0b, 0x01, 0x00,
 0x01, 0x06, 0x01, 0x06, 0x00, 0x00, 0x04, 0xa9,
 0x01, 0x07, 0x60, 0x00, 0x01, 0x00, 0xa8, 0x09,
 0x01, 0x00, 0x30, 0xaa, 0x09, 0x01, 0x01, 0x30,
 0xac, 0x09, 0x01, 0x02, 0x30, 0xd6, 0x06, 0x01,
 0x03, 0x30, 0xae, 0x09, 0x01, 0x04, 0x20, 0x10,
 0x00, 0x01, 0x00, 0x07, 0x24, 0x28, 0x5b, 0x30,
 0x2d, 0x39, 0x5d, 0x2b, 0x7c, 0x5b, 0x41, 0x2d,
 0x5a, 0x61, 0x2d, 0x7a, 0x5d, 0x2b, 0x29, 0x07,
 0xb8, 0x01, 0x01, 0x00, 0x02, 0x00, 0x54, 0x00,
 0x00, 0x00, 0x09, 0x06, 0x00, 0x00, 0x00, 0x05,
 0x08, 0xf5, 0xff, 0xff, 0xff, 0x0c, 0x00, 0x0c,
 0x01, 0x0a, 0x1e, 0x00, 0x00, 0x00, 0x1d, 0x08,
 0x00, 0x00, 0x00, 0x01, 0x00, 0x00, 0x00, 0xff,
 0xff, 0xff, 0x7f, 0x01, 0x00, 0x00, 0x00, 0x16,
 0x01, 0x00, 0x30, 0x00, 0x39, 0x00, 0x0b, 0x08,
 0x1d, 0x00, 0x00, 0x00, 0x1d, 0x0c, 0x00, 0x00,
 0x00, 0x01, 0x00, 0x00, 0x00, 0xff, 0xff, 0xff,
 0x7f, 0x01, 0x00, 0x00, 0x00, 0x16, 0x02, 0x00,
 0x41, 0x00, 0x5a, 0x00, 0x61, 0x00, 0x7a, 0x00,
 0x0b, 0x0d, 0x01, 0x0d, 0x00, 0x0b, 0x0c, 0x42,
 0x0b, 0x01, 0x00, 0x01, 0x00, 0x01, 0x02, 0x00,
 0x00, 0x00, 0x04, 0x01, 0x80, 0x07, 0x00, 0x01,
 0x00, 0xd1, 0xb5, 0x46, 0x28, 0xca, 0x03, 0xb2,
 0x08, 0x4f, 0x00, 0x09, 0x70, 0x20, 0x3d, 0x3e,
 0x20, 0x70, 0x5b, 0x31, 0x5d, 0x0c, 0x42, 0x0b,
 0x01, 0x00, 0x01, 0x00, 0x01, 0x02, 0x00, 0x00,
 0x00, 0x10, 0x01, 0x80, 0x07, 0x00, 0x01, 0x00,
 0x38, 0x4a, 0x02, 0x00, 0x00, 0xd1, 0x8c, 0xef,
 0x95, 0xea, 0x04, 0xd1, 0x8c, 0x28, 0xd1, 0x28,
 0xca, 0x03, 0xb2, 0x08, 0x5e, 0x02, 0x1b, 0x0e,
 0x1a, 0x70, 0x20, 0x3d, 0x3e, 0x20, 0x28, 0x21,
 0x69, 0x73, 0x4e, 0x61, 0x4e, 0x28, 0x2b, 0x70,
 0x29, 0x20, 0x3f, 0x20, 0x2b, 0x70, 0x20, 0x3a,
 0x20, 0x70, 0x29, 0x08, 0xc2, 0x05, 0x60, 0x04,
 0x00, 0x60, 0x03, 0x00, 0x60, 0x02, 0x00, 0x60,
 0x01, 0x00, 0x60, 0x00, 0x00, 0xc1, 0x05, 0x41,
 0x58, 0x02, 0x00, 0x00, 0x04, 0x53, 0x02, 0x00,
 0x00, 0x0b, 0xd1, 0x4b, 0x30, 0x00, 0x00, 0x00,
 0x24, 0x02, 0x00, 0x0e, 0x06, 0x11, 0xf2, 0xeb,
 0x15, 0x7d, 0x80, 0x00, 0x0e, 0xc9, 0x80, 0x00,
 0x0e, 0xca, 0x80, 0x00, 0x0e, 0xcb, 0x80, 0x00,
 0x0e, 0xcc, 0x83, 0xec, 0x2c, 0x0e, 0x26, 0x00,
 0x00, 0xb4, 0xd1, 0x41, 0x59, 0x02, 0x00, 0x00,
 0xbe, 0x00, 0xbe, 0x01, 0x34, 0x24, 0x01, 0x00,
 0x51, 0x0e, 0x41, 0x5a, 0x02, 0x00, 0x00, 0xbf,
 0x02, 0x24, 0x01, 0x00, 0x41, 0x5a, 0x02, 0x00,
 0x00, 0xbf, 0x03, 0x24, 0x01, 0x00, 0xec, 0xc2,
 0x61, 0x03, 0x00, 0x04, 0x0a, 0x02, 0x00, 0x00,
 0xab, 0xc2, 0x04, 0xc1, 0x05, 0x41, 0x58, 0x02,
 0x00, 0x00, 0x04, 0x53, 0x02, 0x00, 0x00, 0x0b,
 0x61, 0x00, 0x00, 0x4b, 0x54, 0x02, 0x00, 0x00,
 0x61, 0x01, 0x00, 0x4b, 0x55, 0x02, 0x00, 0x00,
 0x61, 0x02, 0x00, 0x4b, 0x56, 0x02, 0x00, 0x00,
 0x61, 0x04, 0x00, 0x4b, 0x57, 0x02, 0x00, 0x00,
 0x24, 0x02, 0x00, 0x29, 0xca, 0x03, 0xaf, 0x08,
 0x03, 0x13, 0x5d, 0x04, 0x25, 0x0a, 0x00, 0x34,
 0x04, 0x40, 0x4d, 0x4a, 0x34, 0x1e, 0x35, 0x8b,
 0x01, 0x2c, 0x25, 0x25, 0x0a, 0x90, 0x02, 0x68,
 0x61, 0x6e, 0x64, 0x6c, 0x65, 0x4d, 0x6f, 0x75,
 0x73, 0x65, 0x28, 0x6b, 0x65, 0x79, 0x73, 0x29,
 0x20, 0x7b, 0x0a, 0x20, 0x20, 0x20, 0x20, 0x74,
 0x68, 0x69, 0x73, 0x2e, 0x64, 0x65, 0x62, 0x75,
 0x67, 0x28, 0x27, 0x68, 0x61, 0x6e, 0x64, 0x6c,
 0x65, 0x4d, 0x6f, 0x75, 0x73, 0x65, 0x27, 0x2c,
 0x20, 0x7b, 0x20, 0x6b, 0x65, 0x79, 0x73, 0x20,
 0x7d, 0x29, 0x3b, 0x0a, 0x0a, 0x20, 0x20, 0x20,
 0x20, 0x63, 0x6f, 0x6e, 0x73, 0x74, 0x20, 0x5b,
 0x62, 0x75, 0x74, 0x74, 0x6f, 0x6e, 0x2c, 0x20,
 0x78, 0x2c, 0x20, 0x79, 0x2c, 0x20, 0x63, 0x6d,
 0x64, 0x5d, 0x20, 0x3d, 0x20, 0x5b, 0x2e, 0x2e,
 0x2e, 0x6b, 0x65, 0x79, 0x73, 0x2e, 0x6d, 0x61,
 0x74, 0x63, 0x68, 0x41, 0x6c, 0x6c, 0x28, 0x2f,
 0x28, 0x5b, 0x30, 0x2d, 0x39, 0x5d, 0x2b, 0x7c,
 0x5b, 0x41, 0x2d, 0x5a, 0x61, 0x2d, 0x7a, 0x5d,
 0x2b, 0x29, 0x2f, 0x67, 0x29, 0x5d, 0x2e, 0x6d,
 0x61, 0x70, 0x28, 0x70, 0x20, 0x3d, 0x3e, 0x20,
 0x70, 0x5b, 0x31, 0x5d, 0x29, 0x2e, 0x6d, 0x61,
 0x70, 0x28, 0x70, 0x20, 0x3d, 0x3e, 0x20, 0x28,
 0x21, 0x69, 0x73, 0x4e, 0x61, 0x4e, 0x28, 0x2b,
 0x70, 0x29, 0x20, 0x3f, 0x20, 0x2b, 0x70, 0x20,
 0x3a, 0x20, 0x70, 0x29, 0x29, 0x3b, 0x0a, 0x20,
 0x20, 0x20, 0x20, 0x6c, 0x65, 0x74, 0x20, 0x70,
 0x72, 0x65, 0x73, 0x73, 0x20, 0x3d, 0x20, 0x63,
 0x6d, 0x64, 0x20, 0x3d, 0x3d, 0x20, 0x27, 0x6d,
 0x27, 0x3b, 0x0a, 0x0a, 0x20, 0x20, 0x20, 0x20,
 0x74, 0x68, 0x69, 0x73, 0x2e, 0x64, 0x65, 0x62,
 0x75, 0x67, 0x28, 0x27, 0x68, 0x61, 0x6e, 0x64,
 0x6c, 0x65, 0x4d, 0x6f, 0x75, 0x73, 0x65, 0x27,
 0x2c, 0x20, 0x7b, 0x20, 0x62, 0x75, 0x74, 0x74,
 0x6f, 0x6e, 0x2c, 0x20, 0x78, 0x2c, 0x20, 0x79,
 0x2c, 0x20, 0x70, 0x72, 0x65, 0x73, 0x73, 0x20,
 0x7d, 0x29, 0x3b, 0x0a, 0x20, 0x20, 0x7d, 0x0c,
 0x42, 0x0b, 0x01, 0x00, 0x01, 0x03, 0x01, 0x05,
 0x02, 0x03, 0x01, 0xd4, 0x01, 0x04, 0xb6, 0x09,
 0x00, 0x01, 0x40, 0x01, 0xb8, 0x09, 0x00, 0x00,
 0x00, 0xd6, 0x06, 0x00, 0x01, 0x00, 0x10, 0x00,
 0x01, 0x40, 0x00, 0xaa, 0x04, 0x23, 0x02, 0xbe,
 0x04, 0x2d, 0x02, 0xc0, 0x04, 0x2e, 0x02, 0x0c,
 0x42, 0x0b, 0x01, 0x00, 0x00, 0x00, 0x00, 0x06,
 0x00, 0x02, 0x02, 0x18, 0x00, 0x10, 0x02, 0x00,
 0xb6, 0x09, 0x00, 0x01, 0x07, 0x12, 0x5c, 0x62,
 0x61, 0x77, 0x61, 0x69, 0x74, 0x5c, 0x62, 0x07,
 0x48, 0x00, 0x00, 0x01, 0x00, 0x1c, 0x00, 0x00,
 0x00, 0x09, 0x06, 0x00, 0x00, 0x00, 0x05, 0x08,
 0xf5, 0xff, 0xff, 0xff, 0x0c, 0x00, 0x12, 0x01,
 0x61, 0x01, 0x77, 0x01, 0x61, 0x01, 0x69, 0x01,
 0x74, 0x12, 0x0d, 0x00, 0x0b, 0xdd, 0x41, 0x5d,
 0x02, 0x00, 0x00, 0xde, 0xbe, 0x00, 0xbe, 0x01,
 0x34, 0x41, 0x5e, 0x02, 0x00, 0x00, 0xde, 0x24,
 0x01, 0x00, 0x25, 0x02, 0x00, 0xca, 0x03, 0xdb,
 0x08, 0x13, 0x04, 0x20, 0x4a, 0x39, 0x2e, 0x3a,
 0x28, 0x29, 0x20, 0x3d, 0x3e, 0x20, 0x74, 0x68,
 0x69, 0x73, 0x2e, 0x65, 0x76, 0x61, 0x6c, 0x41,
 0x6e, 0x64, 0x50, 0x72, 0x69, 0x6e, 0x74, 0x53,
 0x74, 0x61, 0x72, 0x74, 0x28, 0x65, 0x78, 0x70,
 0x72, 0x2c, 0x20, 0x2f, 0x5c, 0x62, 0x61, 0x77,
 0x61, 0x69, 0x74, 0x5c, 0x62, 0x2f, 0x2e, 0x74,
 0x65, 0x73, 0x74, 0x28, 0x65, 0x78, 0x70, 0x72,
 0x29, 0x29, 0x08, 0xcb, 0x07, 0xca, 0xd1, 0xf3,
 0xea, 0x05, 0xc0, 0xd5, 0x09, 0x28, 0xd1, 0x04,
 0x5f, 0x02, 0x00, 0x00, 0xad, 0xea, 0x0d, 0xc7,
 0x41, 0x38, 0x02, 0x00, 0x00, 0x24, 0x00, 0x00,
 0x0e, 0x09, 0x28, 0xc7, 0xc7, 0x41, 0x60, 0x02,
 0x00, 0x00, 0xd1, 0x24, 0x01, 0x00, 0x15, 0x42,
 0xab, 0x01, 0x00, 0x00, 0xce, 0xe9, 0xb4, 0xa7,
 0xea, 0x1f, 0xc7, 0x41, 0x61, 0x02, 0x00, 0x00,
 0xc6, 0xd1, 0x24, 0x02, 0x00, 0x95, 0xea, 0x03,
 0x09, 0x28, 0xd1, 0x41, 0xe1, 0x01, 0x00, 0x00,
 0xc6, 0xe9, 0xb5, 0x9c, 0x24, 0x01, 0x00, 0xd5,
 0xd1, 0xc0, 0xad, 0xea, 0x03, 0x09, 0x28, 0xc7,
 0x40, 0x62, 0x02, 0x00, 0x00, 0xea, 0x10, 0xc7,
 0x40, 0x62, 0x02, 0x00, 0x00, 0x04, 0x52, 0x01,
 0x00, 0x00, 0x9c, 0xd1, 0x9c, 0xd5, 0xc7, 0x41,
 0x63, 0x02, 0x00, 0x00, 0xd1, 0x24, 0x01, 0x00,
 0xc9, 0xc7, 0xc5, 0xb4, 0x46, 0x42, 0x64, 0x02,
 0x00, 0x00, 0xc7, 0xc5, 0xb5, 0x46, 0x42, 0xc6,
 0x01, 0x00, 0x00, 0xc7, 0x40, 0x64, 0x02, 0x00,
 0x00, 0xea, 0x0a, 0xc7, 0xd1, 0x42, 0x62, 0x02,
 0x00, 0x00, 0x09, 0x28, 0xc7, 0xc0, 0x42, 0x62,
 0x02, 0x00, 0x00, 0xdd, 0xea, 0x15, 0x38, 0x65,
 0x02, 0x00, 0x00, 0x41, 0x66, 0x02, 0x00, 0x00,
 0xbf, 0x00, 0xde, 0xdf, 0x24, 0x03, 0x00, 0x0e,
 0xec, 0x0c, 0xc7, 0x41, 0x67, 0x02, 0x00, 0x00,
 0xd1, 0x24, 0x01, 0x00, 0x0e, 0xc7, 0xb4, 0x42,
 0xc6, 0x01, 0x00, 0x00, 0x0a, 0x28, 0xca, 0x03,
 0xb8, 0x08, 0x03, 0x3c, 0x00, 0x05, 0x08, 0x1c,
 0x12, 0x13, 0x1e, 0x14, 0x2b, 0x13, 0x20, 0x0a,
 0x23, 0x0d, 0x25, 0x4e, 0x3f, 0x2d, 0x35, 0x16,
 0x37, 0x31, 0x20, 0x2c, 0x0c, 0x1a, 0x27, 0x31,
 0x4a, 0x06, 0x20, 0x28, 0x20, 0x0e, 0x12, 0x53,
 0x20, 0x3a, 0x1c, 0x39, 0x30, 0x00, 0x5a, 0x04,
 0x00, 0x09, 0x08, 0x03, 0x00, 0x0a, 0x08, 0x04,
 0x34, 0x18, 0x36, 0x17, 0x20, 0x22, 0x1e, 0x25,
 0xb0, 0x08, 0x68, 0x61, 0x6e, 0x64, 0x6c, 0x65,
 0x43, 0x6d, 0x64, 0x28, 0x65, 0x78, 0x70, 0x72,
 0x29, 0x20, 0x7b, 0x0a, 0x20, 0x20, 0x20, 0x20,
 0x76, 0x61, 0x72, 0x20, 0x63, 0x6f, 0x6c, 0x6f,
 0x72, 0x73, 0x74, 0x61, 0x74, 0x65, 0x2c, 0x0a,
 0x20, 0x20, 0x20, 0x20, 0x20, 0x20, 0x63, 0x6d,
 0x64, 0x20, 0x3d, 0x20, 0x6e, 0x75, 0x6c, 0x6c,
 0x3b, 0x0a, 0x0a, 0x20, 0x20, 0x20, 0x20, 0x69,
 0x66, 0x28, 0x65, 0x78, 0x70, 0x72, 0x20, 0x3d,
 0x3d, 0x3d, 0x20, 0x6e, 0x75, 0x6c, 0x6c, 0x29,
 0x20, 0x7b, 0x0a, 0x20, 0x20, 0x20, 0x20, 0x20,
 0x20, 0x65, 0x78, 0x70, 0x72, 0x20, 0x3d, 0x20,
 0x27, 0x27, 0x3b, 0x0a, 0x20, 0x20, 0x20, 0x20,
 0x20, 0x20, 0x72, 0x65, 0x74, 0x75, 0x72, 0x6e,
 0x20, 0x66, 0x61, 0x6c, 0x73, 0x65, 0x3b, 0x0a,
 0x20, 0x20, 0x20, 0x20, 0x7d, 0x0a, 0x20, 0x20,
 0x20, 0x20, 0x69, 0x66, 0x28, 0x65, 0x78, 0x70,
 0x72, 0x20, 0x3d, 0x3d, 0x3d, 0x20, 0x27, 0x3f,
 0x27, 0x29, 0x20, 0x7b, 0x0a, 0x20, 0x20, 0x20,
 0x20, 0x20, 0x20, 0x74, 0x68, 0x69, 0x73, 0x2e,
 0x68, 0x65, 0x6c, 0x70, 0x28, 0x29, 0x3b, 0x0a,
 0x20, 0x20, 0x20, 0x20, 0x20, 0x20, 0x72, 0x65,
 0x74, 0x75, 0x72, 0x6e, 0x20, 0x66, 0x61, 0x6c,
 0x73, 0x65, 0x3b, 0x0a, 0x20, 0x20, 0x20, 0x20,
 0x7d, 0x0a, 0x20, 0x20, 0x20, 0x20, 0x63, 0x6d,
 0x64, 0x20, 0x3d, 0x20, 0x74, 0x68, 0x69, 0x73,
 0x2e, 0x63, 0x6d, 0x64, 0x20, 0x3d, 0x20, 0x74,
 0x68, 0x69, 0x73, 0x2e, 0x65, 0x78, 0x74, 0x72,
 0x61, 0x63, 0x74, 0x44, 0x69, 0x72, 0x65, 0x63,
 0x74, 0x69, 0x76, 0x65, 0x28, 0x65, 0x78, 0x70,
 0x72, 0x29, 0x3b, 0x0a, 0x20, 0x20, 0x20, 0x20,
 0x69, 0x66, 0x28, 0x63, 0x6d, 0x64, 0x2e, 0x6c,
 0x65, 0x6e, 0x67, 0x74, 0x68, 0x20, 0x3e, 0x20,
 0x30, 0x29, 0x20, 0x7b, 0x0a, 0x20, 0x20, 0x20,
 0x20, 0x20, 0x20, 0x69, 0x66, 0x28, 0x21, 0x74,
 0x68, 0x69, 0x73, 0x2e, 0x68, 0x61, 0x6e, 0x64,
 0x6c, 0x65, 0x44, 0x69, 0x72, 0x65, 0x63, 0x74,
 0x69, 0x76, 0x65, 0x28, 0x63, 0x6d, 0x64, 0x2c,
 0x20, 0x65, 0x78, 0x70, 0x72, 0x29, 0x29, 0x20,
 0x7b, 0x0a, 0x20, 0x20, 0x20, 0x20, 0x20, 0x20,
 0x20, 0x20, 0x72, 0x65, 0x74, 0x75, 0x72, 0x6e,
 0x20, 0x66, 0x61, 0x6c, 0x73, 0x65, 0x3b, 0x0a,
 0x20, 0x20, 0x20, 0x20, 0x20, 0x20, 0x7d, 0x0a,
 0x20, 0x20, 0x20, 0x20, 0x20, 0x20, 0x65, 0x78,
 0x70, 0x72, 0x20, 0x3d, 0x20, 0x65, 0x78, 0x70,
 0x72, 0x2e, 0x73, 0x75, 0x62, 0x73, 0x74, 0x72,
 0x69, 0x6e, 0x67, 0x28, 0x63, 0x6d, 0x64, 0x2e,
 0x6c, 0x65, 0x6e, 0x67, 0x74, 0x68, 0x20, 0x2b,
 0x20, 0x31, 0x29, 0x3b, 0x0a, 0x20, 0x20, 0x20,
 0x20, 0x7d, 0x0a, 0x20, 0x20, 0x20, 0x20, 0x69,
 0x66, 0x28, 0x65, 0x78, 0x70, 0x72, 0x20, 0x3d,
 0x3d, 0x3d, 0x20, 0x27, 0x27, 0x29, 0x20, 0x72,
 0x65, 0x74, 0x75, 0x72, 0x6e, 0x20, 0x66, 0x61,
 0x6c, 0x73, 0x65, 0x3b, 0x0a, 0x0a, 0x20, 0x20,
 0x20, 0x20, 0x69, 0x66, 0x28, 0x74, 0x68, 0x69,
 0x73, 0x2e, 0x6d, 0x65, 0x78, 0x70, 0x72, 0x29,
 0x20, 0x65, 0x78, 0x70, 0x72, 0x20, 0x3d, 0x20,
 0x74, 0x68, 0x69, 0x73, 0x2e, 0x6d, 0x65, 0x78,
 0x70, 0x72, 0x20, 0x2b, 0x20, 0x27, 0x5c, 0x6e,
 0x27, 0x20, 0x2b, 0x20, 0x65, 0x78, 0x70, 0x72,
 0x3b, 0x0a, 0x20, 0x20, 0x20, 0x20, 0x63, 0x6f,
 0x6c, 0x6f, 0x72, 0x73, 0x74, 0x61, 0x74, 0x65,
 0x20, 0x3d, 0x20, 0x74, 0x68, 0x69, 0x73, 0x2e,
 0x63, 0x6f, 0x6c, 0x6f, 0x72, 0x69, 0x7a, 0x65,
 0x4a, 0x73, 0x28, 0x65, 0x78, 0x70, 0x72, 0x29,
 0x3b, 0x0a, 0x20, 0x20, 0x20, 0x20, 0x74, 0x68,
 0x69, 0x73, 0x2e, 0x70, 0x73, 0x74, 0x61, 0x74,
 0x65, 0x20, 0x3d, 0x20, 0x63, 0x6f, 0x6c, 0x6f,
 0x72, 0x73, 0x74, 0x61, 0x74, 0x65, 0x5b, 0x30,
 0x5d, 0x3b, 0x0a, 0x20, 0x20, 0x20, 0x20, 0x74,
 0x68, 0x69, 0x73, 0x2e, 0x6c, 0x65, 0x76, 0x65,
 0x6c, 0x20, 0x3d, 0x20, 0x63, 0x6f, 0x6c, 0x6f,
 0x72, 0x73, 0x74, 0x61, 0x74, 0x65, 0x5b, 0x31,
 0x5d, 0x3b, 0x0a, 0x0a, 0x20, 0x20, 0x20, 0x20,
 0x69, 0x66, 0x28, 0x74, 0x68, 0x69, 0x73, 0x2e,
 0x70, 0x73, 0x74, 0x61, 0x74, 0x65, 0x29, 0x20,
 0x7b, 0x0a, 0x20, 0x20, 0x20, 0x20, 0x20, 0x20,
 0x74, 0x68, 0x69, 0x73, 0x2e, 0x6d, 0x65, 0x78,
 0x70, 0x72, 0x20, 0x3d, 0x20, 0x65, 0x78, 0x70,
 0x72, 0x3b, 0x0a, 0x20, 0x20, 0x20, 0x20, 0x20,
 0x20, 0x72, 0x65, 0x74, 0x75, 0x72, 0x6e, 0x20,
 0x66, 0x61, 0x6c, 0x73, 0x65, 0x3b, 0x0a, 0x20,
 0x20, 0x20, 0x20, 0x7d, 0x0a, 0x0a, 0x20, 0x20,
 0x20, 0x20, 0x74, 0x68, 0x69, 0x73, 0x2e, 0x6d,
 0x65, 0x78, 0x70, 0x72, 0x20, 0x3d, 0x20, 0x27,
 0x27, 0x3b, 0x0a, 0x0a, 0x20, 0x20, 0x20, 0x20,
 0x69, 0x66, 0x28, 0x68, 0x61, 0x73, 0x42, 0x69,
 0x67, 0x6e, 0x75, 0x6d, 0x29, 0x20, 0x7b, 0x0a,
 0x20, 0x20, 0x20, 0x20, 0x20, 0x20, 0x2f, 0x2f,
 0x42, 0x69, 0x67, 0x46, 0x6c, 0x6f, 0x61, 0x74,
 0x45, 0x6e, 0x76, 0x2e, 0x73, 0x65, 0x74, 0x50,
 0x72, 0x65, 0x63, 0x28, 0x74, 0x68, 0x69, 0x73,
 0x2e, 0x65, 0x76, 0x61, 0x6c, 0x41, 0x6e, 0x64,
 0x50, 0x72, 0x69, 0x6e, 0x74, 0x53, 0x74, 0x61,
 0x72, 0x74, 0x2e, 0x62, 0x69, 0x6e, 0x64, 0x28,
 0x74, 0x68, 0x69, 0x73, 0x2c, 0x20, 0x65, 0x78,
 0x70, 0x72, 0x2c, 0x20, 0x2f, 0x5c, 0x62, 0x61,
 0x77, 0x61, 0x69, 0x74, 0x5c, 0x62, 0x2f, 0x2e,
 0x74, 0x65, 0x73, 0x74, 0x28, 0x65, 0x78, 0x70,
 0x72, 0x29, 0x29, 0x2c, 0x20, 0x70, 0x72, 0x65,
 0x63, 0x2c, 0x20, 0x65, 0x78, 0x70, 0x42, 0x69,
 0x74, 0x73, 0x29, 0x3b, 0x0a, 0x20, 0x20, 0x20,
 0x20, 0x20, 0x20, 0x42, 0x69, 0x67, 0x46, 0x6c,
 0x6f, 0x61, 0x74, 0x45, 0x6e, 0x76, 0x2e, 0x73,
 0x65, 0x74, 0x50, 0x72, 0x65, 0x63, 0x28, 0x28,
 0x29, 0x20, 0x3d, 0x3e, 0x20, 0x74, 0x68, 0x69,
 0x73, 0x2e, 0x65, 0x76, 0x61, 0x6c, 0x41, 0x6e,
 0x64, 0x50, 0x72, 0x69, 0x6e, 0x74, 0x53, 0x74,
 0x61, 0x72, 0x74, 0x28, 0x65, 0x78, 0x70, 0x72,
 0x2c, 0x20, 0x2f, 0x5c, 0x62, 0x61, 0x77, 0x61,
 0x69, 0x74, 0x5c, 0x62, 0x2f, 0x2e, 0x74, 0x65,
 0x73, 0x74, 0x28, 0x65, 0x78, 0x70, 0x72, 0x29,
 0x29, 0x2c, 0x20, 0x70, 0x72, 0x65, 0x63, 0x2c,
 0x20, 0x65, 0x78, 0x70, 0x42, 0x69, 0x74, 0x73,
 0x29, 0x3b, 0x0a, 0x20, 0x20, 0x20, 0x20, 0x7d,
 0x20, 0x65, 0x6c, 0x73, 0x65, 0x20, 0x7b, 0x0a,
 0x20, 0x20, 0x20, 0x20, 0x20, 0x20, 0x74, 0x68,
 0x69, 0x73, 0x2e, 0x68, 0x61, 0x6e, 0x64, 0x6c,
 0x65, 0x49, 0x6e, 0x70, 0x75, 0x74, 0x28, 0x65,
 0x78, 0x70, 0x72, 0x29, 0x3b, 0x0a, 0x20, 0x20,
 0x20, 0x20, 0x7d, 0x0a, 0x0a, 0x20, 0x20, 0x20,
 0x20, 0x74, 0x68, 0x69, 0x73, 0x2e, 0x6c, 0x65,
 0x76, 0x65, 0x6c, 0x20, 0x3d, 0x20, 0x30, 0x3b,
 0x0a, 0x0a, 0x20, 0x20, 0x20, 0x20, 0x2f, 0x2a,
 0x20, 0x72, 0x75, 0x6e, 0x20, 0x74, 0x68, 0x65,
 0x20, 0x67, 0x61, 0x72, 0x62, 0x61, 0x67, 0x65,
 0x20, 0x63, 0x6f, 0x6c, 0x6c, 0x65, 0x63, 0x74,
 0x6f, 0x72, 0x20, 0x61, 0x66, 0x74, 0x65, 0x72,
 0x20, 0x65, 0x61, 0x63, 0x68, 0x20, 0x63, 0x6f,
 0x6d, 0x6d, 0x61, 0x6e, 0x64, 0x20, 0x2a, 0x2f,
 0x0a, 0x20, 0x20, 0x20, 0x20, 0x2f, 0x2f, 0x67,
 0x63, 0x28, 0x29, 0x3b, 0x0a, 0x0a, 0x20, 0x20,
 0x20, 0x20, 0x72, 0x65, 0x74, 0x75, 0x72, 0x6e,
 0x20, 0x74, 0x72, 0x75, 0x65, 0x3b, 0x0a, 0x20,
 0x20, 0x7d, 0x0c, 0x42, 0x0b, 0x01, 0x00, 0x02,
 0x03, 0x02, 0x05, 0x01, 0x01, 0x02, 0x85, 0x01,
 0x05, 0xb6, 0x09, 0x00, 0x01, 0x00, 0xd0, 0x09,
 0x00, 0x01, 0x00, 0xc4, 0x08, 0x00, 0x00, 0x00,
 0xca, 0x07, 0x08, 0x00, 0x03, 0x10, 0x00, 0x01,
 0x40, 0x00, 0xb8, 0x04, 0x2a, 0x02, 0x0c, 0x42,
 0x0b, 0x01, 0x00, 0x01, 0x00, 0x01, 0x03, 0x00,
 0x01, 0x00, 0x0a, 0x01, 0xc4, 0x08, 0x00, 0x01,
 0x00, 0x10, 0x02, 0x00, 0xdd, 0x41, 0x69, 0x02,
 0x00, 0x00, 0xd1, 0x25, 0x01, 0x00, 0xca, 0x03,
 0xfa, 0x08, 0x0b, 0x02, 0x20, 0x3e, 0x26, 0x72,
 0x65, 0x73, 0x75, 0x6c, 0x74, 0x20, 0x3d, 0x3e,
 0x20, 0x74, 0x68, 0x69, 0x73, 0x2e, 0x70, 0x72,
 0x69, 0x6e, 0x74, 0x45, 0x76, 0x61, 0x6c, 0x52,
 0x65, 0x73, 0x75, 0x6c, 0x74, 0x28, 0x72, 0x65,
 0x73, 0x75, 0x6c, 0x74, 0x29, 0x0c, 0x42, 0x0b,
 0x01, 0x00, 0x01, 0x00, 0x01, 0x03, 0x00, 0x01,
 0x00, 0x0a, 0x01, 0xd4, 0x09, 0x00, 0x01, 0x00,
 0x10, 0x02, 0x00, 0xdd, 0x41, 0x6b, 0x02, 0x00,
 0x00, 0xd1, 0x25, 0x01, 0x00, 0xca, 0x03, 0xfb,
 0x08, 0x0b, 0x02, 0x20, 0x36, 0x1f, 0x65, 0x72,
 0x72, 0x20, 0x3d, 0x3e, 0x20, 0x74, 0x68, 0x69,
 0x73, 0x2e, 0x70, 0x72, 0x69, 0x6e, 0x74, 0x45,
 0x76, 0x61, 0x6c, 0x45, 0x72, 0x72, 0x6f, 0x72,
 0x28, 0x65, 0x72, 0x72, 0x29, 0x08, 0xcb, 0xd1,
 0xc0, 0xab, 0xea, 0x02, 0x29, 0xc7, 0x41, 0x6c,
 0x02, 0x00, 0x00, 0xd1, 0x24, 0x01, 0x00, 0x0e,
 0x6b, 0x5d, 0x00, 0x00, 0x00, 0xdd, 0x04, 0xb6,
 0x01, 0x00, 0x00, 0xad, 0xea, 0x09, 0x04, 0x6d,
 0x02, 0x00, 0x00, 0xd1, 0x9c, 0xd5, 0xc7, 0x38,
 0xa0, 0x00, 0x00, 0x00, 0x41, 0x6e, 0x02, 0x00,
 0x00, 0x24, 0x00, 0x00, 0x42, 0x6f, 0x02, 0x00,
 0x00, 0x38, 0x70, 0x02, 0x00, 0x00, 0xd1, 0x0b,
 0x0a, 0x4b, 0x71, 0x02, 0x00, 0x00, 0xd2, 0x4b,
 0x87, 0x00, 0x00, 0x00, 0xf0, 0xc9, 0xd2, 0xea,
 0x11, 0xc5, 0x41, 0x81, 0x00, 0x00, 0x00, 0xbf,
 0x00, 0xbf, 0x01, 0x24, 0x02, 0x00, 0x0e, 0xec,
 0x0c, 0xc7, 0x41, 0x69, 0x02, 0x00, 0x00, 0xc5,
 0x24, 0x01, 0x00, 0x0e, 0x0e, 0x29, 0xca, 0x6b,
 0x11, 0x00, 0x00, 0x00, 0xc7, 0x41, 0x6b, 0x02,
 0x00, 0x00, 0xc6, 0x24, 0x01, 0x00, 0x0e, 0x0e,
 0x29, 0x30, 0xca, 0x03, 0xe8, 0x08, 0x03, 0x26,
 0x14, 0x1a, 0x1d, 0x15, 0x20, 0x20, 0x3c, 0x04,
 0x2a, 0x10, 0x1b, 0x3e, 0x12, 0x6d, 0x39, 0x34,
 0x00, 0x08, 0x08, 0x33, 0x1b, 0x22, 0x00, 0x13,
 0x08, 0x1d, 0x21, 0x04, 0x00, 0x0a, 0x08, 0x03,
 0x20, 0x2a, 0x46, 0x2d, 0x20, 0x28, 0xce, 0x05,
 0x65, 0x76, 0x61, 0x6c, 0x41, 0x6e, 0x64, 0x50,
 0x72, 0x69, 0x6e, 0x74, 0x53, 0x74, 0x61, 0x72,
 0x74, 0x28, 0x65, 0x78, 0x70, 0x72, 0x2c, 0x20,
 0x69, 0x73, 0x5f, 0x61, 0x73, 0x79, 0x6e, 0x63,
 0x29, 0x20, 0x7b, 0x0a, 0x20, 0x20, 0x20, 0x20,
 0x76, 0x61, 0x72, 0x20, 0x72, 0x65, 0x73, 0x75,
 0x6c, 0x74, 0x3b, 0x0a, 0x0a, 0x20, 0x20, 0x20,
 0x20, 0x69, 0x66, 0x28, 0x65, 0x78, 0x70, 0x72,
 0x20, 0x3d, 0x3d, 0x20, 0x27, 0x27, 0x29, 0x20,
 0x72, 0x65, 0x74, 0x75, 0x72, 0x6e, 0x3b, 0x0a,
 0x0a, 0x20, 0x20, 0x20, 0x20, 0x74, 0x68, 0x69,
 0x73, 0x2e, 0x68, 0x69, 0x73, 0x74, 0x6f, 0x72,
 0x79, 0x41, 0x64, 0x64, 0x28, 0x65, 0x78, 0x70,
 0x72, 0x29, 0x3b, 0x0a, 0x0a, 0x20, 0x20, 0x20,
 0x20, 0x74, 0x72, 0x79, 0x20, 0x7b, 0x0a, 0x20,
 0x20, 0x20, 0x20, 0x20, 0x20, 0x69, 0x66, 0x28,
 0x65, 0x76, 0x61, 0x6c, 0x4d, 0x6f, 0x64, 0x65,
 0x20, 0x3d, 0x3d, 0x3d, 0x20, 0x27, 0x6d, 0x61,
 0x74, 0x68, 0x27, 0x29, 0x20, 0x65, 0x78, 0x70,
 0x72, 0x20, 0x3d, 0x20, 0x27, 0x22, 0x75, 0x73,
 0x65, 0x20, 0x6d, 0x61, 0x74, 0x68, 0x22, 0x3b,
 0x20, 0x76, 0x6f, 0x69, 0x64, 0x20, 0x30, 0x3b,
 0x27, 0x20, 0x2b, 0x20, 0x65, 0x78, 0x70, 0x72,
 0x3b, 0x0a, 0x20, 0x20, 0x20, 0x20, 0x20, 0x20,
 0x74, 0x68, 0x69, 0x73, 0x2e, 0x65, 0x76, 0x61,
 0x6c, 0x53, 0x74, 0x61, 0x72, 0x74, 0x54, 0x69,
 0x6d, 0x65, 0x20, 0x3d, 0x20, 0x44, 0x61, 0x74,
 0x65, 0x2e, 0x6e, 0x6f, 0x77, 0x28, 0x29, 0x3b,
 0x0a, 0x0a, 0x20, 0x20, 0x20, 0x20, 0x20, 0x20,
 0x2f, 0x2a, 0x20, 0x65, 0x76, 0x61, 0x6c, 0x20,
 0x61, 0x73, 0x20, 0x61, 0x20, 0x73, 0x63, 0x72,
 0x69, 0x70, 0x74, 0x20, 0x2a, 0x2f, 0x0a, 0x20,
 0x20, 0x20, 0x20, 0x20, 0x20, 0x2f, 0x2f, 0x72,
 0x65, 0x73, 0x75, 0x6c, 0x74, 0x20, 0x3d, 0x20,
 0x65, 0x76, 0x61, 0x6c, 0x53, 0x63, 0x72, 0x69,
 0x70, 0x74, 0x28, 0x65, 0x78, 0x70, 0x72, 0x2c,
 0x20, 0x7b, 0x20, 0x62, 0x61, 0x63, 0x6b, 0x74,
 0x72, 0x61, 0x63, 0x65, 0x5f, 0x62, 0x61, 0x72,
 0x72, 0x69, 0x65, 0x72, 0x3a, 0x20, 0x74, 0x72,
 0x75, 0x65, 0x2c, 0x20, 0x61, 0x73, 0x79, 0x6e,
 0x63, 0x3a, 0x20, 0x69, 0x73, 0x5f, 0x61, 0x73,
 0x79, 0x6e, 0x63, 0x20, 0x7d, 0x29, 0x3b, 0x0a,
 0x20, 0x20, 0x20, 0x20, 0x20, 0x20, 0x72, 0x65,
 0x73, 0x75, 0x6c, 0x74, 0x20, 0x3d, 0x20, 0x65,
 0x76, 0x61, 0x6c, 0x42, 0x75, 0x66, 0x28, 0x65,
 0x78, 0x70, 0x72, 0x2c, 0x20, 0x7b, 0x20, 0x62,
 0x61, 0x63, 0x6b, 0x74, 0x72, 0x61, 0x63, 0x65,
 0x5f, 0x62, 0x61, 0x72, 0x72, 0x69, 0x65, 0x72,
 0x3a, 0x20, 0x74, 0x72, 0x75, 0x65, 0x2c, 0x20,
 0x61, 0x73, 0x79, 0x6e, 0x63, 0x3a, 0x20, 0x69,
 0x73, 0x5f, 0x61, 0x73, 0x79, 0x6e, 0x63, 0x20,
 0x7d, 0x29, 0x3b, 0x0a, 0x0a, 0x20, 0x20, 0x20,
 0x20, 0x20, 0x20, 0x69, 0x66, 0x28, 0x69, 0x73,
 0x5f, 0x61, 0x73, 0x79, 0x6e, 0x63, 0x29, 0x20,
 0x7b, 0x0a, 0x20, 0x20, 0x20, 0x20, 0x20, 0x20,
 0x20, 0x20, 0x2f, 0x2a, 0x20, 0x72, 0x65, 0x73,
 0x75, 0x6c, 0x74, 0x20, 0x69, 0x73, 0x20, 0x61,
 0x20, 0x70, 0x72, 0x6f, 0x6d, 0x69, 0x73, 0x65,
 0x20, 0x2a, 0x2f, 0x0a, 0x20, 0x20, 0x20, 0x20,
 0x20, 0x20, 0x20, 0x20, 0x72, 0x65, 0x73, 0x75,
 0x6c, 0x74, 0x2e, 0x74, 0x68, 0x65, 0x6e, 0x28,
 0x0a, 0x20, 0x20, 0x20, 0x20, 0x20, 0x20, 0x20,
 0x20, 0x20, 0x20, 0x72, 0x65, 0x73, 0x75, 0x6c,
 0x74, 0x20, 0x3d, 0x3e, 0x20, 0x74, 0x68, 0x69,
 0x73, 0x2e, 0x70, 0x72, 0x69, 0x6e, 0x74, 0x45,
 0x76, 0x61, 0x6c, 0x52, 0x65, 0x73, 0x75, 0x6c,
 0x74, 0x28, 0x72, 0x65, 0x73, 0x75, 0x6c, 0x74,
 0x29, 0x2c, 0x0a, 0x20, 0x20, 0x20, 0x20, 0x20,
 0x20, 0x20, 0x20, 0x20, 0x20, 0x65, 0x72, 0x72,
 0x20, 0x3d, 0x3e, 0x20, 0x74, 0x68, 0x69, 0x73,
 0x2e, 0x70, 0x72, 0x69, 0x6e, 0x74, 0x45, 0x76,
 0x61, 0x6c, 0x45, 0x72, 0x72, 0x6f, 0x72, 0x28,
 0x65, 0x72, 0x72, 0x29, 0x2c, 0x0a, 0x20, 0x20,
 0x20, 0x20, 0x20, 0x20, 0x20, 0x20, 0x29, 0x3b,
 0x0a, 0x20, 0x20, 0x20, 0x20, 0x20, 0x20, 0x7d,
 0x20, 0x65, 0x6c, 0x73, 0x65, 0x20, 0x7b, 0x0a,
 0x20, 0x20, 0x20, 0x20, 0x20, 0x20, 0x20, 0x20,
 0x74, 0x68, 0x69, 0x73, 0x2e, 0x70, 0x72, 0x69,
 0x6e, 0x74, 0x45, 0x76, 0x61, 0x6c, 0x52, 0x65,
 0x73, 0x75, 0x6c, 0x74, 0x28, 0x72, 0x65, 0x73,
 0x75, 0x6c, 0x74, 0x29, 0x3b, 0x0a, 0x20, 0x20,
 0x20, 0x20, 0x20, 0x20, 0x7d, 0x0a, 0x20, 0x20,
 0x20, 0x20, 0x7d, 0x20, 0x63, 0x61, 0x74, 0x63,
 0x68, 0x28, 0x65, 0x72, 0x72, 0x6f, 0x72, 0x29,
 0x20, 0x7b, 0x0a, 0x20, 0x20, 0x20, 0x20, 0x20,
 0x20, 0x74, 0x68, 0x69, 0x73, 0x2e, 0x70, 0x72,
 0x69, 0x6e, 0x74, 0x45, 0x76, 0x61, 0x6c, 0x45,
 0x72, 0x72, 0x6f, 0x72, 0x28, 0x65, 0x72, 0x72,
 0x6f, 0x72, 0x29, 0x3b, 0x0a, 0x20, 0x20, 0x20,
 0x20, 0x7d, 0x0a, 0x20, 0x20, 0x7d, 0x0c, 0x42,
 0x0b, 0x01, 0x00, 0x01, 0x01, 0x01, 0x04, 0x00,
 0x04, 0x00, 0x61, 0x02, 0xc4, 0x08, 0x00, 0x01,
 0x00, 0x10, 0x00, 0x01, 0x00, 0x96, 0x04, 0x1e,
 0x1a, 0xae, 0x04, 0x25, 0x02, 0xba, 0x04, 0x2b,
 0x02, 0xd2, 0x03, 0x14, 0x1a, 0x08, 0xc9, 0xc5,
 0x38, 0xa0, 0x00, 0x00, 0x00, 0x41, 0x6e, 0x02,
 0x00, 0x00, 0x24, 0x00, 0x00, 0xc5, 0x40, 0x6f,
 0x02, 0x00, 0x00, 0x9d, 0x42, 0x72, 0x02, 0x00,
 0x00, 0x64, 0x00, 0x00, 0xde, 0xdf, 0x40, 0x22,
 0x02, 0x00, 0x00, 0x46, 0xef, 0x0e, 0x38, 0x73,
 0x02, 0x00, 0x00, 0x64, 0x03, 0x00, 0xd1, 0xc5,
 0x40, 0x96, 0x01, 0x00, 0x00, 0xf0, 0xef, 0x0e,
 0x64, 0x00, 0x00, 0x04, 0x52, 0x01, 0x00, 0x00,
 0xef, 0x0e, 0x64, 0x00, 0x00, 0xde, 0x40, 0x27,
 0x02, 0x00, 0x00, 0xef, 0x0e, 0xc5, 0xd1, 0x42,
 0x28, 0x02, 0x00, 0x00, 0xc5, 0x41, 0x74, 0x02,
 0x00, 0x00, 0x24, 0x00, 0x00, 0x29, 0xca, 0x03,
 0x85, 0x09, 0x03, 0x1c, 0x0d, 0x04, 0x39, 0x2a,
 0x11, 0x10, 0x3f, 0x39, 0x11, 0x0a, 0x35, 0x09,
 0x1b, 0x0c, 0x11, 0x10, 0x35, 0x1b, 0x35, 0x00,
 0x11, 0x0a, 0x2c, 0x09, 0x27, 0x00, 0x20, 0x0a,
 0x98, 0x02, 0x70, 0x72, 0x69, 0x6e, 0x74, 0x45,
 0x76, 0x61, 0x6c, 0x52, 0x65, 0x73, 0x75, 0x6c,
 0x74, 0x28, 0x72, 0x65, 0x73, 0x75, 0x6c, 0x74,
 0x29, 0x20, 0x7b, 0x0a, 0x20, 0x20, 0x20, 0x20,
 0x74, 0x68, 0x69, 0x73, 0x2e, 0x65, 0x76, 0x61,
 0x6c, 0x54, 0x69, 0x6d, 0x65, 0x20, 0x3d, 0x20,
 0x44, 0x61, 0x74, 0x65, 0x2e, 0x6e, 0x6f, 0x77,
 0x28, 0x29, 0x20, 0x2d, 0x20, 0x74, 0x68, 0x69,
 0x73, 0x2e, 0x65, 0x76, 0x61, 0x6c, 0x53, 0x74,
 0x61, 0x72, 0x74, 0x54, 0x69, 0x6d, 0x65, 0x3b,
 0x0a, 0x20, 0x20, 0x20, 0x20, 0x70, 0x75, 0x74,
 0x73, 0x28, 0x63, 0x6f, 0x6c, 0x6f, 0x72, 0x73,
 0x5b, 0x73, 0x74, 0x79, 0x6c, 0x65, 0x73, 0x2e,
 0x72, 0x65, 0x73, 0x75, 0x6c, 0x74, 0x5d, 0x29,
 0x3b, 0x0a, 0x20, 0x20, 0x20, 0x20, 0x70, 0x72,
 0x69, 0x6e, 0x74, 0x28, 0x69, 0x6e, 0x73, 0x70,
 0x65, 0x63, 0x74, 0x28, 0x72, 0x65, 0x73, 0x75,
 0x6c, 0x74, 0x2c, 0x20, 0x74, 0x68, 0x69, 0x73,
 0x2e, 0x69, 0x6e, 0x73, 0x70, 0x65, 0x63, 0x74,
 0x4f, 0x70, 0x74, 0x69, 0x6f, 0x6e, 0x73, 0x29,
 0x29, 0x3b, 0x0a, 0x20, 0x20, 0x20, 0x20, 0x70,
 0x75, 0x74, 0x73, 0x28, 0x27, 0x5c, 0x6e, 0x27,
 0x29, 0x3b, 0x0a, 0x20, 0x20, 0x20, 0x20, 0x70,
 0x75, 0x74, 0x73, 0x28, 0x63, 0x6f, 0x6c, 0x6f,
 0x72, 0x73, 0x2e, 0x6e, 0x6f, 0x6e, 0x65, 0x29,
 0x3b, 0x0a, 0x20, 0x20, 0x20, 0x20, 0x2f, 0x2a,
 0x20, 0x73, 0x65, 0x74, 0x20, 0x74, 0x68, 0x65,
 0x20, 0x6c, 0x61, 0x73, 0x74, 0x20, 0x72, 0x65,
 0x73, 0x75, 0x6c, 0x74, 0x20, 0x2a, 0x2f, 0x0a,
 0x20, 0x20, 0x20, 0x20, 0x74, 0x68, 0x69, 0x73,
 0x2e, 0x5f, 0x20, 0x3d, 0x20, 0x72, 0x65, 0x73,
 0x75, 0x6c, 0x74, 0x3b, 0x0a, 0x0a, 0x20, 0x20,
 0x20, 0x20, 0x74, 0x68, 0x69, 0x73, 0x2e, 0x68,
 0x61, 0x6e, 0x64, 0x6c, 0x65, 0x43, 0x6d, 0x64,
 0x45, 0x6e, 0x64, 0x28, 0x29, 0x3b, 0x0a, 0x20,
 0x20, 0x7d, 0x0c, 0x42, 0x0b, 0x01, 0x00, 0x01,
 0x01, 0x01, 0x03, 0x00, 0x03, 0x00, 0x68, 0x02,
 0xca, 0x07, 0x00, 0x01, 0x00, 0x10, 0x00, 0x01,
 0x00, 0x96, 0x04, 0x1e, 0x1a, 0xae, 0x04, 0x25,
 0x02, 0xba, 0x04, 0x2b, 0x02, 0x08, 0xc9, 0x64,
 0x00, 0x00, 0xde, 0xdf, 0x40, 0x75, 0x02, 0x00,
 0x00, 0x46, 0xef, 0x0e, 0xd1, 0x38, 0x98, 0x00,
 0x00, 0x00, 0xa9, 0xea, 0x27, 0x64, 0x00, 0x00,
 0xd1, 0x40, 0x33, 0x00, 0x00, 0x00, 0xef, 0x0e,
 0xd1, 0x40, 0x36, 0x00, 0x00, 0x00, 0xea, 0x29,
 0x64, 0x00, 0x00, 0x04, 0x52, 0x01, 0x00, 0x00,
 0xd1, 0x40, 0x36, 0x00, 0x00, 0x00, 0x9c, 0xef,
 0x0e, 0xec, 0x16, 0x64, 0x00, 0x00, 0x04, 0x76,
 0x02, 0x00, 0x00, 0xef, 0x0e, 0x64, 0x00, 0x00,
 0xd1, 0x40, 0x33, 0x00, 0x00, 0x00, 0xef, 0x0e,
 0x64, 0x00, 0x00, 0xde, 0x40, 0x27, 0x02, 0x00,
 0x00, 0xef, 0x0e, 0xc5, 0x41, 0x74, 0x02, 0x00,
 0x00, 0x24, 0x00, 0x00, 0x29, 0xca, 0x03, 0x91,
 0x09, 0x03, 0x1c, 0x0e, 0x04, 0x11, 0x0a, 0x3b,
 0x1e, 0x2b, 0x23, 0x11, 0x0a, 0x54, 0x16, 0x2a,
 0x18, 0x3b, 0x37, 0x35, 0x00, 0x11, 0x0a, 0x2d,
 0x0d, 0x11, 0x0a, 0x2c, 0x09, 0x20, 0x0a, 0xc1,
 0x02, 0x70, 0x72, 0x69, 0x6e, 0x74, 0x45, 0x76,
 0x61, 0x6c, 0x45, 0x72, 0x72, 0x6f, 0x72, 0x28,
 0x65, 0x72, 0x72, 0x6f, 0x72, 0x29, 0x20, 0x7b,
 0x0a, 0x20, 0x20, 0x20, 0x20, 0x2f, 0x2f, 0x70,
 0x75, 0x74, 0x73, 0x28, 0x27, 0x70, 0x72, 0x69,
 0x6e, 0x74, 0x45, 0x76, 0x61, 0x6c, 0x45, 0x72,
 0x72, 0x6f, 0x72, 0x27, 0x29, 0x3b, 0x0a, 0x20,
 0x20, 0x20, 0x20, 0x70, 0x75, 0x74, 0x73, 0x28,
 0x63, 0x6f, 0x6c, 0x6f, 0x72, 0x73, 0x5b, 0x73,
 0x74, 0x79, 0x6c, 0x65, 0x73, 0x2e, 0x65, 0x72,
 0x72, 0x6f, 0x72, 0x4d, 0x73, 0x67, 0x5d, 0x29,
 0x3b, 0x0a, 0x0a, 0x20, 0x20, 0x20, 0x20, 0x69,
 0x66, 0x28, 0x65, 0x72, 0x72, 0x6f, 0x72, 0x20,
 0x69, 0x6e, 0x73, 0x74, 0x61, 0x6e, 0x63, 0x65,
 0x6f, 0x66, 0x20, 0x45, 0x72, 0x72, 0x6f, 0x72,
 0x29, 0x20, 0x7b, 0x0a, 0x20, 0x20, 0x20, 0x20,
 0x20, 0x20, 0x70, 0x75, 0x74, 0x73, 0x28, 0x65,
 0x72, 0x72, 0x6f, 0x72, 0x2e, 0x6d, 0x65, 0x73,
 0x73, 0x61, 0x67, 0x65, 0x29, 0x3b, 0x0a, 0x0a,
 0x20, 0x20, 0x20, 0x20, 0x20, 0x20, 0x69, 0x66,
 0x28, 0x65, 0x72, 0x72, 0x6f, 0x72, 0x2e, 0x73,
 0x74, 0x61, 0x63, 0x6b, 0x29, 0x20, 0x70, 0x75,
 0x74, 0x73, 0x28, 0x27, 0x5c, 0x6e, 0x27, 0x20,
 0x2b, 0x20, 0x65, 0x72, 0x72, 0x6f, 0x72, 0x2e,
 0x73, 0x74, 0x61, 0x63, 0x6b, 0x29, 0x3b, 0x0a,
 0x20, 0x20, 0x20, 0x20, 0x7d, 0x20, 0x65, 0x6c,
 0x73, 0x65, 0x20, 0x7b, 0x0a, 0x20, 0x20, 0x20,
 0x20, 0x20, 0x20, 0x70, 0x75, 0x74, 0x73, 0x28,
 0x27, 0x54, 0x68, 0x72, 0x6f, 0x77, 0x3a, 0x20,
 0x27, 0x29, 0x3b, 0x0a, 0x20, 0x20, 0x20, 0x20,
 0x20, 0x20, 0x70, 0x75, 0x74, 0x73, 0x28, 0x65,
 0x72, 0x72, 0x6f, 0x72, 0x2e, 0x6d, 0x65, 0x73,
 0x73, 0x61, 0x67, 0x65, 0x29, 0x3b, 0x0a, 0x20,
 0x20, 0x20, 0x20, 0x7d, 0x0a, 0x0a, 0x20, 0x20,
 0x20, 0x20, 0x70, 0x75, 0x74, 0x73, 0x28, 0x63,
 0x6f, 0x6c, 0x6f, 0x72, 0x73, 0x2e, 0x6e, 0x6f,
 0x6e, 0x65, 0x29, 0x3b, 0x0a, 0x0a, 0x20, 0x20,
 0x20, 0x20, 0x74, 0x68, 0x69, 0x73, 0x2e, 0x68,
 0x61, 0x6e, 0x64, 0x6c, 0x65, 0x43, 0x6d, 0x64,
 0x45, 0x6e, 0x64, 0x28, 0x29, 0x3b, 0x0a, 0x20,
 0x20, 0x7d, 0x0c, 0x42, 0x0b, 0x01, 0x00, 0x00,
 0x01, 0x00, 0x02, 0x00, 0x01, 0x00, 0x18, 0x01,
 0x10, 0x00, 0x01, 0x00, 0x8c, 0x04, 0x18, 0x1a,
 0x08, 0xc9, 0xc5, 0xb4, 0x42, 0xc6, 0x01, 0x00,
 0x00, 0x64, 0x00, 0x00, 0xee, 0x0e, 0xc5, 0x41,
 0xca, 0x01, 0x00, 0x00, 0x24, 0x00, 0x00, 0x29,
 0xca, 0x03, 0xa3, 0x09, 0x03, 0x08, 0x0d, 0x04,
 0x27, 0x00, 0x1c, 0x00, 0x20, 0x0a, 0x86, 0x01,
 0x68, 0x61, 0x6e, 0x64, 0x6c, 0x65, 0x43, 0x6d,
 0x64, 0x45, 0x6e, 0x64, 0x28, 0x29, 0x20, 0x7b,
 0x0a, 0x20, 0x20, 0x20, 0x20, 0x74, 0x68, 0x69,
 0x73, 0x2e, 0x6c, 0x65, 0x76, 0x65, 0x6c, 0x20,
 0x3d, 0x20, 0x30, 0x3b, 0x0a, 0x20, 0x20, 0x20,
 0x20, 0x2f, 0x2a, 0x20, 0x72, 0x75, 0x6e, 0x20,
 0x74, 0x68, 0x65, 0x20, 0x67, 0x61, 0x72, 0x62,
 0x61, 0x67, 0x65, 0x20, 0x63, 0x6f, 0x6c, 0x6c,
 0x65, 0x63, 0x74, 0x6f, 0x72, 0x20, 0x61, 0x66,
 0x74, 0x65, 0x72, 0x20, 0x65, 0x61, 0x63, 0x68,
 0x20, 0x63, 0x6f, 0x6d, 0x6d, 0x61, 0x6e, 0x64,
 0x20, 0x2a, 0x2f, 0x0a, 0x20, 0x20, 0x20, 0x20,
 0x67, 0x63, 0x28, 0x29, 0x3b, 0x0a, 0x20, 0x20,
 0x20, 0x20, 0x74, 0x68, 0x69, 0x73, 0x2e, 0x63,
 0x6d, 0x64, 0x52, 0x65, 0x61, 0x64, 0x6c, 0x69,
 0x6e, 0x65, 0x53, 0x74, 0x61, 0x72, 0x74, 0x28,
 0x29, 0x3b, 0x0a, 0x20, 0x20, 0x7d, 0x0c, 0x42,
 0x0b, 0x01, 0x00, 0x01, 0x02, 0x01, 0x03, 0x00,
 0x00, 0x00, 0x24, 0x03, 0xd6, 0x06, 0x00, 0x01,
 0x00, 0xa6, 0x06, 0x01, 0x00, 0x30, 0x10, 0x00,
 0x01, 0x00, 0x08, 0xca, 0x60, 0x00, 0x00, 0x06,
 0x11, 0xf2, 0xeb, 0x11, 0x6f, 0x41, 0x93, 0x01,
 0x00, 0x00, 0x11, 0xf2, 0xea, 0x03, 0x0e, 0x0b,
 0xc9, 0x0e, 0xec, 0x05, 0x0e, 0xc6, 0xec, 0xed,
 0xd1, 0x61, 0x00, 0x00, 0xaa, 0x28, 0xca, 0x03,
 0xaa, 0x09, 0x03, 0x02, 0x9f, 0x20, 0x5b, 0x68,
 0x61, 0x73, 0x44, 0x69, 0x72, 0x65, 0x63, 0x74,
 0x69, 0x76, 0x65, 0x28, 0x63, 0x6d, 0x64, 0x29,
 0x20, 0x7b, 0x0a, 0x20, 0x20, 0x20, 0x20, 0x63,
 0x6f, 0x6e, 0x73, 0x74, 0x20, 0x7b, 0x20, 0x64,
 0x69, 0x72, 0x65, 0x63, 0x74, 0x69, 0x76, 0x65,
 0x73, 0x20, 0x3d, 0x20, 0x7b, 0x7d, 0x20, 0x7d,
 0x20, 0x3d, 0x20, 0x74, 0x68, 0x69, 0x73, 0x3b,
 0x0a, 0x20, 0x20, 0x20, 0x20, 0x72, 0x65, 0x74,
 0x75, 0x72, 0x6e, 0x20, 0x63, 0x6d, 0x64, 0x20,
 0x69, 0x6e, 0x20, 0x64, 0x69, 0x72, 0x65, 0x63,
 0x74, 0x69, 0x76, 0x65, 0x73, 0x3b, 0x0a, 0x20,
 0x20, 0x7d, 0x0c, 0x42, 0x0b, 0x01, 0x00, 0x01,
 0x02, 0x01, 0x03, 0x00, 0x00, 0x00, 0x24, 0x03,
 0xd6, 0x06, 0x00, 0x01, 0x00, 0xa6, 0x06, 0x01,
 0x00, 0x30, 0x10, 0x00, 0x01, 0x00, 0x08, 0xca,
 0x60, 0x00, 0x00, 0x06, 0x11, 0xf2, 0xeb, 0x11,
 0x6f, 0x41, 0x93, 0x01, 0x00, 0x00, 0x11, 0xf2,
 0xea, 0x03, 0x0e, 0x0b, 0xc9, 0x0e, 0xec, 0x05,
 0x0e, 0xc6, 0xec, 0xed, 0x61, 0x00, 0x00, 0xd1,
 0x46, 0x28, 0xca, 0x03, 0xaf, 0x09, 0x03, 0x00,
 0x59, 0x67, 0x65, 0x74, 0x44, 0x69, 0x72, 0x65,
 0x63, 0x74, 0x69, 0x76, 0x65, 0x28, 0x63, 0x6d,
 0x64, 0x29, 0x20, 0x7b, 0x0a, 0x20, 0x20, 0x20,
 0x20, 0x63, 0x6f, 0x6e, 0x73, 0x74, 0x20, 0x7b,
 0x20, 0x64, 0x69, 0x72, 0x65, 0x63, 0x74, 0x69,
 0x76, 0x65, 0x73, 0x20, 0x3d, 0x20, 0x7b, 0x7d,
 0x20, 0x7d, 0x20, 0x3d, 0x20, 0x74, 0x68, 0x69,
 0x73, 0x3b, 0x0a, 0x20, 0x20, 0x20, 0x20, 0x72,
 0x65, 0x74, 0x75, 0x72, 0x6e, 0x20, 0x64, 0x69,
 0x72, 0x65, 0x63, 0x74, 0x69, 0x76, 0x65, 0x73,
 0x5b, 0x63, 0x6d, 0x64, 0x5d, 0x3b, 0x0a, 0x20,
 0x20, 0x7d, 0x0c, 0x42, 0x0b, 0x01, 0x00, 0x02,
 0x0c, 0x02, 0x06, 0x00, 0x0b, 0x04, 0xf7, 0x08,
 0x0e, 0xd6, 0x06, 0x00, 0x01, 0x00, 0xb6, 0x09,
 0x00, 0x01, 0x00, 0xee, 0x09, 0x00, 0x00, 0x00,
 0xf0, 0x09, 0x00, 0x01, 0x00, 0xf2, 0x09, 0x00,
 0x02, 0x00, 0xf4, 0x09, 0x03, 0x00, 0x30, 0xf6,
 0x09, 0x03, 0x04, 0x30, 0xf8, 0x09, 0x03, 0x05,
 0x30, 0xfa, 0x09, 0x03, 0x06, 0x20, 0xfc, 0x09,
 0x03, 0x07, 0x30, 0xca, 0x06, 0x07, 0x08, 0x30,
 0xf0, 0x08, 0x07, 0x09, 0x30, 0xb6, 0x06, 0x00,
 0x03, 0x00, 0x10, 0x00, 0x01, 0x00, 0x90, 0x04,
 0x1b, 0x1a, 0xb6, 0x04, 0x29, 0x02, 0xaa, 0x04,
 0x23, 0x02, 0x96, 0x04, 0x1e, 0x1a, 0xbe, 0x04,
 0x2d, 0x02, 0xc2, 0x04, 0x2f, 0x02, 0xc0, 0x04,
 0x2e, 0x02, 0xb8, 0x04, 0x2a, 0x02, 0xf6, 0x03,
 0x0b, 0x1a, 0xfe, 0x03, 0x0f, 0x1a, 0xa8, 0x04,
 0x22, 0x02, 0x07, 0x64, 0x27, 0x28, 0x5c, 0x5c,
 0x27, 0x7c, 0x5b, 0x5e, 0x27, 0x5d, 0x29, 0x2a,
 0x27, 0x7c, 0x22, 0x28, 0x5c, 0x5c, 0x22, 0x7c,
 0x5b, 0x5e, 0x22, 0x5d, 0x29, 0x2a, 0x22, 0x7c,
 0x60, 0x28, 0x5c, 0x5c, 0x60, 0x7c, 0x5b, 0x5e,
 0x60, 0x5d, 0x29, 0x2a, 0x60, 0x7c, 0x28, 0x5b,
 0x5e, 0x5c, 0x73, 0x5d, 0x2b, 0x29, 0x07, 0x96,
 0x04, 0x01, 0x00, 0x05, 0x01, 0x03, 0x01, 0x00,
 0x00, 0x09, 0x06, 0x00, 0x00, 0x00, 0x05, 0x08,
 0xf5, 0xff, 0xff, 0xff, 0x0c, 0x00, 0x0a, 0xa9,
 0x00, 0x00, 0x00, 0x0a, 0x6f, 0x00, 0x00, 0x00,
 0x0a, 0x35, 0x00, 0x00, 0x00, 0x01, 0x27, 0x0e,
 0x01, 0x01, 0x0a, 0x24, 0x00, 0x00, 0x00, 0x1a,
 0x0c, 0x01, 0x0a, 0x09, 0x00, 0x00, 0x00, 0x01,
 0x5c, 0x01, 0x27, 0x08, 0x0b, 0x00, 0x00, 0x00,
 0x16, 0x02, 0x00, 0x00, 0x00, 0x26, 0x00, 0x28,
 0x00, 0xff, 0xff, 0x0d, 0x01, 0x1b, 0x08, 0xd7,
 0xff, 0xff, 0xff, 0x01, 0x27, 0x08, 0x30, 0x00,
 0x00, 0x00, 0x01, 0x22, 0x0e, 0x02, 0x02, 0x0a,
 0x24, 0x00, 0x00, 0x00, 0x1a, 0x0c, 0x02, 0x0a,
 0x09, 0x00, 0x00, 0x00, 0x01, 0x5c, 0x01, 0x22,
 0x08, 0x0b, 0x00, 0x00, 0x00, 0x16, 0x02, 0x00,
 0x00, 0x00, 0x21, 0x00, 0x23, 0x00, 0xff, 0xff,
 0x0d, 0x02, 0x1b, 0x08, 0xd7, 0xff, 0xff, 0xff,
 0x01, 0x22, 0x08, 0x30, 0x00, 0x00, 0x00, 0x01,
 0x60, 0x0e, 0x03, 0x03, 0x0a, 0x24, 0x00, 0x00,
 0x00, 0x1a, 0x0c, 0x03, 0x0a, 0x09, 0x00, 0x00,
 0x00, 0x01, 0x5c, 0x01, 0x60, 0x08, 0x0b, 0x00,
 0x00, 0x00, 0x16, 0x02, 0x00, 0x00, 0x00, 0x5f,
 0x00, 0x61, 0x00, 0xff, 0xff, 0x0d, 0x03, 0x1b,
 0x08, 0xd7, 0xff, 0xff, 0xff, 0x01, 0x60, 0x08,
 0x45, 0x00, 0x00, 0x00, 0x0c, 0x04, 0x1d, 0x30,
 0x00, 0x00, 0x00, 0x01, 0x00, 0x00, 0x00, 0xff,
 0xff, 0xff, 0x7f, 0x01, 0x00, 0x00, 0x00, 0x16,
 0x0b, 0x00, 0x00, 0x00, 0x08, 0x00, 0x0e, 0x00,
 0x1f, 0x00, 0x21, 0x00, 0x9f, 0x00, 0xa1, 0x00,
 0x7f, 0x16, 0x81, 0x16, 0xff, 0x1f, 0x0b, 0x20,
 0x27, 0x20, 0x2a, 0x20, 0x2e, 0x20, 0x30, 0x20,
 0x5e, 0x20, 0x60, 0x20, 0xff, 0x2f, 0x01, 0x30,
 0xfe, 0xfe, 0x00, 0xff, 0xff, 0xff, 0x0b, 0x0d,
 0x04, 0x0d, 0x00, 0x0b, 0x07, 0x0c, 0x5e, 0x5b,
 0x27, 0x22, 0x60, 0x5d, 0x07, 0x50, 0x00, 0x00,
 0x01, 0x00, 0x20, 0x00, 0x00, 0x00, 0x09, 0x06,
 0x00, 0x00, 0x00, 0x05, 0x08, 0xf5, 0xff, 0xff,
 0xff, 0x0c, 0x00, 0x06, 0x16, 0x03, 0x00, 0x22,
 0x00, 0x22, 0x00, 0x27, 0x00, 0x27, 0x00, 0x60,
 0x00, 0x60, 0x00, 0x0d, 0x00, 0x0b, 0x08, 0xc2,
 0x0b, 0x07, 0xcb, 0xc1, 0x0b, 0x41, 0x7f, 0x02,
 0x00, 0x00, 0xd1, 0x24, 0x01, 0x00, 0x68, 0xde,
 0x00, 0x00, 0x00, 0x60, 0x07, 0x00, 0x60, 0x06,
 0x00, 0x60, 0x05, 0x00, 0x60, 0x04, 0x00, 0x60,
 0x03, 0x00, 0xd2, 0x41, 0xe1, 0x01, 0x00, 0x00,
 0xd1, 0xe9, 0xb5, 0x9c, 0x24, 0x01, 0x00, 0x41,
 0x80, 0x02, 0x00, 0x00, 0x24, 0x00, 0x00, 0xcc,
 0xbe, 0x00, 0xbe, 0x01, 0x34, 0xc2, 0x04, 0x26,
 0x00, 0x00, 0xc2, 0x05, 0x06, 0xc2, 0x06, 0x61,
 0x04, 0x00, 0x41, 0x88, 0x00, 0x00, 0x00, 0x61,
 0x03, 0x00, 0x24, 0x01, 0x00, 0x11, 0x62, 0x06,
 0x00, 0xea, 0x48, 0xbe, 0x02, 0xbe, 0x03, 0x34,
 0x41, 0x5e, 0x02, 0x00, 0x00, 0x61, 0x06, 0x00,
 0xb4, 0x46, 0x24, 0x01, 0x00, 0xea, 0x21, 0x61,
 0x06, 0x00, 0xb4, 0x1b, 0x11, 0xaf, 0xeb, 0x04,
 0x1b, 0x70, 0x1b, 0x1b, 0x61, 0x06, 0x00, 0xb4,
 0x46, 0x41, 0x43, 0x02, 0x00, 0x00, 0xb5, 0xb3,
 0x24, 0x02, 0x00, 0x1b, 0x70, 0x1b, 0x48, 0x61,
 0x05, 0x00, 0x41, 0xf2, 0x01, 0x00, 0x00, 0x61,
 0x06, 0x00, 0xb4, 0x46, 0x24, 0x01, 0x00, 0x0e,
 0xec, 0xa6, 0xc1, 0x0b, 0x41, 0x42, 0x02, 0x00,
 0x00, 0xd1, 0x24, 0x01, 0x00, 0xc2, 0x07, 0x61,
 0x07, 0x00, 0xea, 0x38, 0x60, 0x09, 0x00, 0x60,
 0x08, 0x00, 0x06, 0x11, 0xf2, 0xeb, 0x0f, 0x7d,
 0x80, 0x00, 0x0e, 0xc2, 0x08, 0x80, 0x00, 0x0e,
 0xc2, 0x09, 0x83, 0xec, 0x07, 0x0e, 0x61, 0x07,
 0x00, 0xec, 0xed, 0x61, 0x08, 0x00, 0x41, 0xa9,
 0x01, 0x00, 0x00, 0xc1, 0x0b, 0x26, 0x01, 0x00,
 0xb5, 0x61, 0x05, 0x00, 0x51, 0x0e, 0x18, 0x27,
 0x00, 0x00, 0x0e, 0x09, 0x28, 0xd1, 0x04, 0x81,
 0x02, 0x00, 0x00, 0xad, 0x11, 0xeb, 0x14, 0x0e,
 0xd1, 0x04, 0x5f, 0x02, 0x00, 0x00, 0xad, 0x11,
 0xeb, 0x09, 0x0e, 0xd1, 0x04, 0x38, 0x02, 0x00,
 0x00, 0xab, 0xea, 0x0f, 0xc1, 0x0b, 0x41, 0x38,
 0x02, 0x00, 0x00, 0x24, 0x00, 0x00, 0x0e, 0xed,
 0x5b, 0x03, 0xd1, 0x04, 0x82, 0x02, 0x00, 0x00,
 0xad, 0xea, 0x47, 0xd2, 0x41, 0xe1, 0x01, 0x00,
 0x00, 0xd1, 0xe9, 0xb5, 0x9c, 0x24, 0x01, 0x00,
 0x41, 0x80, 0x02, 0x00, 0x00, 0x24, 0x00, 0x00,
 0xc3, 0x0a, 0x41, 0x83, 0x02, 0x00, 0x00, 0x04,
 0xbf, 0x01, 0x00, 0x00, 0x24, 0x01, 0x00, 0xc1,
 0x0a, 0x41, 0x83, 0x02, 0x00, 0x00, 0x04, 0xe3,
 0x01, 0x00, 0x00, 0x24, 0x01, 0x00, 0xa6, 0xea,
 0x08, 0x04, 0x84, 0x02, 0x00, 0x00, 0x93, 0x0a,
 0x64, 0x00, 0x00, 0xc1, 0x0a, 0xef, 0x0e, 0x09,
 0x28, 0xd1, 0x04, 0x55, 0x02, 0x00, 0x00, 0xad,
 0xea, 0x06, 0x0a, 0xe2, 0xed, 0xfe, 0x02, 0xd1,
 0x04, 0x7e, 0x02, 0x00, 0x00, 0xad, 0xea, 0x06,
 0x09, 0xe2, 0xed, 0xf0, 0x02, 0xd1, 0x04, 0x09,
 0x02, 0x00, 0x00, 0xad, 0xea, 0x13, 0xc1, 0x0b,
 0xc1, 0x0b, 0x40, 0x85, 0x02, 0x00, 0x00, 0x95,
 0x42, 0x85, 0x02, 0x00, 0x00, 0xed, 0xd5, 0x02,
 0xdf, 0x68, 0x83, 0x01, 0x00, 0x00, 0xd1, 0x04,
 0xc0, 0x01, 0x00, 0x00, 0xad, 0x68, 0x77, 0x01,
 0x00, 0x00, 0xd2, 0x41, 0xe1, 0x01, 0x00, 0x00,
 0xd1, 0xe9, 0xb5, 0x9c, 0x24, 0x01, 0x00, 0x41,
 0x80, 0x02, 0x00, 0x00, 0x24, 0x00, 0x00, 0x41,
 0x5e, 0x00, 0x00, 0x00, 0x04, 0xee, 0x01, 0x00,
 0x00, 0x24, 0x01, 0x00, 0xcd, 0xe9, 0xb5, 0xad,
 0xea, 0x44, 0xc5, 0xb4, 0x46, 0xc0, 0xad, 0xea,
 0x3d, 0x64, 0x03, 0x00, 0x04, 0x86, 0x02, 0x00,
 0x00, 0x5d, 0x04, 0x00, 0x9c, 0x04, 0x87, 0x02,
 0x00, 0x00, 0x9c, 0x38, 0x9e, 0x00, 0x00, 0x00,
 0x41, 0x18, 0x02, 0x00, 0x00, 0x5d, 0x04, 0x00,
 0x5d, 0x05, 0x00, 0x9a, 0x24, 0x01, 0x00, 0x9c,
 0x04, 0x88, 0x02, 0x00, 0x00, 0x9c, 0x5d, 0x06,
 0x00, 0x9c, 0x04, 0x89, 0x02, 0x00, 0x00, 0x9c,
 0xef, 0x0e, 0xed, 0x08, 0x01, 0xc5, 0xb4, 0x46,
 0x04, 0x8a, 0x02, 0x00, 0x00, 0xad, 0xea, 0x0d,
 0xbc, 0x0b, 0x5e, 0x04, 0x00, 0xb9, 0x5e, 0x06,
 0x00, 0xed, 0xf1, 0x00, 0xc5, 0xb4, 0x46, 0x04,
 0x8b, 0x02, 0x00, 0x00, 0xad, 0xea, 0x0e, 0xbc,
 0x18, 0x5e, 0x04, 0x00, 0xbc, 0x08, 0x5e, 0x06,
 0x00, 0xed, 0xd9, 0x00, 0xc5, 0xb4, 0x46, 0x04,
 0x8c, 0x02, 0x00, 0x00, 0xad, 0xea, 0x0e, 0xbc,
 0x35, 0x5e, 0x04, 0x00, 0xbc, 0x0b, 0x5e, 0x06,
 0x00, 0xed, 0xc1, 0x00, 0xc5, 0xb4, 0x46, 0x04,
 0x8d, 0x02, 0x00, 0x00, 0xad, 0xea, 0x0e, 0xbc,
 0x71, 0x5e, 0x04, 0x00, 0xbc, 0x0f, 0x5e, 0x06,
 0x00, 0xed, 0xa9, 0x00, 0x38, 0x8e, 0x02, 0x00,
 0x00, 0xc5, 0xb4, 0x46, 0xef, 0xca, 0xc5, 0xe9,
 0xb6, 0xa8, 0xea, 0x0d, 0x38, 0x8e, 0x02, 0x00,
 0x00, 0xc5, 0xb5, 0x46, 0xef, 0xcb, 0xec, 0x0c,
 0x38, 0x65, 0x02, 0x00, 0x00, 0x40, 0x8f, 0x02,
 0x00, 0x00, 0xcb, 0x38, 0x99, 0x00, 0x00, 0x00,
 0x41, 0x4a, 0x02, 0x00, 0x00, 0xc6, 0x24, 0x01,
 0x00, 0x11, 0xeb, 0x1e, 0x0e, 0xc6, 0x38, 0x65,
 0x02, 0x00, 0x00, 0x40, 0x90, 0x02, 0x00, 0x00,
 0xa5, 0x11, 0xeb, 0x0e, 0x0e, 0xc6, 0x38, 0x65,
 0x02, 0x00, 0x00, 0x40, 0x91, 0x02, 0x00, 0x00,
 0xa7, 0xea, 0x0d, 0x64, 0x03, 0x00, 0x04, 0x92,
 0x02, 0x00, 0x00, 0xef, 0x0e, 0x09, 0x28, 0x38,
 0x99, 0x00, 0x00, 0x00, 0x41, 0x4a, 0x02, 0x00,
 0x00, 0xc7, 0x24, 0x01, 0x00, 0x11, 0xeb, 0x1e,
 0x0e, 0xc7, 0x38, 0x65, 0x02, 0x00, 0x00, 0x40,
 0x93, 0x02, 0x00, 0x00, 0xa5, 0x11, 0xeb, 0x0e,
 0x0e, 0xc7, 0x38, 0x65, 0x02, 0x00, 0x00, 0x40,
 0x8f, 0x02, 0x00, 0x00, 0xa7, 0xea, 0x0d, 0x64,
 0x03, 0x00, 0x04, 0x94, 0x02, 0x00, 0x00, 0xef,
 0x0e, 0x09, 0x28, 0xc6, 0x5e, 0x04, 0x00, 0xc7,
 0x5e, 0x06, 0x00, 0x09, 0x28, 0xdf, 0xea, 0x75,
 0xd1, 0x04, 0x95, 0x02, 0x00, 0x00, 0xad, 0xea,
 0x6c, 0xd2, 0x41, 0xe1, 0x01, 0x00, 0x00, 0xd1,
 0xe9, 0xb5, 0x9c, 0x24, 0x01, 0x00, 0x41, 0x80,
 0x02, 0x00, 0x00, 0x24, 0x00, 0x00, 0xc9, 0x38,
 0x9e, 0x00, 0x00, 0x00, 0x41, 0x1a, 0x02, 0x00,
 0x00, 0x38, 0x96, 0x02, 0x00, 0x00, 0xc5, 0xef,
 0x5d, 0x05, 0x00, 0x99, 0x24, 0x01, 0x00, 0xce,
 0x38, 0x65, 0x02, 0x00, 0x00, 0x40, 0x90, 0x02,
 0x00, 0x00, 0xa5, 0x11, 0xeb, 0x0e, 0x0e, 0xc6,
 0x38, 0x65, 0x02, 0x00, 0x00, 0x40, 0x91, 0x02,
 0x00, 0x00, 0xa7, 0xea, 0x0d, 0x64, 0x03, 0x00,
 0x04, 0x92, 0x02, 0x00, 0x00, 0xef, 0x0e, 0x09,
 0x28, 0xc6, 0x5e, 0x04, 0x00, 0x38, 0x65, 0x02,
 0x00, 0x00, 0x40, 0x8f, 0x02, 0x00, 0x00, 0x5e,
 0x06, 0x00, 0x09, 0x28, 0xdf, 0xea, 0x60, 0xd1,
 0x04, 0x97, 0x02, 0x00, 0x00, 0xad, 0xea, 0x57,
 0xd2, 0x41, 0xe1, 0x01, 0x00, 0x00, 0xd1, 0xe9,
 0xb5, 0x9c, 0x24, 0x01, 0x00, 0x41, 0x80, 0x02,
 0x00, 0x00, 0x24, 0x00, 0x00, 0xcd, 0xc0, 0xad,
 0xea, 0x17, 0x64, 0x03, 0x00, 0x04, 0x98, 0x02,
 0x00, 0x00, 0x5d, 0x07, 0x00, 0x9c, 0x04, 0x52,
 0x01, 0x00, 0x00, 0x9c, 0xef, 0x0e, 0xec, 0x25,
 0xc5, 0x04, 0xec, 0x00, 0x00, 0x00, 0xad, 0x11,
 0xeb, 0x09, 0x0e, 0xc5, 0x04, 0xb6, 0x01, 0x00,
 0x00, 0xad, 0xea, 0x07, 0xc5, 0x5e, 0x07, 0x00,
 0xec, 0x0b, 0x64, 0x03, 0x00, 0x04, 0x99, 0x02,
 0x00, 0x00, 0xef, 0x0e, 0x09, 0x28, 0xd1, 0x04,
 0x9a, 0x02, 0x00, 0x00, 0xad, 0xea, 0x12, 0x64,
 0x08, 0x00, 0xb5, 0xb6, 0xf0, 0x0e, 0x64, 0x09,
 0x00, 0xb5, 0xb4, 0xb4, 0xf1, 0x0e, 0xec, 0x5c,
 0xd1, 0x04, 0x9b, 0x02, 0x00, 0x00, 0xad, 0xea,
 0x0f, 0xc1, 0x0b, 0x41, 0x3f, 0x01, 0x00, 0x00,
 0xb4, 0x24, 0x01, 0x00, 0x0e, 0xec, 0x45, 0x5d,
 0x0a, 0x00, 0xea, 0x14, 0xd1, 0x04, 0xb1, 0x01,
 0x00, 0x00, 0xad, 0xea, 0x0b, 0x0a, 0x11, 0x39,
 0xc9, 0x01, 0x00, 0x00, 0x0e, 0xec, 0x2d, 0x5d,
 0x0a, 0x00, 0xea, 0x14, 0xd1, 0x04, 0x37, 0x01,
 0x00, 0x00, 0xad, 0xea, 0x0b, 0x09, 0x11, 0x39,
 0xc9, 0x01, 0x00, 0x00, 0x0e, 0xec, 0x15, 0x64,
 0x03, 0x00, 0x04, 0x9c, 0x02, 0x00, 0x00, 0xd1,
 0x9c, 0x04, 0x52, 0x01, 0x00, 0x00, 0x9c, 0xef,
 0x0e, 0x09, 0x28, 0x0a, 0x28, 0xca, 0x03, 0xb4,
 0x09, 0x03, 0xf4, 0x01, 0x00, 0x0c, 0x08, 0x2e,
 0x99, 0x1a, 0x0c, 0x1a, 0x34, 0x06, 0x00, 0x1b,
 0x08, 0x31, 0x71, 0x07, 0x34, 0x16, 0x75, 0x28,
 0x30, 0x5f, 0x2a, 0x18, 0x5e, 0x1c, 0xd7, 0x33,
 0x2a, 0x10, 0x64, 0x0c, 0x39, 0x1e, 0x39, 0x1c,
 0x2b, 0x59, 0x25, 0x0a, 0x2b, 0x16, 0x49, 0x1c,
 0x0c, 0x1a, 0x34, 0x06, 0x35, 0x43, 0x2a, 0x28,
 0x25, 0x12, 0x39, 0x24, 0x26, 0x75, 0x11, 0x16,
 0x27, 0x0a, 0x2b, 0x1f, 0x21, 0x20, 0x2b, 0x1f,
 0x21, 0x20, 0x2b, 0x1f, 0x80, 0x3a, 0x3a, 0x39,
 0x21, 0x1a, 0x0c, 0x1a, 0x35, 0x2d, 0x2b, 0x00,
 0x35, 0x22, 0x25, 0x24, 0x17, 0x47, 0x2a, 0x3a,
 0x16, 0x0e, 0x20, 0x1a, 0x34, 0x16, 0x11, 0x0e,
 0x2a, 0x16, 0x20, 0x3a, 0x16, 0x14, 0x49, 0xbf,
 0x01, 0x2b, 0x29, 0x1c, 0x00, 0x35, 0x2a, 0x2b,
 0x29, 0x1c, 0x00, 0x3a, 0x2a, 0x2b, 0x29, 0x1c,
 0x00, 0x3a, 0x2a, 0x2b, 0x29, 0x1c, 0x00, 0x2c,
 0x00, 0x1b, 0x22, 0x26, 0x04, 0x16, 0x06, 0x1b,
 0x28, 0x26, 0x49, 0x6c, 0x16, 0x2f, 0x24, 0x52,
 0x3e, 0x44, 0x7d, 0x73, 0x1c, 0x2f, 0x30, 0x52,
 0x4a, 0x44, 0x95, 0x01, 0x41, 0x03, 0x17, 0x00,
 0x37, 0x36, 0x2b, 0x39, 0x20, 0x2e, 0x0c, 0x1a,
 0x34, 0x06, 0x17, 0x4d, 0x34, 0x24, 0x1b, 0x16,
 0x0c, 0x12, 0x2b, 0x35, 0x52, 0x3e, 0x44, 0x4f,
 0x41, 0x03, 0x17, 0x00, 0x63, 0x3a, 0x2b, 0x39,
 0x20, 0x2e, 0x0c, 0x1a, 0x34, 0x06, 0x17, 0x33,
 0x17, 0x15, 0x2a, 0x2e, 0x16, 0x16, 0x3a, 0x1f,
 0x39, 0x26, 0x2b, 0x49, 0x22, 0x00, 0x46, 0x1c,
 0x2b, 0x1f, 0x26, 0x00, 0x3a, 0x20, 0x2b, 0x1f,
 0x25, 0x0a, 0x44, 0x30, 0x2b, 0x39, 0x53, 0x3a,
 0x2b, 0x39, 0x36, 0x00, 0x2a, 0x3a, 0x0c, 0x0c,
 0xb5, 0x1a, 0x68, 0x61, 0x6e, 0x64, 0x6c, 0x65,
 0x44, 0x69, 0x72, 0x65, 0x63, 0x74, 0x69, 0x76,
 0x65, 0x28, 0x63, 0x6d, 0x64, 0x2c, 0x20, 0x65,
 0x78, 0x70, 0x72, 0x29, 0x20, 0x7b, 0x0a, 0x20,
 0x20, 0x20, 0x20, 0x76, 0x61, 0x72, 0x20, 0x70,
 0x61, 0x72, 0x61, 0x6d, 0x2c, 0x0a, 0x20, 0x20,
 0x20, 0x20, 0x20, 0x20, 0x70, 0x72, 0x65, 0x63,
 0x31, 0x2c, 0x0a, 0x20, 0x20, 0x20, 0x20, 0x20,
 0x20, 0x65, 0x78, 0x70, 0x42, 0x69, 0x74, 0x73,
 0x31, 0x20, 0x3d, 0x20, 0x6e, 0x75, 0x6c, 0x6c,
 0x3b, 0x0a, 0x20, 0x20, 0x20, 0x20, 0x69, 0x66,
 0x28, 0x74, 0x68, 0x69, 0x73, 0x2e, 0x68, 0x61,
 0x73, 0x44, 0x69, 0x72, 0x65, 0x63, 0x74, 0x69,
 0x76, 0x65, 0x28, 0x63, 0x6d, 0x64, 0x29, 0x29,
 0x20, 0x7b, 0x0a, 0x20, 0x20, 0x20, 0x20, 0x20,
 0x20, 0x63, 0x6f, 0x6e, 0x73, 0x74, 0x20, 0x70,
 0x61, 0x72, 0x61, 0x6d, 0x53, 0x74, 0x72, 0x20,
 0x3d, 0x20, 0x65, 0x78, 0x70, 0x72, 0x2e, 0x73,
 0x75, 0x62, 0x73, 0x74, 0x72, 0x69, 0x6e, 0x67,
 0x28, 0x63, 0x6d, 0x64, 0x2e, 0x6c, 0x65, 0x6e,
 0x67, 0x74, 0x68, 0x20, 0x2b, 0x20, 0x31, 0x29,
 0x2e, 0x74, 0x72, 0x69, 0x6d, 0x28, 0x29, 0x3b,
 0x0a, 0x20, 0x20, 0x20, 0x20, 0x20, 0x20, 0x63,
 0x6f, 0x6e, 0x73, 0x74, 0x20, 0x72, 0x65, 0x20,
 0x3d, 0x20, 0x2f, 0x27, 0x28, 0x5c, 0x5c, 0x27,
 0x7c, 0x5b, 0x5e, 0x27, 0x5d, 0x29, 0x2a, 0x27,
 0x7c, 0x22, 0x28, 0x5c, 0x5c, 0x22, 0x7c, 0x5b,
 0x5e, 0x22, 0x5d, 0x29, 0x2a, 0x22, 0x7c, 0x60,
 0x28, 0x5c, 0x5c, 0x60, 0x7c, 0x5b, 0x5e, 0x60,
 0x5d, 0x29, 0x2a, 0x60, 0x7c, 0x28, 0x5b, 0x5e,
 0x5c, 0x73, 0x5d, 0x2b, 0x29, 0x2f, 0x67, 0x3b,
 0x0a, 0x20, 0x20, 0x20, 0x20, 0x20, 0x20, 0x63,
 0x6f, 0x6e, 0x73, 0x74, 0x20, 0x70, 0x61, 0x72,
 0x61, 0x6d, 0x73, 0x20, 0x3d, 0x20, 0x5b, 0x5d,
 0x3b, 0x0a, 0x20, 0x20, 0x20, 0x20, 0x20, 0x20,
 0x6c, 0x65, 0x74, 0x20, 0x6d, 0x61, 0x74, 0x63,
 0x68, 0x3b, 0x0a, 0x20, 0x20, 0x20, 0x20, 0x20,
 0x20, 0x77, 0x68, 0x69, 0x6c, 0x65, 0x28, 0x28,
 0x6d, 0x61, 0x74, 0x63, 0x68, 0x20, 0x3d, 0x20,
 0x72, 0x65, 0x2e, 0x65, 0x78, 0x65, 0x63, 0x28,
 0x70, 0x61, 0x72, 0x61, 0x6d, 0x53, 0x74, 0x72,
 0x29, 0x29, 0x29, 0x20, 0x7b, 0x0a, 0x20, 0x20,
 0x20, 0x20, 0x20, 0x20, 0x20, 0x20, 0x69, 0x66,
 0x28, 0x2f, 0x5e, 0x5b, 0x27, 0x22, 0x60, 0x5d,
 0x2f, 0x2e, 0x74, 0x65, 0x73, 0x74, 0x28, 0x6d,
 0x61, 0x74, 0x63, 0x68, 0x5b, 0x30, 0x5d, 0x29,
 0x29, 0x20, 0x6d, 0x61, 0x74, 0x63, 0x68, 0x5b,
 0x30, 0x5d, 0x20, 0x3d, 0x20, 0x6d, 0x61, 0x74,
 0x63, 0x68, 0x5b, 0x30, 0x5d, 0x2e, 0x73, 0x6c,
 0x69, 0x63, 0x65, 0x28, 0x31, 0x2c, 0x20, 0x2d,
 0x31, 0x29, 0x3b, 0x0a, 0x20, 0x20, 0x20, 0x20,
 0x20, 0x20, 0x20, 0x20, 0x70, 0x61, 0x72, 0x61,
 0x6d, 0x73, 0x2e, 0x70, 0x75, 0x73, 0x68, 0x28,
 0x6d, 0x61, 0x74, 0x63, 0x68, 0x5b, 0x30, 0x5d,
 0x29, 0x3b, 0x0a, 0x20, 0x20, 0x20, 0x20, 0x20,
 0x20, 0x7d, 0x0a, 0x20, 0x20, 0x20, 0x20, 0x20,
 0x20, 0x63, 0x6f, 0x6e, 0x73, 0x74, 0x20, 0x64,
 0x20, 0x3d, 0x20, 0x74, 0x68, 0x69, 0x73, 0x2e,
 0x67, 0x65, 0x74, 0x44, 0x69, 0x72, 0x65, 0x63,
 0x74, 0x69, 0x76, 0x65, 0x28, 0x63, 0x6d, 0x64,
 0x29, 0x3b, 0x0a, 0x20, 0x20, 0x20, 0x20, 0x20,
 0x20, 0x69, 0x66, 0x28, 0x64, 0x29, 0x20, 0x7b,
 0x0a, 0x20, 0x20, 0x20, 0x20, 0x20, 0x20, 0x20,
 0x20, 0x63, 0x6f, 0x6e, 0x73, 0x74, 0x20, 0x5b,
 0x66, 0x6e, 0x2c, 0x20, 0x68, 0x65, 0x6c, 0x70,
 0x5d, 0x20, 0x3d, 0x20, 0x64, 0x3b, 0x0a, 0x20,
 0x20, 0x20, 0x20, 0x20, 0x20, 0x20, 0x20, 0x66,
 0x6e, 0x2e, 0x63, 0x61, 0x6c, 0x6c, 0x28, 0x74,
 0x68, 0x69, 0x73, 0x2c, 0x20, 0x2e, 0x2e, 0x2e,
 0x70, 0x61, 0x72, 0x61, 0x6d, 0x73, 0x29, 0x3b,
 0x0a, 0x20, 0x20, 0x20, 0x20, 0x20, 0x20, 0x7d,
 0x0a, 0x20, 0x20, 0x20, 0x20, 0x20, 0x20, 0x72,
 0x65, 0x74, 0x75, 0x72, 0x6e, 0x20, 0x66, 0x61,
 0x6c, 0x73, 0x65, 0x3b, 0x0a, 0x20, 0x20, 0x20,
 0x20, 0x7d, 0x20, 0x65, 0x6c, 0x73, 0x65, 0x20,
 0x69, 0x66, 0x28, 0x63, 0x6d, 0x64, 0x20, 0x3d,
 0x3d, 0x3d, 0x20, 0x27, 0x68, 0x27, 0x20, 0x7c,
 0x7c, 0x20, 0x63, 0x6d, 0x64, 0x20, 0x3d, 0x3d,
 0x3d, 0x20, 0x27, 0x3f, 0x27, 0x20, 0x7c, 0x7c,
 0x20, 0x63, 0x6d, 0x64, 0x20, 0x3d, 0x3d, 0x20,
 0x27, 0x68, 0x65, 0x6c, 0x70, 0x27, 0x29, 0x20,
 0x7b, 0x0a, 0x20, 0x20, 0x20, 0x20, 0x20, 0x20,
 0x74, 0x68, 0x69, 0x73, 0x2e, 0x68, 0x65, 0x6c,
 0x70, 0x28, 0x29, 0x3b, 0x0a, 0x20, 0x20, 0x20,
 0x20, 0x7d, 0x20, 0x65, 0x6c, 0x73, 0x65, 0x20,
 0x69, 0x66, 0x28, 0x63, 0x6d, 0x64, 0x20, 0x3d,
 0x3d, 0x3d, 0x20, 0x27, 0x6c, 0x6f, 0x61, 0x64,
 0x27, 0x29, 0x20, 0x7b, 0x0a, 0x20, 0x20, 0x20,
 0x20, 0x20, 0x20, 0x76, 0x61, 0x72, 0x20, 0x66,
 0x69, 0x6c, 0x65, 0x6e, 0x61, 0x6d, 0x65, 0x20,
 0x3d, 0x20, 0x65, 0x78, 0x70, 0x72, 0x2e, 0x73,
 0x75, 0x62, 0x73, 0x74, 0x72, 0x69, 0x6e, 0x67,
 0x28, 0x63, 0x6d, 0x64, 0x2e, 0x6c, 0x65, 0x6e,
 0x67, 0x74, 0x68, 0x20, 0x2b, 0x20, 0x31, 0x29,
 0x2e, 0x74, 0x72, 0x69, 0x6d, 0x28, 0x29, 0x3b,
 0x0a, 0x20, 0x20, 0x20, 0x20, 0x20, 0x20, 0x69,
 0x66, 0x28, 0x66, 0x69, 0x6c, 0x65, 0x6e, 0x61,
 0x6d, 0x65, 0x2e, 0x6c, 0x61, 0x73, 0x74, 0x49,
 0x6e, 0x64, 0x65, 0x78, 0x4f, 0x66, 0x28, 0x27,
 0x2e, 0x27, 0x29, 0x20, 0x3c, 0x3d, 0x20, 0x66,
 0x69, 0x6c, 0x65, 0x6e, 0x61, 0x6d, 0x65, 0x2e,
 0x6c, 0x61, 0x73, 0x74, 0x49, 0x6e, 0x64, 0x65,
 0x78, 0x4f, 0x66, 0x28, 0x27, 0x2f, 0x27, 0x29,
 0x29, 0x20, 0x66, 0x69, 0x6c, 0x65, 0x6e, 0x61,
 0x6d, 0x65, 0x20, 0x2b, 0x3d, 0x20, 0x27, 0x2e,
 0x6a, 0x73, 0x27, 0x3b, 0x0a, 0x20, 0x20, 0x20,
 0x20, 0x20, 0x20, 0x6c, 0x6f, 0x61, 0x64, 0x53,
 0x63, 0x72, 0x69, 0x70, 0x74, 0x28, 0x66, 0x69,
 0x6c, 0x65, 0x6e, 0x61, 0x6d, 0x65, 0x29, 0x3b,
 0x0a, 0x20, 0x20, 0x20, 0x20, 0x20, 0x20, 0x72,
 0x65, 0x74, 0x75, 0x72, 0x6e, 0x20, 0x66, 0x61,
 0x6c, 0x73, 0x65, 0x3b, 0x0a, 0x20, 0x20, 0x20,
 0x20, 0x7d, 0x20, 0x65, 0x6c, 0x73, 0x65, 0x20,
 0x69, 0x66, 0x28, 0x63, 0x6d, 0x64, 0x20, 0x3d,
 0x3d, 0x3d, 0x20, 0x27, 0x78, 0x27, 0x29, 0x20,
 0x7b, 0x0a, 0x20, 0x20, 0x20, 0x20, 0x20, 0x20,
 0x68, 0x65, 0x78, 0x4d, 0x6f, 0x64, 0x65, 0x20,
 0x3d, 0x20, 0x74, 0x72, 0x75, 0x65, 0x3b, 0x0a,
 0x20, 0x20, 0x20, 0x20, 0x7d, 0x20, 0x65, 0x6c,
 0x73, 0x65, 0x20, 0x69, 0x66, 0x28, 0x63, 0x6d,
 0x64, 0x20, 0x3d, 0x3d, 0x3d, 0x20, 0x27, 0x64,
 0x27, 0x29, 0x20, 0x7b, 0x0a, 0x20, 0x20, 0x20,
 0x20, 0x20, 0x20, 0x68, 0x65, 0x78, 0x4d, 0x6f,
 0x64, 0x65, 0x20, 0x3d, 0x20, 0x66, 0x61, 0x6c,
 0x73, 0x65, 0x3b, 0x0a, 0x20, 0x20, 0x20, 0x20,
 0x7d, 0x20, 0x65, 0x6c, 0x73, 0x65, 0x20, 0x69,
 0x66, 0x28, 0x63, 0x6d, 0x64, 0x20, 0x3d, 0x3d,
 0x3d, 0x20, 0x27, 0x74, 0x27, 0x29, 0x20, 0x7b,
 0x0a, 0x20, 0x20, 0x20, 0x20, 0x20, 0x20, 0x74,
 0x68, 0x69, 0x73, 0x2e, 0x73, 0x68, 0x6f, 0x77,
 0x54, 0x69, 0x6d, 0x65, 0x20, 0x3d, 0x20, 0x21,
 0x74, 0x68, 0x69, 0x73, 0x2e, 0x73, 0x68, 0x6f,
 0x77, 0x54, 0x69, 0x6d, 0x65, 0x3b, 0x0a, 0x20,
 0x20, 0x20, 0x20, 0x7d, 0x20, 0x65, 0x6c, 0x73,
 0x65, 0x20, 0x69, 0x66, 0x28, 0x68, 0x61, 0x73,
 0x42, 0x69, 0x67, 0x6e, 0x75, 0x6d, 0x20, 0x26,
 0x26, 0x20, 0x63, 0x6d, 0x64, 0x20, 0x3d, 0x3d,
 0x3d, 0x20, 0x27, 0x70, 0x27, 0x29, 0x20, 0x7b,
 0x0a, 0x20, 0x20, 0x20, 0x20, 0x20, 0x20, 0x70,
 0x61, 0x72, 0x61, 0x6d, 0x20, 0x3d, 0x20, 0x65,
 0x78, 0x70, 0x72, 0x0a, 0x20, 0x20, 0x20, 0x20,
 0x20, 0x20, 0x20, 0x20, 0x2e, 0x73, 0x75, 0x62,
 0x73, 0x74, 0x72, 0x69, 0x6e, 0x67, 0x28, 0x63,
 0x6d, 0x64, 0x2e, 0x6c, 0x65, 0x6e, 0x67, 0x74,
 0x68, 0x20, 0x2b, 0x20, 0x31, 0x29, 0x0a, 0x20,
 0x20, 0x20, 0x20, 0x20, 0x20, 0x20, 0x20, 0x2e,
 0x74, 0x72, 0x69, 0x6d, 0x28, 0x29, 0x0a, 0x20,
 0x20, 0x20, 0x20, 0x20, 0x20, 0x20, 0x20, 0x2e,
 0x73, 0x70, 0x6c, 0x69, 0x74, 0x28, 0x27, 0x20,
 0x27, 0x29, 0x3b, 0x0a, 0x20, 0x20, 0x20, 0x20,
 0x20, 0x20, 0x69, 0x66, 0x28, 0x70, 0x61, 0x72,
 0x61, 0x6d, 0x2e, 0x6c, 0x65, 0x6e, 0x67, 0x74,
 0x68, 0x20, 0x3d, 0x3d, 0x3d, 0x20, 0x31, 0x20,
 0x26, 0x26, 0x20, 0x70, 0x61, 0x72, 0x61, 0x6d,
 0x5b, 0x30, 0x5d, 0x20, 0x3d, 0x3d, 0x3d, 0x20,
 0x27, 0x27, 0x29, 0x20, 0x7b, 0x0a, 0x20, 0x20,
 0x20, 0x20, 0x20, 0x20, 0x20, 0x20, 0x70, 0x75,
 0x74, 0x73, 0x28, 0x27, 0x42, 0x69, 0x67, 0x46,
 0x6c, 0x6f, 0x61, 0x74, 0x20, 0x70, 0x72, 0x65,
 0x63, 0x69, 0x73, 0x69, 0x6f, 0x6e, 0x3d, 0x27,
 0x20, 0x2b, 0x20, 0x70, 0x72, 0x65, 0x63, 0x20,
 0x2b, 0x20, 0x27, 0x20, 0x62, 0x69, 0x74, 0x73,
 0x20, 0x28, 0x7e, 0x27, 0x20, 0x2b, 0x20, 0x4d,
 0x61, 0x74, 0x68, 0x2e, 0x66, 0x6c, 0x6f, 0x6f,
 0x72, 0x28, 0x70, 0x72, 0x65, 0x63, 0x20, 0x2f,
 0x20, 0x6c, 0x6f, 0x67, 0x32, 0x5f, 0x31, 0x30,
 0x29, 0x20, 0x2b, 0x20, 0x27, 0x20, 0x64, 0x69,
 0x67, 0x69, 0x74, 0x73, 0x29, 0x2c, 0x20, 0x65,
 0x78, 0x70, 0x6f, 0x6e, 0x65, 0x6e, 0x74, 0x20,
 0x73, 0x69, 0x7a, 0x65, 0x3d, 0x27, 0x20, 0x2b,
 0x20, 0x65, 0x78, 0x70, 0x42, 0x69, 0x74, 0x73,
 0x20, 0x2b, 0x20, 0x27, 0x20, 0x62, 0x69, 0x74,
 0x73, 0x5c, 0x6e, 0x27, 0x29, 0x3b, 0x0a, 0x20,
 0x20, 0x20, 0x20, 0x20, 0x20, 0x7d, 0x20, 0x65,
 0x6c, 0x73, 0x65, 0x20, 0x69, 0x66, 0x28, 0x70,
 0x61, 0x72, 0x61, 0x6d, 0x5b, 0x30, 0x5d, 0x20,
 0x3d, 0x3d, 0x3d, 0x20, 0x27, 0x66, 0x31, 0x36,
 0x27, 0x29, 0x20, 0x7b, 0x0a, 0x20, 0x20, 0x20,
 0x20, 0x20, 0x20, 0x20, 0x20, 0x70, 0x72, 0x65,
 0x63, 0x20, 0x3d, 0x20, 0x31, 0x31, 0x3b, 0x0a,
 0x20, 0x20, 0x20, 0x20, 0x20, 0x20, 0x20, 0x20,
 0x65, 0x78, 0x70, 0x42, 0x69, 0x74, 0x73, 0x20,
 0x3d, 0x20, 0x35, 0x3b, 0x0a, 0x20, 0x20, 0x20,
 0x20, 0x20, 0x20, 0x7d, 0x20, 0x65, 0x6c, 0x73,
 0x65, 0x20, 0x69, 0x66, 0x28, 0x70, 0x61, 0x72,
 0x61, 0x6d, 0x5b, 0x30, 0x5d, 0x20, 0x3d, 0x3d,
 0x3d, 0x20, 0x27, 0x66, 0x33, 0x32, 0x27, 0x29,
 0x20, 0x7b, 0x0a, 0x20, 0x20, 0x20, 0x20, 0x20,
 0x20, 0x20, 0x20, 0x70, 0x72, 0x65, 0x63, 0x20,
 0x3d, 0x20, 0x32, 0x34, 0x3b, 0x0a, 0x20, 0x20,
 0x20, 0x20, 0x20, 0x20, 0x20, 0x20, 0x65, 0x78,
 0x70, 0x42, 0x69, 0x74, 0x73, 0x20, 0x3d, 0x20,
 0x38, 0x3b, 0x0a, 0x20, 0x20, 0x20, 0x20, 0x20,
 0x20, 0x7d, 0x20, 0x65, 0x6c, 0x73, 0x65, 0x20,
 0x69, 0x66, 0x28, 0x70, 0x61, 0x72, 0x61, 0x6d,
 0x5b, 0x30, 0x5d, 0x20, 0x3d, 0x3d, 0x3d, 0x20,
 0x27, 0x66, 0x36, 0x34, 0x27, 0x29, 0x20, 0x7b,
 0x0a, 0x20, 0x20, 0x20, 0x20, 0x20, 0x20, 0x20,
 0x20, 0x70, 0x72, 0x65, 0x63, 0x20, 0x3d, 0x20,
 0x35, 0x33, 0x3b, 0x0a, 0x20, 0x20, 0x20, 0x20,
 0x20, 0x20, 0x20, 0x20, 0x65, 0x78, 0x70, 0x42,
 0x69, 0x74, 0x73, 0x20, 0x3d, 0x20, 0x31, 0x31,
 0x3b, 0x0a, 0x20, 0x20, 0x20, 0x20, 0x20, 0x20,
 0x7d, 0x20, 0x65, 0x6c, 0x73, 0x65, 0x20, 0x69,
 0x66, 0x28, 0x70, 0x61, 0x72, 0x61, 0x6d, 0x5b,
 0x30, 0x5d, 0x20, 0x3d, 0x3d, 0x3d, 0x20, 0x27,
 0x66, 0x31, 0x32, 0x38, 0x27, 0x29, 0x20, 0x7b,
 0x0a, 0x20, 0x20, 0x20, 0x20, 0x20, 0x20, 0x20,
 0x20, 0x70, 0x72, 0x65, 0x63, 0x20, 0x3d, 0x20,
 0x31, 0x31, 0x33, 0x3b, 0x0a, 0x20, 0x20, 0x20,
 0x20, 0x20, 0x20, 0x20, 0x20, 0x65, 0x78, 0x70,
 0x42, 0x69, 0x74, 0x73, 0x20, 0x3d, 0x20, 0x31,
 0x35, 0x3b, 0x0a, 0x20, 0x20, 0x20, 0x20, 0x20,
 0x20, 0x7d, 0x20, 0x65, 0x6c, 0x73, 0x65, 0x20,
 0x7b, 0x0a, 0x20, 0x20, 0x20, 0x20, 0x20, 0x20,
 0x20, 0x20, 0x70, 0x72, 0x65, 0x63, 0x31, 0x20,
 0x3d, 0x20, 0x70, 0x61, 0x72, 0x73, 0x65, 0x49,
 0x6e, 0x74, 0x28, 0x70, 0x61, 0x72, 0x61, 0x6d,
 0x5b, 0x30, 0x5d, 0x29, 0x3b, 0x0a, 0x20, 0x20,
 0x20, 0x20, 0x20, 0x20, 0x20, 0x20, 0x69, 0x66,
 0x28, 0x70, 0x61, 0x72, 0x61, 0x6d, 0x2e, 0x6c,
 0x65, 0x6e, 0x67, 0x74, 0x68, 0x20, 0x3e, 0x3d,
 0x20, 0x32, 0x29, 0x20, 0x65, 0x78, 0x70, 0x42,
 0x69, 0x74, 0x73, 0x31, 0x20, 0x3d, 0x20, 0x70,
 0x61, 0x72, 0x73, 0x65, 0x49, 0x6e, 0x74, 0x28,
 0x70, 0x61, 0x72, 0x61, 0x6d, 0x5b, 0x31, 0x5d,
 0x29, 0x3b, 0x0a, 0x20, 0x20, 0x20, 0x20, 0x20,
 0x20, 0x20, 0x20, 0x65, 0x6c, 0x73, 0x65, 0x20,
 0x65, 0x78, 0x70, 0x42, 0x69, 0x74, 0x73, 0x31,
 0x20, 0x3d, 0x20, 0x42, 0x69, 0x67, 0x46, 0x6c,
 0x6f, 0x61, 0x74, 0x45, 0x6e, 0x76, 0x2e, 0x65,
 0x78, 0x70, 0x42, 0x69, 0x74, 0x73, 0x4d, 0x61,
 0x78, 0x3b, 0x0a, 0x20, 0x20, 0x20, 0x20, 0x20,
 0x20, 0x20, 0x20, 0x69, 0x66, 0x28, 0x4e, 0x75,
 0x6d, 0x62, 0x65, 0x72, 0x2e, 0x69, 0x73, 0x4e,
 0x61, 0x4e, 0x28, 0x70, 0x72, 0x65, 0x63, 0x31,
 0x29, 0x20, 0x7c, 0x7c, 0x20, 0x70, 0x72, 0x65,
 0x63, 0x31, 0x20, 0x3c, 0x20, 0x42, 0x69, 0x67,
 0x46, 0x6c, 0x6f, 0x61, 0x74, 0x45, 0x6e, 0x76,
 0x2e, 0x70, 0x72, 0x65, 0x63, 0x4d, 0x69, 0x6e,
 0x20, 0x7c, 0x7c, 0x20, 0x70, 0x72, 0x65, 0x63,
 0x31, 0x20, 0x3e, 0x20, 0x42, 0x69, 0x67, 0x46,
 0x6c, 0x6f, 0x61, 0x74, 0x45, 0x6e, 0x76, 0x2e,
 0x70, 0x72, 0x65, 0x63, 0x4d, 0x61, 0x78, 0x29,
 0x20, 0x7b, 0x0a, 0x20, 0x20, 0x20, 0x20, 0x20,
 0x20, 0x20, 0x20, 0x20, 0x20, 0x70, 0x75, 0x74,
 0x73, 0x28, 0x27, 0x49, 0x6e, 0x76, 0x61, 0x6c,
 0x69, 0x64, 0x20, 0x70, 0x72, 0x65, 0x63, 0x69,
 0x73, 0x69, 0x6f, 0x6e, 0x5c, 0x6e, 0x27, 0x29,
 0x3b, 0x0a, 0x20, 0x20, 0x20, 0x20, 0x20, 0x20,
 0x20, 0x20, 0x20, 0x20, 0x72, 0x65, 0x74, 0x75,
 0x72, 0x6e, 0x20, 0x66, 0x61, 0x6c, 0x73, 0x65,
 0x3b, 0x0a, 0x20, 0x20, 0x20, 0x20, 0x20, 0x20,
 0x20, 0x20, 0x7d, 0x0a, 0x20, 0x20, 0x20, 0x20,
 0x20, 0x20, 0x20, 0x20, 0x69, 0x66, 0x28, 0x4e,
 0x75, 0x6d, 0x62, 0x65, 0x72, 0x2e, 0x69, 0x73,
 0x4e, 0x61, 0x4e, 0x28, 0x65, 0x78, 0x70, 0x42,
 0x69, 0x74, 0x73, 0x31, 0x29, 0x20, 0x7c, 0x7c,
 0x20, 0x65, 0x78, 0x70, 0x42, 0x69, 0x74, 0x73,
 0x31, 0x20, 0x3c, 0x20, 0x42, 0x69, 0x67, 0x46,
 0x6c, 0x6f, 0x61, 0x74, 0x45, 0x6e, 0x76, 0x2e,
 0x65, 0x78, 0x70, 0x42, 0x69, 0x74, 0x73, 0x4d,
 0x69, 0x6e, 0x20, 0x7c, 0x7c, 0x20, 0x65, 0x78,
 0x70, 0x42, 0x69, 0x74, 0x73, 0x31, 0x20, 0x3e,
 0x20, 0x42, 0x69, 0x67, 0x46, 0x6c, 0x6f, 0x61,
 0x74, 0x45, 0x6e, 0x76, 0x2e, 0x65, 0x78, 0x70,
 0x42, 0x69, 0x74, 0x73, 0x4d, 0x61, 0x78, 0x29,
 0x20, 0x7b, 0x0a, 0x20, 0x20, 0x20, 0x20, 0x20,
 0x20, 0x20, 0x20, 0x20, 0x20, 0x70, 0x75, 0x74,
 0x73, 0x28, 0x27, 0x49, 0x6e, 0x76, 0x61, 0x6c,
 0x69, 0x64, 0x20, 0x65, 0x78, 0x70, 0x6f, 0x6e,
 0x65, 0x6e, 0x74, 0x20, 0x62, 0x69, 0x74, 0x73,
 0x5c, 0x6e, 0x27, 0x29, 0x3b, 0x0a, 0x20, 0x20,
 0x20, 0x20, 0x20, 0x20, 0x20, 0x20, 0x20, 0x20,
 0x72, 0x65, 0x74, 0x75, 0x72, 0x6e, 0x20, 0x66,
 0x61, 0x6c, 0x73, 0x65, 0x3b, 0x0a, 0x20, 0x20,
 0x20, 0x20, 0x20, 0x20, 0x20, 0x20, 0x7d, 0x0a,
 0x20, 0x20, 0x20, 0x20, 0x20, 0x20, 0x20, 0x20,
 0x70, 0x72, 0x65, 0x63, 0x20, 0x3d, 0x20, 0x70,
 0x72, 0x65, 0x63, 0x31, 0x3b, 0x0a, 0x20, 0x20,
 0x20, 0x20, 0x20, 0x20, 0x20, 0x20, 0x65, 0x78,
 0x70, 0x42, 0x69, 0x74, 0x73, 0x20, 0x3d, 0x20,
 0x65, 0x78, 0x70, 0x42, 0x69, 0x74, 0x73, 0x31,
 0x3b, 0x0a, 0x20, 0x20, 0x20, 0x20, 0x20, 0x20,
 0x7d, 0x0a, 0x20, 0x20, 0x20, 0x20, 0x20, 0x20,
 0x72, 0x65, 0x74, 0x75, 0x72, 0x6e, 0x20, 0x66,
 0x61, 0x6c, 0x73, 0x65, 0x3b, 0x0a, 0x20, 0x20,
 0x20, 0x20, 0x7d, 0x20, 0x65, 0x6c, 0x73, 0x65,
 0x20, 0x69, 0x66, 0x28, 0x68, 0x61, 0x73, 0x42,
 0x69, 0x67, 0x6e, 0x75, 0x6d, 0x20, 0x26, 0x26,
 0x20, 0x63, 0x6d, 0x64, 0x20, 0x3d, 0x3d, 0x3d,
 0x20, 0x27, 0x64, 0x69, 0x67, 0x69, 0x74, 0x73,
 0x27, 0x29, 0x20, 0x7b, 0x0a, 0x20, 0x20, 0x20,
 0x20, 0x20, 0x20, 0x70, 0x61, 0x72, 0x61, 0x6d,
 0x20, 0x3d, 0x20, 0x65, 0x78, 0x70, 0x72, 0x2e,
 0x73, 0x75, 0x62, 0x73, 0x74, 0x72, 0x69, 0x6e,
 0x67, 0x28, 0x63, 0x6d, 0x64, 0x2e, 0x6c, 0x65,
 0x6e, 0x67, 0x74, 0x68, 0x20, 0x2b, 0x20, 0x31,
 0x29, 0x2e, 0x74, 0x72, 0x69, 0x6d, 0x28, 0x29,
 0x3b, 0x0a, 0x20, 0x20, 0x20, 0x20, 0x20, 0x20,
 0x70, 0x72, 0x65, 0x63, 0x31, 0x20, 0x3d, 0x20,
 0x4d, 0x61, 0x74, 0x68, 0x2e, 0x63, 0x65, 0x69,
 0x6c, 0x28, 0x70, 0x61, 0x72, 0x73, 0x65, 0x46,
 0x6c, 0x6f, 0x61, 0x74, 0x28, 0x70, 0x61, 0x72,
 0x61, 0x6d, 0x29, 0x20, 0x2a, 0x20, 0x6c, 0x6f,
 0x67, 0x32, 0x5f, 0x31, 0x30, 0x29, 0x3b, 0x0a,
 0x20, 0x20, 0x20, 0x20, 0x20, 0x20, 0x69, 0x66,
 0x28, 0x70, 0x72, 0x65, 0x63, 0x31, 0x20, 0x3c,
 0x20, 0x42, 0x69, 0x67, 0x46, 0x6c, 0x6f, 0x61,
 0x74, 0x45, 0x6e, 0x76, 0x2e, 0x70, 0x72, 0x65,
 0x63, 0x4d, 0x69, 0x6e, 0x20, 0x7c, 0x7c, 0x20,
 0x70, 0x72, 0x65, 0x63, 0x31, 0x20, 0x3e, 0x20,
 0x42, 0x69, 0x67, 0x46, 0x6c, 0x6f, 0x61, 0x74,
 0x45, 0x6e, 0x76, 0x2e, 0x70, 0x72, 0x65, 0x63,
 0x4d, 0x61, 0x78, 0x29, 0x20, 0x7b, 0x0a, 0x20,
 0x20, 0x20, 0x20, 0x20, 0x20, 0x20, 0x20, 0x70,
 0x75, 0x74, 0x73, 0x28, 0x27, 0x49, 0x6e, 0x76,
 0x61, 0x6c, 0x69, 0x64, 0x20, 0x70, 0x72, 0x65,
 0x63, 0x69, 0x73, 0x69, 0x6f, 0x6e, 0x5c, 0x6e,
 0x27, 0x29, 0x3b, 0x0a, 0x20, 0x20, 0x20, 0x20,
 0x20, 0x20, 0x20, 0x20, 0x72, 0x65, 0x74, 0x75,
 0x72, 0x6e, 0x20, 0x66, 0x61, 0x6c, 0x73, 0x65,
 0x3b, 0x0a, 0x20, 0x20, 0x20, 0x20, 0x20, 0x20,
 0x7d, 0x0a, 0x20, 0x20, 0x20, 0x20, 0x20, 0x20,
 0x70, 0x72, 0x65, 0x63, 0x20, 0x3d, 0x20, 0x70,
 0x72, 0x65, 0x63, 0x31, 0x3b, 0x0a, 0x20, 0x20,
 0x20, 0x20, 0x20, 0x20, 0x65, 0x78, 0x70, 0x42,
 0x69, 0x74, 0x73, 0x20, 0x3d, 0x20, 0x42, 0x69,
 0x67, 0x46, 0x6c, 0x6f, 0x61, 0x74, 0x45, 0x6e,
 0x76, 0x2e, 0x65, 0x78, 0x70, 0x42, 0x69, 0x74,
 0x73, 0x4d, 0x61, 0x78, 0x3b, 0x0a, 0x20, 0x20,
 0x20, 0x20, 0x20, 0x20, 0x72, 0x65, 0x74, 0x75,
 0x72, 0x6e, 0x20, 0x66, 0x61, 0x6c, 0x73, 0x65,
 0x3b, 0x0a, 0x20, 0x20, 0x20, 0x20, 0x7d, 0x20,
 0x65, 0x6c, 0x73, 0x65, 0x20, 0x69, 0x66, 0x28,
 0x68, 0x61, 0x73, 0x42, 0x69, 0x67, 0x6e, 0x75,
 0x6d, 0x20, 0x26, 0x26, 0x20, 0x63, 0x6d, 0x64,
 0x20, 0x3d, 0x3d, 0x3d, 0x20, 0x27, 0x6d, 0x6f,
 0x64, 0x65, 0x27, 0x29, 0x20, 0x7b, 0x0a, 0x20,
 0x20, 0x20, 0x20, 0x20, 0x20, 0x70, 0x61, 0x72,
 0x61, 0x6d, 0x20, 0x3d, 0x20, 0x65, 0x78, 0x70,
 0x72, 0x2e, 0x73, 0x75, 0x62, 0x73, 0x74, 0x72,
 0x69, 0x6e, 0x67, 0x28, 0x63, 0x6d, 0x64, 0x2e,
 0x6c, 0x65, 0x6e, 0x67, 0x74, 0x68, 0x20, 0x2b,
 0x20, 0x31, 0x29, 0x2e, 0x74, 0x72, 0x69, 0x6d,
 0x28, 0x29, 0x3b, 0x0a, 0x20, 0x20, 0x20, 0x20,
 0x20, 0x20, 0x69, 0x66, 0x28, 0x70, 0x61, 0x72,
 0x61, 0x6d, 0x20, 0x3d, 0x3d, 0x3d, 0x20, 0x27,
 0x27, 0x29, 0x20, 0x7b, 0x0a, 0x20, 0x20, 0x20,
 0x20, 0x20, 0x20, 0x20, 0x20, 0x70, 0x75, 0x74,
 0x73, 0x28, 0x27, 0x52, 0x75, 0x6e, 0x6e, 0x69,
 0x6e, 0x67, 0x20, 0x6d, 0x6f, 0x64, 0x65, 0x3d,
 0x27, 0x20, 0x2b, 0x20, 0x65, 0x76, 0x61, 0x6c,
 0x4d, 0x6f, 0x64, 0x65, 0x20, 0x2b, 0x20, 0x27,
 0x5c, 0x6e, 0x27, 0x29, 0x3b, 0x0a, 0x20, 0x20,
 0x20, 0x20, 0x20, 0x20, 0x7d, 0x20, 0x65, 0x6c,
 0x73, 0x65, 0x20, 0x69, 0x66, 0x28, 0x70, 0x61,
 0x72, 0x61, 0x6d, 0x20, 0x3d, 0x3d, 0x3d, 0x20,
 0x27, 0x73, 0x74, 0x64, 0x27, 0x20, 0x7c, 0x7c,
 0x20, 0x70, 0x61, 0x72, 0x61, 0x6d, 0x20, 0x3d,
 0x3d, 0x3d, 0x20, 0x27, 0x6d, 0x61, 0x74, 0x68,
 0x27, 0x29, 0x20, 0x7b, 0x0a, 0x20, 0x20, 0x20,
 0x20, 0x20, 0x20, 0x20, 0x20, 0x65, 0x76, 0x61,
 0x6c, 0x4d, 0x6f, 0x64, 0x65, 0x20, 0x3d, 0x20,
 0x70, 0x61, 0x72, 0x61, 0x6d, 0x3b, 0x0a, 0x20,
 0x20, 0x20, 0x20, 0x20, 0x20, 0x7d, 0x20, 0x65,
 0x6c, 0x73, 0x65, 0x20, 0x7b, 0x0a, 0x20, 0x20,
 0x20, 0x20, 0x20, 0x20, 0x20, 0x20, 0x70, 0x75,
 0x74, 0x73, 0x28, 0x27, 0x49, 0x6e, 0x76, 0x61,
 0x6c, 0x69, 0x64, 0x20, 0x6d, 0x6f, 0x64, 0x65,
 0x5c, 0x6e, 0x27, 0x29, 0x3b, 0x0a, 0x20, 0x20,
 0x20, 0x20, 0x20, 0x20, 0x7d, 0x0a, 0x20, 0x20,
 0x20, 0x20, 0x20, 0x20, 0x72, 0x65, 0x74, 0x75,
 0x72, 0x6e, 0x20, 0x66, 0x61, 0x6c, 0x73, 0x65,
 0x3b, 0x0a, 0x20, 0x20, 0x20, 0x20, 0x7d, 0x20,
 0x65, 0x6c, 0x73, 0x65, 0x20, 0x69, 0x66, 0x28,
 0x63, 0x6d, 0x64, 0x20, 0x3d, 0x3d, 0x3d, 0x20,
 0x27, 0x63, 0x6c, 0x65, 0x61, 0x72, 0x27, 0x29,
 0x20, 0x7b, 0x0a, 0x20, 0x20, 0x20, 0x20, 0x20,
 0x20, 0x63, 0x6c, 0x65, 0x61, 0x72, 0x53, 0x63,
 0x72, 0x65, 0x65, 0x6e, 0x28, 0x31, 0x2c, 0x20,
 0x32, 0x29, 0x3b, 0x0a, 0x20, 0x20, 0x20, 0x20,
 0x20, 0x20, 0x73, 0x65, 0x74, 0x43, 0x75, 0x72,
 0x73, 0x6f, 0x72, 0x50, 0x6f, 0x73, 0x69, 0x74,
 0x69, 0x6f, 0x6e, 0x28, 0x31, 0x2c, 0x20, 0x30,
 0x2c, 0x20, 0x30, 0x29, 0x3b, 0x0a, 0x20, 0x20,
 0x20, 0x20, 0x7d, 0x20, 0x65, 0x6c, 0x73, 0x65,
 0x20, 0x69, 0x66, 0x28, 0x63, 0x6d, 0x64, 0x20,
 0x3d, 0x3d, 0x3d, 0x20, 0x27, 0x71, 0x27, 0x29,
 0x20, 0x7b, 0x0a, 0x20, 0x20, 0x20, 0x20, 0x20,
 0x20, 0x74, 0x68, 0x69, 0x73, 0x2e, 0x65, 0x78,
 0x69, 0x74, 0x28, 0x30, 0x29, 0x3b, 0x0a, 0x20,
 0x20, 0x20, 0x20, 0x7d, 0x20, 0x65, 0x6c, 0x73,
 0x65, 0x20, 0x69, 0x66, 0x28, 0x68, 0x61, 0x73,
 0x4a, 0x73, 0x63, 0x61, 0x6c, 0x63, 0x20, 0x26,
 0x26, 0x20, 0x63, 0x6d, 0x64, 0x20, 0x3d, 0x3d,
 0x3d, 0x20, 0x27, 0x61, 0x27, 0x29, 0x20, 0x7b,
 0x0a, 0x20, 0x20, 0x20, 0x20, 0x20, 0x20, 0x61,
 0x6c, 0x67, 0x65, 0x62, 0x72, 0x61, 0x69, 0x63,
 0x4d, 0x6f, 0x64, 0x65, 0x20, 0x3d, 0x20, 0x74,
 0x72, 0x75, 0x65, 0x3b, 0x0a, 0x20, 0x20, 0x20,
 0x20, 0x7d, 0x20, 0x65, 0x6c, 0x73, 0x65, 0x20,
 0x69, 0x66, 0x28, 0x68, 0x61, 0x73, 0x4a, 0x73,
 0x63, 0x61, 0x6c, 0x63, 0x20, 0x26, 0x26, 0x20,
 0x63, 0x6d, 0x64, 0x20, 0x3d, 0x3d, 0x3d, 0x20,
 0x27, 0x6e, 0x27, 0x29, 0x20, 0x7b, 0x0a, 0x20,
 0x20, 0x20, 0x20, 0x20, 0x20, 0x61, 0x6c, 0x67,
 0x65, 0x62, 0x72, 0x61, 0x69, 0x63, 0x4d, 0x6f,
 0x64, 0x65, 0x20, 0x3d, 0x20, 0x66, 0x61, 0x6c,
 0x73, 0x65, 0x3b, 0x0a, 0x20, 0x20, 0x20, 0x20,
 0x7d, 0x20, 0x65, 0x6c, 0x73, 0x65, 0x20, 0x7b,
 0x0a, 0x20, 0x20, 0x20, 0x20, 0x20, 0x20, 0x70,
 0x75, 0x74, 0x73, 0x28, 0x27, 0x55, 0x6e, 0x6b,
 0x6e, 0x6f, 0x77, 0x6e, 0x20, 0x64, 0x69, 0x72,
 0x65, 0x63, 0x74, 0x69, 0x76, 0x65, 0x3a, 0x20,
 0x27, 0x20, 0x2b, 0x20, 0x63, 0x6d, 0x64, 0x20,
 0x2b, 0x20, 0x27, 0x5c, 0x6e, 0x27, 0x29, 0x3b,
 0x0a, 0x20, 0x20, 0x20, 0x20, 0x20, 0x20, 0x72,
 0x65, 0x74, 0x75, 0x72, 0x6e, 0x20, 0x66, 0x61,
 0x6c, 0x73, 0x65, 0x3b, 0x0a, 0x20, 0x20, 0x20,
 0x20, 0x7d, 0x0a, 0x20, 0x20, 0x20, 0x20, 0x72,
 0x65, 0x74, 0x75, 0x72, 0x6e, 0x20, 0x74, 0x72,
 0x75, 0x65, 0x3b, 0x0a, 0x20, 0x20, 0x7d, 0x0c,
 0x42, 0x0b, 0x01, 0x00, 0x01, 0x03, 0x01, 0x0d,
 0x00, 0x06, 0x00, 0xb8, 0x03, 0x04, 0x60, 0x00,
 0x01, 0x00, 0xba, 0x0a, 0x00, 0x00, 0x00, 0xbc,
 0x0a, 0x09, 0x00, 0x30, 0x10, 0x00, 0x01, 0x00,
 0xd8, 0x04, 0x3b, 0x02, 0xe8, 0x03, 0x04, 0x1a,
 0xe6, 0x03, 0x03, 0x1a, 0xd0, 0x04, 0x36, 0x02,
 0xfe, 0x03, 0x0f, 0x1a, 0xf6, 0x03, 0x0b, 0x1a,
 0x08, 0xcb, 0x07, 0xc9, 0xc7, 0x40, 0x9f, 0x02,
 0x00, 0x00, 0xea, 0x1d, 0xdd, 0xd1, 0xef, 0xb5,
 0xad, 0xea, 0x0c, 0xc7, 0x41, 0x0d, 0x02, 0x00,
 0x00, 0xd1, 0x24, 0x01, 0x00, 0x0e, 0xc7, 0x09,
 0x42, 0x9f, 0x02, 0x00, 0x00, 0xed, 0x56, 0x01,
 0xc7, 0x40, 0x3e, 0x01, 0x00, 0x00, 0xd1, 0x46,
 0xcd, 0x68, 0x17, 0x01, 0x00, 0x00, 0xc7, 0xc5,
 0x42, 0xa0, 0x02, 0x00, 0x00, 0xc5, 0x41, 0xa9,
 0x01, 0x00, 0x00, 0xc7, 0xd1, 0x24, 0x02, 0x00,
 0x11, 0xb3, 0xad, 0xea, 0x17, 0xc7, 0x40, 0xa1,
 0x02, 0x00, 0x00, 0x41, 0xa9, 0x01, 0x00, 0x00,
 0xc7, 0xc7, 0x40, 0xab, 0x01, 0x00, 0x00, 0x24,
 0x02, 0x00, 0x29, 0x11, 0xbc, 0xfe, 0xad, 0xea,
 0x12, 0xc7, 0x40, 0xa1, 0x02, 0x00, 0x00, 0x41,
 0xa9, 0x01, 0x00, 0x00, 0xc7, 0x07, 0x24, 0x02,
 0x00, 0x29, 0x11, 0xbc, 0xfd, 0xad, 0xea, 0x15,
 0x64, 0x01, 0x00, 0x64, 0x02, 0x00, 0x07, 0xf0,
 0x0e, 0xc7, 0x41, 0x3f, 0x01, 0x00, 0x00, 0xb4,
 0x24, 0x01, 0x00, 0x29, 0xe0, 0x68, 0xa4, 0x00,
 0x00, 0x00, 0xc7, 0x40, 0x51, 0x01, 0x00, 0x00,
 0xc7, 0x40, 0x42, 0x01, 0x00, 0x00, 0xc7, 0x40,
 0x4e, 0x01, 0x00, 0x00, 0xc7, 0x40, 0x8a, 0x01,
 0x00, 0x00, 0xc7, 0x40, 0x84, 0x01, 0x00, 0x00,
 0xc7, 0x40, 0x72, 0x01, 0x00, 0x00, 0xc7, 0x40,
 0x40, 0x01, 0x00, 0x00, 0xc7, 0x40, 0x77, 0x01,
 0x00, 0x00, 0xc7, 0x40, 0x4a, 0x01, 0x00, 0x00,
 0xc7, 0x40, 0x70, 0x01, 0x00, 0x00, 0xc7, 0x40,
 0x53, 0x01, 0x00, 0x00, 0xc7, 0x40, 0x87, 0x01,
 0x00, 0x00, 0x26, 0x0c, 0x00, 0x41, 0xbe, 0x01,
 0x00, 0x00, 0xc5, 0x24, 0x01, 0x00, 0xb3, 0xab,
 0xea, 0x49, 0x60, 0x01, 0x00, 0xc7, 0x40, 0xa2,
 0x02, 0x00, 0x00, 0xc7, 0x40, 0xa3, 0x02, 0x00,
 0x00, 0x46, 0xca, 0xb4, 0xe4, 0x64, 0x04, 0x00,
 0xb5, 0xb4, 0xf0, 0x0e, 0x64, 0x05, 0x00, 0xb5,
 0xb4, 0xf0, 0x0e, 0xc7, 0x61, 0x01, 0x00, 0xe9,
 0x42, 0xac, 0x01, 0x00, 0x00, 0xc7, 0x41, 0xc3,
 0x01, 0x00, 0x00, 0x61, 0x01, 0x00, 0xc7, 0x40,
 0xc7, 0x01, 0x00, 0x00, 0x24, 0x02, 0x00, 0x0e,
 0xc7, 0x41, 0xa4, 0x02, 0x00, 0x00, 0x24, 0x00,
 0x00, 0x29, 0x0e, 0xc7, 0xc7, 0x40, 0xa0, 0x02,
 0x00, 0x00, 0x42, 0x0e, 0x02, 0x00, 0x00, 0xec,
 0x34, 0xdd, 0xd1, 0xef, 0xb5, 0xad, 0xea, 0x23,
 0xd1, 0x04, 0xee, 0x01, 0x00, 0x00, 0xa8, 0xea,
 0x1a, 0xc7, 0x41, 0x0d, 0x02, 0x00, 0x00, 0xd1,
 0x24, 0x01, 0x00, 0x0e, 0xc7, 0xc7, 0x40, 0x0d,
 0x02, 0x00, 0x00, 0x42, 0x0e, 0x02, 0x00, 0x00,
 0xec, 0x0b, 0xc7, 0x41, 0xa5, 0x02, 0x00, 0x00,
 0x24, 0x00, 0x00, 0x0e, 0xc7, 0xc7, 0x40, 0xac,
 0x01, 0x00, 0x00, 0xb4, 0xa5, 0xea, 0x04, 0xb4,
 0xec, 0x20, 0xc7, 0x40, 0xac, 0x01, 0x00, 0x00,
 0xc7, 0x40, 0xab, 0x01, 0x00, 0x00, 0xe9, 0xa7,
 0xea, 0x0a, 0xc7, 0x40, 0xab, 0x01, 0x00, 0x00,
 0xe9, 0xec, 0x07, 0xc7, 0x40, 0xac, 0x01, 0x00,
 0x00, 0x42, 0xac, 0x01, 0x00, 0x00, 0xc7, 0x41,
 0xa4, 0x02, 0x00, 0x00, 0x24, 0x00, 0x00, 0x29,
 0xca, 0x03, 0x9b, 0x0a, 0x03, 0x5a, 0x00, 0x0d,
 0x08, 0x22, 0x0c, 0x14, 0x16, 0x06, 0x20, 0x18,
 0x1c, 0x4b, 0x7c, 0x00, 0x45, 0x22, 0x36, 0x19,
 0x39, 0x36, 0x5a, 0x35, 0x39, 0x36, 0x00, 0x0c,
 0x08, 0x35, 0x11, 0x0e, 0x00, 0x06, 0x08, 0x0d,
 0x20, 0x0a, 0x00, 0x5b, 0x24, 0x0e, 0x16, 0x10,
 0x00, 0x15, 0x0a, 0x23, 0x0e, 0x00, 0x26, 0x00,
 0x27, 0x00, 0x35, 0x00, 0x20, 0x26, 0x44, 0x25,
 0x20, 0x0a, 0x00, 0x05, 0x0a, 0x15, 0x4e, 0x24,
 0x0c, 0x14, 0x1b, 0x1a, 0x2b, 0x51, 0x20, 0x18,
 0x1c, 0x17, 0x4a, 0x00, 0x20, 0x0a, 0x19, 0x0d,
 0x25, 0x44, 0x43, 0x32, 0x99, 0x75, 0x20, 0x0a,
 0xfd, 0x0f, 0x68, 0x61, 0x6e, 0x64, 0x6c, 0x65,
 0x4b, 0x65, 0x79, 0x28, 0x6b, 0x65, 0x79, 0x73,
 0x29, 0x20, 0x7b, 0x0a, 0x20, 0x20, 0x20, 0x20,
 0x76, 0x61, 0x72, 0x20, 0x66, 0x75, 0x6e, 0x20,
 0x3d, 0x20, 0x6e, 0x75, 0x6c, 0x6c, 0x3b, 0x0a,
 0x0a, 0x20, 0x20, 0x20, 0x20, 0x69, 0x66, 0x28,
 0x74, 0x68, 0x69, 0x73, 0x2e, 0x71, 0x75, 0x6f,
 0x74, 0x65, 0x46, 0x6c, 0x61, 0x67, 0x29, 0x20,
 0x7b, 0x0a, 0x20, 0x20, 0x20, 0x20, 0x20, 0x20,
 0x69, 0x66, 0x28, 0x75, 0x63, 0x73, 0x4c, 0x65,
 0x6e, 0x67, 0x74, 0x68, 0x28, 0x6b, 0x65, 0x79,
 0x73, 0x29, 0x20, 0x3d, 0x3d, 0x3d, 0x20, 0x31,
 0x29, 0x20, 0x74, 0x68, 0x69, 0x73, 0x2e, 0x69,
 0x6e, 0x73, 0x65, 0x72, 0x74, 0x28, 0x6b, 0x65,
 0x79, 0x73, 0x29, 0x3b, 0x0a, 0x20, 0x20, 0x20,
 0x20, 0x20, 0x20, 0x74, 0x68, 0x69, 0x73, 0x2e,
 0x71, 0x75, 0x6f, 0x74, 0x65, 0x46, 0x6c, 0x61,
 0x67, 0x20, 0x3d, 0x20, 0x66, 0x61, 0x6c, 0x73,
 0x65, 0x3b, 0x0a, 0x20, 0x20, 0x20, 0x20, 0x7d,
 0x20, 0x65, 0x6c, 0x73, 0x65, 0x20, 0x69, 0x66,
 0x28, 0x28, 0x66, 0x75, 0x6e, 0x20, 0x3d, 0x20,
 0x74, 0x68, 0x69, 0x73, 0x2e, 0x63, 0x6f, 0x6d,
 0x6d, 0x61, 0x6e, 0x64, 0x73, 0x5b, 0x6b, 0x65,
 0x79, 0x73, 0x5d, 0x29, 0x29, 0x20, 0x7b, 0x0a,
 0x20, 0x20, 0x20, 0x20, 0x20, 0x20, 0x74, 0x68,
 0x69, 0x73, 0x2e, 0x74, 0x68, 0x69, 0x73, 0x46,
 0x75, 0x6e, 0x20, 0x3d, 0x20, 0x66, 0x75, 0x6e,
 0x3b, 0x0a, 0x20, 0x20, 0x20, 0x20, 0x20, 0x20,
 0x2f, 0x2f, 0x20, 0x6c, 0x65, 0x74, 0x20, 0x66,
 0x6e, 0x20, 0x3d, 0x20, 0x66, 0x75, 0x6e, 0x20,
 0x3f, 0x3f, 0x20, 0x28, 0x74, 0x68, 0x69, 0x73,
 0x2e, 0x74, 0x68, 0x69, 0x73, 0x46, 0x75, 0x6e,
 0x20, 0x3d, 0x20, 0x28, 0x2e, 0x2e, 0x2e, 0x61,
 0x72, 0x67, 0x73, 0x29, 0x20, 0x3d, 0x3e, 0x20,
 0x66, 0x75, 0x6e, 0x2e, 0x63, 0x61, 0x6c, 0x6c,
 0x28, 0x74, 0x68, 0x69, 0x73, 0x2c, 0x20, 0x2e,
 0x2e, 0x2e, 0x61, 0x72, 0x67, 0x73, 0x29, 0x29,
 0x3b, 0x0a, 0x20, 0x20, 0x20, 0x20, 0x20, 0x20,
 0x73, 0x77, 0x69, 0x74, 0x63, 0x68, 0x20, 0x28,
 0x66, 0x75, 0x6e, 0x2e, 0x63, 0x61, 0x6c, 0x6c,
 0x28, 0x74, 0x68, 0x69, 0x73, 0x2c, 0x20, 0x6b,
 0x65, 0x79, 0x73, 0x29, 0x29, 0x20, 0x7b, 0x0a,
 0x20, 0x20, 0x20, 0x20, 0x20, 0x20, 0x20, 0x20,
 0x63, 0x61, 0x73, 0x65, 0x20, 0x2d, 0x31, 0x3a,
 0x0a, 0x20, 0x20, 0x20, 0x20, 0x20, 0x20, 0x20,
 0x20, 0x20, 0x20, 0x74, 0x68, 0x69, 0x73, 0x2e,
 0x72, 0x65, 0x61, 0x64, 0x6c, 0x69, 0x6e, 0x65,
 0x43, 0x61, 0x6c, 0x6c, 0x62, 0x61, 0x63, 0x6b,
 0x2e, 0x63, 0x61, 0x6c, 0x6c, 0x28, 0x74, 0x68,
 0x69, 0x73, 0x2c, 0x20, 0x74, 0x68, 0x69, 0x73,
 0x2e, 0x63, 0x6d, 0x64, 0x29, 0x3b, 0x0a, 0x20,
 0x20, 0x20, 0x20, 0x20, 0x20, 0x20, 0x20, 0x20,
 0x20, 0x72, 0x65, 0x74, 0x75, 0x72, 0x6e, 0x3b,
 0x0a, 0x20, 0x20, 0x20, 0x20, 0x20, 0x20, 0x20,
 0x20, 0x63, 0x61, 0x73, 0x65, 0x20, 0x2d, 0x32,
 0x3a, 0x0a, 0x20, 0x20, 0x20, 0x20, 0x20, 0x20,
 0x20, 0x20, 0x20, 0x20, 0x74, 0x68, 0x69, 0x73,
 0x2e, 0x72, 0x65, 0x61, 0x64, 0x6c, 0x69, 0x6e,
 0x65, 0x43, 0x61, 0x6c, 0x6c, 0x62, 0x61, 0x63,
 0x6b, 0x2e, 0x63, 0x61, 0x6c, 0x6c, 0x28, 0x74,
 0x68, 0x69, 0x73, 0x2c, 0x20, 0x6e, 0x75, 0x6c,
 0x6c, 0x29, 0x3b, 0x0a, 0x20, 0x20, 0x20, 0x20,
 0x20, 0x20, 0x20, 0x20, 0x20, 0x20, 0x72, 0x65,
 0x74, 0x75, 0x72, 0x6e, 0x3b, 0x0a, 0x20, 0x20,
 0x20, 0x20, 0x20, 0x20, 0x20, 0x20, 0x63, 0x61,
 0x73, 0x65, 0x20, 0x2d, 0x33, 0x3a, 0x0a, 0x20,
 0x20, 0x20, 0x20, 0x20, 0x20, 0x20, 0x20, 0x20,
 0x20, 0x2f, 0x2a, 0x20, 0x75, 0x6e, 0x69, 0x6e,
 0x73, 0x74, 0x61, 0x6c, 0x6c, 0x20, 0x61, 0x20,
 0x43, 0x74, 0x72, 0x6c, 0x2d, 0x43, 0x20, 0x73,
 0x69, 0x67, 0x6e, 0x61, 0x6c, 0x20, 0x68, 0x61,
 0x6e, 0x64, 0x6c, 0x65, 0x72, 0x20, 0x2a, 0x2f,
 0x0a, 0x20, 0x20, 0x20, 0x20, 0x20, 0x20, 0x20,
 0x20, 0x20, 0x20, 0x73, 0x69, 0x67, 0x6e, 0x61,
 0x6c, 0x28, 0x53, 0x49, 0x47, 0x49, 0x4e, 0x54,
 0x2c, 0x20, 0x6e, 0x75, 0x6c, 0x6c, 0x29, 0x3b,
 0x0a, 0x20, 0x20, 0x20, 0x20, 0x20, 0x20, 0x20,
 0x20, 0x20, 0x20, 0x2f, 0x2a, 0x20, 0x75, 0x6e,
 0x69, 0x6e, 0x73, 0x74, 0x61, 0x6c, 0x6c, 0x20,
 0x74, 0x68, 0x65, 0x20, 0x73, 0x74, 0x64, 0x69,
 0x6e, 0x20, 0x72, 0x65, 0x61, 0x64, 0x20, 0x68,
 0x61, 0x6e, 0x64, 0x6c, 0x65, 0x72, 0x20, 0x2a,
 0x2f, 0x0a, 0x20, 0x20, 0x20, 0x20, 0x20, 0x20,
 0x20, 0x20, 0x20, 0x20, 0x2f, 0x2f, 0x73, 0x65,
 0x74, 0x52, 0x65, 0x61, 0x64, 0x48, 0x61, 0x6e,
 0x64, 0x6c, 0x65, 0x72, 0x28, 0x74, 0x65, 0x72,
 0x6d, 0x46, 0x64, 0x2c, 0x20, 0x6e, 0x75, 0x6c,
 0x6c, 0x29, 0x3b, 0x0a, 0x0a, 0x20, 0x20, 0x20,
 0x20, 0x20, 0x20, 0x20, 0x20, 0x20, 0x20, 0x74,
 0x68, 0x69, 0x73, 0x2e, 0x65, 0x78, 0x69, 0x74,
 0x28, 0x30, 0x29, 0x3b, 0x0a, 0x20, 0x20, 0x20,
 0x20, 0x20, 0x20, 0x20, 0x20, 0x20, 0x20, 0x72,
 0x65, 0x74, 0x75, 0x72, 0x6e, 0x3b, 0x0a, 0x20,
 0x20, 0x20, 0x20, 0x20, 0x20, 0x20, 0x20, 0x64,
 0x65, 0x66, 0x61, 0x75, 0x6c, 0x74, 0x3a, 0x0a,
 0x20, 0x20, 0x20, 0x20, 0x20, 0x20, 0x20, 0x20,
 0x20, 0x20, 0x69, 0x66, 0x28, 0x0a, 0x20, 0x20,
 0x20, 0x20, 0x20, 0x20, 0x20, 0x20, 0x20, 0x20,
 0x20, 0x20, 0x73, 0x65, 0x61, 0x72, 0x63, 0x68,
 0x53, 0x74, 0x61, 0x74, 0x65, 0x20, 0x26, 0x26,
 0x0a, 0x20, 0x20, 0x20, 0x20, 0x20, 0x20, 0x20,
 0x20, 0x20, 0x20, 0x20, 0x20, 0x5b, 0x0a, 0x20,
 0x20, 0x20, 0x20, 0x20, 0x20, 0x20, 0x20, 0x20,
 0x20, 0x20, 0x20, 0x20, 0x20, 0x74, 0x68, 0x69,
 0x73, 0x2e, 0x61, 0x63, 0x63, 0x65, 0x70, 0x74,
 0x4c, 0x69, 0x6e, 0x65, 0x2c, 0x0a, 0x20, 0x20,
 0x20, 0x20, 0x20, 0x20, 0x20, 0x20, 0x20, 0x20,
 0x20, 0x20, 0x20, 0x20, 0x74, 0x68, 0x69, 0x73,
 0x2e, 0x62, 0x61, 0x63, 0x6b, 0x77, 0x61, 0x72,
 0x64, 0x43, 0x68, 0x61, 0x72, 0x2c, 0x0a, 0x20,
 0x20, 0x20, 0x20, 0x20, 0x20, 0x20, 0x20, 0x20,
 0x20, 0x20, 0x20, 0x20, 0x20, 0x74, 0x68, 0x69,
 0x73, 0x2e, 0x62, 0x61, 0x63, 0x6b, 0x77, 0x61,
 0x72, 0x64, 0x44, 0x65, 0x6c, 0x65, 0x74, 0x65,
 0x43, 0x68, 0x61, 0x72, 0x2c, 0x0a, 0x20, 0x20,
 0x20, 0x20, 0x20, 0x20, 0x20, 0x20, 0x20, 0x20,
 0x20, 0x20, 0x20, 0x20, 0x74, 0x68, 0x69, 0x73,
 0x2e, 0x62, 0x61, 0x63, 0x6b, 0x77, 0x61, 0x72,
 0x64, 0x4b, 0x69, 0x6c, 0x6c, 0x4c, 0x69, 0x6e,
 0x65, 0x2c, 0x0a, 0x20, 0x20, 0x20, 0x20, 0x20,
 0x20, 0x20, 0x20, 0x20, 0x20, 0x20, 0x20, 0x20,
 0x20, 0x74, 0x68, 0x69, 0x73, 0x2e, 0x62, 0x61,
 0x63, 0x6b, 0x77, 0x61, 0x72, 0x64, 0x4b, 0x69,
 0x6c, 0x6c, 0x57, 0x6f, 0x72, 0x64, 0x2c, 0x0a,
 0x20, 0x20, 0x20, 0x20, 0x20, 0x20, 0x20, 0x20,
 0x20, 0x20, 0x20, 0x20, 0x20, 0x20, 0x74, 0x68,
 0x69, 0x73, 0x2e, 0x62, 0x61, 0x63, 0x6b, 0x77,
 0x61, 0x72, 0x64, 0x57, 0x6f, 0x72, 0x64, 0x2c,
 0x0a, 0x20, 0x20, 0x20, 0x20, 0x20, 0x20, 0x20,
 0x20, 0x20, 0x20, 0x20, 0x20, 0x20, 0x20, 0x74,
 0x68, 0x69, 0x73, 0x2e, 0x62, 0x65, 0x67, 0x69,
 0x6e, 0x6e, 0x69, 0x6e, 0x67, 0x4f, 0x66, 0x4c,
 0x69, 0x6e, 0x65, 0x2c, 0x0a, 0x20, 0x20, 0x20,
 0x20, 0x20, 0x20, 0x20, 0x20, 0x20, 0x20, 0x20,
 0x20, 0x20, 0x20, 0x74, 0x68, 0x69, 0x73, 0x2e,
 0x64, 0x65, 0x6c, 0x65, 0x74, 0x65, 0x43, 0x68,
 0x61, 0x72, 0x2c, 0x0a, 0x20, 0x20, 0x20, 0x20,
 0x20, 0x20, 0x20, 0x20, 0x20, 0x20, 0x20, 0x20,
 0x20, 0x20, 0x74, 0x68, 0x69, 0x73, 0x2e, 0x66,
 0x6f, 0x72, 0x77, 0x61, 0x72, 0x64, 0x43, 0x68,
 0x61, 0x72, 0x2c, 0x0a, 0x20, 0x20, 0x20, 0x20,
 0x20, 0x20, 0x20, 0x20, 0x20, 0x20, 0x20, 0x20,
 0x20, 0x20, 0x74, 0x68, 0x69, 0x73, 0x2e, 0x66,
 0x6f, 0x72, 0x77, 0x61, 0x72, 0x64, 0x57, 0x6f,
 0x72, 0x64, 0x2c, 0x0a, 0x20, 0x20, 0x20, 0x20,
 0x20, 0x20, 0x20, 0x20, 0x20, 0x20, 0x20, 0x20,
 0x20, 0x20, 0x74, 0x68, 0x69, 0x73, 0x2e, 0x6b,
 0x69, 0x6c, 0x6c, 0x4c, 0x69, 0x6e, 0x65, 0x2c,
 0x0a, 0x20, 0x20, 0x20, 0x20, 0x20, 0x20, 0x20,
 0x20, 0x20, 0x20, 0x20, 0x20, 0x20, 0x20, 0x74,
 0x68, 0x69, 0x73, 0x2e, 0x6b, 0x69, 0x6c, 0x6c,
 0x57, 0x6f, 0x72, 0x64, 0x2c, 0x0a, 0x20, 0x20,
 0x20, 0x20, 0x20, 0x20, 0x20, 0x20, 0x20, 0x20,
 0x20, 0x20, 0x5d, 0x2e, 0x69, 0x6e, 0x64, 0x65,
 0x78, 0x4f, 0x66, 0x28, 0x66, 0x75, 0x6e, 0x29,
 0x20, 0x3d, 0x3d, 0x20, 0x2d, 0x31, 0x0a, 0x20,
 0x20, 0x20, 0x20, 0x20, 0x20, 0x20, 0x20, 0x20,
 0x20, 0x29, 0x20, 0x7b, 0x0a, 0x20, 0x20, 0x20,
 0x20, 0x20, 0x20, 0x20, 0x20, 0x20, 0x20, 0x20,
 0x20, 0x63, 0x6f, 0x6e, 0x73, 0x74, 0x20, 0x68,
 0x69, 0x73, 0x74, 0x63, 0x6d, 0x64, 0x20, 0x3d,
 0x20, 0x74, 0x68, 0x69, 0x73, 0x2e, 0x68, 0x69,
 0x73, 0x74, 0x6f, 0x72, 0x79, 0x5b, 0x74, 0x68,
 0x69, 0x73, 0x2e, 0x73, 0x65, 0x61, 0x72, 0x63,
 0x68, 0x49, 0x6e, 0x64, 0x65, 0x78, 0x5d, 0x3b,
 0x0a, 0x0a, 0x20, 0x20, 0x20, 0x20, 0x20, 0x20,
 0x20, 0x20, 0x20, 0x20, 0x20, 0x20, 0x2f, 0x2f,
 0x74, 0x68, 0x69, 0x73, 0x2e, 0x72, 0x65, 0x61,
 0x64, 0x6c, 0x69, 0x6e, 0x65, 0x43, 0x61, 0x6c,
 0x6c, 0x62, 0x61, 0x63, 0x6b, 0x20, 0x3d, 0x20,
 0x74, 0x68, 0x69, 0x73, 0x2e, 0x72, 0x65, 0x61,
 0x64, 0x6c, 0x69, 0x6e, 0x65, 0x48, 0x61, 0x6e,
 0x64, 0x6c, 0x65, 0x43, 0x6d, 0x64, 0x3b, 0x0a,
 0x20, 0x20, 0x20, 0x20, 0x20, 0x20, 0x20, 0x20,
 0x20, 0x20, 0x20, 0x20, 0x73, 0x65, 0x61, 0x72,
 0x63, 0x68, 0x53, 0x74, 0x61, 0x74, 0x65, 0x20,
 0x3d, 0x20, 0x30, 0x3b, 0x0a, 0x20, 0x20, 0x20,
 0x20, 0x20, 0x20, 0x20, 0x20, 0x20, 0x20, 0x20,
 0x20, 0x2f, 0x2f, 0x74, 0x68, 0x69, 0x73, 0x2e,
 0x63, 0x6d, 0x64, 0x20, 0x3d, 0x20, 0x68, 0x69,
 0x73, 0x74, 0x63, 0x6d, 0x64, 0x3b, 0x0a, 0x20,
 0x20, 0x20, 0x20, 0x20, 0x20, 0x20, 0x20, 0x20,
 0x20, 0x20, 0x20, 0x73, 0x65, 0x74, 0x43, 0x75,
 0x72, 0x73, 0x6f, 0x72, 0x50, 0x6f, 0x73, 0x69,
 0x74, 0x69, 0x6f, 0x6e, 0x28, 0x31, 0x2c, 0x20,
 0x30, 0x29, 0x3b, 0x0a, 0x20, 0x20, 0x20, 0x20,
 0x20, 0x20, 0x20, 0x20, 0x20, 0x20, 0x20, 0x20,
 0x63, 0x6c, 0x65, 0x61, 0x72, 0x53, 0x63, 0x72,
 0x65, 0x65, 0x6e, 0x28, 0x31, 0x2c, 0x20, 0x30,
 0x29, 0x3b, 0x0a, 0x0a, 0x20, 0x20, 0x20, 0x20,
 0x20, 0x20, 0x20, 0x20, 0x20, 0x20, 0x20, 0x20,
 0x74, 0x68, 0x69, 0x73, 0x2e, 0x63, 0x75, 0x72,
 0x73, 0x6f, 0x72, 0x50, 0x6f, 0x73, 0x20, 0x3d,
 0x20, 0x68, 0x69, 0x73, 0x74, 0x63, 0x6d, 0x64,
 0x2e, 0x6c, 0x65, 0x6e, 0x67, 0x74, 0x68, 0x3b,
 0x0a, 0x20, 0x20, 0x20, 0x20, 0x20, 0x20, 0x20,
 0x20, 0x20, 0x20, 0x20, 0x20, 0x74, 0x68, 0x69,
 0x73, 0x2e, 0x72, 0x65, 0x61, 0x64, 0x6c, 0x69,
 0x6e, 0x65, 0x53, 0x74, 0x61, 0x72, 0x74, 0x28,
 0x68, 0x69, 0x73, 0x74, 0x63, 0x6d, 0x64, 0x2c,
 0x20, 0x74, 0x68, 0x69, 0x73, 0x2e, 0x72, 0x65,
 0x61, 0x64, 0x6c, 0x69, 0x6e, 0x65, 0x48, 0x61,
 0x6e, 0x64, 0x6c, 0x65, 0x43, 0x6d, 0x64, 0x29,
 0x3b, 0x0a, 0x20, 0x20, 0x20, 0x20, 0x20, 0x20,
 0x20, 0x20, 0x20, 0x20, 0x20, 0x20, 0x74, 0x68,
 0x69, 0x73, 0x2e, 0x75, 0x70, 0x64, 0x61, 0x74,
 0x65, 0x28, 0x29, 0x3b, 0x0a, 0x20, 0x20, 0x20,
 0x20, 0x20, 0x20, 0x20, 0x20, 0x20, 0x20, 0x20,
 0x20, 0x72, 0x65, 0x74, 0x75, 0x72, 0x6e, 0x3b,
 0x0a, 0x20, 0x20, 0x20, 0x20, 0x20, 0x20, 0x20,
 0x20, 0x20, 0x20, 0x7d, 0x0a, 0x20, 0x20, 0x20,
 0x20, 0x20, 0x20, 0x20, 0x20, 0x20, 0x20, 0x62,
 0x72, 0x65, 0x61, 0x6b, 0x3b, 0x0a, 0x20, 0x20,
 0x20, 0x20, 0x20, 0x20, 0x7d, 0x0a, 0x20, 0x20,
 0x20, 0x20, 0x20, 0x20, 0x74, 0x68, 0x69, 0x73,
 0x2e, 0x6c, 0x61, 0x73, 0x74, 0x46, 0x75, 0x6e,
 0x20, 0x3d, 0x20, 0x74, 0x68, 0x69, 0x73, 0x2e,
 0x74, 0x68, 0x69, 0x73, 0x46, 0x75, 0x6e, 0x3b,
 0x0a, 0x20, 0x20, 0x20, 0x20, 0x7d, 0x20, 0x65,
 0x6c, 0x73, 0x65, 0x20, 0x69, 0x66, 0x28, 0x75,
 0x63, 0x73, 0x4c, 0x65, 0x6e, 0x67, 0x74, 0x68,
 0x28, 0x6b, 0x65, 0x79, 0x73, 0x29, 0x20, 0x3d,
 0x3d, 0x3d, 0x20, 0x31, 0x20, 0x26, 0x26, 0x20,
 0x6b, 0x65, 0x79, 0x73, 0x20, 0x3e, 0x3d, 0x20,
 0x27, 0x20, 0x27, 0x29, 0x20, 0x7b, 0x0a, 0x20,
 0x20, 0x20, 0x20, 0x20, 0x20, 0x74, 0x68, 0x69,
 0x73, 0x2e, 0x69, 0x6e, 0x73, 0x65, 0x72, 0x74,
 0x28, 0x6b, 0x65, 0x79, 0x73, 0x29, 0x3b, 0x0a,
 0x20, 0x20, 0x20, 0x20, 0x20, 0x20, 0x74, 0x68,
 0x69, 0x73, 0x2e, 0x6c, 0x61, 0x73, 0x74, 0x46,
 0x75, 0x6e, 0x20, 0x3d, 0x20, 0x74, 0x68, 0x69,
 0x73, 0x2e, 0x69, 0x6e, 0x73, 0x65, 0x72, 0x74,
 0x3b, 0x0a, 0x20, 0x20, 0x20, 0x20, 0x7d, 0x20,
 0x65, 0x6c, 0x73, 0x65, 0x20, 0x7b, 0x0a, 0x20,
 0x20, 0x20, 0x20, 0x20, 0x20, 0x74, 0x68, 0x69,
 0x73, 0x2e, 0x61, 0x6c, 0x65, 0x72, 0x74, 0x28,
 0x29, 0x3b, 0x20, 0x2f, 0x2a, 0x20, 0x62, 0x65,
 0x65, 0x70, 0x21, 0x20, 0x2a, 0x2f, 0x0a, 0x20,
 0x20, 0x20, 0x20, 0x7d, 0x0a, 0x0a, 0x20, 0x20,
 0x20, 0x20, 0x74, 0x68, 0x69, 0x73, 0x2e, 0x63,
 0x75, 0x72, 0x73, 0x6f, 0x72, 0x50, 0x6f, 0x73,
 0x20, 0x3d, 0x20, 0x74, 0x68, 0x69, 0x73, 0x2e,
 0x63, 0x75, 0x72, 0x73, 0x6f, 0x72, 0x50, 0x6f,
 0x73, 0x20, 0x3c, 0x20, 0x30, 0x20, 0x3f, 0x20,
 0x30, 0x20, 0x3a, 0x20, 0x74, 0x68, 0x69, 0x73,
 0x2e, 0x63, 0x75, 0x72, 0x73, 0x6f, 0x72, 0x50,
 0x6f, 0x73, 0x20, 0x3e, 0x20, 0x74, 0x68, 0x69,
 0x73, 0x2e, 0x63, 0x6d, 0x64, 0x2e, 0x6c, 0x65,
 0x6e, 0x67, 0x74, 0x68, 0x20, 0x3f, 0x20, 0x74,
 0x68, 0x69, 0x73, 0x2e, 0x63, 0x6d, 0x64, 0x2e,
 0x6c, 0x65, 0x6e, 0x67, 0x74, 0x68, 0x20, 0x3a,
 0x20, 0x74, 0x68, 0x69, 0x73, 0x2e, 0x63, 0x75,
 0x72, 0x73, 0x6f, 0x72, 0x50, 0x6f, 0x73, 0x3b,
 0x0a, 0x20, 0x20, 0x20, 0x20, 0x74, 0x68, 0x69,
 0x73, 0x2e, 0x75, 0x70, 0x64, 0x61, 0x74, 0x65,
 0x28, 0x29, 0x3b, 0x0a, 0x20, 0x20, 0x7d, 0x0c,
 0x42, 0x0b, 0x01, 0x00, 0x00, 0x07, 0x00, 0x06,
 0x01, 0x05, 0x04, 0xe9, 0x02, 0x07, 0xcc, 0x0a,
 0x01, 0x00, 0x60, 0x00, 0xce, 0x0a, 0x01, 0x01,
 0x30, 0xd0, 0x0a, 0x01, 0x02, 0x30, 0xd6, 0x06,
 0x09, 0x03, 0x30, 0xca, 0x06, 0x0a, 0x04, 0x20,
 0xf0, 0x08, 0x0a, 0x05, 0x20, 0x10, 0x00, 0x01,
 0x00, 0xb6, 0x04, 0x29, 0x02, 0xa8, 0x04, 0x22,
 0x02, 0xaa, 0x04, 0x23, 0x02, 0xb8, 0x04, 0x2a,
 0x02, 0xa6, 0x04, 0x21, 0x02, 0x0c, 0x42, 0x0b,
 0x01, 0x00, 0x01, 0x00, 0x01, 0x01, 0x00, 0x00,
 0x00, 0x0f, 0x01, 0xee, 0x04, 0x00, 0x01, 0x00,
 0xd1, 0xea, 0x07, 0x04, 0x7f, 0x00, 0x00, 0x00,
 0x28, 0x04, 0xee, 0x01, 0x00, 0x00, 0x28, 0xca,
 0x03, 0xe2, 0x0a, 0x11, 0x00, 0x14, 0x6e, 0x20,
 0x3d, 0x3e, 0x20, 0x28, 0x6e, 0x20, 0x3f, 0x20,
 0x27, 0x2a, 0x27, 0x20, 0x3a, 0x20, 0x27, 0x20,
 0x27, 0x29, 0x0c, 0x42, 0x0b, 0x01, 0x00, 0x01,
 0x00, 0x01, 0x03, 0x00, 0x01, 0x00, 0x10, 0x01,
 0xe6, 0x06, 0x00, 0x01, 0x00, 0xcc, 0x0a, 0x00,
 0x10, 0x64, 0x00, 0x00, 0xd1, 0x04, 0x52, 0x01,
 0x00, 0x00, 0x9c, 0x9c, 0x11, 0x65, 0x00, 0x00,
 0x28, 0xca, 0x03, 0xe3, 0x0a, 0x15, 0x02, 0x16,
 0x1e, 0x14, 0x73, 0x20, 0x3d, 0x3e, 0x20, 0x28,
 0x6f, 0x20, 0x2b, 0x3d, 0x20, 0x73, 0x20, 0x2b,
 0x20, 0x27, 0x5c, 0x6e, 0x27, 0x29, 0x07, 0x18,
 0x5b, 0x5c, 0x72, 0x5c, 0x6e, 0x5c, 0x74, 0x5c,
 0x73, 0x5d, 0x2a, 0x24, 0x07, 0xac, 0x01, 0x01,
 0x00, 0x01, 0x00, 0x4e, 0x00, 0x00, 0x00, 0x09,
 0x06, 0x00, 0x00, 0x00, 0x05, 0x08, 0xf5, 0xff,
 0xff, 0xff, 0x0c, 0x00, 0x1d, 0x2c, 0x00, 0x00,
 0x00, 0x00, 0x00, 0x00, 0x00, 0xff, 0xff, 0xff,
 0x7f, 0x01, 0x00, 0x00, 0x00, 0x16, 0x0a, 0x00,
 0x09, 0x00, 0x0d, 0x00, 0x20, 0x00, 0x20, 0x00,
 0xa0, 0x00, 0xa0, 0x00, 0x80, 0x16, 0x80, 0x16,
 0x00, 0x20, 0x0a, 0x20, 0x28, 0x20, 0x29, 0x20,
 0x2f, 0x20, 0x2f, 0x20, 0x5f, 0x20, 0x5f, 0x20,
 0x00, 0x30, 0x00, 0x30, 0xff, 0xfe, 0xff, 0xfe,
 0x0b, 0x07, 0x0d, 0x00, 0x0b, 0x08, 0xc2, 0x06,
 0x60, 0x02, 0x00, 0x60, 0x01, 0x00, 0x60, 0x00,
 0x00, 0xc0, 0xc9, 0xbf, 0x00, 0x4c, 0xa7, 0x02,
 0x00, 0x00, 0xca, 0xbf, 0x01, 0x4c, 0xa8, 0x02,
 0x00, 0x00, 0xcb, 0x61, 0x02, 0x00, 0x04, 0xa9,
 0x02, 0x00, 0x00, 0x04, 0xaa, 0x02, 0x00, 0x00,
 0x9c, 0x61, 0x01, 0x00, 0xdd, 0xef, 0x9c, 0x04,
 0xab, 0x02, 0x00, 0x00, 0x9c, 0x04, 0xac, 0x02,
 0x00, 0x00, 0x9c, 0x61, 0x01, 0x00, 0xdd, 0x95,
 0xef, 0x9c, 0x04, 0xad, 0x02, 0x00, 0x00, 0x9c,
 0x04, 0xae, 0x02, 0x00, 0x00, 0x9c, 0x61, 0x01,
 0x00, 0xc1, 0x06, 0x40, 0x85, 0x02, 0x00, 0x00,
 0xef, 0x9c, 0x04, 0xaf, 0x02, 0x00, 0x00, 0x9c,
 0x04, 0xb0, 0x02, 0x00, 0x00, 0x9c, 0xef, 0x0e,
 0xde, 0xea, 0x32, 0x61, 0x02, 0x00, 0x04, 0xb1,
 0x02, 0x00, 0x00, 0x61, 0x01, 0x00, 0x38, 0xc9,
 0x01, 0x00, 0x00, 0xef, 0x9c, 0x04, 0xb2, 0x02,
 0x00, 0x00, 0x9c, 0x04, 0xb3, 0x02, 0x00, 0x00,
 0x9c, 0x61, 0x01, 0x00, 0x38, 0xc9, 0x01, 0x00,
 0x00, 0x95, 0xef, 0x9c, 0x04, 0xb4, 0x02, 0x00,
 0x00, 0x9c, 0xef, 0x0e, 0xdf, 0xea, 0x27, 0x61,
 0x02, 0x00, 0x04, 0xb5, 0x02, 0x00, 0x00, 0x04,
 0xb6, 0x02, 0x00, 0x00, 0x9c, 0xef, 0x0e, 0xde,
 0x95, 0xea, 0x13, 0x61, 0x02, 0x00, 0x04, 0xb7,
 0x02, 0x00, 0x00, 0xe0, 0x9c, 0x04, 0xb8, 0x01,
 0x00, 0x00, 0x9c, 0xef, 0x0e, 0xc1, 0x06, 0x40,
 0x93, 0x01, 0x00, 0x00, 0xea, 0x5d, 0x60, 0x03,
 0x00, 0xc1, 0x06, 0x40, 0x93, 0x01, 0x00, 0x00,
 0x7c, 0xec, 0x4b, 0xcc, 0x60, 0x05, 0x00, 0x60,
 0x04, 0x00, 0x06, 0x11, 0xf2, 0xeb, 0x15, 0x7d,
 0x80, 0x00, 0x0e, 0xc2, 0x04, 0x80, 0x00, 0x0e,
 0x11, 0xf2, 0xea, 0x03, 0x0e, 0xc0, 0xc2, 0x05,
 0x83, 0xec, 0x0f, 0x0e, 0xc1, 0x06, 0x40, 0x93,
 0x01, 0x00, 0x00, 0x61, 0x03, 0x00, 0x46, 0xec,
 0xdf, 0x61, 0x02, 0x00, 0x04, 0xe6, 0x01, 0x00,
 0x00, 0x61, 0x03, 0x00, 0x41, 0x1b, 0x02, 0x00,
 0x00, 0xbc, 0x10, 0x24, 0x01, 0x00, 0x9c, 0x61,
 0x05, 0x00, 0x9c, 0xef, 0x0e, 0x7f, 0xea, 0xb4,
 0x0e, 0x0e, 0x5d, 0x04, 0x00, 0x95, 0xea, 0x0b,
 0x61, 0x02, 0x00, 0x04, 0xb8, 0x02, 0x00, 0x00,
 0xef, 0x0e, 0x61, 0x00, 0x00, 0x41, 0xb9, 0x02,
 0x00, 0x00, 0x24, 0x00, 0x00, 0x41, 0xba, 0x02,
 0x00, 0x00, 0xbe, 0x02, 0xbe, 0x03, 0x34, 0xc0,
 0x24, 0x02, 0x00, 0x11, 0x62, 0x00, 0x00, 0x0e,
 0xc1, 0x06, 0x41, 0x26, 0x02, 0x00, 0x00, 0x61,
 0x00, 0x00, 0x24, 0x01, 0x00, 0x29, 0xca, 0x03,
 0xe0, 0x0a, 0x03, 0x53, 0x00, 0x1e, 0x0a, 0x04,
 0x12, 0x04, 0x1c, 0x04, 0x21, 0x00, 0x11, 0x08,
 0x12, 0x07, 0x21, 0x00, 0x21, 0x00, 0x26, 0x00,
 0x21, 0x00, 0x21, 0x00, 0x11, 0x08, 0x30, 0x07,
 0x21, 0x00, 0x3c, 0x03, 0x2a, 0x3c, 0x11, 0x08,
 0x25, 0x22, 0x20, 0x2a, 0x20, 0x22, 0x39, 0x2c,
 0x3c, 0xdd, 0x01, 0x2a, 0x8e, 0x01, 0x40, 0x89,
 0x01, 0x2a, 0x84, 0x01, 0x0c, 0x16, 0x00, 0x4c,
 0x10, 0x99, 0x01, 0x12, 0x04, 0x1c, 0x04, 0x2b,
 0x06, 0x21, 0x05, 0x5a, 0x16, 0x36, 0x25, 0x2a,
 0x0c, 0x2a, 0x14, 0x49, 0x1f, 0x25, 0x22, 0x92,
 0x0c, 0x68, 0x65, 0x6c, 0x70, 0x28, 0x29, 0x20,
 0x7b, 0x0a, 0x20, 0x20, 0x20, 0x20, 0x6c, 0x65,
 0x74, 0x20, 0x6f, 0x20, 0x3d, 0x20, 0x27, 0x27,
 0x3b, 0x0a, 0x20, 0x20, 0x20, 0x20, 0x63, 0x6f,
 0x6e, 0x73, 0x74, 0x20, 0x73, 0x65, 0x6c, 0x20,
 0x3d, 0x20, 0x6e, 0x20, 0x3d, 0x3e, 0x20, 0x28,
 0x6e, 0x20, 0x3f, 0x20, 0x27, 0x2a, 0x27, 0x20,
 0x3a, 0x20, 0x27, 0x20, 0x27, 0x29, 0x3b, 0x0a,
 0x20, 0x20, 0x20, 0x20, 0x63, 0x6f, 0x6e, 0x73,
 0x74, 0x20, 0x70, 0x75, 0x74, 0x6c, 0x69, 0x6e,
 0x65, 0x20, 0x3d, 0x20, 0x73, 0x20, 0x3d, 0x3e,
 0x20, 0x28, 0x6f, 0x20, 0x2b, 0x3d, 0x20, 0x73,
 0x20, 0x2b, 0x20, 0x27, 0x5c, 0x6e, 0x27, 0x29,
 0x3b, 0x0a, 0x0a, 0x20, 0x20, 0x20, 0x20, 0x70,
 0x75, 0x74, 0x6c, 0x69, 0x6e, 0x65, 0x28, 0x0a,
 0x20, 0x20, 0x20, 0x20, 0x20, 0x20, 0x27, 0x43,
 0x6f, 0x6d, 0x6d, 0x61, 0x6e, 0x64, 0x20, 0x6c,
 0x69, 0x6e, 0x65, 0x20, 0x64, 0x69, 0x72, 0x65,
 0x63, 0x74, 0x69, 0x76, 0x65, 0x73, 0x3a, 0x5c,
 0x6e, 0x5c, 0x5c, 0x68, 0x20, 0x20, 0x20, 0x20,
 0x20, 0x20, 0x20, 0x20, 0x20, 0x20, 0x20, 0x20,
 0x20, 0x20, 0x20, 0x74, 0x68, 0x69, 0x73, 0x20,
 0x68, 0x65, 0x6c, 0x70, 0x5c, 0x6e, 0x27, 0x20,
 0x2b, 0x0a, 0x20, 0x20, 0x20, 0x20, 0x20, 0x20,
 0x20, 0x20, 0x27, 0x5c, 0x5c, 0x78, 0x20, 0x20,
 0x20, 0x20, 0x20, 0x20, 0x20, 0x20, 0x20, 0x20,
 0x20, 0x20, 0x20, 0x20, 0x27, 0x20, 0x2b, 0x0a,
 0x20, 0x20, 0x20, 0x20, 0x20, 0x20, 0x20, 0x20,
 0x73, 0x65, 0x6c, 0x28, 0x68, 0x65, 0x78, 0x4d,
 0x6f, 0x64, 0x65, 0x29, 0x20, 0x2b, 0x0a, 0x20,
 0x20, 0x20, 0x20, 0x20, 0x20, 0x20, 0x20, 0x27,
 0x68, 0x65, 0x78, 0x61, 0x64, 0x65, 0x63, 0x69,
 0x6d, 0x61, 0x6c, 0x20, 0x6e, 0x75, 0x6d, 0x62,
 0x65, 0x72, 0x20, 0x64, 0x69, 0x73, 0x70, 0x6c,
 0x61, 0x79, 0x5c, 0x6e, 0x27, 0x20, 0x2b, 0x0a,
 0x20, 0x20, 0x20, 0x20, 0x20, 0x20, 0x20, 0x20,
 0x27, 0x5c, 0x5c, 0x64, 0x20, 0x20, 0x20, 0x20,
 0x20, 0x20, 0x20, 0x20, 0x20, 0x20, 0x20, 0x20,
 0x20, 0x20, 0x27, 0x20, 0x2b, 0x0a, 0x20, 0x20,
 0x20, 0x20, 0x20, 0x20, 0x20, 0x20, 0x73, 0x65,
 0x6c, 0x28, 0x21, 0x68, 0x65, 0x78, 0x4d, 0x6f,
 0x64, 0x65, 0x29, 0x20, 0x2b, 0x0a, 0x20, 0x20,
 0x20, 0x20, 0x20, 0x20, 0x20, 0x20, 0x27, 0x64,
 0x65, 0x63, 0x69, 0x6d, 0x61, 0x6c, 0x20, 0x6e,
 0x75, 0x6d, 0x62, 0x65, 0x72, 0x20, 0x64, 0x69,
 0x73, 0x70, 0x6c, 0x61, 0x79, 0x5c, 0x6e, 0x27,
 0x20, 0x2b, 0x0a, 0x20, 0x20, 0x20, 0x20, 0x20,
 0x20, 0x20, 0x20, 0x27, 0x5c, 0x5c, 0x74, 0x20,
 0x20, 0x20, 0x20, 0x20, 0x20, 0x20, 0x20, 0x20,
 0x20, 0x20, 0x20, 0x20, 0x20, 0x27, 0x20, 0x2b,
 0x0a, 0x20, 0x20, 0x20, 0x20, 0x20, 0x20, 0x20,
 0x20, 0x73, 0x65, 0x6c, 0x28, 0x74, 0x68, 0x69,
 0x73, 0x2e, 0x73, 0x68, 0x6f, 0x77, 0x54, 0x69,
 0x6d, 0x65, 0x29, 0x20, 0x2b, 0x0a, 0x20, 0x20,
 0x20, 0x20, 0x20, 0x20, 0x20, 0x20, 0x27, 0x74,
 0x6f, 0x67, 0x67, 0x6c, 0x65, 0x20, 0x74, 0x69,
 0x6d, 0x69, 0x6e, 0x67, 0x20, 0x64, 0x69, 0x73,
 0x70, 0x6c, 0x61, 0x79, 0x5c, 0x6e, 0x27, 0x20,
 0x2b, 0x0a, 0x20, 0x20, 0x20, 0x20, 0x20, 0x20,
 0x20, 0x20, 0x27, 0x5c, 0x5c, 0x63, 0x6c, 0x65,
 0x61, 0x72, 0x20, 0x20, 0x20, 0x20, 0x20, 0x20,
 0x20, 0x20, 0x20, 0x20, 0x20, 0x63, 0x6c, 0x65,
 0x61, 0x72, 0x20, 0x74, 0x68, 0x65, 0x20, 0x74,
 0x65, 0x72, 0x6d, 0x69, 0x6e, 0x61, 0x6c, 0x27,
 0x2c, 0x0a, 0x20, 0x20, 0x20, 0x20, 0x29, 0x3b,
 0x0a, 0x20, 0x20, 0x20, 0x20, 0x69, 0x66, 0x28,
 0x68, 0x61, 0x73, 0x4a, 0x73, 0x63, 0x61, 0x6c,
 0x63, 0x29, 0x20, 0x7b, 0x0a, 0x20, 0x20, 0x20,
 0x20, 0x20, 0x20, 0x70, 0x75, 0x74, 0x6c, 0x69,
 0x6e, 0x65, 0x28, 0x27, 0x5c, 0x5c, 0x61, 0x20,
 0x20, 0x20, 0x20, 0x20, 0x20, 0x20, 0x20, 0x20,
 0x20, 0x20, 0x20, 0x20, 0x20, 0x27, 0x20, 0x2b,
 0x20, 0x73, 0x65, 0x6c, 0x28, 0x61, 0x6c, 0x67,
 0x65, 0x62, 0x72, 0x61, 0x69, 0x63, 0x4d, 0x6f,
 0x64, 0x65, 0x29, 0x20, 0x2b, 0x20, 0x27, 0x61,
 0x6c, 0x67, 0x65, 0x62, 0x72, 0x61, 0x69, 0x63,
 0x20, 0x6d, 0x6f, 0x64, 0x65, 0x5c, 0x6e, 0x27,
 0x20, 0x2b, 0x20, 0x27, 0x5c, 0x5c, 0x6e, 0x20,
 0x20, 0x20, 0x20, 0x20, 0x20, 0x20, 0x20, 0x20,
 0x27, 0x20, 0x2b, 0x20, 0x73, 0x65, 0x6c, 0x28,
 0x21, 0x61, 0x6c, 0x67, 0x65, 0x62, 0x72, 0x61,
 0x69, 0x63, 0x4d, 0x6f, 0x64, 0x65, 0x29, 0x20,
 0x2b, 0x20, 0x27, 0x6e, 0x75, 0x6d, 0x65, 0x72,
 0x69, 0x63, 0x20, 0x6d, 0x6f, 0x64, 0x65, 0x27,
 0x29, 0x3b, 0x0a, 0x20, 0x20, 0x20, 0x20, 0x7d,
 0x0a, 0x20, 0x20, 0x20, 0x20, 0x69, 0x66, 0x28,
 0x68, 0x61, 0x73, 0x42, 0x69, 0x67, 0x6e, 0x75,
 0x6d, 0x29, 0x20, 0x7b, 0x0a, 0x20, 0x20, 0x20,
 0x20, 0x20, 0x20, 0x70, 0x75, 0x74, 0x6c, 0x69,
 0x6e, 0x65, 0x28, 0x22, 0x5c, 0x5c, 0x70, 0x20,
 0x5b, 0x6d, 0x20, 0x5b, 0x65, 0x5d, 0x5d, 0x20,
 0x20, 0x20, 0x20, 0x20, 0x20, 0x20, 0x73, 0x65,
 0x74, 0x20, 0x74, 0x68, 0x65, 0x20, 0x42, 0x69,
 0x67, 0x46, 0x6c, 0x6f, 0x61, 0x74, 0x20, 0x70,
 0x72, 0x65, 0x63, 0x69, 0x73, 0x69, 0x6f, 0x6e,
 0x20, 0x74, 0x6f, 0x20, 0x27, 0x6d, 0x27, 0x20,
 0x62, 0x69, 0x74, 0x73, 0x5c, 0x6e, 0x22, 0x20,
 0x2b, 0x20, 0x22, 0x5c, 0x5c, 0x64, 0x69, 0x67,
 0x69, 0x74, 0x73, 0x20, 0x6e, 0x20, 0x20, 0x20,
 0x20, 0x20, 0x20, 0x20, 0x20, 0x73, 0x65, 0x74,
 0x20, 0x74, 0x68, 0x65, 0x20, 0x42, 0x69, 0x67,
 0x46, 0x6c, 0x6f, 0x61, 0x74, 0x20, 0x70, 0x72,
 0x65, 0x63, 0x69, 0x73, 0x69, 0x6f, 0x6e, 0x20,
 0x74, 0x6f, 0x20, 0x27, 0x63, 0x65, 0x69, 0x6c,
 0x28, 0x6e, 0x2a, 0x6c, 0x6f, 0x67, 0x32, 0x28,
 0x31, 0x30, 0x29, 0x29, 0x27, 0x20, 0x62, 0x69,
 0x74, 0x73, 0x22, 0x29, 0x3b, 0x0a, 0x20, 0x20,
 0x20, 0x20, 0x20, 0x20, 0x69, 0x66, 0x28, 0x21,
 0x68, 0x61, 0x73, 0x4a, 0x73, 0x63, 0x61, 0x6c,
 0x63, 0x29, 0x20, 0x7b, 0x0a, 0x20, 0x20, 0x20,
 0x20, 0x20, 0x20, 0x20, 0x20, 0x70, 0x75, 0x74,
 0x6c, 0x69, 0x6e, 0x65, 0x28, 0x27, 0x5c, 0x5c,
 0x6d, 0x6f, 0x64, 0x65, 0x20, 0x5b, 0x73, 0x74,
 0x64, 0x7c, 0x6d, 0x61, 0x74, 0x68, 0x5d, 0x20,
 0x63, 0x68, 0x61, 0x6e, 0x67, 0x65, 0x20, 0x74,
 0x68, 0x65, 0x20, 0x72, 0x75, 0x6e, 0x6e, 0x69,
 0x6e, 0x67, 0x20, 0x6d, 0x6f, 0x64, 0x65, 0x20,
 0x28, 0x63, 0x75, 0x72, 0x72, 0x65, 0x6e, 0x74,
 0x20, 0x3d, 0x20, 0x27, 0x20, 0x2b, 0x20, 0x65,
 0x76, 0x61, 0x6c, 0x4d, 0x6f, 0x64, 0x65, 0x20,
 0x2b, 0x20, 0x27, 0x29, 0x27, 0x29, 0x3b, 0x0a,
 0x20, 0x20, 0x20, 0x20, 0x20, 0x20, 0x7d, 0x0a,
 0x20, 0x20, 0x20, 0x20, 0x7d, 0x0a, 0x20, 0x20,
 0x20, 0x20, 0x69, 0x66, 0x28, 0x74, 0x68, 0x69,
 0x73, 0x2e, 0x64, 0x69, 0x72, 0x65, 0x63, 0x74,
 0x69, 0x76, 0x65, 0x73, 0x29, 0x0a, 0x20, 0x20,
 0x20, 0x20, 0x20, 0x20, 0x66, 0x6f, 0x72, 0x28,
 0x63, 0x6f, 0x6e, 0x73, 0x74, 0x20, 0x63, 0x6d,
 0x64, 0x20, 0x69, 0x6e, 0x20, 0x74, 0x68, 0x69,
 0x73, 0x2e, 0x64, 0x69, 0x72, 0x65, 0x63, 0x74,
 0x69, 0x76, 0x65, 0x73, 0x29, 0x20, 0x7b, 0x0a,
 0x20, 0x20, 0x20, 0x20, 0x20, 0x20, 0x20, 0x20,
 0x6c, 0x65, 0x74, 0x20, 0x5b, 0x66, 0x6e, 0x2c,
 0x20, 0x68, 0x65, 0x6c, 0x70, 0x20, 0x3d, 0x20,
 0x27, 0x27, 0x5d, 0x20, 0x3d, 0x20, 0x74, 0x68,
 0x69, 0x73, 0x2e, 0x64, 0x69, 0x72, 0x65, 0x63,
 0x74, 0x69, 0x76, 0x65, 0x73, 0x5b, 0x63, 0x6d,
 0x64, 0x5d, 0x3b, 0x0a, 0x20, 0x20, 0x20, 0x20,
 0x20, 0x20, 0x20, 0x20, 0x2f, 0x2a, 0x6c, 0x65,
 0x74, 0x20, 0x61, 0x72, 0x67, 0x73, 0x20, 0x3d,
 0x20, 0x67, 0x65, 0x74, 0x46, 0x75, 0x6e, 0x63,
 0x74, 0x69, 0x6f, 0x6e, 0x41, 0x72, 0x67, 0x75,
 0x6d, 0x65, 0x6e, 0x74, 0x73, 0x28, 0x66, 0x6e,
 0x29, 0x3b, 0x0a, 0x20, 0x20, 0x20, 0x20, 0x20,
 0x20, 0x20, 0x20, 0x6c, 0x65, 0x74, 0x20, 0x63,
 0x6d, 0x64, 0x6c, 0x69, 0x6e, 0x65, 0x20, 0x3d,
 0x20, 0x63, 0x6d, 0x64, 0x20, 0x2b, 0x20, 0x27,
 0x20, 0x27, 0x20, 0x2b, 0x20, 0x61, 0x72, 0x67,
 0x73, 0x2e, 0x72, 0x65, 0x64, 0x75, 0x63, 0x65,
 0x28, 0x28, 0x61, 0x63, 0x63, 0x2c, 0x20, 0x61,
 0x72, 0x67, 0x29, 0x20, 0x3d, 0x3e, 0x20, 0x27,
 0x5b, 0x27, 0x20, 0x2b, 0x20, 0x28, 0x61, 0x72,
 0x67, 0x20, 0x2b, 0x20, 0x28, 0x28, 0x61, 0x63,
 0x63, 0x20, 0x26, 0x26, 0x20, 0x61, 0x63, 0x63,
 0x2e, 0x74, 0x72, 0x69, 0x6d, 0x28, 0x29, 0x29,
 0x20, 0x21, 0x3d, 0x20, 0x27, 0x27, 0x20, 0x3f,
 0x20, 0x27, 0x20, 0x27, 0x20, 0x2b, 0x20, 0x61,
 0x63, 0x63, 0x2e, 0x74, 0x72, 0x69, 0x6d, 0x28,
 0x29, 0x20, 0x3a, 0x20, 0x27, 0x27, 0x29, 0x29,
 0x2e, 0x74, 0x72, 0x69, 0x6d, 0x28, 0x29, 0x20,
 0x2b, 0x20, 0x27, 0x5d, 0x27, 0x2c, 0x20, 0x27,
 0x27, 0x29, 0x3b, 0x2a, 0x2f, 0x0a, 0x20, 0x20,
 0x20, 0x20, 0x20, 0x20, 0x20, 0x20, 0x70, 0x75,
 0x74, 0x6c, 0x69, 0x6e, 0x65, 0x28, 0x0a, 0x20,
 0x20, 0x20, 0x20, 0x20, 0x20, 0x20, 0x20, 0x20,
 0x20, 0x27, 0x5c, 0x5c, 0x27, 0x20, 0x2b, 0x0a,
 0x20, 0x20, 0x20, 0x20, 0x20, 0x20, 0x20, 0x20,
 0x20, 0x20, 0x20, 0x20, 0x63, 0x6d, 0x64, 0x20,
 0x2f, 0x2a, 0x6c, 0x69, 0x6e, 0x65, 0x2a, 0x2f,
 0x0a, 0x20, 0x20, 0x20, 0x20, 0x20, 0x20, 0x20,
 0x20, 0x20, 0x20, 0x20, 0x20, 0x20, 0x20, 0x2e,
 0x70, 0x61, 0x64, 0x45, 0x6e, 0x64, 0x28, 0x31,
 0x36, 0x29, 0x20, 0x2b, 0x0a, 0x20, 0x20, 0x20,
 0x20, 0x20, 0x20, 0x20, 0x20, 0x20, 0x20, 0x20,
 0x20, 0x68, 0x65, 0x6c, 0x70, 0x2c, 0x0a, 0x20,
 0x20, 0x20, 0x20, 0x20, 0x20, 0x20, 0x20, 0x29,
 0x3b, 0x0a, 0x20, 0x20, 0x20, 0x20, 0x20, 0x20,
 0x7d, 0x0a, 0x20, 0x20, 0x20, 0x20, 0x69, 0x66,
 0x28, 0x21, 0x63, 0x6f, 0x6e, 0x66, 0x69, 0x67,
 0x4e, 0x75, 0x6d, 0x63, 0x61, 0x6c, 0x63, 0x29,
 0x20, 0x70, 0x75, 0x74, 0x6c, 0x69, 0x6e, 0x65,
 0x28, 0x27, 0x5c, 0x5c, 0x71, 0x20, 0x20, 0x20,
 0x20, 0x20, 0x20, 0x20, 0x20, 0x20, 0x20, 0x20,
 0x20, 0x20, 0x20, 0x20, 0x65, 0x78, 0x69, 0x74,
 0x27, 0x29, 0x3b, 0x0a, 0x0a, 0x20, 0x20, 0x20,
 0x20, 0x6f, 0x20, 0x3d, 0x20, 0x6f, 0x2e, 0x74,
 0x72, 0x69, 0x6d, 0x45, 0x6e, 0x64, 0x28, 0x29,
 0x2e, 0x72, 0x65, 0x70, 0x6c, 0x61, 0x63, 0x65,
 0x28, 0x2f, 0x5b, 0x5c, 0x72, 0x5c, 0x6e, 0x5c,
 0x74, 0x5c, 0x73, 0x5d, 0x2a, 0x24, 0x2f, 0x67,
 0x2c, 0x20, 0x27, 0x27, 0x29, 0x3b, 0x0a, 0x20,
 0x20, 0x20, 0x20, 0x74, 0x68, 0x69, 0x73, 0x2e,
 0x70, 0x72, 0x69, 0x6e, 0x74, 0x53, 0x74, 0x61,
 0x74, 0x75, 0x73, 0x28, 0x6f, 0x29, 0x3b, 0x0a,
 0x20, 0x20, 0x7d, 0x0c, 0x40, 0x0b, 0x01, 0x00,
 0x01, 0x05, 0x00, 0x07, 0x00, 0x05, 0x00, 0x7e,
 0x06, 0xde, 0x07, 0x00, 0x01, 0x00, 0xde, 0x07,
 0x01, 0xff, 0xff, 0xff, 0xff, 0x0f, 0x20, 0xf6,
 0x0a, 0x02, 0x00, 0x30, 0xf8, 0x0a, 0x02, 0x02,
 0x20, 0x8e, 0x09, 0x02, 0x03, 0x20, 0xfa, 0x0a,
 0x02, 0x04, 0x20, 0xd6, 0x03, 0x16, 0x1a, 0xee,
 0x03, 0x07, 0x1a, 0xf0, 0x03, 0x08, 0x1a, 0x98,
 0x04, 0x1f, 0x1a, 0xf2, 0x03, 0x09, 0x1a, 0x60,
 0x00, 0x00, 0xd1, 0x11, 0xf2, 0xea, 0x08, 0x0e,
 0x04, 0xa2, 0x02, 0x00, 0x00, 0xd9, 0xc9, 0x60,
 0x04, 0x00, 0x60, 0x03, 0x00, 0x60, 0x02, 0x00,
 0x60, 0x01, 0x00, 0x06, 0x11, 0xf2, 0xeb, 0x0b,
 0x6f, 0x41, 0xbb, 0x02, 0x00, 0x00, 0xca, 0x0e,
 0xec, 0x07, 0x0e, 0x64, 0x00, 0x00, 0xec, 0xf1,
 0x61, 0x01, 0x00, 0xb5, 0x46, 0x11, 0xaf, 0xea,
 0x07, 0x0e, 0x61, 0x01, 0x00, 0xb4, 0x46, 0xcb,
 0x64, 0x01, 0x00, 0x61, 0x02, 0x00, 0x64, 0x02,
 0x00, 0x61, 0x02, 0x00, 0xef, 0xf0, 0xcc, 0x64,
 0x03, 0x00, 0x04, 0xbe, 0x02, 0x00, 0x00, 0xef,
 0x11, 0xaf, 0xea, 0x06, 0x0e, 0x64, 0x04, 0x00,
 0xee, 0xc2, 0x04, 0xc0, 0x41, 0x5d, 0x00, 0x00,
 0x00, 0x61, 0x04, 0x00, 0x04, 0xbf, 0x02, 0x00,
 0x00, 0x61, 0x03, 0x00, 0x04, 0x28, 0x02, 0x00,
 0x00, 0xd1, 0x25, 0x05, 0x00, 0xca, 0x03, 0x8d,
 0x0b, 0x03, 0x0a, 0x00, 0x44, 0x06, 0x2c, 0x20,
 0x18, 0x30, 0x29, 0x48, 0x24, 0xe0, 0x01, 0x6d,
 0x61, 0x6b, 0x65, 0x46, 0x69, 0x6c, 0x65, 0x6e,
 0x61, 0x6d, 0x65, 0x28, 0x74, 0x79, 0x70, 0x65,
 0x20, 0x3d, 0x20, 0x27, 0x68, 0x69, 0x73, 0x74,
 0x6f, 0x72, 0x79, 0x27, 0x29, 0x20, 0x7b, 0x0a,
 0x20, 0x20, 0x20, 0x20, 0x63, 0x6f, 0x6e, 0x73,
 0x74, 0x20, 0x7b, 0x20, 0x61, 0x72, 0x67, 0x76,
 0x20, 0x7d, 0x20, 0x3d, 0x20, 0x70, 0x72, 0x6f,
 0x63, 0x65, 0x73, 0x73, 0x3b, 0x0a, 0x20, 0x20,
 0x20, 0x20, 0x6c, 0x65, 0x74, 0x20, 0x6d, 0x65,
 0x20, 0x3d, 0x20, 0x61, 0x72, 0x67, 0x76, 0x5b,
 0x31, 0x5d, 0x20, 0x3f, 0x3f, 0x20, 0x61, 0x72,
 0x67, 0x76, 0x5b, 0x30, 0x5d, 0x3b, 0x0a, 0x20,
 0x20, 0x20, 0x20, 0x6c, 0x65, 0x74, 0x20, 0x62,
 0x61, 0x73, 0x65, 0x20, 0x3d, 0x20, 0x62, 0x61,
 0x73, 0x65, 0x6e, 0x61, 0x6d, 0x65, 0x28, 0x6d,
 0x65, 0x2c, 0x20, 0x65, 0x78, 0x74, 0x6e, 0x61,
 0x6d, 0x65, 0x28, 0x6d, 0x65, 0x29, 0x29, 0x3b,
 0x0a, 0x20, 0x20, 0x20, 0x20, 0x6c, 0x65, 0x74,
 0x20, 0x68, 0x6f, 0x6d, 0x65, 0x20, 0x3d, 0x20,
 0x67, 0x65, 0x74, 0x65, 0x6e, 0x76, 0x28, 0x27,
 0x48, 0x4f, 0x4d, 0x45, 0x27, 0x29, 0x20, 0x3f,
 0x3f, 0x20, 0x67, 0x65, 0x74, 0x68, 0x6f, 0x6d,
 0x65, 0x28, 0x29, 0x3b, 0x0a, 0x20, 0x20, 0x20,
 0x20, 0x72, 0x65, 0x74, 0x75, 0x72, 0x6e, 0x20,
 0x60, 0x24, 0x7b, 0x68, 0x6f, 0x6d, 0x65, 0x7d,
 0x2f, 0x2e, 0x24, 0x7b, 0x62, 0x61, 0x73, 0x65,
 0x7d, 0x5f, 0x24, 0x7b, 0x74, 0x79, 0x70, 0x65,
 0x7d, 0x60, 0x3b, 0x0a, 0x20, 0x20, 0x7d, 0x0c,
 0x42, 0x0b, 0x01, 0x00, 0x00, 0x01, 0x00, 0x03,
 0x00, 0x00, 0x00, 0x10, 0x01, 0x10, 0x00, 0x01,
 0x00, 0x08, 0xc9, 0xc5, 0x41, 0x9c, 0x01, 0x00,
 0x00, 0x04, 0xa2, 0x02, 0x00, 0x00, 0x25, 0x01,
 0x00, 0xca, 0x03, 0x95, 0x0b, 0x03, 0x02, 0x2b,
 0x1c, 0x3c, 0x68, 0x69, 0x73, 0x74, 0x6f, 0x72,
 0x79, 0x46, 0x69, 0x6c, 0x65, 0x28, 0x29, 0x20,
 0x7b, 0x0a, 0x20, 0x20, 0x20, 0x20, 0x72, 0x65,
 0x74, 0x75, 0x72, 0x6e, 0x20, 0x74, 0x68, 0x69,
 0x73, 0x2e, 0x6d, 0x61, 0x6b, 0x65, 0x46, 0x69,
 0x6c, 0x65, 0x6e, 0x61, 0x6d, 0x65, 0x28, 0x27,
 0x68, 0x69, 0x73, 0x74, 0x6f, 0x72, 0x79, 0x27,
 0x29, 0x3b, 0x0a, 0x20, 0x20, 0x7d, 0x0c, 0x42,
 0x0b, 0x01, 0x00, 0x01, 0x04, 0x01, 0x05, 0x02,
 0x01, 0x05, 0x9e, 0x01, 0x05, 0x80, 0x0b, 0x00,
 0x01, 0x40, 0x01, 0xc4, 0x0a, 0x01, 0x00, 0x30,
 0x82, 0x0b, 0x03, 0x01, 0x30, 0x84, 0x0b, 0x05,
 0x02, 0x30, 0x10, 0x00, 0x01, 0x40, 0x00, 0x8e,
 0x04, 0x1a, 0x1a, 0x0c, 0x42, 0x0b, 0x01, 0x00,
 0x00, 0x00, 0x00, 0x03, 0x00, 0x02, 0x00, 0x0a,
 0x00, 0x10, 0x03, 0x00, 0x80, 0x0b, 0x00, 0x01,
 0xdd, 0x41, 0xc3, 0x02, 0x00, 0x00, 0xde, 0x25,
 0x01, 0x00, 0xca, 0x03, 0x9d, 0x0b, 0x0c, 0x02,
 0x20, 0x52, 0x1c, 0x28, 0x29, 0x20, 0x3d, 0x3e,
 0x20, 0x74, 0x68, 0x69, 0x73, 0x2e, 0x68, 0x69,
 0x73, 0x74, 0x6f, 0x72, 0x79, 0x53, 0x61, 0x76,
 0x65, 0x28, 0x66, 0x69, 0x6c, 0x65, 0x29, 0x07,
 0x04, 0x5c, 0x6e, 0x07, 0x34, 0x01, 0x00, 0x01,
 0x00, 0x12, 0x00, 0x00, 0x00, 0x09, 0x06, 0x00,
 0x00, 0x00, 0x05, 0x08, 0xf5, 0xff, 0xff, 0xff,
 0x0c, 0x00, 0x01, 0x0a, 0x0d, 0x00, 0x0b, 0x0c,
 0x42, 0x0b, 0x01, 0x00, 0x02, 0x01, 0x02, 0x06,
 0x00, 0x00, 0x00, 0x57, 0x03, 0xe2, 0x06, 0x00,
 0x01, 0x00, 0x98, 0x07, 0x00, 0x01, 0x00, 0x88,
 0x0b, 0x01, 0x00, 0x30, 0x60, 0x00, 0x00, 0xd1,
 0xd1, 0xe9, 0xb5, 0x9d, 0x46, 0xc9, 0x61, 0x00,
 0x00, 0xea, 0x3c, 0x61, 0x00, 0x00, 0x41, 0xc5,
 0x02, 0x00, 0x00, 0x04, 0xe6, 0x01, 0x00, 0x00,
 0x24, 0x01, 0x00, 0xea, 0x2a, 0xd1, 0xd1, 0xe9,
 0xb5, 0x9d, 0x1b, 0x11, 0xaf, 0xeb, 0x04, 0x1b,
 0x70, 0x1b, 0x1b, 0x61, 0x00, 0x00, 0x41, 0x43,
 0x02, 0x00, 0x00, 0xb4, 0xb3, 0x24, 0x02, 0x00,
 0x04, 0x52, 0x01, 0x00, 0x00, 0x9c, 0xd2, 0x9c,
 0x1b, 0x70, 0x1b, 0x48, 0xec, 0x0c, 0xd1, 0x41,
 0xf2, 0x01, 0x00, 0x00, 0xd2, 0x24, 0x01, 0x00,
 0x0e, 0xd1, 0x28, 0xca, 0x03, 0xa4, 0x0b, 0x0c,
 0x12, 0x21, 0x36, 0x59, 0x13, 0x35, 0x1b, 0x11,
 0x1a, 0x61, 0x14, 0x1b, 0x1e, 0x20, 0x0e, 0x2c,
 0x59, 0x20, 0x0e, 0x81, 0x02, 0x28, 0x61, 0x2c,
 0x20, 0x69, 0x29, 0x20, 0x3d, 0x3e, 0x20, 0x7b,
 0x0a, 0x20, 0x20, 0x20, 0x20, 0x20, 0x20, 0x20,
 0x20, 0x20, 0x20, 0x20, 0x20, 0x63, 0x6f, 0x6e,
 0x73, 0x74, 0x20, 0x6c, 0x61, 0x73, 0x74, 0x20,
 0x3d, 0x20, 0x61, 0x5b, 0x61, 0x2e, 0x6c, 0x65,
 0x6e, 0x67, 0x74, 0x68, 0x20, 0x2d, 0x20, 0x31,
 0x5d, 0x3b, 0x0a, 0x0a, 0x20, 0x20, 0x20, 0x20,
 0x20, 0x20, 0x20, 0x20, 0x20, 0x20, 0x20, 0x20,
 0x69, 0x66, 0x28, 0x6c, 0x61, 0x73, 0x74, 0x20,
 0x26, 0x26, 0x20, 0x6c, 0x61, 0x73, 0x74, 0x2e,
 0x65, 0x6e, 0x64, 0x73, 0x57, 0x69, 0x74, 0x68,
 0x28, 0x27, 0x5c, 0x5c, 0x27, 0x29, 0x29, 0x20,
 0x7b, 0x0a, 0x20, 0x20, 0x20, 0x20, 0x20, 0x20,
 0x20, 0x20, 0x20, 0x20, 0x20, 0x20, 0x20, 0x20,
 0x61, 0x5b, 0x61, 0x2e, 0x6c, 0x65, 0x6e, 0x67,
 0x74, 0x68, 0x20, 0x2d, 0x20, 0x31, 0x5d, 0x20,
 0x3d, 0x20, 0x6c, 0x61, 0x73, 0x74, 0x2e, 0x73,
 0x6c, 0x69, 0x63, 0x65, 0x28, 0x30, 0x2c, 0x20,
 0x2d, 0x31, 0x29, 0x20, 0x2b, 0x20, 0x27, 0x5c,
 0x6e, 0x27, 0x20, 0x2b, 0x20, 0x69, 0x3b, 0x0a,
 0x20, 0x20, 0x20, 0x20, 0x20, 0x20, 0x20, 0x20,
 0x20, 0x20, 0x20, 0x20, 0x7d, 0x20, 0x65, 0x6c,
 0x73, 0x65, 0x20, 0x7b, 0x0a, 0x20, 0x20, 0x20,
 0x20, 0x20, 0x20, 0x20, 0x20, 0x20, 0x20, 0x20,
 0x20, 0x20, 0x20, 0x61, 0x2e, 0x70, 0x75, 0x73,
 0x68, 0x28, 0x69, 0x29, 0x3b, 0x0a, 0x20, 0x20,
 0x20, 0x20, 0x20, 0x20, 0x20, 0x20, 0x20, 0x20,
 0x20, 0x20, 0x7d, 0x0a, 0x0a, 0x20, 0x20, 0x20,
 0x20, 0x20, 0x20, 0x20, 0x20, 0x20, 0x20, 0x20,
 0x20, 0x72, 0x65, 0x74, 0x75, 0x72, 0x6e, 0x20,
 0x61, 0x3b, 0x0a, 0x20, 0x20, 0x20, 0x20, 0x20,
 0x20, 0x20, 0x20, 0x20, 0x20, 0x7d, 0x0c, 0x42,
 0x0b, 0x01, 0x00, 0x01, 0x00, 0x01, 0x02, 0x00,
 0x00, 0x00, 0x0c, 0x01, 0xe6, 0x06, 0x00, 0x01,
 0x00, 0xd1, 0x41, 0x80, 0x02, 0x00, 0x00, 0x24,
 0x00, 0x00, 0xc0, 0xae, 0x28, 0xca, 0x03, 0xaf,
 0x0b, 0x13, 0x04, 0x20, 0x0e, 0x11, 0x16, 0x14,
 0x73, 0x20, 0x3d, 0x3e, 0x20, 0x73, 0x2e, 0x74,
 0x72, 0x69, 0x6d, 0x28, 0x29, 0x20, 0x21, 0x3d,
 0x3d, 0x20, 0x27, 0x27, 0x08, 0xcc, 0x60, 0x00,
 0x00, 0x06, 0x11, 0xf2, 0xeb, 0x0b, 0x6f, 0x41,
 0xa2, 0x02, 0x00, 0x00, 0xc9, 0x0e, 0xec, 0x05,
 0x0e, 0xc8, 0xec, 0xf3, 0xd1, 0x11, 0xaf, 0xea,
 0x0c, 0x0e, 0xc8, 0x41, 0xc6, 0x02, 0x00, 0x00,
 0x24, 0x00, 0x00, 0xd9, 0xea, 0x74, 0x60, 0x01,
 0x00, 0xc8, 0x41, 0xc7, 0x02, 0x00, 0x00, 0xbf,
 0x00, 0x24, 0x01, 0x00, 0x0e, 0x64, 0x00, 0x00,
 0xd1, 0xef, 0xca, 0x61, 0x01, 0x00, 0x96, 0x04,
 0x49, 0x00, 0x00, 0x00, 0xab, 0xea, 0x53, 0x60,
 0x02, 0x00, 0x61, 0x01, 0x00, 0x41, 0x5e, 0x00,
 0x00, 0x00, 0xbe, 0x01, 0xbe, 0x02, 0x34, 0x24,
 0x01, 0x00, 0x41, 0xc8, 0x02, 0x00, 0x00, 0xbf,
 0x03, 0x26, 0x00, 0x00, 0x24, 0x02, 0x00, 0x41,
 0xc9, 0x02, 0x00, 0x00, 0xbf, 0x04, 0x24, 0x01,
 0x00, 0xcb, 0x61, 0x00, 0x00, 0x41, 0xca, 0x02,
 0x00, 0x00, 0xb4, 0x61, 0x00, 0x00, 0xe9, 0x26,
 0x02, 0x00, 0xb6, 0x61, 0x02, 0x00, 0x51, 0x0e,
 0x18, 0x27, 0x00, 0x00, 0x0e, 0xc8, 0x61, 0x00,
 0x00, 0xe9, 0x15, 0x42, 0xcb, 0x02, 0x00, 0x00,
 0x28, 0x29, 0xca, 0x03, 0x99, 0x0b, 0x03, 0x16,
 0xb9, 0x28, 0x30, 0x1f, 0x20, 0x0a, 0x31, 0x22,
 0x22, 0x07, 0x68, 0x19, 0x44, 0x00, 0x00, 0x0d,
 0x16, 0x0e, 0x21, 0x13, 0x2a, 0x10, 0xcf, 0x05,
 0x68, 0x69, 0x73, 0x74, 0x6f, 0x72, 0x79, 0x4c,
 0x6f, 0x61, 0x64, 0x28, 0x66, 0x69, 0x6c, 0x65,
 0x29, 0x20, 0x7b, 0x0a, 0x20, 0x20, 0x20, 0x20,
 0x63, 0x6f, 0x6e, 0x73, 0x74, 0x20, 0x7b, 0x20,
 0x68, 0x69, 0x73, 0x74, 0x6f, 0x72, 0x79, 0x20,
 0x7d, 0x20, 0x3d, 0x20, 0x74, 0x68, 0x69, 0x73,
 0x3b, 0x0a, 0x0a, 0x20, 0x20, 0x20, 0x20, 0x69,
 0x66, 0x28, 0x28, 0x66, 0x69, 0x6c, 0x65, 0x20,
 0x3f, 0x3f, 0x3d, 0x20, 0x74, 0x68, 0x69, 0x73,
 0x2e, 0x68, 0x69, 0x73, 0x74, 0x6f, 0x72, 0x79,
 0x46, 0x69, 0x6c, 0x65, 0x28, 0x29, 0x29, 0x29,
 0x20, 0x7b, 0x0a, 0x20, 0x20, 0x20, 0x20, 0x20,
 0x20, 0x74, 0x68, 0x69, 0x73, 0x2e, 0x61, 0x64,
 0x64, 0x43, 0x6c, 0x65, 0x61, 0x6e, 0x75, 0x70,
 0x48, 0x61, 0x6e, 0x64, 0x6c, 0x65, 0x72, 0x28,
 0x28, 0x29, 0x20, 0x3d, 0x3e, 0x20, 0x74, 0x68,
 0x69, 0x73, 0x2e, 0x68, 0x69, 0x73, 0x74, 0x6f,
 0x72, 0x79, 0x53, 0x61, 0x76, 0x65, 0x28, 0x66,
 0x69, 0x6c, 0x65, 0x29, 0x29, 0x3b, 0x0a, 0x0a,
 0x20, 0x20, 0x20, 0x20, 0x20, 0x20, 0x63, 0x6f,
 0x6e, 0x73, 0x74, 0x20, 0x64, 0x61, 0x74, 0x61,
 0x20, 0x3d, 0x20, 0x6c, 0x6f, 0x61, 0x64, 0x46,
 0x69, 0x6c, 0x65, 0x28, 0x66, 0x69, 0x6c, 0x65,
 0x29, 0x3b, 0x0a, 0x0a, 0x20, 0x20, 0x20, 0x20,
 0x20, 0x20, 0x69, 0x66, 0x28, 0x74, 0x79, 0x70,
 0x65, 0x6f, 0x66, 0x20, 0x64, 0x61, 0x74, 0x61,
 0x20, 0x3d, 0x3d, 0x20, 0x27, 0x73, 0x74, 0x72,
 0x69, 0x6e, 0x67, 0x27, 0x29, 0x20, 0x7b, 0x0a,
 0x20, 0x20, 0x20, 0x20, 0x20, 0x20, 0x20, 0x20,
 0x63, 0x6f, 0x6e, 0x73, 0x74, 0x20, 0x63, 0x6d,
 0x64, 0x73, 0x20, 0x3d, 0x20, 0x64, 0x61, 0x74,
 0x61, 0x0a, 0x20, 0x20, 0x20, 0x20, 0x20, 0x20,
 0x20, 0x20, 0x20, 0x20, 0x2e, 0x73, 0x70, 0x6c,
 0x69, 0x74, 0x28, 0x2f, 0x5c, 0x6e, 0x2f, 0x67,
 0x29, 0x0a, 0x20, 0x20, 0x20, 0x20, 0x20, 0x20,
 0x20, 0x20, 0x20, 0x20, 0x2e, 0x72, 0x65, 0x64,
 0x75, 0x63, 0x65, 0x28, 0x28, 0x61, 0x2c, 0x20,
 0x69, 0x29, 0x20, 0x3d, 0x3e, 0x20, 0x7b, 0x0a,
 0x20, 0x20, 0x20, 0x20, 0x20, 0x20, 0x20, 0x20,
 0x20, 0x20, 0x20, 0x20, 0x63, 0x6f, 0x6e, 0x73,
 0x74, 0x20, 0x6c, 0x61, 0x73, 0x74, 0x20, 0x3d,
 0x20, 0x61, 0x5b, 0x61, 0x2e, 0x6c, 0x65, 0x6e,
 0x67, 0x74, 0x68, 0x20, 0x2d, 0x20, 0x31, 0x5d,
 0x3b, 0x0a, 0x0a, 0x20, 0x20, 0x20, 0x20, 0x20,
 0x20, 0x20, 0x20, 0x20, 0x20, 0x20, 0x20, 0x69,
 0x66, 0x28, 0x6c, 0x61, 0x73, 0x74, 0x20, 0x26,
 0x26, 0x20, 0x6c, 0x61, 0x73, 0x74, 0x2e, 0x65,
 0x6e, 0x64, 0x73, 0x57, 0x69, 0x74, 0x68, 0x28,
 0x27, 0x5c, 0x5c, 0x27, 0x29, 0x29, 0x20, 0x7b,
 0x0a, 0x20, 0x20, 0x20, 0x20, 0x20, 0x20, 0x20,
 0x20, 0x20, 0x20, 0x20, 0x20, 0x20, 0x20, 0x61,
 0x5b, 0x61, 0x2e, 0x6c, 0x65, 0x6e, 0x67, 0x74,
 0x68, 0x20, 0x2d, 0x20, 0x31, 0x5d, 0x20, 0x3d,
 0x20, 0x6c, 0x61, 0x73, 0x74, 0x2e, 0x73, 0x6c,
 0x69, 0x63, 0x65, 0x28, 0x30, 0x2c, 0x20, 0x2d,
 0x31, 0x29, 0x20, 0x2b, 0x20, 0x27, 0x5c, 0x6e,
 0x27, 0x20, 0x2b, 0x20, 0x69, 0x3b, 0x0a, 0x20,
 0x20, 0x20, 0x20, 0x20, 0x20, 0x20, 0x20, 0x20,
 0x20, 0x20, 0x20, 0x7d, 0x20, 0x65, 0x6c, 0x73,
 0x65, 0x20, 0x7b, 0x0a, 0x20, 0x20, 0x20, 0x20,
 0x20, 0x20, 0x20, 0x20, 0x20, 0x20, 0x20, 0x20,
 0x20, 0x20, 0x61, 0x2e, 0x70, 0x75, 0x73, 0x68,
 0x28, 0x69, 0x29, 0x3b, 0x0a, 0x20, 0x20, 0x20,
 0x20, 0x20, 0x20, 0x20, 0x20, 0x20, 0x20, 0x20,
 0x20, 0x7d, 0x0a, 0x0a, 0x20, 0x20, 0x20, 0x20,
 0x20, 0x20, 0x20, 0x20, 0x20, 0x20, 0x20, 0x20,
 0x72, 0x65, 0x74, 0x75, 0x72, 0x6e, 0x20, 0x61,
 0x3b, 0x0a, 0x20, 0x20, 0x20, 0x20, 0x20, 0x20,
 0x20, 0x20, 0x20, 0x20, 0x7d, 0x2c, 0x20, 0x5b,
 0x5d, 0x29, 0x0a, 0x20, 0x20, 0x20, 0x20, 0x20,
 0x20, 0x20, 0x20, 0x20, 0x20, 0x2e, 0x66, 0x69,
 0x6c, 0x74, 0x65, 0x72, 0x28, 0x73, 0x20, 0x3d,
 0x3e, 0x20, 0x73, 0x2e, 0x74, 0x72, 0x69, 0x6d,
 0x28, 0x29, 0x20, 0x21, 0x3d, 0x3d, 0x20, 0x27,
 0x27, 0x29, 0x3b, 0x0a, 0x20, 0x20, 0x20, 0x20,
 0x20, 0x20, 0x20, 0x20, 0x68, 0x69, 0x73, 0x74,
 0x6f, 0x72, 0x79, 0x2e, 0x73, 0x70, 0x6c, 0x69,
 0x63, 0x65, 0x28, 0x30, 0x2c, 0x20, 0x68, 0x69,
 0x73, 0x74, 0x6f, 0x72, 0x79, 0x2e, 0x6c, 0x65,
 0x6e, 0x67, 0x74, 0x68, 0x2c, 0x20, 0x2e, 0x2e,
 0x2e, 0x63, 0x6d, 0x64, 0x73, 0x29, 0x3b, 0x0a,
 0x0a, 0x20, 0x20, 0x20, 0x20, 0x20, 0x20, 0x20,
 0x20, 0x72, 0x65, 0x74, 0x75, 0x72, 0x6e, 0x20,
 0x28, 0x74, 0x68, 0x69, 0x73, 0x2e, 0x68, 0x69,
 0x73, 0x74, 0x6f, 0x72, 0x79, 0x49, 0x6e, 0x64,
 0x65, 0x78, 0x20, 0x3d, 0x20, 0x68, 0x69, 0x73,
 0x74, 0x6f, 0x72, 0x79, 0x2e, 0x6c, 0x65, 0x6e,
 0x67, 0x74, 0x68, 0x29, 0x3b, 0x0a, 0x20, 0x20,
 0x20, 0x20, 0x20, 0x20, 0x7d, 0x0a, 0x20, 0x20,
 0x20, 0x20, 0x7d, 0x0a, 0x20, 0x20, 0x7d, 0x0c,
 0x40, 0x0b, 0x01, 0x00, 0x02, 0x06, 0x01, 0x08,
 0x00, 0x01, 0x02, 0xba, 0x01, 0x08, 0x80, 0x0b,
 0x00, 0x01, 0x00, 0x98, 0x0b, 0x00, 0x01, 0x00,
 0x80, 0x0b, 0x01, 0xff, 0xff, 0xff, 0xff, 0x0f,
 0x20, 0x98, 0x0b, 0x01, 0x01, 0x20, 0x84, 0x0b,
 0x05, 0x00, 0x30, 0x82, 0x0b, 0x05, 0x03, 0x30,
 0xa6, 0x07, 0x05, 0x04, 0x20, 0x10, 0x00, 0x01,
 0x00, 0xe4, 0x04, 0x41, 0x02, 0x0c, 0x42, 0x0b,
 0x01, 0x00, 0x01, 0x00, 0x01, 0x02, 0x00, 0x00,
 0x00, 0x0e, 0x01, 0xd6, 0x06, 0x00, 0x01, 0x00,
 0xd1, 0xc0, 0x9c, 0x41, 0x80, 0x02, 0x00, 0x00,
 0x24, 0x00, 0x00, 0xc0, 0xac, 0x28, 0xca, 0x03,
 0xbb, 0x0b, 0x28, 0x06, 0x07, 0x1c, 0x25, 0x08,
 0x11, 0x14, 0x1e, 0x63, 0x6d, 0x64, 0x20, 0x3d,
 0x3e, 0x20, 0x28, 0x63, 0x6d, 0x64, 0x20, 0x2b,
 0x20, 0x27, 0x27, 0x29, 0x2e, 0x74, 0x72, 0x69,
 0x6d, 0x28, 0x29, 0x20, 0x21, 0x3d, 0x20, 0x27,
 0x27, 0x0c, 0x42, 0x0b, 0x01, 0x00, 0x01, 0x00,
 0x01, 0x04, 0x00, 0x00, 0x02, 0x13, 0x01, 0x82,
 0x07, 0x00, 0x01, 0x00, 0x07, 0x0e, 0x5b, 0x5c,
 0x73, 0x5c, 0x6e, 0x5d, 0x2b, 0x07, 0xaa, 0x01,
 0x01, 0x00, 0x01, 0x00, 0x4d, 0x00, 0x00, 0x00,
 0x09, 0x06, 0x00, 0x00, 0x00, 0x05, 0x08, 0xf5,
 0xff, 0xff, 0xff, 0x0c, 0x00, 0x1d, 0x2c, 0x00,
 0x00, 0x00, 0x01, 0x00, 0x00, 0x00, 0xff, 0xff,
 0xff, 0x7f, 0x01, 0x00, 0x00, 0x00, 0x16, 0x0a,
 0x00, 0x09, 0x00, 0x0d, 0x00, 0x20, 0x00, 0x20,
 0x00, 0xa0, 0x00, 0xa0, 0x00, 0x80, 0x16, 0x80,
 0x16, 0x00, 0x20, 0x0a, 0x20, 0x28, 0x20, 0x29,
 0x20, 0x2f, 0x20, 0x2f, 0x20, 0x5f, 0x20, 0x5f,
 0x20, 0x00, 0x30, 0x00, 0x30, 0xff, 0xfe, 0xff,
 0xfe, 0x0b, 0x0d, 0x00, 0x0b, 0xd1, 0x41, 0xcd,
 0x02, 0x00, 0x00, 0xbe, 0x00, 0xbe, 0x01, 0x34,
 0x04, 0xee, 0x01, 0x00, 0x00, 0x25, 0x02, 0x00,
 0xca, 0x03, 0xc0, 0x0b, 0x10, 0x02, 0x20, 0x0e,
 0x22, 0x65, 0x20, 0x3d, 0x3e, 0x20, 0x65, 0x2e,
 0x72, 0x65, 0x70, 0x6c, 0x61, 0x63, 0x65, 0x41,
 0x6c, 0x6c, 0x28, 0x2f, 0x5b, 0x5c, 0x73, 0x5c,
 0x6e, 0x5d, 0x2b, 0x2f, 0x67, 0x2c, 0x20, 0x27,
 0x20, 0x27, 0x29, 0x08, 0xc2, 0x05, 0x60, 0x01,
 0x00, 0x60, 0x00, 0x00, 0xd1, 0xc9, 0xd2, 0x11,
 0xf2, 0xea, 0x06, 0x0e, 0xbd, 0xe8, 0x03, 0xda,
 0xca, 0xc1, 0x05, 0x40, 0xce, 0x02, 0x00, 0x00,
 0xea, 0x02, 0x29, 0xd1, 0x11, 0xaf, 0xea, 0x0d,
 0x0e, 0xc1, 0x05, 0x41, 0xc6, 0x02, 0x00, 0x00,
 0x24, 0x00, 0x00, 0xd9, 0x68, 0x87, 0x00, 0x00,
 0x00, 0x60, 0x04, 0x00, 0x60, 0x03, 0x00, 0x60,
 0x02, 0x00, 0xc1, 0x05, 0x40, 0xa2, 0x02, 0x00,
 0x00, 0x41, 0xc9, 0x02, 0x00, 0x00, 0xbf, 0x00,
 0x24, 0x01, 0x00, 0xcb, 0x61, 0x02, 0x00, 0x41,
 0x43, 0x02, 0x00, 0x00, 0xd2, 0x8b, 0x24, 0x01,
 0x00, 0x41, 0x5a, 0x02, 0x00, 0x00, 0xbf, 0x01,
 0x24, 0x01, 0x00, 0x41, 0x5c, 0x00, 0x00, 0x00,
 0x04, 0x52, 0x01, 0x00, 0x00, 0x24, 0x01, 0x00,
 0x04, 0x52, 0x01, 0x00, 0x00, 0x9c, 0xcc, 0xdd,
 0xd1, 0x61, 0x03, 0x00, 0xf0, 0xc2, 0x04, 0xc1,
 0x05, 0x0a, 0x42, 0xce, 0x02, 0x00, 0x00, 0xc1,
 0x05, 0x41, 0x26, 0x02, 0x00, 0x00, 0x04, 0xcf,
 0x02, 0x00, 0x00, 0x41, 0x5d, 0x00, 0x00, 0x00,
 0x61, 0x02, 0x00, 0xe9, 0x04, 0xd0, 0x02, 0x00,
 0x00, 0xd1, 0x04, 0xff, 0x01, 0x00, 0x00, 0x24,
 0x04, 0x00, 0x09, 0x24, 0x02, 0x00, 0x0e, 0x61,
 0x02, 0x00, 0xe9, 0x28, 0x29, 0xca, 0x03, 0xb7,
 0x0b, 0x03, 0x14, 0xe6, 0x28, 0x99, 0x22, 0x4b,
 0x37, 0x36, 0x08, 0x35, 0x07, 0x2a, 0x1a, 0x2c,
 0x01, 0x27, 0x21, 0x2c, 0x00, 0x25, 0x0a, 0xbf,
 0x04, 0x68, 0x69, 0x73, 0x74, 0x6f, 0x72, 0x79,
 0x53, 0x61, 0x76, 0x65, 0x28, 0x66, 0x69, 0x6c,
 0x65, 0x2c, 0x20, 0x6d, 0x61, 0x78, 0x45, 0x6e,
 0x74, 0x72, 0x69, 0x65, 0x73, 0x20, 0x3d, 0x20,
 0x31, 0x30, 0x30, 0x30, 0x29, 0x20, 0x7b, 0x0a,
 0x20, 0x20, 0x20, 0x20, 0x69, 0x66, 0x28, 0x74,
 0x68, 0x69, 0x73, 0x2e, 0x68, 0x69, 0x73, 0x74,
 0x6f, 0x72, 0x79, 0x57, 0x72, 0x69, 0x74, 0x74,
 0x65, 0x6e, 0x29, 0x20, 0x72, 0x65, 0x74, 0x75,
 0x72, 0x6e, 0x3b, 0x0a, 0x0a, 0x20, 0x20, 0x20,
 0x20, 0x69, 0x66, 0x28, 0x28, 0x66, 0x69, 0x6c,
 0x65, 0x20, 0x3f, 0x3f, 0x3d, 0x20, 0x74, 0x68,
 0x69, 0x73, 0x2e, 0x68, 0x69, 0x73, 0x74, 0x6f,
 0x72, 0x79, 0x46, 0x69, 0x6c, 0x65, 0x28, 0x29,
 0x29, 0x29, 0x20, 0x7b, 0x0a, 0x20, 0x20, 0x20,
 0x20, 0x20, 0x20, 0x63, 0x6f, 0x6e, 0x73, 0x74,
 0x20, 0x63, 0x6d, 0x64, 0x73, 0x20, 0x3d, 0x20,
 0x74, 0x68, 0x69, 0x73, 0x2e, 0x68, 0x69, 0x73,
 0x74, 0x6f, 0x72, 0x79, 0x2e, 0x66, 0x69, 0x6c,
 0x74, 0x65, 0x72, 0x28, 0x63, 0x6d, 0x64, 0x20,
 0x3d, 0x3e, 0x20, 0x28, 0x63, 0x6d, 0x64, 0x20,
 0x2b, 0x20, 0x27, 0x27, 0x29, 0x2e, 0x74, 0x72,
 0x69, 0x6d, 0x28, 0x29, 0x20, 0x21, 0x3d, 0x20,
 0x27, 0x27, 0x29, 0x3b, 0x0a, 0x20, 0x20, 0x20,
 0x20, 0x20, 0x20, 0x63, 0x6f, 0x6e, 0x73, 0x74,
 0x20, 0x64, 0x61, 0x74, 0x61, 0x20, 0x3d, 0x0a,
 0x20, 0x20, 0x20, 0x20, 0x20, 0x20, 0x20, 0x20,
 0x63, 0x6d, 0x64, 0x73, 0x0a, 0x20, 0x20, 0x20,
 0x20, 0x20, 0x20, 0x20, 0x20, 0x20, 0x20, 0x2e,
 0x73, 0x6c, 0x69, 0x63, 0x65, 0x28, 0x2d, 0x6d,
 0x61, 0x78, 0x45, 0x6e, 0x74, 0x72, 0x69, 0x65,
 0x73, 0x29, 0x0a, 0x20, 0x20, 0x20, 0x20, 0x20,
 0x20, 0x20, 0x20, 0x20, 0x20, 0x2f, 0x2f, 0x2e,
 0x6d, 0x61, 0x70, 0x28, 0x65, 0x20, 0x3d, 0x3e,
 0x20, 0x65, 0x2e, 0x72, 0x65, 0x70, 0x6c, 0x61,
 0x63, 0x65, 0x41, 0x6c, 0x6c, 0x28, 0x2f, 0x5c,
 0x6e, 0x2f, 0x67, 0x2c, 0x20, 0x27, 0x5c, 0x5c,
 0x5c, 0x6e, 0x27, 0x29, 0x29, 0x0a, 0x20, 0x20,
 0x20, 0x20, 0x20, 0x20, 0x20, 0x20, 0x20, 0x20,
 0x2e, 0x6d, 0x61, 0x70, 0x28, 0x65, 0x20, 0x3d,
 0x3e, 0x20, 0x65, 0x2e, 0x72, 0x65, 0x70, 0x6c,
 0x61, 0x63, 0x65, 0x41, 0x6c, 0x6c, 0x28, 0x2f,
 0x5b, 0x5c, 0x73, 0x5c, 0x6e, 0x5d, 0x2b, 0x2f,
 0x67, 0x2c, 0x20, 0x27, 0x20, 0x27, 0x29, 0x29,
 0x0a, 0x20, 0x20, 0x20, 0x20, 0x20, 0x20, 0x20,
 0x20, 0x20, 0x20, 0x2e, 0x6a, 0x6f, 0x69, 0x6e,
 0x28, 0x27, 0x5c, 0x6e, 0x27, 0x29, 0x20, 0x2b,
 0x20, 0x27, 0x5c, 0x6e, 0x27, 0x3b, 0x0a, 0x0a,
 0x20, 0x20, 0x20, 0x20, 0x20, 0x20, 0x6c, 0x65,
 0x74, 0x20, 0x72, 0x20, 0x3d, 0x20, 0x73, 0x61,
 0x76, 0x65, 0x46, 0x69, 0x6c, 0x65, 0x28, 0x66,
 0x69, 0x6c, 0x65, 0x2c, 0x20, 0x64, 0x61, 0x74,
 0x61, 0x29, 0x3b, 0x0a, 0x0a, 0x20, 0x20, 0x20,
 0x20, 0x20, 0x20, 0x74, 0x68, 0x69, 0x73, 0x2e,
 0x68, 0x69, 0x73, 0x74, 0x6f, 0x72, 0x79, 0x57,
 0x72, 0x69, 0x74, 0x74, 0x65, 0x6e, 0x20, 0x3d,
 0x20, 0x74, 0x72, 0x75, 0x65, 0x3b, 0x0a, 0x0a,
 0x20, 0x20, 0x20, 0x20, 0x20, 0x20, 0x74, 0x68,
 0x69, 0x73, 0x2e, 0x70, 0x72, 0x69, 0x6e, 0x74,
 0x53, 0x74, 0x61, 0x74, 0x75, 0x73, 0x28, 0x60,
 0x77, 0x72, 0x6f, 0x74, 0x65, 0x20, 0x24, 0x7b,
 0x63, 0x6d, 0x64, 0x73, 0x2e, 0x6c, 0x65, 0x6e,
 0x67, 0x74, 0x68, 0x7d, 0x20, 0x68, 0x69, 0x73,
 0x74, 0x6f, 0x72, 0x79, 0x20, 0x65, 0x6e, 0x74,
 0x72, 0x69, 0x65, 0x73, 0x20, 0x74, 0x6f, 0x20,
 0x27, 0x24, 0x7b, 0x66, 0x69, 0x6c, 0x65, 0x7d,
 0x27, 0x60, 0x2c, 0x20, 0x66, 0x61, 0x6c, 0x73,
 0x65, 0x29, 0x3b, 0x0a, 0x0a, 0x20, 0x20, 0x20,
 0x20, 0x20, 0x20, 0x72, 0x65, 0x74, 0x75, 0x72,
 0x6e, 0x20, 0x63, 0x6d, 0x64, 0x73, 0x2e, 0x6c,
 0x65, 0x6e, 0x67, 0x74, 0x68, 0x3b, 0x0a, 0x20,
 0x20, 0x20, 0x20, 0x7d, 0x0a, 0x20, 0x20, 0x7d,
 0x0c, 0x62, 0x0b, 0x01, 0x00, 0x01, 0x05, 0x01,
 0x0a, 0x00, 0x02, 0x03, 0xda, 0x01, 0x06, 0x80,
 0x0b, 0x00, 0x01, 0x00, 0x82, 0x0b, 0x01, 0x00,
 0x30, 0xa2, 0x0b, 0x03, 0x01, 0x20, 0xa4, 0x0b,
 0x04, 0x02, 0x30, 0x82, 0x07, 0x07, 0x03, 0x03,
 0x10, 0x00, 0x01, 0x00, 0x8e, 0x04, 0x1a, 0x1a,
 0xdc, 0x03, 0x47, 0x02, 0x07, 0x04, 0x5c, 0x6e,
 0x07, 0x34, 0x01, 0x00, 0x01, 0x00, 0x12, 0x00,
 0x00, 0x00, 0x09, 0x06, 0x00, 0x00, 0x00, 0x05,
 0x08, 0xf5, 0xff, 0xff, 0xff, 0x0c, 0x00, 0x01,
 0x0a, 0x0d, 0x00, 0x0b, 0x0c, 0x42, 0x0b, 0x01,
 0x00, 0x01, 0x00, 0x01, 0x02, 0x00, 0x00, 0x00,
 0x04, 0x01, 0xec, 0x08, 0x00, 0x01, 0x00, 0xd1,
 0xc0, 0xac, 0x28, 0xca, 0x03, 0xd1, 0x0b, 0x36,
 0x02, 0x07, 0x20, 0x12, 0x6c, 0x69, 0x6e, 0x65,
 0x20, 0x3d, 0x3e, 0x20, 0x6c, 0x69, 0x6e, 0x65,
 0x20, 0x21, 0x3d, 0x20, 0x27, 0x27, 0x08, 0xc2,
 0x04, 0x60, 0x00, 0x00, 0x64, 0x00, 0x00, 0xd1,
 0x11, 0xaf, 0xea, 0x11, 0x0e, 0xc1, 0x04, 0x41,
 0x9c, 0x01, 0x00, 0x00, 0x04, 0xd1, 0x02, 0x00,
 0x00, 0x24, 0x01, 0x00, 0xef, 0xc9, 0x61, 0x00,
 0x00, 0x96, 0x04, 0x49, 0x00, 0x00, 0x00, 0xab,
 0x68, 0xad, 0x00, 0x00, 0x00, 0x60, 0x01, 0x00,
 0x38, 0xb8, 0x00, 0x00, 0x00, 0x11, 0x61, 0x00,
 0x00, 0x41, 0x5e, 0x00, 0x00, 0x00, 0xbe, 0x00,
 0xbe, 0x01, 0x34, 0x24, 0x01, 0x00, 0x41, 0xc9,
 0x02, 0x00, 0x00, 0xbf, 0x02, 0x24, 0x01, 0x00,
 0x21, 0x01, 0x00, 0xca, 0x60, 0x02, 0x00, 0x61,
 0x01, 0x00, 0x7d, 0xec, 0x74, 0xcb, 0xc1, 0x04,
 0x41, 0x26, 0x02, 0x00, 0x00, 0x04, 0xd3, 0x02,
 0x00, 0x00, 0x41, 0x5d, 0x00, 0x00, 0x00, 0x61,
 0x02, 0x00, 0x24, 0x01, 0x00, 0x24, 0x01, 0x00,
 0x0e, 0x6b, 0x21, 0x00, 0x00, 0x00, 0xde, 0x61,
 0x02, 0x00, 0xef, 0x8a, 0x0e, 0xc1, 0x04, 0x40,
 0xd1, 0x02, 0x00, 0x00, 0x41, 0x69, 0x00, 0x00,
 0x00, 0x61, 0x02, 0x00, 0x24, 0x01, 0x00, 0x0e,
 0x0e, 0xec, 0x36, 0xcc, 0x6b, 0x32, 0x00, 0x00,
 0x00, 0xc1, 0x04, 0x41, 0x26, 0x02, 0x00, 0x00,
 0x04, 0xd4, 0x02, 0x00, 0x00, 0x41, 0x5d, 0x00,
 0x00, 0x00, 0xc8, 0x40, 0x33, 0x00, 0x00, 0x00,
 0x04, 0x52, 0x01, 0x00, 0x00, 0x9c, 0xc8, 0x40,
 0x36, 0x00, 0x00, 0x00, 0x9c, 0x24, 0x01, 0x00,
 0x24, 0x01, 0x00, 0x0e, 0x0e, 0xec, 0x02, 0x30,
 0x80, 0x00, 0xea, 0x8a, 0x0e, 0x83, 0x06, 0x2f,
 0xca, 0x03, 0xcd, 0x0b, 0x09, 0x20, 0x30, 0x24,
 0x43, 0x1a, 0x45, 0x21, 0x4e, 0x04, 0x48, 0x12,
 0x43, 0x28, 0x64, 0x59, 0x25, 0x0a, 0x82, 0x05,
 0x07, 0x22, 0x21, 0x21, 0x3e, 0x22, 0x54, 0x21,
 0x25, 0x0a, 0x52, 0x44, 0x20, 0x0e, 0xf5, 0x03,
 0x61, 0x73, 0x79, 0x6e, 0x63, 0x20, 0x6d, 0x6f,
 0x64, 0x75, 0x6c, 0x65, 0x73, 0x4c, 0x6f, 0x61,
 0x64, 0x28, 0x66, 0x69, 0x6c, 0x65, 0x29, 0x20,
 0x7b, 0x0a, 0x20, 0x20, 0x20, 0x20, 0x63, 0x6f,
 0x6e, 0x73, 0x74, 0x20, 0x64, 0x61, 0x74, 0x61,
 0x20, 0x3d, 0x20, 0x6c, 0x6f, 0x61, 0x64, 0x46,
 0x69, 0x6c, 0x65, 0x28, 0x66, 0x69, 0x6c, 0x65,
 0x20, 0x3f, 0x3f, 0x20, 0x74, 0x68, 0x69, 0x73,
 0x2e, 0x6d, 0x61, 0x6b, 0x65, 0x46, 0x69, 0x6c,
 0x65, 0x6e, 0x61, 0x6d, 0x65, 0x28, 0x27, 0x6d,
 0x6f, 0x64, 0x75, 0x6c, 0x65, 0x73, 0x27, 0x29,
 0x29, 0x3b, 0x0a, 0x0a, 0x20, 0x20, 0x20, 0x20,
 0x69, 0x66, 0x28, 0x74, 0x79, 0x70, 0x65, 0x6f,
 0x66, 0x20, 0x64, 0x61, 0x74, 0x61, 0x20, 0x3d,
 0x3d, 0x20, 0x27, 0x73, 0x74, 0x72, 0x69, 0x6e,
 0x67, 0x27, 0x29, 0x20, 0x7b, 0x0a, 0x20, 0x20,
 0x20, 0x20, 0x20, 0x20, 0x6c, 0x65, 0x74, 0x20,
 0x6d, 0x6f, 0x64, 0x75, 0x6c, 0x65, 0x73, 0x20,
 0x3d, 0x20, 0x6e, 0x65, 0x77, 0x20, 0x53, 0x65,
 0x74, 0x28, 0x64, 0x61, 0x74, 0x61, 0x2e, 0x73,
 0x70, 0x6c, 0x69, 0x74, 0x28, 0x2f, 0x5c, 0x6e,
 0x2f, 0x67, 0x29, 0x2e, 0x66, 0x69, 0x6c, 0x74,
 0x65, 0x72, 0x28, 0x6c, 0x69, 0x6e, 0x65, 0x20,
 0x3d, 0x3e, 0x20, 0x6c, 0x69, 0x6e, 0x65, 0x20,
 0x21, 0x3d, 0x20, 0x27, 0x27, 0x29, 0x29, 0x3b,
 0x0a, 0x0a, 0x20, 0x20, 0x20, 0x20, 0x20, 0x20,
 0x66, 0x6f, 0x72, 0x28, 0x63, 0x6f, 0x6e, 0x73,
 0x74, 0x20, 0x6d, 0x6f, 0x64, 0x75, 0x6c, 0x65,
 0x20, 0x6f, 0x66, 0x20, 0x6d, 0x6f, 0x64, 0x75,
 0x6c, 0x65, 0x73, 0x29, 0x20, 0x7b, 0x0a, 0x20,
 0x20, 0x20, 0x20, 0x20, 0x20, 0x20, 0x20, 0x74,
 0x68, 0x69, 0x73, 0x2e, 0x70, 0x72, 0x69, 0x6e,
 0x74, 0x53, 0x74, 0x61, 0x74, 0x75, 0x73, 0x28,
 0x60, 0x41, 0x75, 0x74, 0x6f, 0x6c, 0x6f, 0x61,
 0x64, 0x69, 0x6e, 0x67, 0x20, 0x6d, 0x6f, 0x64,
 0x75, 0x6c, 0x65, 0x3a, 0x20, 0x24, 0x7b, 0x6d,
 0x6f, 0x64, 0x75, 0x6c, 0x65, 0x7d, 0x60, 0x29,
 0x3b, 0x0a, 0x0a, 0x20, 0x20, 0x20, 0x20, 0x20,
 0x20, 0x20, 0x20, 0x74, 0x72, 0x79, 0x20, 0x7b,
 0x0a, 0x20, 0x20, 0x20, 0x20, 0x20, 0x20, 0x20,
 0x20, 0x20, 0x20, 0x61, 0x77, 0x61, 0x69, 0x74,
 0x20, 0x6c, 0x6f, 0x61, 0x64, 0x4d, 0x6f, 0x64,
 0x75, 0x6c, 0x65, 0x28, 0x6d, 0x6f, 0x64, 0x75,
 0x6c, 0x65, 0x29, 0x3b, 0x0a, 0x20, 0x20, 0x20,
 0x20, 0x20, 0x20, 0x20, 0x20, 0x20, 0x20, 0x74,
 0x68, 0x69, 0x73, 0x2e, 0x6d, 0x6f, 0x64, 0x75,
 0x6c, 0x65, 0x73, 0x2e, 0x61, 0x64, 0x64, 0x28,
 0x6d, 0x6f, 0x64, 0x75, 0x6c, 0x65, 0x29, 0x3b,
 0x0a, 0x20, 0x20, 0x20, 0x20, 0x20, 0x20, 0x20,
 0x20, 0x7d, 0x20, 0x63, 0x61, 0x74, 0x63, 0x68,
 0x28, 0x65, 0x29, 0x20, 0x7b, 0x0a, 0x20, 0x20,
 0x20, 0x20, 0x20, 0x20, 0x20, 0x20, 0x20, 0x20,
 0x74, 0x68, 0x69, 0x73, 0x2e, 0x70, 0x72, 0x69,
 0x6e, 0x74, 0x53, 0x74, 0x61, 0x74, 0x75, 0x73,
 0x28, 0x60, 0x45, 0x52, 0x52, 0x4f, 0x52, 0x3a,
 0x20, 0x24, 0x7b, 0x65, 0x2e, 0x6d, 0x65, 0x73,
 0x73, 0x61, 0x67, 0x65, 0x20, 0x2b, 0x20, 0x27,
 0x5c, 0x6e, 0x27, 0x20, 0x2b, 0x20, 0x65, 0x2e,
 0x73, 0x74, 0x61, 0x63, 0x6b, 0x7d, 0x60, 0x29,
 0x3b, 0x0a, 0x20, 0x20, 0x20, 0x20, 0x20, 0x20,
 0x20, 0x20, 0x7d, 0x0a, 0x20, 0x20, 0x20, 0x20,
 0x20, 0x20, 0x7d, 0x0a, 0x20, 0x20, 0x20, 0x20,
 0x7d, 0x0a, 0x20, 0x20, 0x7d, 0x0c, 0x40, 0x0b,
 0x01, 0x00, 0x01, 0x04, 0x00, 0x07, 0x00, 0x01,
 0x00, 0x75, 0x05, 0x80, 0x0b, 0x00, 0x01, 0x00,
 0x80, 0x0b, 0x01, 0xff, 0xff, 0xff, 0xff, 0x0f,
 0x20, 0xaa, 0x0b, 0x02, 0x00, 0x30, 0xa4, 0x0b,
 0x03, 0x02, 0x30, 0x10, 0x00, 0x01, 0x00, 0xa0,
 0x04, 0x1c, 0x1a, 0x08, 0xcc, 0x60, 0x00, 0x00,
 0xd1, 0x11, 0xf2, 0xea, 0x11, 0x0e, 0xc8, 0x41,
 0x9c, 0x01, 0x00, 0x00, 0x04, 0xd1, 0x02, 0x00,
 0x00, 0x24, 0x01, 0x00, 0xd9, 0xc9, 0x60, 0x01,
 0x00, 0xc8, 0x41, 0x26, 0x02, 0x00, 0x00, 0x04,
 0xd6, 0x02, 0x00, 0x00, 0x41, 0x5d, 0x00, 0x00,
 0x00, 0xd1, 0x24, 0x01, 0x00, 0x24, 0x01, 0x00,
 0x0e, 0x64, 0x00, 0x00, 0xd1, 0x04, 0xd7, 0x02,
 0x00, 0x00, 0xf0, 0xca, 0x60, 0x02, 0x00, 0xc8,
 0x40, 0xd1, 0x02, 0x00, 0x00, 0x7d, 0xec, 0x17,
 0xcb, 0x61, 0x01, 0x00, 0x41, 0x0b, 0x01, 0x00,
 0x00, 0x61, 0x02, 0x00, 0x04, 0x52, 0x01, 0x00,
 0x00, 0x9c, 0x24, 0x01, 0x00, 0x0e, 0x80, 0x00,
 0xea, 0xe7, 0x0e, 0x83, 0x61, 0x01, 0x00, 0x41,
 0xd8, 0x02, 0x00, 0x00, 0x24, 0x00, 0x00, 0x29,
 0xca, 0x03, 0xe0, 0x0b, 0x03, 0x12, 0x57, 0x30,
 0x44, 0x2b, 0x20, 0x0a, 0x6c, 0x1e, 0x6d, 0x1c,
 0x2a, 0x0e, 0x11, 0x12, 0x54, 0x63, 0x2a, 0x04,
 0xd7, 0x01, 0x6d, 0x6f, 0x64, 0x75, 0x6c, 0x65,
 0x73, 0x53, 0x61, 0x76, 0x65, 0x28, 0x66, 0x69,
 0x6c, 0x65, 0x20, 0x3d, 0x20, 0x74, 0x68, 0x69,
 0x73, 0x2e, 0x6d, 0x61, 0x6b, 0x65, 0x46, 0x69,
 0x6c, 0x65, 0x6e, 0x61, 0x6d, 0x65, 0x28, 0x27,
 0x6d, 0x6f, 0x64, 0x75, 0x6c, 0x65, 0x73, 0x27,
 0x29, 0x29, 0x20, 0x7b, 0x0a, 0x20, 0x20, 0x20,
 0x20, 0x74, 0x68, 0x69, 0x73, 0x2e, 0x70, 0x72,
 0x69, 0x6e, 0x74, 0x53, 0x74, 0x61, 0x74, 0x75,
 0x73, 0x28, 0x60, 0x6d, 0x6f, 0x64, 0x75, 0x6c,
 0x65, 0x73, 0x53, 0x61, 0x76, 0x65, 0x3a, 0x20,
 0x24, 0x7b, 0x66, 0x69, 0x6c, 0x65, 0x7d, 0x60,
 0x29, 0x3b, 0x0a, 0x20, 0x20, 0x20, 0x20, 0x63,
 0x6f, 0x6e, 0x73, 0x74, 0x20, 0x66, 0x20, 0x3d,
 0x20, 0x66, 0x6f, 0x70, 0x65, 0x6e, 0x53, 0x79,
 0x6e, 0x63, 0x28, 0x66, 0x69, 0x6c, 0x65, 0x2c,
 0x20, 0x27, 0x77, 0x2b, 0x27, 0x29, 0x3b, 0x0a,
 0x0a, 0x20, 0x20, 0x20, 0x20, 0x66, 0x6f, 0x72,
 0x28, 0x63, 0x6f, 0x6e, 0x73, 0x74, 0x20, 0x6d,
 0x6f, 0x64, 0x75, 0x6c, 0x65, 0x20, 0x6f, 0x66,
 0x20, 0x74, 0x68, 0x69, 0x73, 0x2e, 0x6d, 0x6f,
 0x64, 0x75, 0x6c, 0x65, 0x73, 0x29, 0x20, 0x66,
 0x2e, 0x70, 0x75, 0x74, 0x73, 0x28, 0x6d, 0x6f,
 0x64, 0x75, 0x6c, 0x65, 0x20, 0x2b, 0x20, 0x27,
 0x5c, 0x6e, 0x27, 0x29, 0x3b, 0x0a, 0x0a, 0x20,
 0x20, 0x20, 0x20, 0x66, 0x2e, 0x63, 0x6c, 0x6f,
 0x73, 0x65, 0x28, 0x29, 0x3b, 0x0a, 0x20, 0x20,
 0x7d, 0x0c, 0x42, 0x0b, 0x01, 0x00, 0x00, 0x02,
 0x00, 0x04, 0x00, 0x00, 0x00, 0x34, 0x02, 0xc4,
 0x0a, 0x01, 0x00, 0x30, 0x10, 0x00, 0x01, 0x00,
 0x08, 0xca, 0x60, 0x00, 0x00, 0x06, 0x11, 0xf2,
 0xeb, 0x0b, 0x6f, 0x41, 0xa2, 0x02, 0x00, 0x00,
 0xc9, 0x0e, 0xec, 0x05, 0x0e, 0xc6, 0xec, 0xf3,
 0x61, 0x00, 0x00, 0x41, 0xca, 0x02, 0x00, 0x00,
 0xb4, 0x61, 0x00, 0x00, 0xe9, 0x24, 0x02, 0x00,
 0x0e, 0xc6, 0x61, 0x00, 0x00, 0xe9, 0x42, 0xcb,
 0x02, 0x00, 0x00, 0x29, 0xca, 0x03, 0xe9, 0x0b,
 0x03, 0x06, 0x7d, 0x04, 0x2a, 0x10, 0x31, 0x0f,
 0x83, 0x01, 0x68, 0x69, 0x73, 0x74, 0x6f, 0x72,
 0x79, 0x43, 0x6c, 0x65, 0x61, 0x72, 0x28, 0x29,
 0x20, 0x7b, 0x0a, 0x20, 0x20, 0x20, 0x20, 0x63,
 0x6f, 0x6e, 0x73, 0x74, 0x20, 0x7b, 0x20, 0x68,
 0x69, 0x73, 0x74, 0x6f, 0x72, 0x79, 0x20, 0x7d,
 0x20, 0x3d, 0x20, 0x74, 0x68, 0x69, 0x73, 0x3b,
 0x0a, 0x0a, 0x20, 0x20, 0x20, 0x20, 0x68, 0x69,
 0x73, 0x74, 0x6f, 0x72, 0x79, 0x2e, 0x73, 0x70,
 0x6c, 0x69, 0x63, 0x65, 0x28, 0x30, 0x2c, 0x20,
 0x68, 0x69, 0x73, 0x74, 0x6f, 0x72, 0x79, 0x2e,
 0x6c, 0x65, 0x6e, 0x67, 0x74, 0x68, 0x29, 0x3b,
 0x0a, 0x0a, 0x20, 0x20, 0x20, 0x20, 0x74, 0x68,
 0x69, 0x73, 0x2e, 0x68, 0x69, 0x73, 0x74, 0x6f,
 0x72, 0x79, 0x49, 0x6e, 0x64, 0x65, 0x78, 0x20,
 0x3d, 0x20, 0x68, 0x69, 0x73, 0x74, 0x6f, 0x72,
 0x79, 0x2e, 0x6c, 0x65, 0x6e, 0x67, 0x74, 0x68,
 0x3b, 0x0a, 0x20, 0x20, 0x7d, 0x0c, 0x42, 0x0b,
 0x01, 0x00, 0x01, 0x03, 0x01, 0x03, 0x00, 0x00,
 0x00, 0x56, 0x04, 0x96, 0x07, 0x00, 0x01, 0x00,
 0xc4, 0x0a, 0x01, 0x00, 0x30, 0x88, 0x0b, 0x01,
 0x01, 0x30, 0x10, 0x00, 0x01, 0x00, 0x08, 0xcb,
 0x60, 0x01, 0x00, 0x60, 0x00, 0x00, 0x06, 0x11,
 0xf2, 0xeb, 0x0b, 0x6f, 0x41, 0xa2, 0x02, 0x00,
 0x00, 0xc9, 0x0e, 0xec, 0x05, 0x0e, 0xc7, 0xec,
 0xf3, 0x61, 0x00, 0x00, 0x61, 0x00, 0x00, 0xe9,
 0xb5, 0x9d, 0x46, 0xca, 0xd1, 0xea, 0x22, 0xd1,
 0xc0, 0xae, 0xea, 0x1d, 0xd1, 0x61, 0x01, 0x00,
 0xae, 0xea, 0x16, 0x61, 0x00, 0x00, 0x41, 0xf2,
 0x01, 0x00, 0x00, 0xd1, 0x24, 0x01, 0x00, 0x0e,
 0xc7, 0x04, 0xce, 0x02, 0x00, 0x00, 0x97, 0x0e,
 0xc7, 0x61, 0x00, 0x00, 0xe9, 0x15, 0x42, 0xcb,
 0x02, 0x00, 0x00, 0x28, 0xca, 0x03, 0xf1, 0x0b,
 0x03, 0x0c, 0xae, 0x50, 0x2c, 0x27, 0x1b, 0x1c,
 0x21, 0x3b, 0x2a, 0x1a, 0x1c, 0x19, 0x81, 0x02,
 0x68, 0x69, 0x73, 0x74, 0x6f, 0x72, 0x79, 0x41,
 0x64, 0x64, 0x28, 0x73, 0x74, 0x72, 0x29, 0x20,
 0x7b, 0x0a, 0x20, 0x20, 0x20, 0x20, 0x63, 0x6f,
 0x6e, 0x73, 0x74, 0x20, 0x7b, 0x20, 0x68, 0x69,
 0x73, 0x74, 0x6f, 0x72, 0x79, 0x20, 0x7d, 0x20,
 0x3d, 0x20, 0x74, 0x68, 0x69, 0x73, 0x3b, 0x0a,
 0x20, 0x20, 0x20, 0x20, 0x63, 0x6f, 0x6e, 0x73,
 0x74, 0x20, 0x6c, 0x61, 0x73, 0x74, 0x20, 0x3d,
 0x20, 0x68, 0x69, 0x73, 0x74, 0x6f, 0x72, 0x79,
 0x5b, 0x68, 0x69, 0x73, 0x74, 0x6f, 0x72, 0x79,
 0x2e, 0x6c, 0x65, 0x6e, 0x67, 0x74, 0x68, 0x20,
 0x2d, 0x20, 0x31, 0x5d, 0x3b, 0x0a, 0x0a, 0x20,
 0x20, 0x20, 0x20, 0x69, 0x66, 0x28, 0x73, 0x74,
 0x72, 0x20, 0x26, 0x26, 0x20, 0x73, 0x74, 0x72,
 0x20, 0x21, 0x3d, 0x3d, 0x20, 0x27, 0x27, 0x20,
 0x26, 0x26, 0x20, 0x73, 0x74, 0x72, 0x20, 0x21,
 0x3d, 0x3d, 0x20, 0x6c, 0x61, 0x73, 0x74, 0x29,
 0x20, 0x7b, 0x0a, 0x20, 0x20, 0x20, 0x20, 0x20,
 0x20, 0x68, 0x69, 0x73, 0x74, 0x6f, 0x72, 0x79,
 0x2e, 0x70, 0x75, 0x73, 0x68, 0x28, 0x73, 0x74,
 0x72, 0x29, 0x3b, 0x0a, 0x20, 0x20, 0x20, 0x20,
 0x20, 0x20, 0x64, 0x65, 0x6c, 0x65, 0x74, 0x65,
 0x20, 0x74, 0x68, 0x69, 0x73, 0x2e, 0x68, 0x69,
 0x73, 0x74, 0x6f, 0x72, 0x79, 0x57, 0x72, 0x69,
 0x74, 0x74, 0x65, 0x6e, 0x3b, 0x0a, 0x20, 0x20,
 0x20, 0x20, 0x7d, 0x0a, 0x0a, 0x20, 0x20, 0x20,
 0x20, 0x72, 0x65, 0x74, 0x75, 0x72, 0x6e, 0x20,
 0x28, 0x74, 0x68, 0x69, 0x73, 0x2e, 0x68, 0x69,
 0x73, 0x74, 0x6f, 0x72, 0x79, 0x49, 0x6e, 0x64,
 0x65, 0x78, 0x20, 0x3d, 0x20, 0x68, 0x69, 0x73,
 0x74, 0x6f, 0x72, 0x79, 0x2e, 0x6c, 0x65, 0x6e,
 0x67, 0x74, 0x68, 0x29, 0x3b, 0x0a, 0x20, 0x20,
 0x7d, 0x0c, 0x42, 0x0b, 0x01, 0x00, 0x01, 0x05,
 0x01, 0x05, 0x00, 0x00, 0x00, 0x8f, 0x01, 0x06,
 0xba, 0x08, 0x00, 0x01, 0x00, 0xc4, 0x0a, 0x01,
 0x00, 0x30, 0x98, 0x08, 0x01, 0x01, 0x30, 0x98,
 0x07, 0x00, 0x00, 0x00, 0xb0, 0x01, 0x03, 0x02,
 0x30, 0x10, 0x00, 0x01, 0x00, 0x08, 0xc2, 0x04,
 0x60, 0x01, 0x00, 0x60, 0x00, 0x00, 0x06, 0x11,
 0xf2, 0xeb, 0x0b, 0x6f, 0x41, 0xa2, 0x02, 0x00,
 0x00, 0xc9, 0x0e, 0xec, 0x06, 0x0e, 0xc1, 0x04,
 0xec, 0xf2, 0xc1, 0x04, 0x40, 0xac, 0x01, 0x00,
 0x00, 0xca, 0xb5, 0xcb, 0xc7, 0x61, 0x00, 0x00,
 0xe9, 0xa6, 0xea, 0x60, 0x60, 0x03, 0x00, 0x61,
 0x00, 0x00, 0xe9, 0xc7, 0xd1, 0x99, 0x9c, 0xc1,
 0x04, 0x40, 0xcb, 0x02, 0x00, 0x00, 0x9c, 0x61,
 0x00, 0x00, 0xe9, 0x9b, 0xcc, 0x61, 0x00, 0x00,
 0x61, 0x03, 0x00, 0x46, 0x41, 0xe1, 0x01, 0x00,
 0x00, 0xb4, 0x61, 0x01, 0x00, 0x24, 0x02, 0x00,
 0xc1, 0x04, 0x40, 0xab, 0x01, 0x00, 0x00, 0x41,
 0xe1, 0x01, 0x00, 0x00, 0xb4, 0x61, 0x01, 0x00,
 0x24, 0x02, 0x00, 0xab, 0xea, 0x1a, 0xc1, 0x04,
 0x61, 0x03, 0x00, 0x42, 0xcb, 0x02, 0x00, 0x00,
 0xc1, 0x04, 0x61, 0x00, 0x00, 0x61, 0x03, 0x00,
 0x46, 0x42, 0xab, 0x01, 0x00, 0x00, 0x29, 0x92,
 0x02, 0xec, 0x9a, 0x29, 0xca, 0x03, 0xfd, 0x0b,
 0x03, 0x16, 0x00, 0x28, 0x08, 0x2c, 0x49, 0x1c,
 0x07, 0x08, 0x11, 0x0c, 0x2a, 0x2a, 0x5e, 0x59,
 0x25, 0x2a, 0x3e, 0x12, 0x35, 0x5b, 0x35, 0x00,
 0x8b, 0x03, 0x68, 0x69, 0x73, 0x74, 0x6f, 0x72,
 0x79, 0x53, 0x65, 0x61, 0x72, 0x63, 0x68, 0x28,
 0x64, 0x69, 0x72, 0x29, 0x20, 0x7b, 0x0a, 0x20,
 0x20, 0x20, 0x20, 0x63, 0x6f, 0x6e, 0x73, 0x74,
 0x20, 0x7b, 0x20, 0x68, 0x69, 0x73, 0x74, 0x6f,
 0x72, 0x79, 0x20, 0x7d, 0x20, 0x3d, 0x20, 0x74,
 0x68, 0x69, 0x73, 0x3b, 0x0a, 0x20, 0x20, 0x20,
 0x20, 0x63, 0x6f, 0x6e, 0x73, 0x74, 0x20, 0x70,
 0x6f, 0x73, 0x20, 0x3d, 0x20, 0x74, 0x68, 0x69,
 0x73, 0x2e, 0x63, 0x75, 0x72, 0x73, 0x6f, 0x72,
 0x50, 0x6f, 0x73, 0x3b, 0x0a, 0x0a, 0x20, 0x20,
 0x20, 0x20, 0x66, 0x6f, 0x72, 0x28, 0x76, 0x61,
 0x72, 0x20, 0x69, 0x20, 0x3d, 0x20, 0x31, 0x3b,
 0x20, 0x69, 0x20, 0x3c, 0x3d, 0x20, 0x68, 0x69,
 0x73, 0x74, 0x6f, 0x72, 0x79, 0x2e, 0x6c, 0x65,
 0x6e, 0x67, 0x74, 0x68, 0x3b, 0x20, 0x69, 0x2b,
 0x2b, 0x29, 0x20, 0x7b, 0x0a, 0x20, 0x20, 0x20,
 0x20, 0x20, 0x20, 0x63, 0x6f, 0x6e, 0x73, 0x74,
 0x20, 0x69, 0x6e, 0x64, 0x65, 0x78, 0x20, 0x3d,
 0x20, 0x28, 0x68, 0x69, 0x73, 0x74, 0x6f, 0x72,
 0x79, 0x2e, 0x6c, 0x65, 0x6e, 0x67, 0x74, 0x68,
 0x20, 0x2b, 0x20, 0x69, 0x20, 0x2a, 0x20, 0x64,
 0x69, 0x72, 0x20, 0x2b, 0x20, 0x74, 0x68, 0x69,
 0x73, 0x2e, 0x68, 0x69, 0x73, 0x74, 0x6f, 0x72,
 0x79, 0x49, 0x6e, 0x64, 0x65, 0x78, 0x29, 0x20,
 0x25, 0x20, 0x68, 0x69, 0x73, 0x74, 0x6f, 0x72,
 0x79, 0x2e, 0x6c, 0x65, 0x6e, 0x67, 0x74, 0x68,
 0x3b, 0x0a, 0x0a, 0x20, 0x20, 0x20, 0x20, 0x20,
 0x20, 0x69, 0x66, 0x28, 0x68, 0x69, 0x73, 0x74,
 0x6f, 0x72, 0x79, 0x5b, 0x69, 0x6e, 0x64, 0x65,
 0x78, 0x5d, 0x2e, 0x73, 0x75, 0x62, 0x73, 0x74,
 0x72, 0x69, 0x6e, 0x67, 0x28, 0x30, 0x2c, 0x20,
 0x70, 0x6f, 0x73, 0x29, 0x20, 0x3d, 0x3d, 0x20,
 0x74, 0x68, 0x69, 0x73, 0x2e, 0x63, 0x6d, 0x64,
 0x2e, 0x73, 0x75, 0x62, 0x73, 0x74, 0x72, 0x69,
 0x6e, 0x67, 0x28, 0x30, 0x2c, 0x20, 0x70, 0x6f,
 0x73, 0x29, 0x29, 0x20, 0x7b, 0x0a, 0x20, 0x20,
 0x20, 0x20, 0x20, 0x20, 0x20, 0x20, 0x74, 0x68,
 0x69, 0x73, 0x2e, 0x68, 0x69, 0x73, 0x74, 0x6f,
 0x72, 0x79, 0x49, 0x6e, 0x64, 0x65, 0x78, 0x20,
 0x3d, 0x20, 0x69, 0x6e, 0x64, 0x65, 0x78, 0x3b,
 0x0a, 0x20, 0x20, 0x20, 0x20, 0x20, 0x20, 0x20,
 0x20, 0x74, 0x68, 0x69, 0x73, 0x2e, 0x63, 0x6d,
 0x64, 0x20, 0x3d, 0x20, 0x68, 0x69, 0x73, 0x74,
 0x6f, 0x72, 0x79, 0x5b, 0x69, 0x6e, 0x64, 0x65,
 0x78, 0x5d, 0x3b, 0x0a, 0x20, 0x20, 0x20, 0x20,
 0x20, 0x20, 0x20, 0x20, 0x72, 0x65, 0x74, 0x75,
 0x72, 0x6e, 0x3b, 0x0a, 0x20, 0x20, 0x20, 0x20,
 0x20, 0x20, 0x7d, 0x0a, 0x20, 0x20, 0x20, 0x20,
 0x7d, 0x0a, 0x20, 0x20, 0x7d, 0x0c, 0x42, 0x0b,
 0x01, 0x00, 0x00, 0x01, 0x00, 0x03, 0x00, 0x00,
 0x00, 0x0c, 0x01, 0x10, 0x00, 0x01, 0x00, 0x08,
 0xc9, 0xc5, 0x41, 0xd9, 0x02, 0x00, 0x00, 0xb3,
 0x25, 0x01, 0x00, 0xca, 0x03, 0x8c, 0x0c, 0x03,
 0x02, 0x2b, 0x1c, 0x40, 0x68, 0x69, 0x73, 0x74,
 0x6f, 0x72, 0x79, 0x53, 0x65, 0x61, 0x72, 0x63,
 0x68, 0x42, 0x61, 0x63, 0x6b, 0x77, 0x61, 0x72,
 0x64, 0x28, 0x29, 0x20, 0x7b, 0x0a, 0x20, 0x20,
 0x20, 0x20, 0x72, 0x65, 0x74, 0x75, 0x72, 0x6e,
 0x20, 0x74, 0x68, 0x69, 0x73, 0x2e, 0x68, 0x69,
 0x73, 0x74, 0x6f, 0x72, 0x79, 0x53, 0x65, 0x61,
 0x72, 0x63, 0x68, 0x28, 0x2d, 0x31, 0x29, 0x3b,
 0x0a, 0x20, 0x20, 0x7d, 0x0c, 0x42, 0x0b, 0x01,
 0x00, 0x00, 0x01, 0x00, 0x03, 0x00, 0x00, 0x00,
 0x0c, 0x01, 0x10, 0x00, 0x01, 0x00, 0x08, 0xc9,
 0xc5, 0x41, 0xd9, 0x02, 0x00, 0x00, 0xb5, 0x25,
 0x01, 0x00, 0xca, 0x03, 0x90, 0x0c, 0x03, 0x02,
 0x2b, 0x1c, 0x3e, 0x68, 0x69, 0x73, 0x74, 0x6f,
 0x72, 0x79, 0x53, 0x65, 0x61, 0x72, 0x63, 0x68,
 0x46, 0x6f, 0x72, 0x77, 0x61, 0x72, 0x64, 0x28,
 0x29, 0x20, 0x7b, 0x0a, 0x20, 0x20, 0x20, 0x20,
 0x72, 0x65, 0x74, 0x75, 0x72, 0x6e, 0x20, 0x74,
 0x68, 0x69, 0x73, 0x2e, 0x68, 0x69, 0x73, 0x74,
 0x6f, 0x72, 0x79, 0x53, 0x65, 0x61, 0x72, 0x63,
 0x68, 0x28, 0x31, 0x29, 0x3b, 0x0a, 0x20, 0x20,
 0x7d, 0x0c, 0x42, 0x0b, 0x01, 0x00, 0x00, 0x02,
 0x00, 0x03, 0x00, 0x00, 0x00, 0x75, 0x02, 0xc4,
 0x0a, 0x01, 0x00, 0x30, 0x10, 0x00, 0x01, 0x00,
 0x08, 0xca, 0x60, 0x00, 0x00, 0x06, 0x11, 0xf2,
 0xeb, 0x0b, 0x6f, 0x41, 0xa2, 0x02, 0x00, 0x00,
 0xc9, 0x0e, 0xec, 0x05, 0x0e, 0xc6, 0xec, 0xf3,
 0xc6, 0x40, 0xcb, 0x02, 0x00, 0x00, 0xb4, 0xa7,
 0xea, 0x53, 0xc6, 0x40, 0xcb, 0x02, 0x00, 0x00,
 0x61, 0x00, 0x00, 0xe9, 0xab, 0xea, 0x1d, 0xc6,
 0x40, 0xab, 0x01, 0x00, 0x00, 0xc0, 0xac, 0xea,
 0x13, 0x61, 0x00, 0x00, 0x41, 0xf2, 0x01, 0x00,
 0x00, 0xc6, 0x40, 0xab, 0x01, 0x00, 0x00, 0x24,
 0x01, 0x00, 0x0e, 0xc6, 0x41, 0xcb, 0x02, 0x00,
 0x00, 0x8d, 0x42, 0xcb, 0x02, 0x00, 0x00, 0xc6,
 0x61, 0x00, 0x00, 0xc6, 0x40, 0xcb, 0x02, 0x00,
 0x00, 0x46, 0x42, 0xab, 0x01, 0x00, 0x00, 0xc6,
 0xc6, 0x40, 0xab, 0x01, 0x00, 0x00, 0xe9, 0x42,
 0xac, 0x01, 0x00, 0x00, 0x29, 0xca, 0x03, 0x94,
 0x0c, 0x03, 0x11, 0x9b, 0x32, 0x35, 0x06, 0x43,
 0x40, 0x16, 0x08, 0x2a, 0x1a, 0x36, 0x91, 0x01,
 0x3f, 0x00, 0x53, 0x00, 0xa7, 0x02, 0x68, 0x69,
 0x73, 0x74, 0x6f, 0x72, 0x79, 0x50, 0x72, 0x65,
 0x76, 0x69, 0x6f, 0x75, 0x73, 0x28, 0x29, 0x20,
 0x7b, 0x0a, 0x20, 0x20, 0x20, 0x20, 0x63, 0x6f,
 0x6e, 0x73, 0x74, 0x20, 0x7b, 0x20, 0x68, 0x69,
 0x73, 0x74, 0x6f, 0x72, 0x79, 0x20, 0x7d, 0x20,
 0x3d, 0x20, 0x74, 0x68, 0x69, 0x73, 0x3b, 0x0a,
 0x0a, 0x20, 0x20, 0x20, 0x20, 0x69, 0x66, 0x28,
 0x74, 0x68, 0x69, 0x73, 0x2e, 0x68, 0x69, 0x73,
 0x74, 0x6f, 0x72, 0x79, 0x49, 0x6e, 0x64, 0x65,
 0x78, 0x20, 0x3e, 0x20, 0x30, 0x29, 0x20, 0x7b,
 0x0a, 0x20, 0x20, 0x20, 0x20, 0x20, 0x20, 0x69,
 0x66, 0x28, 0x74, 0x68, 0x69, 0x73, 0x2e, 0x68,
 0x69, 0x73, 0x74, 0x6f, 0x72, 0x79, 0x49, 0x6e,
 0x64, 0x65, 0x78, 0x20, 0x3d, 0x3d, 0x20, 0x68,
 0x69, 0x73, 0x74, 0x6f, 0x72, 0x79, 0x2e, 0x6c,
 0x65, 0x6e, 0x67, 0x74, 0x68, 0x29, 0x20, 0x69,
 0x66, 0x20, 0x28, 0x74, 0x68, 0x69, 0x73, 0x2e,
 0x63, 0x6d, 0x64, 0x20, 0x21, 0x3d, 0x20, 0x27,
 0x27, 0x29, 0x20, 0x68, 0x69, 0x73, 0x74, 0x6f,
 0x72, 0x79, 0x2e, 0x70, 0x75, 0x73, 0x68, 0x28,
 0x74, 0x68, 0x69, 0x73, 0x2e, 0x63, 0x6d, 0x64,
 0x29, 0x3b, 0x0a, 0x0a, 0x20, 0x20, 0x20, 0x20,
 0x20, 0x20, 0x74, 0x68, 0x69, 0x73, 0x2e, 0x68,
 0x69, 0x73, 0x74, 0x6f, 0x72, 0x79, 0x49, 0x6e,
 0x64, 0x65, 0x78, 0x2d, 0x2d, 0x3b, 0x0a, 0x20,
 0x20, 0x20, 0x20, 0x20, 0x20, 0x74, 0x68, 0x69,
 0x73, 0x2e, 0x63, 0x6d, 0x64, 0x20, 0x3d, 0x20,
 0x68, 0x69, 0x73, 0x74, 0x6f, 0x72, 0x79, 0x5b,
 0x74, 0x68, 0x69, 0x73, 0x2e, 0x68, 0x69, 0x73,
 0x74, 0x6f, 0x72, 0x79, 0x49, 0x6e, 0x64, 0x65,
 0x78, 0x5d, 0x3b, 0x0a, 0x20, 0x20, 0x20, 0x20,
 0x20, 0x20, 0x74, 0x68, 0x69, 0x73, 0x2e, 0x63,
 0x75, 0x72, 0x73, 0x6f, 0x72, 0x50, 0x6f, 0x73,
 0x20, 0x3d, 0x20, 0x74, 0x68, 0x69, 0x73, 0x2e,
 0x63, 0x6d, 0x64, 0x2e, 0x6c, 0x65, 0x6e, 0x67,
 0x74, 0x68, 0x3b, 0x0a, 0x20, 0x20, 0x20, 0x20,
 0x7d, 0x0a, 0x20, 0x20, 0x7d, 0x0c, 0x42, 0x0b,
 0x01, 0x00, 0x00, 0x02, 0x00, 0x03, 0x00, 0x00,
 0x00, 0x51, 0x02, 0xc4, 0x0a, 0x01, 0x00, 0x30,
 0x10, 0x00, 0x01, 0x00, 0x08, 0xca, 0x60, 0x00,
 0x00, 0x06, 0x11, 0xf2, 0xeb, 0x0b, 0x6f, 0x41,
 0xa2, 0x02, 0x00, 0x00, 0xc9, 0x0e, 0xec, 0x05,
 0x0e, 0xc6, 0xec, 0xf3, 0xc6, 0x40, 0xcb, 0x02,
 0x00, 0x00, 0x61, 0x00, 0x00, 0xe9, 0xb5, 0x9d,
 0xa5, 0xea, 0x2a, 0xc6, 0x41, 0xcb, 0x02, 0x00,
 0x00, 0x8e, 0x42, 0xcb, 0x02, 0x00, 0x00, 0xc6,
 0x61, 0x00, 0x00, 0xc6, 0x40, 0xcb, 0x02, 0x00,
 0x00, 0x46, 0x42, 0xab, 0x01, 0x00, 0x00, 0xc6,
 0xc6, 0x40, 0xab, 0x01, 0x00, 0x00, 0xe9, 0x42,
 0xac, 0x01, 0x00, 0x00, 0x29, 0xca, 0x03, 0xa0,
 0x0c, 0x03, 0x0a, 0x9b, 0x32, 0x16, 0x22, 0x1c,
 0x4b, 0x3f, 0x00, 0x53, 0x00, 0xd9, 0x01, 0x68,
 0x69, 0x73, 0x74, 0x6f, 0x72, 0x79, 0x4e, 0x65,
 0x78, 0x74, 0x28, 0x29, 0x20, 0x7b, 0x0a, 0x20,
 0x20, 0x20, 0x20, 0x63, 0x6f, 0x6e, 0x73, 0x74,
 0x20, 0x7b, 0x20, 0x68, 0x69, 0x73, 0x74, 0x6f,
 0x72, 0x79, 0x20, 0x7d, 0x20, 0x3d, 0x20, 0x74,
 0x68, 0x69, 0x73, 0x3b, 0x0a, 0x0a, 0x20, 0x20,
 0x20, 0x20, 0x69, 0x66, 0x28, 0x74, 0x68, 0x69,
 0x73, 0x2e, 0x68, 0x69, 0x73, 0x74, 0x6f, 0x72,
 0x79, 0x49, 0x6e, 0x64, 0x65, 0x78, 0x20, 0x3c,
 0x20, 0x68, 0x69, 0x73, 0x74, 0x6f, 0x72, 0x79,
 0x2e, 0x6c, 0x65, 0x6e, 0x67, 0x74, 0x68, 0x20,
 0x2d, 0x20, 0x31, 0x29, 0x20, 0x7b, 0x0a, 0x20,
 0x20, 0x20, 0x20, 0x20, 0x20, 0x74, 0x68, 0x69,
 0x73, 0x2e, 0x68, 0x69, 0x73, 0x74, 0x6f, 0x72,
 0x79, 0x49, 0x6e, 0x64, 0x65, 0x78, 0x2b, 0x2b,
 0x3b, 0x0a, 0x20, 0x20, 0x20, 0x20, 0x20, 0x20,
 0x74, 0x68, 0x69, 0x73, 0x2e, 0x63, 0x6d, 0x64,
 0x20, 0x3d, 0x20, 0x68, 0x69, 0x73, 0x74, 0x6f,
 0x72, 0x79, 0x5b, 0x74, 0x68, 0x69, 0x73, 0x2e,
 0x68, 0x69, 0x73, 0x74, 0x6f, 0x72, 0x79, 0x49,
 0x6e, 0x64, 0x65, 0x78, 0x5d, 0x3b, 0x0a, 0x20,
 0x20, 0x20, 0x20, 0x20, 0x20, 0x74, 0x68, 0x69,
 0x73, 0x2e, 0x63, 0x75, 0x72, 0x73, 0x6f, 0x72,
 0x50, 0x6f, 0x73, 0x20, 0x3d, 0x20, 0x74, 0x68,
 0x69, 0x73, 0x2e, 0x63, 0x6d, 0x64, 0x2e, 0x6c,
 0x65, 0x6e, 0x67, 0x74, 0x68, 0x3b, 0x0a, 0x20,
 0x20, 0x20, 0x20, 0x7d, 0x0a, 0x20, 0x20, 0x7d,
 0x0c, 0x42, 0x0b, 0x01, 0x00, 0x01, 0x01, 0x01,
 0x05, 0x00, 0x00, 0x00, 0x46, 0x02, 0x96, 0x07,
 0x00, 0x01, 0x00, 0x10, 0x00, 0x01, 0x00, 0x08,
 0xc9, 0xd1, 0xea, 0x41, 0xc5, 0xc5, 0x40, 0xab,
 0x01, 0x00, 0x00, 0x41, 0xe1, 0x01, 0x00, 0x00,
 0xb4, 0xc5, 0x40, 0xac, 0x01, 0x00, 0x00, 0x24,
 0x02, 0x00, 0xd1, 0x9c, 0xc5, 0x40, 0xab, 0x01,
 0x00, 0x00, 0x41, 0xe1, 0x01, 0x00, 0x00, 0xc5,
 0x40, 0xac, 0x01, 0x00, 0x00, 0x24, 0x01, 0x00,
 0x9c, 0x42, 0xab, 0x01, 0x00, 0x00, 0xc5, 0x41,
 0xac, 0x01, 0x00, 0x00, 0xd1, 0xe9, 0x9c, 0x42,
 0xac, 0x01, 0x00, 0x00, 0x29, 0xca, 0x03, 0xaa,
 0x0c, 0x03, 0x0d, 0x1d, 0x08, 0x3e, 0x28, 0x34,
 0x3e, 0x0c, 0x0c, 0x39, 0x26, 0x4e, 0x97, 0x01,
 0xac, 0x01, 0x69, 0x6e, 0x73, 0x65, 0x72, 0x74,
 0x28, 0x73, 0x74, 0x72, 0x29, 0x20, 0x7b, 0x0a,
 0x20, 0x20, 0x20, 0x20, 0x69, 0x66, 0x28, 0x73,
 0x74, 0x72, 0x29, 0x20, 0x7b, 0x0a, 0x20, 0x20,
 0x20, 0x20, 0x20, 0x20, 0x74, 0x68, 0x69, 0x73,
 0x2e, 0x63, 0x6d, 0x64, 0x20, 0x3d, 0x20, 0x74,
 0x68, 0x69, 0x73, 0x2e, 0x63, 0x6d, 0x64, 0x2e,
 0x73, 0x75, 0x62, 0x73, 0x74, 0x72, 0x69, 0x6e,
 0x67, 0x28, 0x30, 0x2c, 0x20, 0x74, 0x68, 0x69,
 0x73, 0x2e, 0x63, 0x75, 0x72, 0x73, 0x6f, 0x72,
 0x50, 0x6f, 0x73, 0x29, 0x20, 0x2b, 0x20, 0x73,
 0x74, 0x72, 0x20, 0x2b, 0x20, 0x74, 0x68, 0x69,
 0x73, 0x2e, 0x63, 0x6d, 0x64, 0x2e, 0x73, 0x75,
 0x62, 0x73, 0x74, 0x72, 0x69, 0x6e, 0x67, 0x28,
 0x74, 0x68, 0x69, 0x73, 0x2e, 0x63, 0x75, 0x72,
 0x73, 0x6f, 0x72, 0x50, 0x6f, 0x73, 0x29, 0x3b,
 0x0a, 0x20, 0x20, 0x20, 0x20, 0x20, 0x20, 0x74,
 0x68, 0x69, 0x73, 0x2e, 0x63, 0x75, 0x72, 0x73,
 0x6f, 0x72, 0x50, 0x6f, 0x73, 0x20, 0x2b, 0x3d,
 0x20, 0x73, 0x74, 0x72, 0x2e, 0x6c, 0x65, 0x6e,
 0x67, 0x74, 0x68, 0x3b, 0x0a, 0x20, 0x20, 0x20,
 0x20, 0x7d, 0x0a, 0x20, 0x20, 0x7d, 0x0c, 0x42,
 0x0b, 0x01, 0x00, 0x00, 0x01, 0x00, 0x05, 0x00,
 0x00, 0x00, 0x1a, 0x01, 0x10, 0x00, 0x01, 0x00,
 0x08, 0xc9, 0xc5, 0x41, 0xaf, 0x01, 0x00, 0x00,
 0xc5, 0x40, 0xac, 0x01, 0x00, 0x00, 0xc5, 0x40,
 0xab, 0x01, 0x00, 0x00, 0xe9, 0xb5, 0x24, 0x03,
 0x00, 0x29, 0xca, 0x03, 0xb1, 0x0c, 0x03, 0x04,
 0x0d, 0x04, 0x20, 0x20, 0x49, 0x6b, 0x69, 0x6c,
 0x6c, 0x4c, 0x69, 0x6e, 0x65, 0x28, 0x29, 0x20,
 0x7b, 0x0a, 0x20, 0x20, 0x20, 0x20, 0x74, 0x68,
 0x69, 0x73, 0x2e, 0x6b, 0x69, 0x6c, 0x6c, 0x52,
 0x65, 0x67, 0x69, 0x6f, 0x6e, 0x28, 0x74, 0x68,
 0x69, 0x73, 0x2e, 0x63, 0x75, 0x72, 0x73, 0x6f,
 0x72, 0x50, 0x6f, 0x73, 0x2c, 0x20, 0x74, 0x68,
 0x69, 0x73, 0x2e, 0x63, 0x6d, 0x64, 0x2e, 0x6c,
 0x65, 0x6e, 0x67, 0x74, 0x68, 0x2c, 0x20, 0x31,
 0x29, 0x3b, 0x0a, 0x20, 0x20, 0x7d, 0x0c, 0x42,
 0x0b, 0x01, 0x00, 0x03, 0x02, 0x03, 0x05, 0x00,
 0x01, 0x00, 0x9d, 0x01, 0x05, 0x9c, 0x07, 0x00,
 0x01, 0x00, 0xbc, 0x08, 0x00, 0x01, 0x00, 0xba,
 0x08, 0x00, 0x01, 0x00, 0xe6, 0x06, 0x01, 0x00,
 0x30, 0x10, 0x00, 0x01, 0x00, 0xbc, 0x04, 0x2c,
 0x02, 0x08, 0xca, 0x60, 0x00, 0x00, 0xc6, 0x40,
 0xab, 0x01, 0x00, 0x00, 0x41, 0xe1, 0x01, 0x00,
 0x00, 0xd1, 0xd2, 0x24, 0x02, 0x00, 0xc9, 0xc6,
 0x40, 0x0e, 0x02, 0x00, 0x00, 0xc6, 0x40, 0xaf,
 0x01, 0x00, 0x00, 0xae, 0xea, 0x07, 0x61, 0x00,
 0x00, 0xe1, 0xec, 0x14, 0xd3, 0xb4, 0xa5, 0xea,
 0x09, 0x61, 0x00, 0x00, 0xdd, 0x9c, 0xe1, 0xec,
 0x07, 0xdd, 0x61, 0x00, 0x00, 0x9c, 0xe1, 0xc6,
 0xc6, 0x40, 0xab, 0x01, 0x00, 0x00, 0x41, 0xe1,
 0x01, 0x00, 0x00, 0xb4, 0xd1, 0x24, 0x02, 0x00,
 0xc6, 0x40, 0xab, 0x01, 0x00, 0x00, 0x41, 0xe1,
 0x01, 0x00, 0x00, 0xd2, 0x24, 0x01, 0x00, 0x9c,
 0x42, 0xab, 0x01, 0x00, 0x00, 0xc6, 0x40, 0xac,
 0x01, 0x00, 0x00, 0xd2, 0xa7, 0xea, 0x12, 0xc6,
 0x41, 0xac, 0x01, 0x00, 0x00, 0xd2, 0xd1, 0x9d,
 0x9d, 0x42, 0xac, 0x01, 0x00, 0x00, 0xec, 0x12,
 0xc6, 0x40, 0xac, 0x01, 0x00, 0x00, 0xd1, 0xa7,
 0xea, 0x08, 0xc6, 0xd1, 0x42, 0xac, 0x01, 0x00,
 0x00, 0xc6, 0xc6, 0x40, 0xaf, 0x01, 0x00, 0x00,
 0x42, 0xa0, 0x02, 0x00, 0x00, 0x29, 0xca, 0x03,
 0xb5, 0x0c, 0x03, 0x24, 0x53, 0x3e, 0x3f, 0x11,
 0x2f, 0x22, 0x26, 0x2d, 0x16, 0x06, 0x11, 0x20,
 0x1c, 0x37, 0x07, 0x30, 0x1d, 0x39, 0x3e, 0x28,
 0x1b, 0x2c, 0x39, 0x26, 0x53, 0x51, 0x16, 0x0a,
 0x25, 0x30, 0x53, 0x2f, 0x16, 0x0e, 0x26, 0x3f,
 0xbf, 0x03, 0x6b, 0x69, 0x6c, 0x6c, 0x52, 0x65,
 0x67, 0x69, 0x6f, 0x6e, 0x28, 0x73, 0x74, 0x61,
 0x72, 0x74, 0x2c, 0x20, 0x65, 0x6e, 0x64, 0x2c,
 0x20, 0x64, 0x69, 0x72, 0x29, 0x20, 0x7b, 0x0a,
 0x20, 0x20, 0x20, 0x20, 0x63, 0x6f, 0x6e, 0x73,
 0x74, 0x20, 0x73, 0x20, 0x3d, 0x20, 0x74, 0x68,
 0x69, 0x73, 0x2e, 0x63, 0x6d, 0x64, 0x2e, 0x73,
 0x75, 0x62, 0x73, 0x74, 0x72, 0x69, 0x6e, 0x67,
 0x28, 0x73, 0x74, 0x61, 0x72, 0x74, 0x2c, 0x20,
 0x65, 0x6e, 0x64, 0x29, 0x3b, 0x0a, 0x20, 0x20,
 0x20, 0x20, 0x69, 0x66, 0x28, 0x74, 0x68, 0x69,
 0x73, 0x2e, 0x6c, 0x61, 0x73, 0x74, 0x46, 0x75,
 0x6e, 0x20, 0x21, 0x3d, 0x3d, 0x20, 0x74, 0x68,
 0x69, 0x73, 0x2e, 0x6b, 0x69, 0x6c, 0x6c, 0x52,
 0x65, 0x67, 0x69, 0x6f, 0x6e, 0x29, 0x20, 0x63,
 0x6c, 0x69, 0x70, 0x42, 0x6f, 0x61, 0x72, 0x64,
 0x20, 0x3d, 0x20, 0x73, 0x3b, 0x0a, 0x20, 0x20,
 0x20, 0x20, 0x65, 0x6c, 0x73, 0x65, 0x20, 0x69,
 0x66, 0x28, 0x64, 0x69, 0x72, 0x20, 0x3c, 0x20,
 0x30, 0x29, 0x20, 0x63, 0x6c, 0x69, 0x70, 0x42,
 0x6f, 0x61, 0x72, 0x64, 0x20, 0x3d, 0x20, 0x73,
 0x20, 0x2b, 0x20, 0x63, 0x6c, 0x69, 0x70, 0x42,
 0x6f, 0x61, 0x72, 0x64, 0x3b, 0x0a, 0x20, 0x20,
 0x20, 0x20, 0x65, 0x6c, 0x73, 0x65, 0x20, 0x63,
 0x6c, 0x69, 0x70, 0x42, 0x6f, 0x61, 0x72, 0x64,
 0x20, 0x3d, 0x20, 0x63, 0x6c, 0x69, 0x70, 0x42,
 0x6f, 0x61, 0x72, 0x64, 0x20, 0x2b, 0x20, 0x73,
 0x3b, 0x0a, 0x0a, 0x20, 0x20, 0x20, 0x20, 0x74,
 0x68, 0x69, 0x73, 0x2e, 0x63, 0x6d, 0x64, 0x20,
 0x3d, 0x20, 0x74, 0x68, 0x69, 0x73, 0x2e, 0x63,
 0x6d, 0x64, 0x2e, 0x73, 0x75, 0x62, 0x73, 0x74,
 0x72, 0x69, 0x6e, 0x67, 0x28, 0x30, 0x2c, 0x20,
 0x73, 0x74, 0x61, 0x72, 0x74, 0x29, 0x20, 0x2b,
 0x20, 0x74, 0x68, 0x69, 0x73, 0x2e, 0x63, 0x6d,
 0x64, 0x2e, 0x73, 0x75, 0x62, 0x73, 0x74, 0x72,
 0x69, 0x6e, 0x67, 0x28, 0x65, 0x6e, 0x64, 0x29,
 0x3b, 0x0a, 0x20, 0x20, 0x20, 0x20, 0x69, 0x66,
 0x28, 0x74, 0x68, 0x69, 0x73, 0x2e, 0x63, 0x75,
 0x72, 0x73, 0x6f, 0x72, 0x50, 0x6f, 0x73, 0x20,
 0x3e, 0x20, 0x65, 0x6e, 0x64, 0x29, 0x20, 0x74,
 0x68, 0x69, 0x73, 0x2e, 0x63, 0x75, 0x72, 0x73,
 0x6f, 0x72, 0x50, 0x6f, 0x73, 0x20, 0x2d, 0x3d,
 0x20, 0x65, 0x6e, 0x64, 0x20, 0x2d, 0x20, 0x73,
 0x74, 0x61, 0x72, 0x74, 0x3b, 0x0a, 0x20, 0x20,
 0x20, 0x20, 0x65, 0x6c, 0x73, 0x65, 0x20, 0x69,
 0x66, 0x28, 0x74, 0x68, 0x69, 0x73, 0x2e, 0x63,
 0x75, 0x72, 0x73, 0x6f, 0x72, 0x50, 0x6f, 0x73,
 0x20, 0x3e, 0x20, 0x73, 0x74, 0x61, 0x72, 0x74,
 0x29, 0x20, 0x74, 0x68, 0x69, 0x73, 0x2e, 0x63,
 0x75, 0x72, 0x73, 0x6f, 0x72, 0x50, 0x6f, 0x73,
 0x20, 0x3d, 0x20, 0x73, 0x74, 0x61, 0x72, 0x74,
 0x3b, 0x0a, 0x20, 0x20, 0x20, 0x20, 0x74, 0x68,
 0x69, 0x73, 0x2e, 0x74, 0x68, 0x69, 0x73, 0x46,
 0x75, 0x6e, 0x20, 0x3d, 0x20, 0x74, 0x68, 0x69,
 0x73, 0x2e, 0x6b, 0x69, 0x6c, 0x6c, 0x52, 0x65,
 0x67, 0x69, 0x6f, 0x6e, 0x3b, 0x0a, 0x20, 0x20,
 0x7d, 0x0c, 0x42, 0x0b, 0x01, 0x00, 0x00, 0x01,
 0x00, 0x06, 0x00, 0x00, 0x00, 0x22, 0x01, 0x10,
 0x00, 0x01, 0x00, 0x08, 0xc9, 0xc5, 0x41, 0xaf,
 0x01, 0x00, 0x00, 0xc5, 0x40, 0xac, 0x01, 0x00,
 0x00, 0xc5, 0x41, 0x1f, 0x02, 0x00, 0x00, 0xc5,
 0x40, 0xac, 0x01, 0x00, 0x00, 0x24, 0x01, 0x00,
 0xb5, 0x24, 0x03, 0x00, 0x29, 0xca, 0x03, 0xc1,
 0x0c, 0x03, 0x06, 0x0d, 0x04, 0x20, 0x20, 0x3e,
 0x4a, 0x5e, 0x6b, 0x69, 0x6c, 0x6c, 0x57, 0x6f,
 0x72, 0x64, 0x28, 0x29, 0x20, 0x7b, 0x0a, 0x20,
 0x20, 0x20, 0x20, 0x74, 0x68, 0x69, 0x73, 0x2e,
 0x6b, 0x69, 0x6c, 0x6c, 0x52, 0x65, 0x67, 0x69,
 0x6f, 0x6e, 0x28, 0x74, 0x68, 0x69, 0x73, 0x2e,
 0x63, 0x75, 0x72, 0x73, 0x6f, 0x72, 0x50, 0x6f,
 0x73, 0x2c, 0x20, 0x74, 0x68, 0x69, 0x73, 0x2e,
 0x73, 0x6b, 0x69, 0x70, 0x57, 0x6f, 0x72, 0x64,
 0x46, 0x6f, 0x72, 0x77, 0x61, 0x72, 0x64, 0x28,
 0x74, 0x68, 0x69, 0x73, 0x2e, 0x63, 0x75, 0x72,
 0x73, 0x6f, 0x72, 0x50, 0x6f, 0x73, 0x29, 0x2c,
 0x20, 0x31, 0x29, 0x3b, 0x0a, 0x20, 0x20, 0x7d,
 0x0c, 0x42, 0x0b, 0x01, 0x00, 0x01, 0x03, 0x01,
 0x04, 0x00, 0x03, 0x00, 0xb9, 0x01, 0x04, 0xb4,
 0x0b, 0x00, 0x01, 0x00, 0x98, 0x07, 0x00, 0x00,
 0x00, 0xfa, 0x06, 0x00, 0x01, 0x00, 0x10, 0x00,
 0x01, 0x00, 0xca, 0x04, 0x33, 0x02, 0xa2, 0x04,
 0x1d, 0x1a, 0xfc, 0x03, 0x0e, 0x1a, 0x08, 0xcb,
 0x07, 0xca, 0xd1, 0xb4, 0xa7, 0xea, 0x63, 0xd1,
 0xb4, 0xac, 0x68, 0xab, 0x00, 0x00, 0x00, 0xdd,
 0xc7, 0x40, 0x19, 0x02, 0x00, 0x00, 0xb5, 0x9d,
 0xab, 0xea, 0x25, 0x64, 0x01, 0x00, 0x41, 0x0b,
 0x01, 0x00, 0x00, 0x04, 0x52, 0x01, 0x00, 0x00,
 0x24, 0x01, 0x00, 0x0e, 0x64, 0x01, 0x00, 0x41,
 0x3a, 0x01, 0x00, 0x00, 0x24, 0x00, 0x00, 0x0e,
 0xb4, 0xe1, 0xd1, 0x8d, 0xd5, 0xec, 0xc9, 0x38,
 0x9e, 0x00, 0x00, 0x00, 0x41, 0xdb, 0x02, 0x00,
 0x00, 0xc7, 0x40, 0x19, 0x02, 0x00, 0x00, 0xb5,
 0x9d, 0xdd, 0x9d, 0xd1, 0x24, 0x02, 0x00, 0xca,
 0x64, 0x02, 0x00, 0xb5, 0xc6, 0xf0, 0x0e, 0xd1,
 0xc6, 0x9d, 0xd5, 0xdd, 0xc6, 0x9c, 0xe1, 0xec,
 0x9f, 0xd1, 0x8b, 0xd5, 0xd1, 0xb4, 0xac, 0xea,
 0x46, 0xdd, 0xb4, 0xab, 0xea, 0x1e, 0x64, 0x02,
 0x00, 0xb5, 0xc7, 0x40, 0x19, 0x02, 0x00, 0x00,
 0xb5, 0x9d, 0xb3, 0xf1, 0x0e, 0xd1, 0x8d, 0xd5,
 0xc7, 0x40, 0x19, 0x02, 0x00, 0x00, 0xb5, 0x9d,
 0xe1, 0xec, 0xda, 0x38, 0x9e, 0x00, 0x00, 0x00,
 0x41, 0xdb, 0x02, 0x00, 0x00, 0xd1, 0xdd, 0x24,
 0x02, 0x00, 0xca, 0x64, 0x02, 0x00, 0xb5, 0xc6,
 0x8b, 0xb4, 0xf1, 0x0e, 0xd1, 0xc6, 0x9d, 0xd5,
 0xdd, 0xc6, 0x9d, 0xe1, 0xec, 0xb7, 0x29, 0xca,
 0x03, 0xc5, 0x0c, 0x03, 0x40, 0x00, 0x05, 0x08,
 0x1a, 0x1c, 0x0c, 0x2b, 0x0a, 0x20, 0x1e, 0x1c,
 0x3d, 0x2a, 0x0e, 0x30, 0x0d, 0x2a, 0x0e, 0x17,
 0x0d, 0x0d, 0x00, 0x1d, 0x00, 0x34, 0x1a, 0x20,
 0x1e, 0x0c, 0x08, 0x26, 0x3f, 0x26, 0x00, 0x17,
 0x00, 0x00, 0x06, 0x08, 0x07, 0x18, 0x1e, 0x1c,
 0x0a, 0x17, 0x1f, 0x34, 0x3a, 0x1c, 0x39, 0x12,
 0x00, 0x20, 0x3a, 0x1d, 0x39, 0x34, 0x1a, 0x21,
 0x19, 0x30, 0x00, 0x17, 0x00, 0xd5, 0x06, 0x6d,
 0x6f, 0x76, 0x65, 0x43, 0x75, 0x72, 0x73, 0x6f,
 0x72, 0x28, 0x64, 0x65, 0x6c, 0x74, 0x61, 0x29,
 0x20, 0x7b, 0x0a, 0x20, 0x20, 0x20, 0x20, 0x76,
 0x61, 0x72, 0x20, 0x69, 0x2c, 0x0a, 0x20, 0x20,
 0x20, 0x20, 0x20, 0x20, 0x6c, 0x20, 0x3d, 0x20,
 0x6e, 0x75, 0x6c, 0x6c, 0x3b, 0x0a, 0x0a, 0x20,
 0x20, 0x20, 0x20, 0x69, 0x66, 0x28, 0x64, 0x65,
 0x6c, 0x74, 0x61, 0x20, 0x3e, 0x20, 0x30, 0x29,
 0x20, 0x7b, 0x0a, 0x20, 0x20, 0x20, 0x20, 0x20,
 0x20, 0x77, 0x68, 0x69, 0x6c, 0x65, 0x28, 0x64,
 0x65, 0x6c, 0x74, 0x61, 0x20, 0x21, 0x3d, 0x20,
 0x30, 0x29, 0x20, 0x7b, 0x0a, 0x20, 0x20, 0x20,
 0x20, 0x20, 0x20, 0x20, 0x20, 0x69, 0x66, 0x28,
 0x74, 0x65, 0x72, 0x6d, 0x43, 0x75, 0x72, 0x73,
 0x6f, 0x72, 0x58, 0x20, 0x3d, 0x3d, 0x20, 0x74,
 0x68, 0x69, 0x73, 0x2e, 0x63, 0x6f, 0x6c, 0x75,
 0x6d, 0x6e, 0x73, 0x20, 0x2d, 0x20, 0x31, 0x29,
 0x20, 0x7b, 0x0a, 0x20, 0x20, 0x20, 0x20, 0x20,
 0x20, 0x20, 0x20, 0x20, 0x20, 0x73, 0x74, 0x64,
 0x6f, 0x75, 0x74, 0x2e, 0x70, 0x75, 0x74, 0x73,
 0x28, 0x27, 0x5c, 0x6e, 0x27, 0x29, 0x3b, 0x20,
 0x2f, 0x2a, 0x20, 0x74, 0x72, 0x61, 0x6e, 0x73,
 0x6c, 0x61, 0x74, 0x65, 0x64, 0x20, 0x74, 0x6f,
 0x20, 0x43, 0x52, 0x4c, 0x46, 0x20, 0x2a, 0x2f,
 0x0a, 0x20, 0x20, 0x20, 0x20, 0x20, 0x20, 0x20,
 0x20, 0x20, 0x20, 0x73, 0x74, 0x64, 0x6f, 0x75,
 0x74, 0x2e, 0x66, 0x6c, 0x75, 0x73, 0x68, 0x28,
 0x29, 0x3b, 0x0a, 0x20, 0x20, 0x20, 0x20, 0x20,
 0x20, 0x20, 0x20, 0x20, 0x20, 0x74, 0x65, 0x72,
 0x6d, 0x43, 0x75, 0x72, 0x73, 0x6f, 0x72, 0x58,
 0x20, 0x3d, 0x20, 0x30, 0x3b, 0x0a, 0x20, 0x20,
 0x20, 0x20, 0x20, 0x20, 0x20, 0x20, 0x20, 0x20,
 0x64, 0x65, 0x6c, 0x74, 0x61, 0x2d, 0x2d, 0x3b,
 0x0a, 0x20, 0x20, 0x20, 0x20, 0x20, 0x20, 0x20,
 0x20, 0x7d, 0x20, 0x65, 0x6c, 0x73, 0x65, 0x20,
 0x7b, 0x0a, 0x20, 0x20, 0x20, 0x20, 0x20, 0x20,
 0x20, 0x20, 0x20, 0x20, 0x6c, 0x20, 0x3d, 0x20,
 0x4d, 0x61, 0x74, 0x68, 0x2e, 0x6d, 0x69, 0x6e,
 0x28, 0x74, 0x68, 0x69, 0x73, 0x2e, 0x63, 0x6f,
 0x6c, 0x75, 0x6d, 0x6e, 0x73, 0x20, 0x2d, 0x20,
 0x31, 0x20, 0x2d, 0x20, 0x74, 0x65, 0x72, 0x6d,
 0x43, 0x75, 0x72, 0x73, 0x6f, 0x72, 0x58, 0x2c,
 0x20, 0x64, 0x65, 0x6c, 0x74, 0x61, 0x29, 0x3b,
 0x0a, 0x20, 0x20, 0x20, 0x20, 0x20, 0x20, 0x20,
 0x20, 0x20, 0x20, 0x6d, 0x6f, 0x76, 0x65, 0x43,
 0x75, 0x72, 0x73, 0x6f, 0x72, 0x28, 0x31, 0x2c,
 0x20, 0x6c, 0x29, 0x3b, 0x20, 0x2f, 0x2a, 0x20,
 0x72, 0x69, 0x67, 0x68, 0x74, 0x20, 0x2a, 0x2f,
 0x0a, 0x20, 0x20, 0x20, 0x20, 0x20, 0x20, 0x20,
 0x20, 0x20, 0x20, 0x64, 0x65, 0x6c, 0x74, 0x61,
 0x20, 0x2d, 0x3d, 0x20, 0x6c, 0x3b, 0x0a, 0x20,
 0x20, 0x20, 0x20, 0x20, 0x20, 0x20, 0x20, 0x20,
 0x20, 0x74, 0x65, 0x72, 0x6d, 0x43, 0x75, 0x72,
 0x73, 0x6f, 0x72, 0x58, 0x20, 0x2b, 0x3d, 0x20,
 0x6c, 0x3b, 0x0a, 0x20, 0x20, 0x20, 0x20, 0x20,
 0x20, 0x20, 0x20, 0x7d, 0x0a, 0x20, 0x20, 0x20,
 0x20, 0x20, 0x20, 0x7d, 0x0a, 0x20, 0x20, 0x20,
 0x20, 0x7d, 0x20, 0x65, 0x6c, 0x73, 0x65, 0x20,
 0x7b, 0x0a, 0x20, 0x20, 0x20, 0x20, 0x20, 0x20,
 0x64, 0x65, 0x6c, 0x74, 0x61, 0x20, 0x3d, 0x20,
 0x2d, 0x64, 0x65, 0x6c, 0x74, 0x61, 0x3b, 0x0a,
 0x0a, 0x20, 0x20, 0x20, 0x20, 0x20, 0x20, 0x77,
 0x68, 0x69, 0x6c, 0x65, 0x28, 0x64, 0x65, 0x6c,
 0x74, 0x61, 0x20, 0x21, 0x3d, 0x20, 0x30, 0x29,
 0x20, 0x7b, 0x0a, 0x20, 0x20, 0x20, 0x20, 0x20,
 0x20, 0x20, 0x20, 0x69, 0x66, 0x28, 0x74, 0x65,
 0x72, 0x6d, 0x43, 0x75, 0x72, 0x73, 0x6f, 0x72,
 0x58, 0x20, 0x3d, 0x3d, 0x20, 0x30, 0x29, 0x20,
 0x7b, 0x0a, 0x20, 0x20, 0x20, 0x20, 0x20, 0x20,
 0x20, 0x20, 0x20, 0x20, 0x6d, 0x6f, 0x76, 0x65,
 0x43, 0x75, 0x72, 0x73, 0x6f, 0x72, 0x28, 0x31,
 0x2c, 0x20, 0x74, 0x68, 0x69, 0x73, 0x2e, 0x63,
 0x6f, 0x6c, 0x75, 0x6d, 0x6e, 0x73, 0x20, 0x2d,
 0x20, 0x31, 0x2c, 0x20, 0x2d, 0x31, 0x29, 0x3b,
 0x20, 0x2f, 0x2a, 0x20, 0x75, 0x70, 0x20, 0x2b,
 0x20, 0x72, 0x69, 0x67, 0x68, 0x74, 0x20, 0x2a,
 0x2f, 0x0a, 0x20, 0x20, 0x20, 0x20, 0x20, 0x20,
 0x20, 0x20, 0x20, 0x20, 0x64, 0x65, 0x6c, 0x74,
 0x61, 0x2d, 0x2d, 0x3b, 0x0a, 0x20, 0x20, 0x20,
 0x20, 0x20, 0x20, 0x20, 0x20, 0x20, 0x20, 0x74,
 0x65, 0x72, 0x6d, 0x43, 0x75, 0x72, 0x73, 0x6f,
 0x72, 0x58, 0x20, 0x3d, 0x20, 0x74, 0x68, 0x69,
 0x73, 0x2e, 0x63, 0x6f, 0x6c, 0x75, 0x6d, 0x6e,
 0x73, 0x20, 0x2d, 0x20, 0x31, 0x3b, 0x0a, 0x20,
 0x20, 0x20, 0x20, 0x20, 0x20, 0x20, 0x20, 0x7d,
 0x20, 0x65, 0x6c, 0x73, 0x65, 0x20, 0x7b, 0x0a,
 0x20, 0x20, 0x20, 0x20, 0x20, 0x20, 0x20, 0x20,
 0x20, 0x20, 0x6c, 0x20, 0x3d, 0x20, 0x4d, 0x61,
 0x74, 0x68, 0x2e, 0x6d, 0x69, 0x6e, 0x28, 0x64,
 0x65, 0x6c, 0x74, 0x61, 0x2c, 0x20, 0x74, 0x65,
 0x72, 0x6d, 0x43, 0x75, 0x72, 0x73, 0x6f, 0x72,
 0x58, 0x29, 0x3b, 0x0a, 0x20, 0x20, 0x20, 0x20,
 0x20, 0x20, 0x20, 0x20, 0x20, 0x20, 0x6d, 0x6f,
 0x76, 0x65, 0x43, 0x75, 0x72, 0x73, 0x6f, 0x72,
 0x28, 0x31, 0x2c, 0x20, 0x2d, 0x6c, 0x2c, 0x20,
 0x30, 0x29, 0x3b, 0x20, 0x2f, 0x2a, 0x20, 0x6c,
 0x65, 0x66, 0x74, 0x20, 0x2a, 0x2f, 0x0a, 0x20,
 0x20, 0x20, 0x20, 0x20, 0x20, 0x20, 0x20, 0x20,
 0x20, 0x64, 0x65, 0x6c, 0x74, 0x61, 0x20, 0x2d,
 0x3d, 0x20, 0x6c, 0x3b, 0x0a, 0x20, 0x20, 0x20,
 0x20, 0x20, 0x20, 0x20, 0x20, 0x20, 0x20, 0x74,
 0x65, 0x72, 0x6d, 0x43, 0x75, 0x72, 0x73, 0x6f,
 0x72, 0x58, 0x20, 0x2d, 0x3d, 0x20, 0x6c, 0x3b,
 0x0a, 0x20, 0x20, 0x20, 0x20, 0x20, 0x20, 0x20,
 0x20, 0x7d, 0x0a, 0x20, 0x20, 0x20, 0x20, 0x20,
 0x20, 0x7d, 0x0a, 0x20, 0x20, 0x20, 0x20, 0x7d,
 0x0a, 0x20, 0x20, 0x7d, 0x0c, 0x42, 0x0b, 0x01,
 0x00, 0x02, 0x01, 0x02, 0x05, 0x00, 0x00, 0x01,
 0x7c, 0x03, 0xe2, 0x06, 0x00, 0x01, 0x00, 0xe4,
 0x06, 0x00, 0x01, 0x00, 0xe6, 0x06, 0x00, 0x00,
 0x00, 0x07, 0x02, 0x30, 0x07, 0xc9, 0x38, 0xb5,
 0x01, 0x00, 0x00, 0xd1, 0xef, 0x95, 0xea, 0x0a,
 0xd1, 0x41, 0x38, 0x00, 0x00, 0x00, 0x25, 0x00,
 0x00, 0xd1, 0xb4, 0xab, 0xea, 0x15, 0xb5, 0xd1,
 0x9a, 0xb4, 0xa5, 0xea, 0x09, 0x04, 0xb9, 0x01,
 0x00, 0x00, 0xc9, 0xec, 0x52, 0xbe, 0x00, 0xc9,
 0xec, 0x4d, 0xd2, 0xbc, 0x10, 0xab, 0xea, 0x3d,
 0xd1, 0x38, 0x9e, 0x00, 0x00, 0x00, 0x41, 0x18,
 0x02, 0x00, 0x00, 0xd1, 0x24, 0x01, 0x00, 0xad,
 0xea, 0x2b, 0x07, 0xc9, 0xd1, 0xb4, 0xa5, 0xea,
 0x0c, 0xd1, 0x8b, 0xd5, 0x04, 0xba, 0x01, 0x00,
 0x00, 0xc9, 0xec, 0x03, 0xc0, 0xc9, 0xc5, 0x04,
 0xbb, 0x01, 0x00, 0x00, 0xd1, 0x41, 0x38, 0x00,
 0x00, 0x00, 0xbc, 0x10, 0x24, 0x01, 0x00, 0x9c,
 0x9c, 0xc9, 0xec, 0x0b, 0xd1, 0x41, 0x38, 0x00,
 0x00, 0x00, 0x24, 0x00, 0x00, 0xc9, 0xc5, 0x28,
 0xca, 0x03, 0xe9, 0x0c, 0x03, 0x26, 0x28, 0x1e,
 0x3b, 0x03, 0x18, 0x01, 0x1c, 0x02, 0x0c, 0x08,
 0x16, 0x06, 0x2b, 0x11, 0x22, 0x0e, 0x20, 0x18,
 0x34, 0x16, 0x36, 0x33, 0x17, 0x09, 0x12, 0x00,
 0x2c, 0x00, 0x0f, 0x03, 0x20, 0x18, 0x20, 0x04,
 0x36, 0x1b, 0x20, 0x0c, 0x9a, 0x04, 0x6e, 0x75,
 0x6d, 0x62, 0x65, 0x72, 0x54, 0x6f, 0x53, 0x74,
 0x72, 0x69, 0x6e, 0x67, 0x28, 0x61, 0x2c, 0x20,
 0x72, 0x61, 0x64, 0x69, 0x78, 0x29, 0x20, 0x7b,
 0x0a, 0x20, 0x20, 0x20, 0x20, 0x76, 0x61, 0x72,
 0x20, 0x73, 0x20, 0x3d, 0x20, 0x6e, 0x75, 0x6c,
 0x6c, 0x3b, 0x0a, 0x0a, 0x20, 0x20, 0x20, 0x20,
 0x69, 0x66, 0x28, 0x21, 0x69, 0x73, 0x46, 0x69,
 0x6e, 0x69, 0x74, 0x65, 0x28, 0x61, 0x29, 0x29,
 0x20, 0x7b, 0x0a, 0x20, 0x20, 0x20, 0x20, 0x20,
 0x20, 0x2f, 0x2a, 0x20, 0x4e, 0x61, 0x4e, 0x2c,
 0x20, 0x49, 0x6e, 0x66, 0x69, 0x6e, 0x69, 0x74,
 0x65, 0x20, 0x2a, 0x2f, 0x0a, 0x20, 0x20, 0x20,
 0x20, 0x20, 0x20, 0x72, 0x65, 0x74, 0x75, 0x72,
 0x6e, 0x20, 0x61, 0x2e, 0x74, 0x6f, 0x53, 0x74,
 0x72, 0x69, 0x6e, 0x67, 0x28, 0x29, 0x3b, 0x0a,
 0x20, 0x20, 0x20, 0x20, 0x7d, 0x20, 0x65, 0x6c,
 0x73, 0x65, 0x20, 0x7b, 0x0a, 0x20, 0x20, 0x20,
 0x20, 0x20, 0x20, 0x69, 0x66, 0x28, 0x61, 0x20,
 0x3d, 0x3d, 0x20, 0x30, 0x29, 0x20, 0x7b, 0x0a,
 0x20, 0x20, 0x20, 0x20, 0x20, 0x20, 0x20, 0x20,
 0x69, 0x66, 0x28, 0x31, 0x20, 0x2f, 0x20, 0x61,
 0x20, 0x3c, 0x20, 0x30, 0x29, 0x20, 0x73, 0x20,
 0x3d, 0x20, 0x27, 0x2d, 0x30, 0x27, 0x3b, 0x0a,
 0x20, 0x20, 0x20, 0x20, 0x20, 0x20, 0x20, 0x20,
 0x65, 0x6c, 0x73, 0x65, 0x20, 0x73, 0x20, 0x3d,
 0x20, 0x27, 0x30, 0x27, 0x3b, 0x0a, 0x20, 0x20,
 0x20, 0x20, 0x20, 0x20, 0x7d, 0x20, 0x65, 0x6c,
 0x73, 0x65, 0x20, 0x7b, 0x0a, 0x20, 0x20, 0x20,
 0x20, 0x20, 0x20, 0x20, 0x20, 0x69, 0x66, 0x28,
 0x72, 0x61, 0x64, 0x69, 0x78, 0x20, 0x3d, 0x3d,
 0x20, 0x31, 0x36, 0x20, 0x26, 0x26, 0x20, 0x61,
 0x20, 0x3d, 0x3d, 0x3d, 0x20, 0x4d, 0x61, 0x74,
 0x68, 0x2e, 0x66, 0x6c, 0x6f, 0x6f, 0x72, 0x28,
 0x61, 0x29, 0x29, 0x20, 0x7b, 0x0a, 0x20, 0x20,
 0x20, 0x20, 0x20, 0x20, 0x20, 0x20, 0x20, 0x20,
 0x76, 0x61, 0x72, 0x20, 0x73, 0x20, 0x3d, 0x20,
 0x6e, 0x75, 0x6c, 0x6c, 0x3b, 0x0a, 0x20, 0x20,
 0x20, 0x20, 0x20, 0x20, 0x20, 0x20, 0x20, 0x20,
 0x69, 0x66, 0x28, 0x61, 0x20, 0x3c, 0x20, 0x30,
 0x29, 0x20, 0x7b, 0x0a, 0x20, 0x20, 0x20, 0x20,
 0x20, 0x20, 0x20, 0x20, 0x20, 0x20, 0x20, 0x20,
 0x61, 0x20, 0x3d, 0x20, 0x2d, 0x61, 0x3b, 0x0a,
 0x20, 0x20, 0x20, 0x20, 0x20, 0x20, 0x20, 0x20,
 0x20, 0x20, 0x20, 0x20, 0x73, 0x20, 0x3d, 0x20,
 0x27, 0x2d, 0x27, 0x3b, 0x0a, 0x20, 0x20, 0x20,
 0x20, 0x20, 0x20, 0x20, 0x20, 0x20, 0x20, 0x7d,
 0x20, 0x65, 0x6c, 0x73, 0x65, 0x20, 0x7b, 0x0a,
 0x20, 0x20, 0x20, 0x20, 0x20, 0x20, 0x20, 0x20,
 0x20, 0x20, 0x20, 0x20, 0x73, 0x20, 0x3d, 0x20,
 0x27, 0x27, 0x3b, 0x0a, 0x20, 0x20, 0x20, 0x20,
 0x20, 0x20, 0x20, 0x20, 0x20, 0x20, 0x7d, 0x0a,
 0x0a, 0x20, 0x20, 0x20, 0x20, 0x20, 0x20, 0x20,
 0x20, 0x20, 0x20, 0x73, 0x20, 0x2b, 0x3d, 0x20,
 0x27, 0x30, 0x78, 0x27, 0x20, 0x2b, 0x20, 0x61,
 0x2e, 0x74, 0x6f, 0x53, 0x74, 0x72, 0x69, 0x6e,
 0x67, 0x28, 0x31, 0x36, 0x29, 0x3b, 0x0a, 0x20,
 0x20, 0x20, 0x20, 0x20, 0x20, 0x20, 0x20, 0x7d,
 0x20, 0x65, 0x6c, 0x73, 0x65, 0x20, 0x7b, 0x0a,
 0x20, 0x20, 0x20, 0x20, 0x20, 0x20, 0x20, 0x20,
 0x20, 0x20, 0x73, 0x20, 0x3d, 0x20, 0x61, 0x2e,
 0x74, 0x6f, 0x53, 0x74, 0x72, 0x69, 0x6e, 0x67,
 0x28, 0x29, 0x3b, 0x0a, 0x20, 0x20, 0x20, 0x20,
 0x20, 0x20, 0x20, 0x20, 0x7d, 0x0a, 0x20, 0x20,
 0x20, 0x20, 0x20, 0x20, 0x7d, 0x0a, 0x0a, 0x20,
 0x20, 0x20, 0x20, 0x20, 0x20, 0x72, 0x65, 0x74,
 0x75, 0x72, 0x6e, 0x20, 0x73, 0x3b, 0x0a, 0x20,
 0x20, 0x20, 0x20, 0x7d, 0x0a, 0x20, 0x20, 0x7d,
 0x0c, 0x42, 0x0b, 0x01, 0x00, 0x01, 0x02, 0x01,
 0x02, 0x02, 0x03, 0x01, 0x0b, 0x03, 0xe2, 0x06,
 0x00, 0x01, 0x00, 0x6c, 0x00, 0x00, 0x40, 0x00,
 0xb8, 0x0b, 0x00, 0x01, 0x40, 0x01, 0xa2, 0x04,
 0x1d, 0x1a, 0xa8, 0x04, 0x22, 0x02, 0xb6, 0x04,
 0x29, 0x02, 0x0c, 0x43, 0x0a, 0x01, 0xb8, 0x0b,
 0x01, 0x07, 0x01, 0x06, 0x00, 0x05, 0x00, 0xdc,
 0x07, 0x08, 0xe2, 0x06, 0x00, 0x01, 0x00, 0xee,
 0x04, 0x00, 0x00, 0x00, 0x98, 0x07, 0x00, 0x01,
 0x00, 0x60, 0x00, 0x02, 0x00, 0xba, 0x0b, 0x00,
 0x03, 0x00, 0xde, 0x07, 0x00, 0x04, 0x00, 0xe6,
 0x06, 0x00, 0x05, 0x00, 0x10, 0x00, 0x01, 0x00,
 0xa2, 0x04, 0x00, 0x1a, 0x6c, 0x00, 0x00, 0xa8,
 0x04, 0x01, 0x02, 0xb8, 0x0b, 0x01, 0x00, 0xb6,
 0x04, 0x02, 0x02, 0x08, 0xc2, 0x06, 0x07, 0xc2,
 0x05, 0xd1, 0x96, 0xc3, 0x04, 0x04, 0x4a, 0x00,
 0x00, 0x00, 0xad, 0x68, 0x2a, 0x02, 0x00, 0x00,
 0xd1, 0xf3, 0xea, 0x1b, 0x64, 0x00, 0x00, 0x41,
 0x0b, 0x01, 0x00, 0x00, 0xd1, 0x24, 0x01, 0x00,
 0x0e, 0x64, 0x00, 0x00, 0x41, 0x3a, 0x01, 0x00,
 0x00, 0x24, 0x00, 0x00, 0x0e, 0x29, 0xde, 0x41,
 0xbe, 0x01, 0x00, 0x00, 0xd1, 0x24, 0x01, 0x00,
 0xb4, 0xa8, 0xea, 0x1f, 0x64, 0x00, 0x00, 0x41,
 0x0b, 0x01, 0x00, 0x00, 0x04, 0xde, 0x02, 0x00,
 0x00, 0x24, 0x01, 0x00, 0x0e, 0x64, 0x00, 0x00,
 0x41, 0x3a, 0x01, 0x00, 0x00, 0x24, 0x00, 0x00,
 0x0e, 0x29, 0xdf, 0xea, 0x6e, 0xd1, 0x38, 0xdf,
 0x02, 0x00, 0x00, 0xa9, 0x11, 0xeb, 0x40, 0x0e,
 0xd1, 0x38, 0xe0, 0x02, 0x00, 0x00, 0xa9, 0x11,
 0xeb, 0x35, 0x0e, 0xd1, 0x38, 0xe1, 0x02, 0x00,
 0x00, 0xa9, 0x11, 0xeb, 0x2a, 0x0e, 0xd1, 0x38,
 0xe2, 0x02, 0x00, 0x00, 0xa9, 0x11, 0xeb, 0x1f,
 0x0e, 0xd1, 0x38, 0xe3, 0x02, 0x00, 0x00, 0xa9,
 0x11, 0xeb, 0x14, 0x0e, 0xd1, 0x38, 0xe4, 0x02,
 0x00, 0x00, 0xa9, 0x11, 0xeb, 0x09, 0x0e, 0xd1,
 0x38, 0xe5, 0x02, 0x00, 0x00, 0xa9, 0xea, 0x23,
 0x64, 0x00, 0x00, 0x41, 0x0b, 0x01, 0x00, 0x00,
 0xd1, 0x41, 0x38, 0x00, 0x00, 0x00, 0x24, 0x00,
 0x00, 0x24, 0x01, 0x00, 0x0e, 0x64, 0x00, 0x00,
 0x41, 0x3a, 0x01, 0x00, 0x00, 0x24, 0x00, 0x00,
 0x0e, 0x29, 0xde, 0x41, 0xf2, 0x01, 0x00, 0x00,
 0xd1, 0x24, 0x01, 0x00, 0x0e, 0x38, 0x97, 0x00,
 0x00, 0x00, 0x41, 0xfd, 0x00, 0x00, 0x00, 0xd1,
 0x24, 0x01, 0x00, 0x68, 0x90, 0x00, 0x00, 0x00,
 0xd1, 0xe9, 0xc9, 0x64, 0x00, 0x00, 0x41, 0x0b,
 0x01, 0x00, 0x00, 0x04, 0xe6, 0x02, 0x00, 0x00,
 0x24, 0x01, 0x00, 0x0e, 0xb4, 0xca, 0xc6, 0xc5,
 0xa5, 0xea, 0x52, 0xc6, 0xb4, 0xae, 0xea, 0x12,
 0x64, 0x00, 0x00, 0x41, 0x0b, 0x01, 0x00, 0x00,
 0x04, 0xe7, 0x02, 0x00, 0x00, 0x24, 0x01, 0x00,
 0x0e, 0xc6, 0xd1, 0xaa, 0xea, 0x09, 0xe0, 0xd1,
 0xc6, 0x46, 0xef, 0x0e, 0xec, 0x12, 0x64, 0x00,
 0x00, 0x41, 0x0b, 0x01, 0x00, 0x00, 0x04, 0xe8,
 0x02, 0x00, 0x00, 0x24, 0x01, 0x00, 0x0e, 0xc6,
 0xbc, 0x14, 0xa7, 0xea, 0x14, 0x64, 0x00, 0x00,
 0x41, 0x0b, 0x01, 0x00, 0x00, 0x04, 0xe9, 0x02,
 0x00, 0x00, 0x24, 0x01, 0x00, 0x0e, 0xec, 0x05,
 0x92, 0x01, 0xec, 0xab, 0x64, 0x00, 0x00, 0x41,
 0x0b, 0x01, 0x00, 0x00, 0x04, 0xea, 0x02, 0x00,
 0x00, 0x24, 0x01, 0x00, 0x0e, 0x64, 0x00, 0x00,
 0x41, 0x3a, 0x01, 0x00, 0x00, 0x24, 0x00, 0x00,
 0x0e, 0xed, 0xb8, 0x00, 0x38, 0x96, 0x00, 0x00,
 0x00, 0x41, 0xeb, 0x02, 0x00, 0x00, 0xd1, 0x24,
 0x01, 0x00, 0x04, 0xa4, 0x00, 0x00, 0x00, 0xad,
 0xea, 0x25, 0x64, 0x00, 0x00, 0x41, 0x0b, 0x01,
 0x00, 0x00, 0xd1, 0x41, 0x38, 0x00, 0x00, 0x00,
 0x24, 0x00, 0x00, 0x24, 0x01, 0x00, 0x0e, 0x64,
 0x00, 0x00, 0x41, 0x3a, 0x01, 0x00, 0x00, 0x24,
 0x00, 0x00, 0x0e, 0xed, 0x7e, 0x00, 0x38, 0x96,
 0x00, 0x00, 0x00, 0x41, 0x30, 0x00, 0x00, 0x00,
 0xd1, 0x24, 0x01, 0x00, 0xcf, 0xe9, 0xc9, 0x64,
 0x00, 0x00, 0x41, 0x0b, 0x01, 0x00, 0x00, 0x04,
 0xec, 0x02, 0x00, 0x00, 0x24, 0x01, 0x00, 0x0e,
 0xb4, 0xca, 0xc6, 0xc5, 0xa5, 0xea, 0x37, 0xc6,
 0xb4, 0xae, 0xea, 0x12, 0x64, 0x00, 0x00, 0x41,
 0x0b, 0x01, 0x00, 0x00, 0x04, 0xe7, 0x02, 0x00,
 0x00, 0x24, 0x01, 0x00, 0x0e, 0xc7, 0xc6, 0x46,
 0xcc, 0x64, 0x00, 0x00, 0x41, 0x0b, 0x01, 0x00,
 0x00, 0xc8, 0x04, 0xed, 0x02, 0x00, 0x00, 0x24,
 0x02, 0x00, 0x0e, 0xe0, 0xd1, 0xc8, 0x46, 0xef,
 0x0e, 0x92, 0x01, 0xec, 0xc6, 0x64, 0x00, 0x00,
 0x41, 0x0b, 0x01, 0x00, 0x00, 0x04, 0xee, 0x02,
 0x00, 0x00, 0x24, 0x01, 0x00, 0x0e, 0x64, 0x00,
 0x00, 0x41, 0x3a, 0x01, 0x00, 0x00, 0x24, 0x00,
 0x00, 0x0e, 0xde, 0x41, 0xef, 0x02, 0x00, 0x00,
 0xd1, 0x24, 0x01, 0x00, 0x0e, 0x29, 0xc1, 0x04,
 0x04, 0x49, 0x00, 0x00, 0x00, 0xad, 0xea, 0x42,
 0xd1, 0x41, 0xf0, 0x02, 0x00, 0x00, 0x24, 0x00,
 0x00, 0xc3, 0x05, 0xe9, 0xbc, 0x4f, 0xa7, 0xea,
 0x16, 0xc1, 0x05, 0x41, 0xe1, 0x01, 0x00, 0x00,
 0xb4, 0xbc, 0x4b, 0x24, 0x02, 0x00, 0x04, 0xf1,
 0x02, 0x00, 0x00, 0x9c, 0xc2, 0x05, 0x64, 0x00,
 0x00, 0x41, 0x0b, 0x01, 0x00, 0x00, 0xc1, 0x05,
 0x24, 0x01, 0x00, 0x0e, 0x64, 0x00, 0x00, 0x41,
 0x3a, 0x01, 0x00, 0x00, 0x24, 0x00, 0x00, 0x0e,
 0x29, 0xc1, 0x04, 0x04, 0x47, 0x00, 0x00, 0x00,
 0xad, 0xea, 0x30, 0x64, 0x00, 0x00, 0x41, 0x0b,
 0x01, 0x00, 0x00, 0xc1, 0x06, 0x41, 0xf2, 0x02,
 0x00, 0x00, 0xd1, 0x5d, 0x04, 0x00, 0xea, 0x05,
 0xbc, 0x10, 0xec, 0x03, 0xbc, 0x0a, 0x24, 0x02,
 0x00, 0x24, 0x01, 0x00, 0x0e, 0x64, 0x00, 0x00,
 0x41, 0x3a, 0x01, 0x00, 0x00, 0x24, 0x00, 0x00,
 0x0e, 0x29, 0xc1, 0x04, 0x04, 0x8e, 0x00, 0x00,
 0x00, 0xad, 0xea, 0x30, 0x64, 0x00, 0x00, 0x41,
 0x0b, 0x01, 0x00, 0x00, 0xc1, 0x06, 0x41, 0xf3,
 0x02, 0x00, 0x00, 0xd1, 0x5d, 0x04, 0x00, 0xea,
 0x05, 0xbc, 0x10, 0xec, 0x03, 0xbc, 0x0a, 0x24,
 0x02, 0x00, 0x24, 0x01, 0x00, 0x0e, 0x64, 0x00,
 0x00, 0x41, 0x3a, 0x01, 0x00, 0x00, 0x24, 0x00,
 0x00, 0x0e, 0x29, 0xc1, 0x04, 0x04, 0xbc, 0x01,
 0x00, 0x00, 0xad, 0xea, 0x30, 0x64, 0x00, 0x00,
 0x41, 0x0b, 0x01, 0x00, 0x00, 0xc1, 0x06, 0x41,
 0xf4, 0x02, 0x00, 0x00, 0xd1, 0x5d, 0x04, 0x00,
 0xea, 0x05, 0xbc, 0x10, 0xec, 0x03, 0xbc, 0x0a,
 0x24, 0x02, 0x00, 0x24, 0x01, 0x00, 0x0e, 0x64,
 0x00, 0x00, 0x41, 0x3a, 0x01, 0x00, 0x00, 0x24,
 0x00, 0x00, 0x0e, 0x29, 0xc1, 0x04, 0x04, 0xf5,
 0x02, 0x00, 0x00, 0xad, 0xea, 0x29, 0x64, 0x00,
 0x00, 0x41, 0x0b, 0x01, 0x00, 0x00, 0xd1, 0x41,
 0x38, 0x00, 0x00, 0x00, 0x24, 0x00, 0x00, 0x04,
 0x0a, 0x02, 0x00, 0x00, 0x9c, 0x24, 0x01, 0x00,
 0x0e, 0x64, 0x00, 0x00, 0x41, 0x3a, 0x01, 0x00,
 0x00, 0x24, 0x00, 0x00, 0x0e, 0x29, 0xc1, 0x04,
 0x04, 0x4b, 0x00, 0x00, 0x00, 0xad, 0xea, 0x21,
 0x64, 0x00, 0x00, 0x41, 0x0b, 0x01, 0x00, 0x00,
 0x38, 0x9a, 0x00, 0x00, 0x00, 0xd1, 0xef, 0x24,
 0x01, 0x00, 0x0e, 0x64, 0x00, 0x00, 0x41, 0x3a,
 0x01, 0x00, 0x00, 0x24, 0x00, 0x00, 0x0e, 0x29,
 0xc1, 0x04, 0x04, 0x1b, 0x00, 0x00, 0x00, 0xad,
 0xea, 0x2c, 0x64, 0x00, 0x00, 0x41, 0x0b, 0x01,
 0x00, 0x00, 0x04, 0xf6, 0x02, 0x00, 0x00, 0xd1,
 0x40, 0x37, 0x00, 0x00, 0x00, 0x9c, 0x04, 0xf7,
 0x02, 0x00, 0x00, 0x9c, 0x24, 0x01, 0x00, 0x0e,
 0x64, 0x00, 0x00, 0x41, 0x3a, 0x01, 0x00, 0x00,
 0x24, 0x00, 0x00, 0x0e, 0x29, 0x64, 0x00, 0x00,
 0x41, 0x0b, 0x01, 0x00, 0x00, 0xd1, 0x24, 0x01,
 0x00, 0x0e, 0x64, 0x00, 0x00, 0x41, 0x3a, 0x01,
 0x00, 0x00, 0x24, 0x00, 0x00, 0x0e, 0x29, 0xca,
 0x03, 0x8a, 0x0d, 0x05, 0x83, 0x02, 0x00, 0x06,
 0x10, 0x04, 0x17, 0x18, 0x3f, 0x01, 0x12, 0x0d,
 0x2a, 0x18, 0x1c, 0x17, 0x2a, 0x0e, 0x3a, 0x1e,
 0x16, 0x0c, 0x17, 0x37, 0x2a, 0x0e, 0x30, 0x0d,
 0x2a, 0x0e, 0x32, 0x0e, 0x39, 0x32, 0x39, 0x30,
 0x39, 0x28, 0x39, 0x36, 0x39, 0x30, 0x39, 0x42,
 0x2c, 0xcd, 0x02, 0x2a, 0x18, 0x20, 0x04, 0x26,
 0x1b, 0x2a, 0x0e, 0x1d, 0x0d, 0x20, 0x16, 0x4e,
 0x0c, 0x30, 0x1d, 0x12, 0x00, 0x2a, 0x0e, 0x3f,
 0x10, 0x1c, 0x07, 0x16, 0x06, 0x2a, 0x0e, 0x35,
 0x15, 0x17, 0x0b, 0x07, 0x12, 0x27, 0x11, 0x2a,
 0x0e, 0x36, 0x03, 0x1c, 0x09, 0x2a, 0x0e, 0x00,
 0x0f, 0x08, 0x15, 0x2a, 0x0e, 0x30, 0x0d, 0x2a,
 0x0e, 0x58, 0x26, 0x16, 0x0e, 0x2b, 0x41, 0x2a,
 0x18, 0x20, 0x04, 0x26, 0x1b, 0x2a, 0x0e, 0x27,
 0x0d, 0x34, 0x26, 0x1c, 0x00, 0x0d, 0x25, 0x2a,
 0x0e, 0x3f, 0x10, 0x1c, 0x07, 0x16, 0x06, 0x2a,
 0x0e, 0x30, 0x25, 0x17, 0x00, 0x2a, 0x18, 0x35,
 0x17, 0x07, 0x12, 0x31, 0x15, 0x2a, 0x0e, 0x30,
 0x0d, 0x2a, 0x0e, 0x18, 0x11, 0x20, 0x14, 0x2c,
 0x0a, 0x2b, 0x21, 0x20, 0x0c, 0x21, 0x10, 0x1b,
 0x08, 0x25, 0x0c, 0x20, 0x26, 0x2b, 0x55, 0x2a,
 0x18, 0x21, 0x17, 0x2a, 0x0e, 0x26, 0x14, 0x2b,
 0x21, 0x2a, 0x18, 0x25, 0x28, 0x62, 0x3f, 0x2a,
 0x0e, 0x26, 0x14, 0x2b, 0x21, 0x2a, 0x18, 0x25,
 0x28, 0x62, 0x3f, 0x2a, 0x0e, 0x26, 0x14, 0x2b,
 0x21, 0x2a, 0x18, 0x25, 0x2c, 0x62, 0x43, 0x2a,
 0x0e, 0x26, 0x14, 0x2b, 0x21, 0x2a, 0x18, 0x20,
 0x04, 0x11, 0x1a, 0x35, 0x35, 0x2a, 0x0e, 0x26,
 0x14, 0x2b, 0x21, 0x2a, 0x18, 0x1b, 0x0e, 0x21,
 0x25, 0x2a, 0x0e, 0x26, 0x14, 0x2b, 0x21, 0x2a,
 0x0e, 0x1b, 0x26, 0x25, 0x12, 0x35, 0x45, 0x2a,
 0x0e, 0x1d, 0x0d, 0x2a, 0x18, 0x1c, 0x17, 0x2a,
 0x0e, 0xd6, 0x14, 0x66, 0x75, 0x6e, 0x63, 0x74,
 0x69, 0x6f, 0x6e, 0x20, 0x70, 0x72, 0x69, 0x6e,
 0x74, 0x52, 0x65, 0x63, 0x28, 0x61, 0x29, 0x20,
 0x7b, 0x0a, 0x20, 0x20, 0x20, 0x20, 0x20, 0x20,
 0x76, 0x61, 0x72, 0x20, 0x6e, 0x2c, 0x0a, 0x20,
 0x20, 0x20, 0x20, 0x20, 0x20, 0x20, 0x20, 0x69,
 0x2c, 0x0a, 0x20, 0x20, 0x20, 0x20, 0x20, 0x20,
 0x20, 0x20, 0x6b, 0x65, 0x79, 0x73, 0x2c, 0x0a,
 0x20, 0x20, 0x20, 0x20, 0x20, 0x20, 0x20, 0x20,
 0x6b, 0x65, 0x79, 0x2c, 0x0a, 0x20, 0x20, 0x20,
 0x20, 0x20, 0x20, 0x20, 0x20, 0x74, 0x79, 0x70,
 0x65, 0x2c, 0x0a, 0x20, 0x20, 0x20, 0x20, 0x20,
 0x20, 0x20, 0x20, 0x73, 0x20, 0x3d, 0x20, 0x6e,
 0x75, 0x6c, 0x6c, 0x3b, 0x0a, 0x0a, 0x20, 0x20,
 0x20, 0x20, 0x20, 0x20, 0x74, 0x79, 0x70, 0x65,
 0x20, 0x3d, 0x20, 0x74, 0x79, 0x70, 0x65, 0x6f,
 0x66, 0x20, 0x61, 0x3b, 0x0a, 0x20, 0x20, 0x20,
 0x20, 0x20, 0x20, 0x69, 0x66, 0x28, 0x74, 0x79,
 0x70, 0x65, 0x20, 0x3d, 0x3d, 0x3d, 0x20, 0x27,
 0x6f, 0x62, 0x6a, 0x65, 0x63, 0x74, 0x27, 0x29,
 0x20, 0x7b, 0x0a, 0x20, 0x20, 0x20, 0x20, 0x20,
 0x20, 0x20, 0x20, 0x69, 0x66, 0x28, 0x61, 0x20,
 0x3d, 0x3d, 0x3d, 0x20, 0x6e, 0x75, 0x6c, 0x6c,
 0x29, 0x20, 0x7b, 0x0a, 0x20, 0x20, 0x20, 0x20,
 0x20, 0x20, 0x20, 0x20, 0x20, 0x20, 0x73, 0x74,
 0x64, 0x6f, 0x75, 0x74, 0x2e, 0x70, 0x75, 0x74,
 0x73, 0x28, 0x61, 0x29, 0x3b, 0x0a, 0x20, 0x20,
 0x20, 0x20, 0x20, 0x20, 0x20, 0x20, 0x20, 0x20,
 0x73, 0x74, 0x64, 0x6f, 0x75, 0x74, 0x2e, 0x66,
 0x6c, 0x75, 0x73, 0x68, 0x28, 0x29, 0x3b, 0x0a,
 0x20, 0x20, 0x20, 0x20, 0x20, 0x20, 0x20, 0x20,
 0x7d, 0x20, 0x65, 0x6c, 0x73, 0x65, 0x20, 0x69,
 0x66, 0x28, 0x73, 0x74, 0x61, 0x63, 0x6b, 0x2e,
 0x69, 0x6e, 0x64, 0x65, 0x78, 0x4f, 0x66, 0x28,
 0x61, 0x29, 0x20, 0x3e, 0x3d, 0x20, 0x30, 0x29,
 0x20, 0x7b, 0x0a, 0x20, 0x20, 0x20, 0x20, 0x20,
 0x20, 0x20, 0x20, 0x20, 0x20, 0x73, 0x74, 0x64,
 0x6f, 0x75, 0x74, 0x2e, 0x70, 0x75, 0x74, 0x73,
 0x28, 0x27, 0x5b, 0x63, 0x69, 0x72, 0x63, 0x75,
 0x6c, 0x61, 0x72, 0x5d, 0x27, 0x29, 0x3b, 0x0a,
 0x20, 0x20, 0x20, 0x20, 0x20, 0x20, 0x20, 0x20,
 0x20, 0x20, 0x73, 0x74, 0x64, 0x6f, 0x75, 0x74,
 0x2e, 0x66, 0x6c, 0x75, 0x73, 0x68, 0x28, 0x29,
 0x3b, 0x0a, 0x20, 0x20, 0x20, 0x20, 0x20, 0x20,
 0x20, 0x20, 0x7d, 0x20, 0x65, 0x6c, 0x73, 0x65,
 0x20, 0x69, 0x66, 0x28, 0x0a, 0x20, 0x20, 0x20,
 0x20, 0x20, 0x20, 0x20, 0x20, 0x20, 0x20, 0x68,
 0x61, 0x73, 0x4a, 0x73, 0x63, 0x61, 0x6c, 0x63,
 0x20, 0x26, 0x26, 0x0a, 0x20, 0x20, 0x20, 0x20,
 0x20, 0x20, 0x20, 0x20, 0x20, 0x20, 0x28, 0x61,
 0x20, 0x69, 0x6e, 0x73, 0x74, 0x61, 0x6e, 0x63,
 0x65, 0x6f, 0x66, 0x20, 0x46, 0x72, 0x61, 0x63,
 0x74, 0x69, 0x6f, 0x6e, 0x20, 0x7c, 0x7c, 0x20,
 0x61, 0x20, 0x69, 0x6e, 0x73, 0x74, 0x61, 0x6e,
 0x63, 0x65, 0x6f, 0x66, 0x20, 0x43, 0x6f, 0x6d,
 0x70, 0x6c, 0x65, 0x78, 0x20, 0x7c, 0x7c, 0x20,
 0x61, 0x20, 0x69, 0x6e, 0x73, 0x74, 0x61, 0x6e,
 0x63, 0x65, 0x6f, 0x66, 0x20, 0x4d, 0x6f, 0x64,
 0x20, 0x7c, 0x7c, 0x20, 0x61, 0x20, 0x69, 0x6e,
 0x73, 0x74, 0x61, 0x6e, 0x63, 0x65, 0x6f, 0x66,
 0x20, 0x50, 0x6f, 0x6c, 0x79, 0x6e, 0x6f, 0x6d,
 0x69, 0x61, 0x6c, 0x20, 0x7c, 0x7c, 0x20, 0x61,
 0x20, 0x69, 0x6e, 0x73, 0x74, 0x61, 0x6e, 0x63,
 0x65, 0x6f, 0x66, 0x20, 0x50, 0x6f, 0x6c, 0x79,
 0x4d, 0x6f, 0x64, 0x20, 0x7c, 0x7c, 0x20, 0x61,
 0x20, 0x69, 0x6e, 0x73, 0x74, 0x61, 0x6e, 0x63,
 0x65, 0x6f, 0x66, 0x20, 0x52, 0x61, 0x74, 0x69,
 0x6f, 0x6e, 0x61, 0x6c, 0x46, 0x75, 0x6e, 0x63,
 0x74, 0x69, 0x6f, 0x6e, 0x20, 0x7c, 0x7c, 0x20,
 0x61, 0x20, 0x69, 0x6e, 0x73, 0x74, 0x61, 0x6e,
 0x63, 0x65, 0x6f, 0x66, 0x20, 0x53, 0x65, 0x72,
 0x69, 0x65, 0x73, 0x29, 0x0a, 0x20, 0x20, 0x20,
 0x20, 0x20, 0x20, 0x20, 0x20, 0x29, 0x20, 0x7b,
 0x0a, 0x20, 0x20, 0x20, 0x20, 0x20, 0x20, 0x20,
 0x20, 0x20, 0x20, 0x73, 0x74, 0x64, 0x6f, 0x75,
 0x74, 0x2e, 0x70, 0x75, 0x74, 0x73, 0x28, 0x61,
 0x2e, 0x74, 0x6f, 0x53, 0x74, 0x72, 0x69, 0x6e,
 0x67, 0x28, 0x29, 0x29, 0x3b, 0x0a, 0x20, 0x20,
 0x20, 0x20, 0x20, 0x20, 0x20, 0x20, 0x20, 0x20,
 0x73, 0x74, 0x64, 0x6f, 0x75, 0x74, 0x2e, 0x66,
 0x6c, 0x75, 0x73, 0x68, 0x28, 0x29, 0x3b, 0x0a,
 0x20, 0x20, 0x20, 0x20, 0x20, 0x20, 0x20, 0x20,
 0x7d, 0x20, 0x65, 0x6c, 0x73, 0x65, 0x20, 0x7b,
 0x0a, 0x20, 0x20, 0x20, 0x20, 0x20, 0x20, 0x20,
 0x20, 0x20, 0x20, 0x73, 0x74, 0x61, 0x63, 0x6b,
 0x2e, 0x70, 0x75, 0x73, 0x68, 0x28, 0x61, 0x29,
 0x3b, 0x0a, 0x20, 0x20, 0x20, 0x20, 0x20, 0x20,
 0x20, 0x20, 0x20, 0x20, 0x69, 0x66, 0x28, 0x41,
 0x72, 0x72, 0x61, 0x79, 0x2e, 0x69, 0x73, 0x41,
 0x72, 0x72, 0x61, 0x79, 0x28, 0x61, 0x29, 0x29,
 0x20, 0x7b, 0x0a, 0x20, 0x20, 0x20, 0x20, 0x20,
 0x20, 0x20, 0x20, 0x20, 0x20, 0x20, 0x20, 0x6e,
 0x20, 0x3d, 0x20, 0x61, 0x2e, 0x6c, 0x65, 0x6e,
 0x67, 0x74, 0x68, 0x3b, 0x0a, 0x20, 0x20, 0x20,
 0x20, 0x20, 0x20, 0x20, 0x20, 0x20, 0x20, 0x20,
 0x20, 0x73, 0x74, 0x64, 0x6f, 0x75, 0x74, 0x2e,
 0x70, 0x75, 0x74, 0x73, 0x28, 0x27, 0x5b, 0x20,
 0x27, 0x29, 0x3b, 0x0a, 0x20, 0x20, 0x20, 0x20,
 0x20, 0x20, 0x20, 0x20, 0x20, 0x20, 0x20, 0x20,
 0x66, 0x6f, 0x72, 0x28, 0x69, 0x20, 0x3d, 0x20,
 0x30, 0x3b, 0x20, 0x69, 0x20, 0x3c, 0x20, 0x6e,
 0x3b, 0x20, 0x69, 0x2b, 0x2b, 0x29, 0x20, 0x7b,
 0x0a, 0x20, 0x20, 0x20, 0x20, 0x20, 0x20, 0x20,
 0x20, 0x20, 0x20, 0x20, 0x20, 0x20, 0x20, 0x69,
 0x66, 0x28, 0x69, 0x20, 0x21, 0x3d, 0x3d, 0x20,
 0x30, 0x29, 0x20, 0x73, 0x74, 0x64, 0x6f, 0x75,
 0x74, 0x2e, 0x70, 0x75, 0x74, 0x73, 0x28, 0x27,
 0x2c, 0x20, 0x27, 0x29, 0x3b, 0x0a, 0x20, 0x20,
 0x20, 0x20, 0x20, 0x20, 0x20, 0x20, 0x20, 0x20,
 0x20, 0x20, 0x20, 0x20, 0x69, 0x66, 0x28, 0x69,
 0x20, 0x69, 0x6e, 0x20, 0x61, 0x29, 0x20, 0x7b,
 0x0a, 0x20, 0x20, 0x20, 0x20, 0x20, 0x20, 0x20,
 0x20, 0x20, 0x20, 0x20, 0x20, 0x20, 0x20, 0x20,
 0x20, 0x70, 0x72, 0x69, 0x6e, 0x74, 0x52, 0x65,
 0x63, 0x28, 0x61, 0x5b, 0x69, 0x5d, 0x29, 0x3b,
 0x0a, 0x20, 0x20, 0x20, 0x20, 0x20, 0x20, 0x20,
 0x20, 0x20, 0x20, 0x20, 0x20, 0x20, 0x20, 0x7d,
 0x20, 0x65, 0x6c, 0x73, 0x65, 0x20, 0x7b, 0x0a,
 0x20, 0x20, 0x20, 0x20, 0x20, 0x20, 0x20, 0x20,
 0x20, 0x20, 0x20, 0x20, 0x20, 0x20, 0x20, 0x20,
 0x73, 0x74, 0x64, 0x6f, 0x75, 0x74, 0x2e, 0x70,
 0x75, 0x74, 0x73, 0x28, 0x27, 0x3c, 0x65, 0x6d,
 0x70, 0x74, 0x79, 0x3e, 0x27, 0x29, 0x3b, 0x0a,
 0x20, 0x20, 0x20, 0x20, 0x20, 0x20, 0x20, 0x20,
 0x20, 0x20, 0x20, 0x20, 0x20, 0x20, 0x7d, 0x0a,
 0x20, 0x20, 0x20, 0x20, 0x20, 0x20, 0x20, 0x20,
 0x20, 0x20, 0x20, 0x20, 0x20, 0x20, 0x69, 0x66,
 0x28, 0x69, 0x20, 0x3e, 0x20, 0x32, 0x30, 0x29,
 0x20, 0x7b, 0x0a, 0x20, 0x20, 0x20, 0x20, 0x20,
 0x20, 0x20, 0x20, 0x20, 0x20, 0x20, 0x20, 0x20,
 0x20, 0x20, 0x20, 0x73, 0x74, 0x64, 0x6f, 0x75,
 0x74, 0x2e, 0x70, 0x75, 0x74, 0x73, 0x28, 0x27,
 0x2e, 0x2e, 0x2e, 0x27, 0x29, 0x3b, 0x0a, 0x20,
 0x20, 0x20, 0x20, 0x20, 0x20, 0x20, 0x20, 0x20,
 0x20, 0x20, 0x20, 0x20, 0x20, 0x20, 0x20, 0x62,
 0x72, 0x65, 0x61, 0x6b, 0x3b, 0x0a, 0x20, 0x20,
 0x20, 0x20, 0x20, 0x20, 0x20, 0x20, 0x20, 0x20,
 0x20, 0x20, 0x20, 0x20, 0x7d, 0x0a, 0x20, 0x20,
 0x20, 0x20, 0x20, 0x20, 0x20, 0x20, 0x20, 0x20,
 0x20, 0x20, 0x7d, 0x0a, 0x20, 0x20, 0x20, 0x20,
 0x20, 0x20, 0x20, 0x20, 0x20, 0x20, 0x20, 0x20,
 0x73, 0x74, 0x64, 0x6f, 0x75, 0x74, 0x2e, 0x70,
 0x75, 0x74, 0x73, 0x28, 0x27, 0x20, 0x5d, 0x27,
 0x29, 0x3b, 0x0a, 0x20, 0x20, 0x20, 0x20, 0x20,
 0x20, 0x20, 0x20, 0x20, 0x20, 0x20, 0x20, 0x73,
 0x74, 0x64, 0x6f, 0x75, 0x74, 0x2e, 0x66, 0x6c,
 0x75, 0x73, 0x68, 0x28, 0x29, 0x3b, 0x0a, 0x20,
 0x20, 0x20, 0x20, 0x20, 0x20, 0x20, 0x20, 0x20,
 0x20, 0x7d, 0x20, 0x65, 0x6c, 0x73, 0x65, 0x20,
 0x69, 0x66, 0x28, 0x4f, 0x62, 0x6a, 0x65, 0x63,
 0x74, 0x2e, 0x5f, 0x5f, 0x67, 0x65, 0x74, 0x43,
 0x6c, 0x61, 0x73, 0x73, 0x28, 0x61, 0x29, 0x20,
 0x3d, 0x3d, 0x3d, 0x20, 0x27, 0x52, 0x65, 0x67,
 0x45, 0x78, 0x70, 0x27, 0x29, 0x20, 0x7b, 0x0a,
 0x20, 0x20, 0x20, 0x20, 0x20, 0x20, 0x20, 0x20,
 0x20, 0x20, 0x20, 0x20, 0x73, 0x74, 0x64, 0x6f,
 0x75, 0x74, 0x2e, 0x70, 0x75, 0x74, 0x73, 0x28,
 0x61, 0x2e, 0x74, 0x6f, 0x53, 0x74, 0x72, 0x69,
 0x6e, 0x67, 0x28, 0x29, 0x29, 0x3b, 0x0a, 0x20,
 0x20, 0x20, 0x20, 0x20, 0x20, 0x20, 0x20, 0x20,
 0x20, 0x20, 0x20, 0x73, 0x74, 0x64, 0x6f, 0x75,
 0x74, 0x2e, 0x66, 0x6c, 0x75, 0x73, 0x68, 0x28,
 0x29, 0x3b, 0x0a, 0x20, 0x20, 0x20, 0x20, 0x20,
 0x20, 0x20, 0x20, 0x20, 0x20, 0x7d, 0x20, 0x65,
 0x6c, 0x73, 0x65, 0x20, 0x7b, 0x0a, 0x20, 0x20,
 0x20, 0x20, 0x20, 0x20, 0x20, 0x20, 0x20, 0x20,
 0x20, 0x20, 0x6b, 0x65, 0x79, 0x73, 0x20, 0x3d,
 0x20, 0x4f, 0x62, 0x6a, 0x65, 0x63, 0x74, 0x2e,
 0x6b, 0x65, 0x79, 0x73, 0x28, 0x61, 0x29, 0x3b,
 0x0a, 0x20, 0x20, 0x20, 0x20, 0x20, 0x20, 0x20,
 0x20, 0x20, 0x20, 0x20, 0x20, 0x6e, 0x20, 0x3d,
 0x20, 0x6b, 0x65, 0x79, 0x73, 0x2e, 0x6c, 0x65,
 0x6e, 0x67, 0x74, 0x68, 0x3b, 0x0a, 0x20, 0x20,
 0x20, 0x20, 0x20, 0x20, 0x20, 0x20, 0x20, 0x20,
 0x20, 0x20, 0x73, 0x74, 0x64, 0x6f, 0x75, 0x74,
 0x2e, 0x70, 0x75, 0x74, 0x73, 0x28, 0x27, 0x7b,
 0x20, 0x27, 0x29, 0x3b, 0x0a, 0x20, 0x20, 0x20,
 0x20, 0x20, 0x20, 0x20, 0x20, 0x20, 0x20, 0x20,
 0x20, 0x66, 0x6f, 0x72, 0x28, 0x69, 0x20, 0x3d,
 0x20, 0x30, 0x3b, 0x20, 0x69, 0x20, 0x3c, 0x20,
 0x6e, 0x3b, 0x20, 0x69, 0x2b, 0x2b, 0x29, 0x20,
 0x7b, 0x0a, 0x20, 0x20, 0x20, 0x20, 0x20, 0x20,
 0x20, 0x20, 0x20, 0x20, 0x20, 0x20, 0x20, 0x20,
 0x69, 0x66, 0x28, 0x69, 0x20, 0x21, 0x3d, 0x3d,
 0x20, 0x30, 0x29, 0x20, 0x73, 0x74, 0x64, 0x6f,
 0x75, 0x74, 0x2e, 0x70, 0x75, 0x74, 0x73, 0x28,
 0x27, 0x2c, 0x20, 0x27, 0x29, 0x3b, 0x0a, 0x20,
 0x20, 0x20, 0x20, 0x20, 0x20, 0x20, 0x20, 0x20,
 0x20, 0x20, 0x20, 0x20, 0x20, 0x6b, 0x65, 0x79,
 0x20, 0x3d, 0x20, 0x6b, 0x65, 0x79, 0x73, 0x5b,
 0x69, 0x5d, 0x3b, 0x0a, 0x20, 0x20, 0x20, 0x20,
 0x20, 0x20, 0x20, 0x20, 0x20, 0x20, 0x20, 0x20,
 0x20, 0x20, 0x73, 0x74, 0x64, 0x6f, 0x75, 0x74,
 0x2e, 0x70, 0x75, 0x74, 0x73, 0x28, 0x6b, 0x65,
 0x79, 0x2c, 0x20, 0x27, 0x3a, 0x20, 0x27, 0x29,
 0x3b, 0x0a, 0x20, 0x20, 0x20, 0x20, 0x20, 0x20,
 0x20, 0x20, 0x20, 0x20, 0x20, 0x20, 0x20, 0x20,
 0x70, 0x72, 0x69, 0x6e, 0x74, 0x52, 0x65, 0x63,
 0x28, 0x61, 0x5b, 0x6b, 0x65, 0x79, 0x5d, 0x29,
 0x3b, 0x0a, 0x20, 0x20, 0x20, 0x20, 0x20, 0x20,
 0x20, 0x20, 0x20, 0x20, 0x20, 0x20, 0x7d, 0x0a,
 0x20, 0x20, 0x20, 0x20, 0x20, 0x20, 0x20, 0x20,
 0x20, 0x20, 0x20, 0x20, 0x73, 0x74, 0x64, 0x6f,
 0x75, 0x74, 0x2e, 0x70, 0x75, 0x74, 0x73, 0x28,
 0x27, 0x20, 0x7d, 0x27, 0x29, 0x3b, 0x0a, 0x20,
 0x20, 0x20, 0x20, 0x20, 0x20, 0x20, 0x20, 0x20,
 0x20, 0x20, 0x20, 0x73, 0x74, 0x64, 0x6f, 0x75,
 0x74, 0x2e, 0x66, 0x6c, 0x75, 0x73, 0x68, 0x28,
 0x29, 0x3b, 0x0a, 0x20, 0x20, 0x20, 0x20, 0x20,
 0x20, 0x20, 0x20, 0x20, 0x20, 0x7d, 0x0a, 0x20,
 0x20, 0x20, 0x20, 0x20, 0x20, 0x20, 0x20, 0x20,
 0x20, 0x73, 0x74, 0x61, 0x63, 0x6b, 0x2e, 0x70,
 0x6f, 0x70, 0x28, 0x61, 0x29, 0x3b, 0x0a, 0x20,
 0x20, 0x20, 0x20, 0x20, 0x20, 0x20, 0x20, 0x7d,
 0x0a, 0x20, 0x20, 0x20, 0x20, 0x20, 0x20, 0x7d,
 0x20, 0x65, 0x6c, 0x73, 0x65, 0x20, 0x69, 0x66,
 0x28, 0x74, 0x79, 0x70, 0x65, 0x20, 0x3d, 0x3d,
 0x3d, 0x20, 0x27, 0x73, 0x74, 0x72, 0x69, 0x6e,
 0x67, 0x27, 0x29, 0x20, 0x7b, 0x0a, 0x20, 0x20,
 0x20, 0x20, 0x20, 0x20, 0x20, 0x20, 0x73, 0x20,
 0x3d, 0x20, 0x61, 0x2e, 0x5f, 0x5f, 0x71, 0x75,
 0x6f, 0x74, 0x65, 0x28, 0x29, 0x3b, 0x0a, 0x20,
 0x20, 0x20, 0x20, 0x20, 0x20, 0x20, 0x20, 0x69,
 0x66, 0x28, 0x73, 0x2e, 0x6c, 0x65, 0x6e, 0x67,
 0x74, 0x68, 0x20, 0x3e, 0x20, 0x37, 0x39, 0x29,
 0x20, 0x73, 0x20, 0x3d, 0x20, 0x73, 0x2e, 0x73,
 0x75, 0x62, 0x73, 0x74, 0x72, 0x69, 0x6e, 0x67,
 0x28, 0x30, 0x2c, 0x20, 0x37, 0x35, 0x29, 0x20,
 0x2b, 0x20, 0x27, 0x2e, 0x2e, 0x2e, 0x22, 0x27,
 0x3b, 0x0a, 0x20, 0x20, 0x20, 0x20, 0x20, 0x20,
 0x20, 0x20, 0x73, 0x74, 0x64, 0x6f, 0x75, 0x74,
 0x2e, 0x70, 0x75, 0x74, 0x73, 0x28, 0x73, 0x29,
 0x3b, 0x0a, 0x20, 0x20, 0x20, 0x20, 0x20, 0x20,
 0x20, 0x20, 0x73, 0x74, 0x64, 0x6f, 0x75, 0x74,
 0x2e, 0x66, 0x6c, 0x75, 0x73, 0x68, 0x28, 0x29,
 0x3b, 0x0a, 0x20, 0x20, 0x20, 0x20, 0x20, 0x20,
 0x7d, 0x20, 0x65, 0x6c, 0x73, 0x65, 0x20, 0x69,
 0x66, 0x28, 0x74, 0x79, 0x70, 0x65, 0x20, 0x3d,
 0x3d, 0x3d, 0x20, 0x27, 0x6e, 0x75, 0x6d, 0x62,
 0x65, 0x72, 0x27, 0x29, 0x20, 0x7b, 0x0a, 0x20,
 0x20, 0x20, 0x20, 0x20, 0x20, 0x20, 0x20, 0x73,
 0x74, 0x64, 0x6f, 0x75, 0x74, 0x2e, 0x70, 0x75,
 0x74, 0x73, 0x28, 0x74, 0x68, 0x69, 0x73, 0x2e,
 0x6e, 0x75, 0x6d, 0x62, 0x65, 0x72, 0x54, 0x6f,
 0x53, 0x74, 0x72, 0x69, 0x6e, 0x67, 0x28, 0x61,
 0x2c, 0x20, 0x68, 0x65, 0x78, 0x4d, 0x6f, 0x64,
 0x65, 0x20, 0x3f, 0x20, 0x31, 0x36, 0x20, 0x3a,
 0x20, 0x31, 0x30, 0x29, 0x29, 0x3b, 0x0a, 0x20,
 0x20, 0x20, 0x20, 0x20, 0x20, 0x20, 0x20, 0x73,
 0x74, 0x64, 0x6f, 0x75, 0x74, 0x2e, 0x66, 0x6c,
 0x75, 0x73, 0x68, 0x28, 0x29, 0x3b, 0x0a, 0x20,
 0x20, 0x20, 0x20, 0x20, 0x20, 0x7d, 0x20, 0x65,
 0x6c, 0x73, 0x65, 0x20, 0x69, 0x66, 0x28, 0x74,
 0x79, 0x70, 0x65, 0x20, 0x3d, 0x3d, 0x3d, 0x20,
 0x27, 0x62, 0x69, 0x67, 0x69, 0x6e, 0x74, 0x27,
 0x29, 0x20, 0x7b, 0x0a, 0x20, 0x20, 0x20, 0x20,
 0x20, 0x20, 0x20, 0x20, 0x73, 0x74, 0x64, 0x6f,
 0x75, 0x74, 0x2e, 0x70, 0x75, 0x74, 0x73, 0x28,
 0x74, 0x68, 0x69, 0x73, 0x2e, 0x62, 0x69, 0x67,
 0x69, 0x6e, 0x74, 0x54, 0x6f, 0x53, 0x74, 0x72,
 0x69, 0x6e, 0x67, 0x28, 0x61, 0x2c, 0x20, 0x68,
 0x65, 0x78, 0x4d, 0x6f, 0x64, 0x65, 0x20, 0x3f,
 0x20, 0x31, 0x36, 0x20, 0x3a, 0x20, 0x31, 0x30,
 0x29, 0x29, 0x3b, 0x0a, 0x20, 0x20, 0x20, 0x20,
 0x20, 0x20, 0x20, 0x20, 0x73, 0x74, 0x64, 0x6f,
 0x75, 0x74, 0x2e, 0x66, 0x6c, 0x75, 0x73, 0x68,
 0x28, 0x29, 0x3b, 0x0a, 0x20, 0x20, 0x20, 0x20,
 0x20, 0x20, 0x7d, 0x20, 0x65, 0x6c, 0x73, 0x65,
 0x20, 0x69, 0x66, 0x28, 0x74, 0x79, 0x70, 0x65,
 0x20, 0x3d, 0x3d, 0x3d, 0x20, 0x27, 0x62, 0x69,
 0x67, 0x66, 0x6c, 0x6f, 0x61, 0x74, 0x27, 0x29,
 0x20, 0x7b, 0x0a, 0x20, 0x20, 0x20, 0x20, 0x20,
 0x20, 0x20, 0x20, 0x73, 0x74, 0x64, 0x6f, 0x75,
 0x74, 0x2e, 0x70, 0x75, 0x74, 0x73, 0x28, 0x74,
 0x68, 0x69, 0x73, 0x2e, 0x62, 0x69, 0x67, 0x66,
 0x6c, 0x6f, 0x61, 0x74, 0x54, 0x6f, 0x53, 0x74,
 0x72, 0x69, 0x6e, 0x67, 0x28, 0x61, 0x2c, 0x20,
 0x68, 0x65, 0x78, 0x4d, 0x6f, 0x64, 0x65, 0x20,
 0x3f, 0x20, 0x31, 0x36, 0x20, 0x3a, 0x20, 0x31,
 0x30, 0x29, 0x29, 0x3b, 0x0a, 0x20, 0x20, 0x20,
 0x20, 0x20, 0x20, 0x20, 0x20, 0x73, 0x74, 0x64,
 0x6f, 0x75, 0x74, 0x2e, 0x66, 0x6c, 0x75, 0x73,
 0x68, 0x28, 0x29, 0x3b, 0x0a, 0x20, 0x20, 0x20,
 0x20, 0x20, 0x20, 0x7d, 0x20, 0x65, 0x6c, 0x73,
 0x65, 0x20, 0x69, 0x66, 0x28, 0x74, 0x79, 0x70,
 0x65, 0x20, 0x3d, 0x3d, 0x3d, 0x20, 0x27, 0x62,
 0x69, 0x67, 0x64, 0x65, 0x63, 0x69, 0x6d, 0x61,
 0x6c, 0x27, 0x29, 0x20, 0x7b, 0x0a, 0x20, 0x20,
 0x20, 0x20, 0x20, 0x20, 0x20, 0x20, 0x73, 0x74,
 0x64, 0x6f, 0x75, 0x74, 0x2e, 0x70, 0x75, 0x74,
 0x73, 0x28, 0x61, 0x2e, 0x74, 0x6f, 0x53, 0x74,
 0x72, 0x69, 0x6e, 0x67, 0x28, 0x29, 0x20, 0x2b,
 0x20, 0x27, 0x6d, 0x27, 0x29, 0x3b, 0x0a, 0x20,
 0x20, 0x20, 0x20, 0x20, 0x20, 0x20, 0x20, 0x73,
 0x74, 0x64, 0x6f, 0x75, 0x74, 0x2e, 0x66, 0x6c,
 0x75, 0x73, 0x68, 0x28, 0x29, 0x3b, 0x0a, 0x20,
 0x20, 0x20, 0x20, 0x20, 0x20, 0x7d, 0x20, 0x65,
 0x6c, 0x73, 0x65, 0x20, 0x69, 0x66, 0x28, 0x74,
 0x79, 0x70, 0x65, 0x20, 0x3d, 0x3d, 0x3d, 0x20,
 0x27, 0x73, 0x79, 0x6d, 0x62, 0x6f, 0x6c, 0x27,
 0x29, 0x20, 0x7b, 0x0a, 0x20, 0x20, 0x20, 0x20,
 0x20, 0x20, 0x20, 0x20, 0x73, 0x74, 0x64, 0x6f,
 0x75, 0x74, 0x2e, 0x70, 0x75, 0x74, 0x73, 0x28,
 0x53, 0x74, 0x72, 0x69, 0x6e, 0x67, 0x28, 0x61,
 0x29, 0x29, 0x3b, 0x0a, 0x20, 0x20, 0x20, 0x20,
 0x20, 0x20, 0x20, 0x20, 0x73, 0x74, 0x64, 0x6f,
 0x75, 0x74, 0x2e, 0x66, 0x6c, 0x75, 0x73, 0x68,
 0x28, 0x29, 0x3b, 0x0a, 0x20, 0x20, 0x20, 0x20,
 0x20, 0x20, 0x7d, 0x20, 0x65, 0x6c, 0x73, 0x65,
 0x20, 0x69, 0x66, 0x28, 0x74, 0x79, 0x70, 0x65,
 0x20, 0x3d, 0x3d, 0x3d, 0x20, 0x27, 0x66, 0x75,
 0x6e, 0x63, 0x74, 0x69, 0x6f, 0x6e, 0x27, 0x29,
 0x20, 0x7b, 0x0a, 0x20, 0x20, 0x20, 0x20, 0x20,
 0x20, 0x20, 0x20, 0x73, 0x74, 0x64, 0x6f, 0x75,
 0x74, 0x2e, 0x70, 0x75, 0x74, 0x73, 0x28, 0x27,
 0x66, 0x75, 0x6e, 0x63, 0x74, 0x69, 0x6f, 0x6e,
 0x20, 0x27, 0x20, 0x2b, 0x20, 0x61, 0x2e, 0x6e,
 0x61, 0x6d, 0x65, 0x20, 0x2b, 0x20, 0x27, 0x28,
 0x29, 0x27, 0x29, 0x3b, 0x0a, 0x20, 0x20, 0x20,
 0x20, 0x20, 0x20, 0x20, 0x20, 0x73, 0x74, 0x64,
 0x6f, 0x75, 0x74, 0x2e, 0x66, 0x6c, 0x75, 0x73,
 0x68, 0x28, 0x29, 0x3b, 0x0a, 0x20, 0x20, 0x20,
 0x20, 0x20, 0x20, 0x7d, 0x20, 0x65, 0x6c, 0x73,
 0x65, 0x20, 0x7b, 0x0a, 0x20, 0x20, 0x20, 0x20,
 0x20, 0x20, 0x20, 0x20, 0x73, 0x74, 0x64, 0x6f,
 0x75, 0x74, 0x2e, 0x70, 0x75, 0x74, 0x73, 0x28,
 0x61, 0x29, 0x3b, 0x0a, 0x20, 0x20, 0x20, 0x20,
 0x20, 0x20, 0x20, 0x20, 0x73, 0x74, 0x64, 0x6f,
 0x75, 0x74, 0x2e, 0x66, 0x6c, 0x75, 0x73, 0x68,
 0x28, 0x29, 0x3b, 0x0a, 0x20, 0x20, 0x20, 0x20,
 0x20, 0x20, 0x7d, 0x0a, 0x20, 0x20, 0x20, 0x20,
 0x7d, 0xbf, 0x00, 0xca, 0x26, 0x00, 0x00, 0xc9,
 0xc6, 0xd1, 0xef, 0x29, 0xca, 0x03, 0x87, 0x0d,
 0x03, 0x07, 0x00, 0x07, 0xb4, 0x01, 0x04, 0x07,
 0x12, 0x8f, 0x15, 0x70, 0x72, 0x69, 0x6e, 0x74,
 0x28, 0x61, 0x29, 0x20, 0x7b, 0x0a, 0x20, 0x20,
 0x20, 0x20, 0x76, 0x61, 0x72, 0x20, 0x73, 0x74,
 0x61, 0x63, 0x6b, 0x20, 0x3d, 0x20, 0x5b, 0x5d,
 0x3b, 0x0a, 0x0a, 0x20, 0x20, 0x20, 0x20, 0x66,
 0x75, 0x6e, 0x63, 0x74, 0x69, 0x6f, 0x6e, 0x20,
 0x70, 0x72, 0x69, 0x6e, 0x74, 0x52, 0x65, 0x63,
 0x28, 0x61, 0x29, 0x20, 0x7b, 0x0a, 0x20, 0x20,
 0x20, 0x20, 0x20, 0x20, 0x76, 0x61, 0x72, 0x20,
 0x6e, 0x2c, 0x0a, 0x20, 0x20, 0x20, 0x20, 0x20,
 0x20, 0x20, 0x20, 0x69, 0x2c, 0x0a, 0x20, 0x20,
 0x20, 0x20, 0x20, 0x20, 0x20, 0x20, 0x6b, 0x65,
 0x79, 0x73, 0x2c, 0x0a, 0x20, 0x20, 0x20, 0x20,
 0x20, 0x20, 0x20, 0x20, 0x6b, 0x65, 0x79, 0x2c,
 0x0a, 0x20, 0x20, 0x20, 0x20, 0x20, 0x20, 0x20,
 0x20, 0x74, 0x79, 0x70, 0x65, 0x2c, 0x0a, 0x20,
 0x20, 0x20, 0x20, 0x20, 0x20, 0x20, 0x20, 0x73,
 0x20, 0x3d, 0x20, 0x6e, 0x75, 0x6c, 0x6c, 0x3b,
 0x0a, 0x0a, 0x20, 0x20, 0x20, 0x20, 0x20, 0x20,
 0x74, 0x79, 0x70, 0x65, 0x20, 0x3d, 0x20, 0x74,
 0x79, 0x70, 0x65, 0x6f, 0x66, 0x20, 0x61, 0x3b,
 0x0a, 0x20, 0x20, 0x20, 0x20, 0x20, 0x20, 0x69,
 0x66, 0x28, 0x74, 0x79, 0x70, 0x65, 0x20, 0x3d,
 0x3d, 0x3d, 0x20, 0x27, 0x6f, 0x62, 0x6a, 0x65,
 0x63, 0x74, 0x27, 0x29, 0x20, 0x7b, 0x0a, 0x20,
 0x20, 0x20, 0x20, 0x20, 0x20, 0x20, 0x20, 0x69,
 0x66, 0x28, 0x61, 0x20, 0x3d, 0x3d, 0x3d, 0x20,
 0x6e, 0x75, 0x6c, 0x6c, 0x29, 0x20, 0x7b, 0x0a,
 0x20, 0x20, 0x20, 0x20, 0x20, 0x20, 0x20, 0x20,
 0x20, 0x20, 0x73, 0x74, 0x64, 0x6f, 0x75, 0x74,
 0x2e, 0x70, 0x75, 0x74, 0x73, 0x28, 0x61, 0x29,
 0x3b, 0x0a, 0x20, 0x20, 0x20, 0x20, 0x20, 0x20,
 0x20, 0x20, 0x20, 0x20, 0x73, 0x74, 0x64, 0x6f,
 0x75, 0x74, 0x2e, 0x66, 0x6c, 0x75, 0x73, 0x68,
 0x28, 0x29, 0x3b, 0x0a, 0x20, 0x20, 0x20, 0x20,
 0x20, 0x20, 0x20, 0x20, 0x7d, 0x20, 0x65, 0x6c,
 0x73, 0x65, 0x20, 0x69, 0x66, 0x28, 0x73, 0x74,
 0x61, 0x63, 0x6b, 0x2e, 0x69, 0x6e, 0x64, 0x65,
 0x78, 0x4f, 0x66, 0x28, 0x61, 0x29, 0x20, 0x3e,
 0x3d, 0x20, 0x30, 0x29, 0x20, 0x7b, 0x0a, 0x20,
 0x20, 0x20, 0x20, 0x20, 0x20, 0x20, 0x20, 0x20,
 0x20, 0x73, 0x74, 0x64, 0x6f, 0x75, 0x74, 0x2e,
 0x70, 0x75, 0x74, 0x73, 0x28, 0x27, 0x5b, 0x63,
 0x69, 0x72, 0x63, 0x75, 0x6c, 0x61, 0x72, 0x5d,
 0x27, 0x29, 0x3b, 0x0a, 0x20, 0x20, 0x20, 0x20,
 0x20, 0x20, 0x20, 0x20, 0x20, 0x20, 0x73, 0x74,
 0x64, 0x6f, 0x75, 0x74, 0x2e, 0x66, 0x6c, 0x75,
 0x73, 0x68, 0x28, 0x29, 0x3b, 0x0a, 0x20, 0x20,
 0x20, 0x20, 0x20, 0x20, 0x20, 0x20, 0x7d, 0x20,
 0x65, 0x6c, 0x73, 0x65, 0x20, 0x69, 0x66, 0x28,
 0x0a, 0x20, 0x20, 0x20, 0x20, 0x20, 0x20, 0x20,
 0x20, 0x20, 0x20, 0x68, 0x61, 0x73, 0x4a, 0x73,
 0x63, 0x61, 0x6c, 0x63, 0x20, 0x26, 0x26, 0x0a,
 0x20, 0x20, 0x20, 0x20, 0x20, 0x20, 0x20, 0x20,
 0x20, 0x20, 0x28, 0x61, 0x20, 0x69, 0x6e, 0x73,
 0x74, 0x61, 0x6e, 0x63, 0x65, 0x6f, 0x66, 0x20,
 0x46, 0x72, 0x61, 0x63, 0x74, 0x69, 0x6f, 0x6e,
 0x20, 0x7c, 0x7c, 0x20, 0x61, 0x20, 0x69, 0x6e,
 0x73, 0x74, 0x61, 0x6e, 0x63, 0x65, 0x6f, 0x66,
 0x20, 0x43, 0x6f, 0x6d, 0x70, 0x6c, 0x65, 0x78,
 0x20, 0x7c, 0x7c, 0x20, 0x61, 0x20, 0x69, 0x6e,
 0x73, 0x74, 0x61, 0x6e, 0x63, 0x65, 0x6f, 0x66,
 0x20, 0x4d, 0x6f, 0x64, 0x20, 0x7c, 0x7c, 0x20,
 0x61, 0x20, 0x69, 0x6e, 0x73, 0x74, 0x61, 0x6e,
 0x63, 0x65, 0x6f, 0x66, 0x20, 0x50, 0x6f, 0x6c,
 0x79, 0x6e, 0x6f, 0x6d, 0x69, 0x61, 0x6c, 0x20,
 0x7c, 0x7c, 0x20, 0x61, 0x20, 0x69, 0x6e, 0x73,
 0x74, 0x61, 0x6e, 0x63, 0x65, 0x6f, 0x66, 0x20,
 0x50, 0x6f, 0x6c, 0x79, 0x4d, 0x6f, 0x64, 0x20,
 0x7c, 0x7c, 0x20, 0x61, 0x20, 0x69, 0x6e, 0x73,
 0x74, 0x61, 0x6e, 0x63, 0x65, 0x6f, 0x66, 0x20,
 0x52, 0x61, 0x74, 0x69, 0x6f, 0x6e, 0x61, 0x6c,
 0x46, 0x75, 0x6e, 0x63, 0x74, 0x69, 0x6f, 0x6e,
 0x20, 0x7c, 0x7c, 0x20, 0x61, 0x20, 0x69, 0x6e,
 0x73, 0x74, 0x61, 0x6e, 0x63, 0x65, 0x6f, 0x66,
 0x20, 0x53, 0x65, 0x72, 0x69, 0x65, 0x73, 0x29,
 0x0a, 0x20, 0x20, 0x20, 0x20, 0x20, 0x20, 0x20,
 0x20, 0x29, 0x20, 0x7b, 0x0a, 0x20, 0x20, 0x20,
 0x20, 0x20, 0x20, 0x20, 0x20, 0x20, 0x20, 0x73,
 0x74, 0x64, 0x6f, 0x75, 0x74, 0x2e, 0x70, 0x75,
 0x74, 0x73, 0x28, 0x61, 0x2e, 0x74, 0x6f, 0x53,
 0x74, 0x72, 0x69, 0x6e, 0x67, 0x28, 0x29, 0x29,
 0x3b, 0x0a, 0x20, 0x20, 0x20, 0x20, 0x20, 0x20,
 0x20, 0x20, 0x20, 0x20, 0x73, 0x74, 0x64, 0x6f,
 0x75, 0x74, 0x2e, 0x66, 0x6c, 0x75, 0x73, 0x68,
 0x28, 0x29, 0x3b, 0x0a, 0x20, 0x20, 0x20, 0x20,
 0x20, 0x20, 0x20, 0x20, 0x7d, 0x20, 0x65, 0x6c,
 0x73, 0x65, 0x20, 0x7b, 0x0a, 0x20, 0x20, 0x20,
 0x20, 0x20, 0x20, 0x20, 0x20, 0x20, 0x20, 0x73,
 0x74, 0x61, 0x63, 0x6b, 0x2e, 0x70, 0x75, 0x73,
 0x68, 0x28, 0x61, 0x29, 0x3b, 0x0a, 0x20, 0x20,
 0x20, 0x20, 0x20, 0x20, 0x20, 0x20, 0x20, 0x20,
 0x69, 0x66, 0x28, 0x41, 0x72, 0x72, 0x61, 0x79,
 0x2e, 0x69, 0x73, 0x41, 0x72, 0x72, 0x61, 0x79,
 0x28, 0x61, 0x29, 0x29, 0x20, 0x7b, 0x0a, 0x20,
 0x20, 0x20, 0x20, 0x20, 0x20, 0x20, 0x20, 0x20,
 0x20, 0x20, 0x20, 0x6e, 0x20, 0x3d, 0x20, 0x61,
 0x2e, 0x6c, 0x65, 0x6e, 0x67, 0x74, 0x68, 0x3b,
 0x0a, 0x20, 0x20, 0x20, 0x20, 0x20, 0x20, 0x20,
 0x20, 0x20, 0x20, 0x20, 0x20, 0x73, 0x74, 0x64,
 0x6f, 0x75, 0x74, 0x2e, 0x70, 0x75, 0x74, 0x73,
 0x28, 0x27, 0x5b, 0x20, 0x27, 0x29, 0x3b, 0x0a,
 0x20, 0x20, 0x20, 0x20, 0x20, 0x20, 0x20, 0x20,
 0x20, 0x20, 0x20, 0x20, 0x66, 0x6f, 0x72, 0x28,
 0x69, 0x20, 0x3d, 0x20, 0x30, 0x3b, 0x20, 0x69,
 0x20, 0x3c, 0x20, 0x6e, 0x3b, 0x20, 0x69, 0x2b,
 0x2b, 0x29, 0x20, 0x7b, 0x0a, 0x20, 0x20, 0x20,
 0x20, 0x20, 0x20, 0x20, 0x20, 0x20, 0x20, 0x20,
 0x20, 0x20, 0x20, 0x69, 0x66, 0x28, 0x69, 0x20,
 0x21, 0x3d, 0x3d, 0x20, 0x30, 0x29, 0x20, 0x73,
 0x74, 0x64, 0x6f, 0x75, 0x74, 0x2e, 0x70, 0x75,
 0x74, 0x73, 0x28, 0x27, 0x2c, 0x20, 0x27, 0x29,
 0x3b, 0x0a, 0x20, 0x20, 0x20, 0x20, 0x20, 0x20,
 0x20, 0x20, 0x20, 0x20, 0x20, 0x20, 0x20, 0x20,
 0x69, 0x66, 0x28, 0x69, 0x20, 0x69, 0x6e, 0x20,
 0x61, 0x29, 0x20, 0x7b, 0x0a, 0x20, 0x20, 0x20,
 0x20, 0x20, 0x20, 0x20, 0x20, 0x20, 0x20, 0x20,
 0x20, 0x20, 0x20, 0x20, 0x20, 0x70, 0x72, 0x69,
 0x6e, 0x74, 0x52, 0x65, 0x63, 0x28, 0x61, 0x5b,
 0x69, 0x5d, 0x29, 0x3b, 0x0a, 0x20, 0x20, 0x20,
 0x20, 0x20, 0x20, 0x20, 0x20, 0x20, 0x20, 0x20,
 0x20, 0x20, 0x20, 0x7d, 0x20, 0x65, 0x6c, 0x73,
 0x65, 0x20, 0x7b, 0x0a, 0x20, 0x20, 0x20, 0x20,
 0x20, 0x20, 0x20, 0x20, 0x20, 0x20, 0x20, 0x20,
 0x20, 0x20, 0x20, 0x20, 0x73, 0x74, 0x64, 0x6f,
 0x75, 0x74, 0x2e, 0x70, 0x75, 0x74, 0x73, 0x28,
 0x27, 0x3c, 0x65, 0x6d, 0x70, 0x74, 0x79, 0x3e,
 0x27, 0x29, 0x3b, 0x0a, 0x20, 0x20, 0x20, 0x20,
 0x20, 0x20, 0x20, 0x20, 0x20, 0x20, 0x20, 0x20,
 0x20, 0x20, 0x7d, 0x0a, 0x20, 0x20, 0x20, 0x20,
 0x20, 0x20, 0x20, 0x20, 0x20, 0x20, 0x20, 0x20,
 0x20, 0x20, 0x69, 0x66, 0x28, 0x69, 0x20, 0x3e,
 0x20, 0x32, 0x30, 0x29, 0x20, 0x7b, 0x0a, 0x20,
 0x20, 0x20, 0x20, 0x20, 0x20, 0x20, 0x20, 0x20,
 0x20, 0x20, 0x20, 0x20, 0x20, 0x20, 0x20, 0x73,
 0x74, 0x64, 0x6f, 0x75, 0x74, 0x2e, 0x70, 0x75,
 0x74, 0x73, 0x28, 0x27, 0x2e, 0x2e, 0x2e, 0x27,
 0x29, 0x3b, 0x0a, 0x20, 0x20, 0x20, 0x20, 0x20,
 0x20, 0x20, 0x20, 0x20, 0x20, 0x20, 0x20, 0x20,
 0x20, 0x20, 0x20, 0x62, 0x72, 0x65, 0x61, 0x6b,
 0x3b, 0x0a, 0x20, 0x20, 0x20, 0x20, 0x20, 0x20,
 0x20, 0x20, 0x20, 0x20, 0x20, 0x20, 0x20, 0x20,
 0x7d, 0x0a, 0x20, 0x20, 0x20, 0x20, 0x20, 0x20,
 0x20, 0x20, 0x20, 0x20, 0x20, 0x20, 0x7d, 0x0a,
 0x20, 0x20, 0x20, 0x20, 0x20, 0x20, 0x20, 0x20,
 0x20, 0x20, 0x20, 0x20, 0x73, 0x74, 0x64, 0x6f,
 0x75, 0x74, 0x2e, 0x70, 0x75, 0x74, 0x73, 0x28,
 0x27, 0x20, 0x5d, 0x27, 0x29, 0x3b, 0x0a, 0x20,
 0x20, 0x20, 0x20, 0x20, 0x20, 0x20, 0x20, 0x20,
 0x20, 0x20, 0x20, 0x73, 0x74, 0x64, 0x6f, 0x75,
 0x74, 0x2e, 0x66, 0x6c, 0x75, 0x73, 0x68, 0x28,
 0x29, 0x3b, 0x0a, 0x20, 0x20, 0x20, 0x20, 0x20,
 0x20, 0x20, 0x20, 0x20, 0x20, 0x7d, 0x20, 0x65,
 0x6c, 0x73, 0x65, 0x20, 0x69, 0x66, 0x28, 0x4f,
 0x62, 0x6a, 0x65, 0x63, 0x74, 0x2e, 0x5f, 0x5f,
 0x67, 0x65, 0x74, 0x43, 0x6c, 0x61, 0x73, 0x73,
 0x28, 0x61, 0x29, 0x20, 0x3d, 0x3d, 0x3d, 0x20,
 0x27, 0x52, 0x65, 0x67, 0x45, 0x78, 0x70, 0x27,
 0x29, 0x20, 0x7b, 0x0a, 0x20, 0x20, 0x20, 0x20,
 0x20, 0x20, 0x20, 0x20, 0x20, 0x20, 0x20, 0x20,
 0x73, 0x74, 0x64, 0x6f, 0x75, 0x74, 0x2e, 0x70,
 0x75, 0x74, 0x73, 0x28, 0x61, 0x2e, 0x74, 0x6f,
 0x53, 0x74, 0x72, 0x69, 0x6e, 0x67, 0x28, 0x29,
 0x29, 0x3b, 0x0a, 0x20, 0x20, 0x20, 0x20, 0x20,
 0x20, 0x20, 0x20, 0x20, 0x20, 0x20, 0x20, 0x73,
 0x74, 0x64, 0x6f, 0x75, 0x74, 0x2e, 0x66, 0x6c,
 0x75, 0x73, 0x68, 0x28, 0x29, 0x3b, 0x0a, 0x20,
 0x20, 0x20, 0x20, 0x20, 0x20, 0x20, 0x20, 0x20,
 0x20, 0x7d, 0x20, 0x65, 0x6c, 0x73, 0x65, 0x20,
 0x7b, 0x0a, 0x20, 0x20, 0x20, 0x20, 0x20, 0x20,
 0x20, 0x20, 0x20, 0x20, 0x20, 0x20, 0x6b, 0x65,
 0x79, 0x73, 0x20, 0x3d, 0x20, 0x4f, 0x62, 0x6a,
 0x65, 0x63, 0x74, 0x2e, 0x6b, 0x65, 0x79, 0x73,
 0x28, 0x61, 0x29, 0x3b, 0x0a, 0x20, 0x20, 0x20,
 0x20, 0x20, 0x20, 0x20, 0x20, 0x20, 0x20, 0x20,
 0x20, 0x6e, 0x20, 0x3d, 0x20, 0x6b, 0x65, 0x79,
 0x73, 0x2e, 0x6c, 0x65, 0x6e, 0x67, 0x74, 0x68,
 0x3b, 0x0a, 0x20, 0x20, 0x20, 0x20, 0x20, 0x20,
 0x20, 0x20, 0x20, 0x20, 0x20, 0x20, 0x73, 0x74,
 0x64, 0x6f, 0x75, 0x74, 0x2e, 0x70, 0x75, 0x74,
 0x73, 0x28, 0x27, 0x7b, 0x20, 0x27, 0x29, 0x3b,
 0x0a, 0x20, 0x20, 0x20, 0x20, 0x20, 0x20, 0x20,
 0x20, 0x20, 0x20, 0x20, 0x20, 0x66, 0x6f, 0x72,
 0x28, 0x69, 0x20, 0x3d, 0x20, 0x30, 0x3b, 0x20,
 0x69, 0x20, 0x3c, 0x20, 0x6e, 0x3b, 0x20, 0x69,
 0x2b, 0x2b, 0x29, 0x20, 0x7b, 0x0a, 0x20, 0x20,
 0x20, 0x20, 0x20, 0x20, 0x20, 0x20, 0x20, 0x20,
 0x20, 0x20, 0x20, 0x20, 0x69, 0x66, 0x28, 0x69,
 0x20, 0x21, 0x3d, 0x3d, 0x20, 0x30, 0x29, 0x20,
 0x73, 0x74, 0x64, 0x6f, 0x75, 0x74, 0x2e, 0x70,
 0x75, 0x74, 0x73, 0x28, 0x27, 0x2c, 0x20, 0x27,
 0x29, 0x3b, 0x0a, 0x20, 0x20, 0x20, 0x20, 0x20,
 0x20, 0x20, 0x20, 0x20, 0x20, 0x20, 0x20, 0x20,
 0x20, 0x6b, 0x65, 0x79, 0x20, 0x3d, 0x20, 0x6b,
 0x65, 0x79, 0x73, 0x5b, 0x69, 0x5d, 0x3b, 0x0a,
 0x20, 0x20, 0x20, 0x20, 0x20, 0x20, 0x20, 0x20,
 0x20, 0x20, 0x20, 0x20, 0x20, 0x20, 0x73, 0x74,
 0x64, 0x6f, 0x75, 0x74, 0x2e, 0x70, 0x75, 0x74,
 0x73, 0x28, 0x6b, 0x65, 0x79, 0x2c, 0x20, 0x27,
 0x3a, 0x20, 0x27, 0x29, 0x3b, 0x0a, 0x20, 0x20,
 0x20, 0x20, 0x20, 0x20, 0x20, 0x20, 0x20, 0x20,
 0x20, 0x20, 0x20, 0x20, 0x70, 0x72, 0x69, 0x6e,
 0x74, 0x52, 0x65, 0x63, 0x28, 0x61, 0x5b, 0x6b,
 0x65, 0x79, 0x5d, 0x29, 0x3b, 0x0a, 0x20, 0x20,
 0x20, 0x20, 0x20, 0x20, 0x20, 0x20, 0x20, 0x20,
 0x20, 0x20, 0x7d, 0x0a, 0x20, 0x20, 0x20, 0x20,
 0x20, 0x20, 0x20, 0x20, 0x20, 0x20, 0x20, 0x20,
 0x73, 0x74, 0x64, 0x6f, 0x75, 0x74, 0x2e, 0x70,
 0x75, 0x74, 0x73, 0x28, 0x27, 0x20, 0x7d, 0x27,
 0x29, 0x3b, 0x0a, 0x20, 0x20, 0x20, 0x20, 0x20,
 0x20, 0x20, 0x20, 0x20, 0x20, 0x20, 0x20, 0x73,
 0x74, 0x64, 0x6f, 0x75, 0x74, 0x2e, 0x66, 0x6c,
 0x75, 0x73, 0x68, 0x28, 0x29, 0x3b, 0x0a, 0x20,
 0x20, 0x20, 0x20, 0x20, 0x20, 0x20, 0x20, 0x20,
 0x20, 0x7d, 0x0a, 0x20, 0x20, 0x20, 0x20, 0x20,
 0x20, 0x20, 0x20, 0x20, 0x20, 0x73, 0x74, 0x61,
 0x63, 0x6b, 0x2e, 0x70, 0x6f, 0x70, 0x28, 0x61,
 0x29, 0x3b, 0x0a, 0x20, 0x20, 0x20, 0x20, 0x20,
 0x20, 0x20, 0x20, 0x7d, 0x0a, 0x20, 0x20, 0x20,
 0x20, 0x20, 0x20, 0x7d, 0x20, 0x65, 0x6c, 0x73,
 0x65, 0x20, 0x69, 0x66, 0x28, 0x74, 0x79, 0x70,
 0x65, 0x20, 0x3d, 0x3d, 0x3d, 0x20, 0x27, 0x73,
 0x74, 0x72, 0x69, 0x6e, 0x67, 0x27, 0x29, 0x20,
 0x7b, 0x0a, 0x20, 0x20, 0x20, 0x20, 0x20, 0x20,
 0x20, 0x20, 0x73, 0x20, 0x3d, 0x20, 0x61, 0x2e,
 0x5f, 0x5f, 0x71, 0x75, 0x6f, 0x74, 0x65, 0x28,
 0x29, 0x3b, 0x0a, 0x20, 0x20, 0x20, 0x20, 0x20,
 0x20, 0x20, 0x20, 0x69, 0x66, 0x28, 0x73, 0x2e,
 0x6c, 0x65, 0x6e, 0x67, 0x74, 0x68, 0x20, 0x3e,
 0x20, 0x37, 0x39, 0x29, 0x20, 0x73, 0x20, 0x3d,
 0x20, 0x73, 0x2e, 0x73, 0x75, 0x62, 0x73, 0x74,
 0x72, 0x69, 0x6e, 0x67, 0x28, 0x30, 0x2c, 0x20,
 0x37, 0x35, 0x29, 0x20, 0x2b, 0x20, 0x27, 0x2e,
 0x2e, 0x2e, 0x22, 0x27, 0x3b, 0x0a, 0x20, 0x20,
 0x20, 0x20, 0x20, 0x20, 0x20, 0x20, 0x73, 0x74,
 0x64, 0x6f, 0x75, 0x74, 0x2e, 0x70, 0x75, 0x74,
 0x73, 0x28, 0x73, 0x29, 0x3b, 0x0a, 0x20, 0x20,
 0x20, 0x20, 0x20, 0x20, 0x20, 0x20, 0x73, 0x74,
 0x64, 0x6f, 0x75, 0x74, 0x2e, 0x66, 0x6c, 0x75,
 0x73, 0x68, 0x28, 0x29, 0x3b, 0x0a, 0x20, 0x20,
 0x20, 0x20, 0x20, 0x20, 0x7d, 0x20, 0x65, 0x6c,
 0x73, 0x65, 0x20, 0x69, 0x66, 0x28, 0x74, 0x79,
 0x70, 0x65, 0x20, 0x3d, 0x3d, 0x3d, 0x20, 0x27,
 0x6e, 0x75, 0x6d, 0x62, 0x65, 0x72, 0x27, 0x29,
 0x20, 0x7b, 0x0a, 0x20, 0x20, 0x20, 0x20, 0x20,
 0x20, 0x20, 0x20, 0x73, 0x74, 0x64, 0x6f, 0x75,
 0x74, 0x2e, 0x70, 0x75, 0x74, 0x73, 0x28, 0x74,
 0x68, 0x69, 0x73, 0x2e, 0x6e, 0x75, 0x6d, 0x62,
 0x65, 0x72, 0x54, 0x6f, 0x53, 0x74, 0x72, 0x69,
 0x6e, 0x67, 0x28, 0x61, 0x2c, 0x20, 0x68, 0x65,
 0x78, 0x4d, 0x6f, 0x64, 0x65, 0x20, 0x3f, 0x20,
 0x31, 0x36, 0x20, 0x3a, 0x20, 0x31, 0x30, 0x29,
 0x29, 0x3b, 0x0a, 0x20, 0x20, 0x20, 0x20, 0x20,
 0x20, 0x20, 0x20, 0x73, 0x74, 0x64, 0x6f, 0x75,
 0x74, 0x2e, 0x66, 0x6c, 0x75, 0x73, 0x68, 0x28,
 0x29, 0x3b, 0x0a, 0x20, 0x20, 0x20, 0x20, 0x20,
 0x20, 0x7d, 0x20, 0x65, 0x6c, 0x73, 0x65, 0x20,
 0x69, 0x66, 0x28, 0x74, 0x79, 0x70, 0x65, 0x20,
 0x3d, 0x3d, 0x3d, 0x20, 0x27, 0x62, 0x69, 0x67,
 0x69, 0x6e, 0x74, 0x27, 0x29, 0x20, 0x7b, 0x0a,
 0x20, 0x20, 0x20, 0x20, 0x20, 0x20, 0x20, 0x20,
 0x73, 0x74, 0x64, 0x6f, 0x75, 0x74, 0x2e, 0x70,
 0x75, 0x74, 0x73, 0x28, 0x74, 0x68, 0x69, 0x73,
 0x2e, 0x62, 0x69, 0x67, 0x69, 0x6e, 0x74, 0x54,
 0x6f, 0x53, 0x74, 0x72, 0x69, 0x6e, 0x67, 0x28,
 0x61, 0x2c, 0x20, 0x68, 0x65, 0x78, 0x4d, 0x6f,
 0x64, 0x65, 0x20, 0x3f, 0x20, 0x31, 0x36, 0x20,
 0x3a, 0x20, 0x31, 0x30, 0x29, 0x29, 0x3b, 0x0a,
 0x20, 0x20, 0x20, 0x20, 0x20, 0x20, 0x20, 0x20,
 0x73, 0x74, 0x64, 0x6f, 0x75, 0x74, 0x2e, 0x66,
 0x6c, 0x75, 0x73, 0x68, 0x28, 0x29, 0x3b, 0x0a,
 0x20, 0x20, 0x20, 0x20, 0x20, 0x20, 0x7d, 0x20,
 0x65, 0x6c, 0x73, 0x65, 0x20, 0x69, 0x66, 0x28,
 0x74, 0x79, 0x70, 0x65, 0x20, 0x3d, 0x3d, 0x3d,
 0x20, 0x27, 0x62, 0x69, 0x67, 0x66, 0x6c, 0x6f,
 0x61, 0x74, 0x27, 0x29, 0x20, 0x7b, 0x0a, 0x20,
 0x20, 0x20, 0x20, 0x20, 0x20, 0x20, 0x20, 0x73,
 0x74, 0x64, 0x6f, 0x75, 0x74, 0x2e, 0x70, 0x75,
 0x74, 0x73, 0x28, 0x74, 0x68, 0x69, 0x73, 0x2e,
 0x62, 0x69, 0x67, 0x66, 0x6c, 0x6f, 0x61, 0x74,
 0x54, 0x6f, 0x53, 0x74, 0x72, 0x69, 0x6e, 0x67,
 0x28, 0x61, 0x2c, 0x20, 0x68, 0x65, 0x78, 0x4d,
 0x6f, 0x64, 0x65, 0x20, 0x3f, 0x20, 0x31, 0x36,
 0x20, 0x3a, 0x20, 0x31, 0x30, 0x29, 0x29, 0x3b,
 0x0a, 0x20, 0x20, 0x20, 0x20, 0x20, 0x20, 0x20,
 0x20, 0x73, 0x74, 0x64, 0x6f, 0x75, 0x74, 0x2e,
 0x66, 0x6c, 0x75, 0x73, 0x68, 0x28, 0x29, 0x3b,
 0x0a, 0x20, 0x20, 0x20, 0x20, 0x20, 0x20, 0x7d,
 0x20, 0x65, 0x6c, 0x73, 0x65, 0x20, 0x69, 0x66,
 0x28, 0x74, 0x79, 0x70, 0x65, 0x20, 0x3d, 0x3d,
 0x3d, 0x20, 0x27, 0x62, 0x69, 0x67, 0x64, 0x65,
 0x63, 0x69, 0x6d, 0x61, 0x6c, 0x27, 0x29, 0x20,
 0x7b, 0x0a, 0x20, 0x20, 0x20, 0x20, 0x20, 0x20,
 0x20, 0x20, 0x73, 0x74, 0x64, 0x6f, 0x75, 0x74,
 0x2e, 0x70, 0x75, 0x74, 0x73, 0x28, 0x61, 0x2e,
 0x74, 0x6f, 0x53, 0x74, 0x72, 0x69, 0x6e, 0x67,
 0x28, 0x29, 0x20, 0x2b, 0x20, 0x27, 0x6d, 0x27,
 0x29, 0x3b, 0x0a, 0x20, 0x20, 0x20, 0x20, 0x20,
 0x20, 0x20, 0x20, 0x73, 0x74, 0x64, 0x6f, 0x75,
 0x74, 0x2e, 0x66, 0x6c, 0x75, 0x73, 0x68, 0x28,
 0x29, 0x3b, 0x0a, 0x20, 0x20, 0x20, 0x20, 0x20,
 0x20, 0x7d, 0x20, 0x65, 0x6c, 0x73, 0x65, 0x20,
 0x69, 0x66, 0x28, 0x74, 0x79, 0x70, 0x65, 0x20,
 0x3d, 0x3d, 0x3d, 0x20, 0x27, 0x73, 0x79, 0x6d,
 0x62, 0x6f, 0x6c, 0x27, 0x29, 0x20, 0x7b, 0x0a,
 0x20, 0x20, 0x20, 0x20, 0x20, 0x20, 0x20, 0x20,
 0x73, 0x74, 0x64, 0x6f, 0x75, 0x74, 0x2e, 0x70,
 0x75, 0x74, 0x73, 0x28, 0x53, 0x74, 0x72, 0x69,
 0x6e, 0x67, 0x28, 0x61, 0x29, 0x29, 0x3b, 0x0a,
 0x20, 0x20, 0x20, 0x20, 0x20, 0x20, 0x20, 0x20,
 0x73, 0x74, 0x64, 0x6f, 0x75, 0x74, 0x2e, 0x66,
 0x6c, 0x75, 0x73, 0x68, 0x28, 0x29, 0x3b, 0x0a,
 0x20, 0x20, 0x20, 0x20, 0x20, 0x20, 0x7d, 0x20,
 0x65, 0x6c, 0x73, 0x65, 0x20, 0x69, 0x66, 0x28,
 0x74, 0x79, 0x70, 0x65, 0x20, 0x3d, 0x3d, 0x3d,
 0x20, 0x27, 0x66, 0x75, 0x6e, 0x63, 0x74, 0x69,
 0x6f, 0x6e, 0x27, 0x29, 0x20, 0x7b, 0x0a, 0x20,
 0x20, 0x20, 0x20, 0x20, 0x20, 0x20, 0x20, 0x73,
 0x74, 0x64, 0x6f, 0x75, 0x74, 0x2e, 0x70, 0x75,
 0x74, 0x73, 0x28, 0x27, 0x66, 0x75, 0x6e, 0x63,
 0x74, 0x69, 0x6f, 0x6e, 0x20, 0x27, 0x20, 0x2b,
 0x20, 0x61, 0x2e, 0x6e, 0x61, 0x6d, 0x65, 0x20,
 0x2b, 0x20, 0x27, 0x28, 0x29, 0x27, 0x29, 0x3b,
 0x0a, 0x20, 0x20, 0x20, 0x20, 0x20, 0x20, 0x20,
 0x20, 0x73, 0x74, 0x64, 0x6f, 0x75, 0x74, 0x2e,
 0x66, 0x6c, 0x75, 0x73, 0x68, 0x28, 0x29, 0x3b,
 0x0a, 0x20, 0x20, 0x20, 0x20, 0x20, 0x20, 0x7d,
 0x20, 0x65, 0x6c, 0x73, 0x65, 0x20, 0x7b, 0x0a,
 0x20, 0x20, 0x20, 0x20, 0x20, 0x20, 0x20, 0x20,
 0x73, 0x74, 0x64, 0x6f, 0x75, 0x74, 0x2e, 0x70,
 0x75, 0x74, 0x73, 0x28, 0x61, 0x29, 0x3b, 0x0a,
 0x20, 0x20, 0x20, 0x20, 0x20, 0x20, 0x20, 0x20,
 0x73, 0x74, 0x64, 0x6f, 0x75, 0x74, 0x2e, 0x66,
 0x6c, 0x75, 0x73, 0x68, 0x28, 0x29, 0x3b, 0x0a,
 0x20, 0x20, 0x20, 0x20, 0x20, 0x20, 0x7d, 0x0a,
 0x20, 0x20, 0x20, 0x20, 0x7d, 0x0a, 0x20, 0x20,
 0x20, 0x20, 0x70, 0x72, 0x69, 0x6e, 0x74, 0x52,
 0x65, 0x63, 0x28, 0x61, 0x29, 0x3b, 0x0a, 0x20,
 0x20, 0x7d, 0x0c, 0x42, 0x0b, 0x01, 0x00, 0x01,
 0x07, 0x01, 0x05, 0x00, 0x01, 0x01, 0xb7, 0x02,
 0x08, 0xc4, 0x08, 0x00, 0x01, 0x00, 0x94, 0x04,
 0x01, 0x00, 0x20, 0x98, 0x07, 0x01, 0x01, 0x20,
 0xf0, 0x0b, 0x01, 0x02, 0x20, 0xf2, 0x0b, 0x03,
 0x03, 0x20, 0xb2, 0x08, 0x03, 0x04, 0x20, 0xf4,
 0x0b, 0x00, 0x00, 0x00, 0x10, 0x00, 0x01, 0x00,
 0xd2, 0x03, 0x14, 0x1a, 0x0c, 0x43, 0x0a, 0x01,
 0xf4, 0x0b, 0x01, 0x06, 0x01, 0x04, 0x00, 0x00,
 0x00, 0x83, 0x01, 0x07, 0x96, 0x07, 0x00, 0x01,
 0x00, 0x98, 0x07, 0x01, 0x00, 0x20, 0x8e, 0x08,
 0x01, 0x01, 0x20, 0xf6, 0x0b, 0x01, 0x02, 0x20,
 0xf8, 0x0b, 0x01, 0x03, 0x20, 0xee, 0x04, 0x01,
 0x04, 0x20, 0xd4, 0x07, 0x03, 0x05, 0x20, 0x60,
 0x04, 0x00, 0x60, 0x03, 0x00, 0x60, 0x02, 0x00,
 0x60, 0x01, 0x00, 0x60, 0x00, 0x00, 0x06, 0xc9,
 0x06, 0xca, 0xb4, 0xcb, 0xb4, 0xcc, 0xd1, 0xe9,
 0xc2, 0x04, 0xb4, 0x11, 0x62, 0x01, 0x00, 0x11,
 0x62, 0x00, 0x00, 0x0e, 0x61, 0x00, 0x00, 0x61,
 0x04, 0x00, 0xa5, 0xea, 0x4c, 0x60, 0x05, 0x00,
 0xd1, 0x41, 0xbe, 0x01, 0x00, 0x00, 0x04, 0x52,
 0x01, 0x00, 0x00, 0x61, 0x00, 0x00, 0x24, 0x02,
 0x00, 0x11, 0x62, 0x01, 0x00, 0xb3, 0xab, 0xeb,
 0x30, 0x61, 0x01, 0x00, 0x61, 0x00, 0x00, 0x9d,
 0xc2, 0x05, 0x61, 0x03, 0x00, 0x8e, 0x11, 0x62,
 0x03, 0x00, 0x0e, 0x61, 0x02, 0x00, 0x61, 0x05,
 0x00, 0xa5, 0xea, 0x09, 0x61, 0x05, 0x00, 0x11,
 0x62, 0x02, 0x00, 0x0e, 0x61, 0x01, 0x00, 0xb5,
 0x9c, 0x11, 0x62, 0x00, 0x00, 0x0e, 0xec, 0xad,
 0x61, 0x03, 0x00, 0x61, 0x02, 0x00, 0x26, 0x02,
 0x00, 0x28, 0xca, 0x03, 0xf6, 0x0d, 0x05, 0x14,
 0x00, 0x28, 0x0c, 0x2a, 0x4e, 0x09, 0x4d, 0x2a,
 0x26, 0x29, 0x21, 0x17, 0x40, 0x0e, 0x20, 0x06,
 0x2b, 0x13, 0x11, 0x10, 0xd4, 0x02, 0x66, 0x75,
 0x6e, 0x63, 0x74, 0x69, 0x6f, 0x6e, 0x20, 0x4c,
 0x69, 0x6e, 0x65, 0x73, 0x41, 0x6e, 0x64, 0x43,
 0x6f, 0x6c, 0x75, 0x6d, 0x6e, 0x73, 0x28, 0x73,
 0x74, 0x72, 0x29, 0x20, 0x7b, 0x0a, 0x20, 0x20,
 0x20, 0x20, 0x20, 0x20, 0x6c, 0x65, 0x74, 0x20,
 0x69, 0x2c, 0x0a, 0x20, 0x20, 0x20, 0x20, 0x20,
 0x20, 0x20, 0x20, 0x6a, 0x2c, 0x0a, 0x20, 0x20,
 0x20, 0x20, 0x20, 0x20, 0x20, 0x20, 0x6b, 0x20,
 0x3d, 0x20, 0x30, 0x2c, 0x0a, 0x20, 0x20, 0x20,
 0x20, 0x20, 0x20, 0x20, 0x20, 0x72, 0x6f, 0x77,
 0x73, 0x20, 0x3d, 0x20, 0x30, 0x2c, 0x0a, 0x20,
 0x20, 0x20, 0x20, 0x20, 0x20, 0x20, 0x20, 0x6e,
 0x20, 0x3d, 0x20, 0x73, 0x74, 0x72, 0x2e, 0x6c,
 0x65, 0x6e, 0x67, 0x74, 0x68, 0x3b, 0x0a, 0x20,
 0x20, 0x20, 0x20, 0x20, 0x20, 0x66, 0x6f, 0x72,
 0x28, 0x69, 0x20, 0x3d, 0x20, 0x6a, 0x20, 0x3d,
 0x20, 0x30, 0x3b, 0x20, 0x69, 0x20, 0x3c, 0x20,
 0x6e, 0x3b, 0x20, 0x29, 0x20, 0x7b, 0x0a, 0x20,
 0x20, 0x20, 0x20, 0x20, 0x20, 0x20, 0x20, 0x69,
 0x66, 0x28, 0x28, 0x6a, 0x20, 0x3d, 0x20, 0x73,
 0x74, 0x72, 0x2e, 0x69, 0x6e, 0x64, 0x65, 0x78,
 0x4f, 0x66, 0x28, 0x27, 0x5c, 0x6e, 0x27, 0x2c,
 0x20, 0x69, 0x29, 0x29, 0x20, 0x3d, 0x3d, 0x20,
 0x2d, 0x31, 0x29, 0x20, 0x62, 0x72, 0x65, 0x61,
 0x6b, 0x3b, 0x0a, 0x20, 0x20, 0x20, 0x20, 0x20,
 0x20, 0x20, 0x20, 0x6c, 0x65, 0x74, 0x20, 0x77,
 0x20, 0x3d, 0x20, 0x6a, 0x20, 0x2d, 0x20, 0x69,
 0x3b, 0x0a, 0x20, 0x20, 0x20, 0x20, 0x20, 0x20,
 0x20, 0x20, 0x2b, 0x2b, 0x72, 0x6f, 0x77, 0x73,
 0x3b, 0x0a, 0x20, 0x20, 0x20, 0x20, 0x20, 0x20,
 0x20, 0x20, 0x2f, 0x2f, 0x72, 0x65, 0x74, 0x2e,
 0x70, 0x75, 0x73, 0x68, 0x28, 0x77, 0x29, 0x3b,
 0x0a, 0x20, 0x20, 0x20, 0x20, 0x20, 0x20, 0x20,
 0x20, 0x69, 0x66, 0x28, 0x6b, 0x20, 0x3c, 0x20,
 0x77, 0x29, 0x20, 0x6b, 0x20, 0x3d, 0x20, 0x77,
 0x3b, 0x0a, 0x20, 0x20, 0x20, 0x20, 0x20, 0x20,
 0x20, 0x20, 0x69, 0x20, 0x3d, 0x20, 0x6a, 0x20,
 0x2b, 0x20, 0x31, 0x3b, 0x0a, 0x20, 0x20, 0x20,
 0x20, 0x20, 0x20, 0x7d, 0x0a, 0x20, 0x20, 0x20,
 0x20, 0x20, 0x20, 0x72, 0x65, 0x74, 0x75, 0x72,
 0x6e, 0x20, 0x5b, 0x72, 0x6f, 0x77, 0x73, 0x2c,
 0x20, 0x6b, 0x5d, 0x3b, 0x0a, 0x20, 0x20, 0x20,
 0x20, 0x7d, 0x08, 0xc2, 0x06, 0xbf, 0x00, 0xc2,
 0x05, 0x60, 0x02, 0x00, 0x60, 0x01, 0x00, 0x60,
 0x00, 0x00, 0x06, 0xc9, 0x06, 0xca, 0x0b, 0xc1,
 0x06, 0x40, 0x96, 0x01, 0x00, 0x00, 0x07, 0x52,
 0x06, 0x0e, 0x0e, 0xcb, 0x64, 0x00, 0x00, 0xd1,
 0x61, 0x02, 0x00, 0xf0, 0x11, 0x62, 0x00, 0x00,
 0x0e, 0xb4, 0x11, 0x62, 0x01, 0x00, 0x0e, 0x61,
 0x01, 0x00, 0xb4, 0xab, 0x11, 0xeb, 0x20, 0x0e,
 0x61, 0x02, 0x00, 0x40, 0xa2, 0x01, 0x00, 0x00,
 0x38, 0xa1, 0x01, 0x00, 0x00, 0xac, 0x68, 0xe6,
 0x00, 0x00, 0x00, 0x61, 0x02, 0x00, 0x40, 0xa2,
 0x01, 0x00, 0x00, 0xbc, 0x0a, 0xa7, 0x68, 0xd6,
 0x00, 0x00, 0x00, 0x60, 0x04, 0x00, 0x60, 0x03,
 0x00, 0x06, 0x11, 0xf2, 0xeb, 0x0e, 0x7d, 0x80,
 0x00, 0x0e, 0xcc, 0x80, 0x00, 0x0e, 0xc2, 0x04,
 0x83, 0xec, 0x0a, 0x0e, 0xc1, 0x05, 0x61, 0x00,
 0x00, 0xef, 0xec, 0xeb, 0x61, 0x03, 0x00, 0xc1,
 0x06, 0x40, 0xf9, 0x02, 0x00, 0x00, 0xa5, 0x69,
 0xa5, 0x00, 0x00, 0x00, 0x61, 0x02, 0x00, 0x40,
 0xfd, 0x02, 0x00, 0x00, 0x38, 0xa1, 0x01, 0x00,
 0x00, 0xab, 0xea, 0x0c, 0x61, 0x02, 0x00, 0xb8,
 0x42, 0xfd, 0x02, 0x00, 0x00, 0xec, 0x6e, 0x61,
 0x04, 0x00, 0xc1, 0x06, 0x40, 0x19, 0x02, 0x00,
 0x00, 0xa5, 0xea, 0x42, 0x61, 0x02, 0x00, 0x40,
 0xa0, 0x01, 0x00, 0x00, 0x09, 0xae, 0xea, 0x36,
 0x61, 0x02, 0x00, 0x40, 0xa0, 0x01, 0x00, 0x00,
 0x96, 0x04, 0x47, 0x00, 0x00, 0x00, 0xac, 0x11,
 0xeb, 0x0c, 0x0e, 0x61, 0x02, 0x00, 0x40, 0xa0,
 0x01, 0x00, 0x00, 0xb7, 0xa6, 0xea, 0x17, 0x61,
 0x02, 0x00, 0x61, 0x02, 0x00, 0x40, 0xa0, 0x01,
 0x00, 0x00, 0xb4, 0xa3, 0xb5, 0x9c, 0x42, 0xa0,
 0x01, 0x00, 0x00, 0xec, 0x20, 0x61, 0x02, 0x00,
 0x40, 0xa2, 0x01, 0x00, 0x00, 0x38, 0xa1, 0x01,
 0x00, 0x00, 0xae, 0xea, 0x10, 0x61, 0x02, 0x00,
 0x41, 0xa2, 0x01, 0x00, 0x00, 0xb5, 0xa0, 0x42,
 0xa2, 0x01, 0x00, 0x00, 0x64, 0x00, 0x00, 0xd1,
 0x61, 0x02, 0x00, 0xf0, 0x11, 0x62, 0x00, 0x00,
 0x0e, 0x61, 0x01, 0x00, 0x8e, 0x11, 0x62, 0x01,
 0x00, 0x0e, 0xed, 0x04, 0xff, 0x61, 0x00, 0x00,
 0x28, 0xca, 0x03, 0xe4, 0x0d, 0x03, 0x2b, 0x00,
 0x22, 0x0a, 0x04, 0x11, 0x1c, 0x63, 0x04, 0x48,
 0x3a, 0x61, 0x44, 0xb2, 0x4b, 0x31, 0x37, 0x6c,
 0x0c, 0x2a, 0x14, 0x4a, 0x11, 0x5c, 0x42, 0x3e,
 0x42, 0x61, 0x38, 0x16, 0x08, 0x39, 0x3e, 0x0c,
 0x0a, 0x58, 0xef, 0x01, 0x2a, 0x14, 0x4e, 0x53,
 0x11, 0x1c, 0xbf, 0x08, 0x73, 0x68, 0x6f, 0x77,
 0x28, 0x72, 0x65, 0x73, 0x75, 0x6c, 0x74, 0x29,
 0x20, 0x7b, 0x0a, 0x20, 0x20, 0x20, 0x20, 0x6c,
 0x65, 0x74, 0x20, 0x6f, 0x75, 0x74, 0x2c, 0x0a,
 0x20, 0x20, 0x20, 0x20, 0x20, 0x20, 0x69, 0x2c,
 0x0a, 0x20, 0x20, 0x20, 0x20, 0x20, 0x20, 0x6f,
 0x70, 0x74, 0x73, 0x20, 0x3d, 0x20, 0x7b, 0x20,
 0x2e, 0x2e, 0x2e, 0x74, 0x68, 0x69, 0x73, 0x2e,
 0x69, 0x6e, 0x73, 0x70, 0x65, 0x63, 0x74, 0x4f,
 0x70, 0x74, 0x69, 0x6f, 0x6e, 0x73, 0x20, 0x7d,
 0x3b, 0x0a, 0x0a, 0x20, 0x20, 0x20, 0x20, 0x6f,
 0x75, 0x74, 0x20, 0x3d, 0x20, 0x69, 0x6e, 0x73,
 0x70, 0x65, 0x63, 0x74, 0x28, 0x72, 0x65, 0x73,
 0x75, 0x6c, 0x74, 0x2c, 0x20, 0x6f, 0x70, 0x74,
 0x73, 0x29, 0x3b, 0x0a, 0x0a, 0x20, 0x20, 0x20,
 0x20, 0x66, 0x6f, 0x72, 0x28, 0x69, 0x20, 0x3d,
 0x20, 0x30, 0x3b, 0x20, 0x69, 0x20, 0x3d, 0x3d,
 0x20, 0x30, 0x20, 0x7c, 0x7c, 0x20, 0x28, 0x6f,
 0x70, 0x74, 0x73, 0x2e, 0x6d, 0x61, 0x78, 0x41,
 0x72, 0x72, 0x61, 0x79, 0x4c, 0x65, 0x6e, 0x67,
 0x74, 0x68, 0x20, 0x21, 0x3d, 0x20, 0x49, 0x6e,
 0x66, 0x69, 0x6e, 0x69, 0x74, 0x79, 0x20, 0x26,
 0x26, 0x20, 0x6f, 0x70, 0x74, 0x73, 0x2e, 0x6d,
 0x61, 0x78, 0x41, 0x72, 0x72, 0x61, 0x79, 0x4c,
 0x65, 0x6e, 0x67, 0x74, 0x68, 0x20, 0x3e, 0x20,
 0x31, 0x30, 0x29, 0x3b, 0x20, 0x2b, 0x2b, 0x69,
 0x29, 0x20, 0x7b, 0x0a, 0x20, 0x20, 0x20, 0x20,
 0x20, 0x20, 0x6c, 0x65, 0x74, 0x20, 0x5b, 0x6c,
 0x69, 0x6e, 0x65, 0x73, 0x2c, 0x20, 0x63, 0x6f,
 0x6c, 0x75, 0x6d, 0x6e, 0x73, 0x5d, 0x20, 0x3d,
 0x20, 0x4c, 0x69, 0x6e, 0x65, 0x73, 0x41, 0x6e,
 0x64, 0x43, 0x6f, 0x6c, 0x75, 0x6d, 0x6e, 0x73,
 0x28, 0x6f, 0x75, 0x74, 0x29, 0x3b, 0x0a, 0x0a,
 0x20, 0x20, 0x20, 0x20, 0x20, 0x20, 0x69, 0x66,
 0x28, 0x6c, 0x69, 0x6e, 0x65, 0x73, 0x20, 0x3c,
 0x20, 0x74, 0x68, 0x69, 0x73, 0x2e, 0x6c, 0x69,
 0x6e, 0x65, 0x73, 0x29, 0x20, 0x62, 0x72, 0x65,
 0x61, 0x6b, 0x3b, 0x0a, 0x20, 0x20, 0x20, 0x20,
 0x20, 0x20, 0x69, 0x66, 0x28, 0x6f, 0x70, 0x74,
 0x73, 0x2e, 0x64, 0x65, 0x70, 0x74, 0x68, 0x20,
 0x3d, 0x3d, 0x20, 0x49, 0x6e, 0x66, 0x69, 0x6e,
 0x69, 0x74, 0x79, 0x29, 0x20, 0x6f, 0x70, 0x74,
 0x73, 0x2e, 0x64, 0x65, 0x70, 0x74, 0x68, 0x20,
 0x3d, 0x20, 0x34, 0x3b, 0x0a, 0x20, 0x20, 0x20,
 0x20, 0x20, 0x20, 0x2f, 0x2f, 0x65, 0x6c, 0x73,
 0x65, 0x20, 0x69, 0x66, 0x28, 0x6f, 0x70, 0x74,
 0x73, 0x2e, 0x6d, 0x61, 0x78, 0x41, 0x72, 0x72,
 0x61, 0x79, 0x4c, 0x65, 0x6e, 0x67, 0x74, 0x68,
 0x20, 0x3d, 0x3d, 0x20, 0x49, 0x6e, 0x66, 0x69,
 0x6e, 0x69, 0x74, 0x79, 0x29, 0x20, 0x6f, 0x70,
 0x74, 0x73, 0x2e, 0x6d, 0x61, 0x78, 0x41, 0x72,
 0x72, 0x61, 0x79, 0x4c, 0x65, 0x6e, 0x67, 0x74,
 0x68, 0x20, 0x3d, 0x20, 0x4d, 0x61, 0x74, 0x68,
 0x2e, 0x63, 0x65, 0x69, 0x6c, 0x28, 0x74, 0x68,
 0x69, 0x73, 0x2e, 0x6c, 0x69, 0x6e, 0x65, 0x73,
 0x20, 0x2f, 0x20, 0x32, 0x29, 0x3b, 0x0a, 0x20,
 0x20, 0x20, 0x20, 0x20, 0x20, 0x65, 0x6c, 0x73,
 0x65, 0x20, 0x69, 0x66, 0x28, 0x63, 0x6f, 0x6c,
 0x75, 0x6d, 0x6e, 0x73, 0x20, 0x3c, 0x20, 0x74,
 0x68, 0x69, 0x73, 0x2e, 0x63, 0x6f, 0x6c, 0x75,
 0x6d, 0x6e, 0x73, 0x20, 0x26, 0x26, 0x20, 0x6f,
 0x70, 0x74, 0x73, 0x2e, 0x63, 0x6f, 0x6d, 0x70,
 0x61, 0x63, 0x74, 0x20, 0x21, 0x3d, 0x3d, 0x20,
 0x66, 0x61, 0x6c, 0x73, 0x65, 0x20, 0x26, 0x26,
 0x20, 0x28, 0x74, 0x79, 0x70, 0x65, 0x6f, 0x66,
 0x20, 0x6f, 0x70, 0x74, 0x73, 0x2e, 0x63, 0x6f,
 0x6d, 0x70, 0x61, 0x63, 0x74, 0x20, 0x21, 0x3d,
 0x20, 0x27, 0x6e, 0x75, 0x6d, 0x62, 0x65, 0x72,
 0x27, 0x20, 0x7c, 0x7c, 0x20, 0x6f, 0x70, 0x74,
 0x73, 0x2e, 0x63, 0x6f, 0x6d, 0x70, 0x61, 0x63,
 0x74, 0x20, 0x3c, 0x3d, 0x20, 0x33, 0x29, 0x29,
 0x20, 0x6f, 0x70, 0x74, 0x73, 0x2e, 0x63, 0x6f,
 0x6d, 0x70, 0x61, 0x63, 0x74, 0x20, 0x3d, 0x20,
 0x28, 0x6f, 0x70, 0x74, 0x73, 0x2e, 0x63, 0x6f,
 0x6d, 0x70, 0x61, 0x63, 0x74, 0x20, 0x7c, 0x20,
 0x30, 0x29, 0x20, 0x2b, 0x20, 0x31, 0x3b, 0x0a,
 0x20, 0x20, 0x20, 0x20, 0x20, 0x20, 0x65, 0x6c,
 0x73, 0x65, 0x20, 0x69, 0x66, 0x28, 0x6f, 0x70,
 0x74, 0x73, 0x2e, 0x6d, 0x61, 0x78, 0x41, 0x72,
 0x72, 0x61, 0x79, 0x4c, 0x65, 0x6e, 0x67, 0x74,
 0x68, 0x20, 0x21, 0x3d, 0x3d, 0x20, 0x49, 0x6e,
 0x66, 0x69, 0x6e, 0x69, 0x74, 0x79, 0x29, 0x20,
 0x6f, 0x70, 0x74, 0x73, 0x2e, 0x6d, 0x61, 0x78,
 0x41, 0x72, 0x72, 0x61, 0x79, 0x4c, 0x65, 0x6e,
 0x67, 0x74, 0x68, 0x20, 0x3e, 0x3e, 0x3e, 0x3d,
 0x20, 0x31, 0x3b, 0x0a, 0x20, 0x20, 0x20, 0x20,
 0x20, 0x20, 0x6f, 0x75, 0x74, 0x20, 0x3d, 0x20,
 0x69, 0x6e, 0x73, 0x70, 0x65, 0x63, 0x74, 0x28,
 0x72, 0x65, 0x73, 0x75, 0x6c, 0x74, 0x2c, 0x20,
 0x6f, 0x70, 0x74, 0x73, 0x29, 0x3b, 0x0a, 0x20,
 0x20, 0x20, 0x20, 0x7d, 0x0a, 0x0a, 0x20, 0x20,
 0x20, 0x20, 0x66, 0x75, 0x6e, 0x63, 0x74, 0x69,
 0x6f, 0x6e, 0x20, 0x4c, 0x69, 0x6e, 0x65, 0x73,
 0x41, 0x6e, 0x64, 0x43, 0x6f, 0x6c, 0x75, 0x6d,
 0x6e, 0x73, 0x28, 0x73, 0x74, 0x72, 0x29, 0x20,
 0x7b, 0x0a, 0x20, 0x20, 0x20, 0x20, 0x20, 0x20,
 0x6c, 0x65, 0x74, 0x20, 0x69, 0x2c, 0x0a, 0x20,
 0x20, 0x20, 0x20, 0x20, 0x20, 0x20, 0x20, 0x6a,
 0x2c, 0x0a, 0x20, 0x20, 0x20, 0x20, 0x20, 0x20,
 0x20, 0x20, 0x6b, 0x20, 0x3d, 0x20, 0x30, 0x2c,
 0x0a, 0x20, 0x20, 0x20, 0x20, 0x20, 0x20, 0x20,
 0x20, 0x72, 0x6f, 0x77, 0x73, 0x20, 0x3d, 0x20,
 0x30, 0x2c, 0x0a, 0x20, 0x20, 0x20, 0x20, 0x20,
 0x20, 0x20, 0x20, 0x6e, 0x20, 0x3d, 0x20, 0x73,
 0x74, 0x72, 0x2e, 0x6c, 0x65, 0x6e, 0x67, 0x74,
 0x68, 0x3b, 0x0a, 0x20, 0x20, 0x20, 0x20, 0x20,
 0x20, 0x66, 0x6f, 0x72, 0x28, 0x69, 0x20, 0x3d,
 0x20, 0x6a, 0x20, 0x3d, 0x20, 0x30, 0x3b, 0x20,
 0x69, 0x20, 0x3c, 0x20, 0x6e, 0x3b, 0x20, 0x29,
 0x20, 0x7b, 0x0a, 0x20, 0x20, 0x20, 0x20, 0x20,
 0x20, 0x20, 0x20, 0x69, 0x66, 0x28, 0x28, 0x6a,
 0x20, 0x3d, 0x20, 0x73, 0x74, 0x72, 0x2e, 0x69,
 0x6e, 0x64, 0x65, 0x78, 0x4f, 0x66, 0x28, 0x27,
 0x5c, 0x6e, 0x27, 0x2c, 0x20, 0x69, 0x29, 0x29,
 0x20, 0x3d, 0x3d, 0x20, 0x2d, 0x31, 0x29, 0x20,
 0x62, 0x72, 0x65, 0x61, 0x6b, 0x3b, 0x0a, 0x20,
 0x20, 0x20, 0x20, 0x20, 0x20, 0x20, 0x20, 0x6c,
 0x65, 0x74, 0x20, 0x77, 0x20, 0x3d, 0x20, 0x6a,
 0x20, 0x2d, 0x20, 0x69, 0x3b, 0x0a, 0x20, 0x20,
 0x20, 0x20, 0x20, 0x20, 0x20, 0x20, 0x2b, 0x2b,
 0x72, 0x6f, 0x77, 0x73, 0x3b, 0x0a, 0x20, 0x20,
 0x20, 0x20, 0x20, 0x20, 0x20, 0x20, 0x2f, 0x2f,
 0x72, 0x65, 0x74, 0x2e, 0x70, 0x75, 0x73, 0x68,
 0x28, 0x77, 0x29, 0x3b, 0x0a, 0x20, 0x20, 0x20,
 0x20, 0x20, 0x20, 0x20, 0x20, 0x69, 0x66, 0x28,
 0x6b, 0x20, 0x3c, 0x20, 0x77, 0x29, 0x20, 0x6b,
 0x20, 0x3d, 0x20, 0x77, 0x3b, 0x0a, 0x20, 0x20,
 0x20, 0x20, 0x20, 0x20, 0x20, 0x20, 0x69, 0x20,
 0x3d, 0x20, 0x6a, 0x20, 0x2b, 0x20, 0x31, 0x3b,
 0x0a, 0x20, 0x20, 0x20, 0x20, 0x20, 0x20, 0x7d,
 0x0a, 0x20, 0x20, 0x20, 0x20, 0x20, 0x20, 0x72,
 0x65, 0x74, 0x75, 0x72, 0x6e, 0x20, 0x5b, 0x72,
 0x6f, 0x77, 0x73, 0x2c, 0x20, 0x6b, 0x5d, 0x3b,
 0x0a, 0x20, 0x20, 0x20, 0x20, 0x7d, 0x0a, 0x0a,
 0x20, 0x20, 0x20, 0x20, 0x72, 0x65, 0x74, 0x75,
 0x72, 0x6e, 0x20, 0x6f, 0x75, 0x74, 0x3b, 0x0a,
 0x20, 0x20, 0x7d, 0x0c, 0x40, 0x0b, 0x01, 0x00,
 0x02, 0x07, 0x01, 0x06, 0x04, 0x02, 0x03, 0xf1,
 0x01, 0x09, 0xca, 0x06, 0x00, 0x01, 0x00, 0xfc,
 0x0b, 0x00, 0x01, 0x00, 0xca, 0x06, 0x01, 0xff,
 0xff, 0xff, 0xff, 0x0f, 0x20, 0xfc, 0x0b, 0x01,
 0x01, 0x20, 0xe6, 0x09, 0x02, 0x00, 0x70, 0x01,
 0x96, 0x07, 0x04, 0x03, 0x70, 0x02, 0xe2, 0x06,
 0x06, 0x03, 0x60, 0x03, 0x82, 0x07, 0x09, 0x03,
 0x03, 0x10, 0x00, 0x01, 0x40, 0x00, 0xe2, 0x04,
 0x40, 0x02, 0x80, 0x04, 0x10, 0x1a, 0x0c, 0x42,
 0x0b, 0x01, 0x00, 0x01, 0x00, 0x01, 0x05, 0x00,
 0x02, 0x00, 0x10, 0x01, 0x96, 0x07, 0x00, 0x01,
 0x00, 0xe2, 0x04, 0x00, 0x02, 0x10, 0x06, 0x00,
 0xdd, 0x41, 0xa9, 0x01, 0x00, 0x00, 0xde, 0xd1,
 0x38, 0xa1, 0x01, 0x00, 0x00, 0x25, 0x03, 0x00,
 0xca, 0x03, 0x8b, 0x0e, 0x13, 0x02, 0x20, 0x2e,
 0x2b, 0x73, 0x74, 0x72, 0x20, 0x3d, 0x3e, 0x20,
 0x70, 0x72, 0x69, 0x6e, 0x74, 0x50, 0x61, 0x67,
 0x65, 0x64, 0x2e, 0x63, 0x61, 0x6c, 0x6c, 0x28,
 0x74, 0x68, 0x69, 0x73, 0x2c, 0x20, 0x73, 0x74,
 0x72, 0x2c, 0x20, 0x49, 0x6e, 0x66, 0x69, 0x6e,
 0x69, 0x74, 0x79, 0x29, 0x0c, 0x42, 0x0b, 0x01,
 0x00, 0x00, 0x00, 0x00, 0x02, 0x00, 0x02, 0x00,
 0x09, 0x00, 0xe6, 0x09, 0x02, 0x18, 0x96, 0x07,
 0x03, 0x18, 0x64, 0x00, 0x00, 0x64, 0x01, 0x00,
 0x23, 0x01, 0x00, 0xca, 0x03, 0x8f, 0x0e, 0x0c,
 0x02, 0x11, 0x18, 0x10, 0x28, 0x29, 0x20, 0x3d,
 0x3e, 0x20, 0x70, 0x72, 0x69, 0x6e, 0x74, 0x28,
 0x73, 0x74, 0x72, 0x29, 0x0c, 0x42, 0x0b, 0x01,
 0x00, 0x00, 0x00, 0x00, 0x05, 0x00, 0x04, 0x02,
 0x1e, 0x00, 0x10, 0x06, 0x00, 0x80, 0x04, 0x01,
 0x1a, 0xe6, 0x09, 0x02, 0x18, 0xe2, 0x06, 0x04,
 0x10, 0x0c, 0x42, 0x0b, 0x01, 0x00, 0x02, 0x00,
 0x02, 0x03, 0x00, 0x01, 0x00, 0x17, 0x02, 0xfe,
 0x0b, 0x00, 0x01, 0x00, 0x98, 0x07, 0x00, 0x01,
 0x00, 0x10, 0x00, 0x02, 0xd1, 0x96, 0x04, 0x49,
 0x00, 0x00, 0x00, 0xab, 0xea, 0x03, 0xd1, 0x28,
 0xdd, 0x41, 0x00, 0x03, 0x00, 0x00, 0xd1, 0x24,
 0x01, 0x00, 0x28, 0xca, 0x03, 0x95, 0x0e, 0x0e,
 0x04, 0x07, 0x42, 0x57, 0x38, 0x3f, 0x28, 0x69,
 0x74, 0x65, 0x6d, 0x2c, 0x20, 0x69, 0x29, 0x20,
 0x3d, 0x3e, 0x20, 0x28, 0x74, 0x79, 0x70, 0x65,
 0x6f, 0x66, 0x20, 0x69, 0x74, 0x65, 0x6d, 0x20,
 0x3d, 0x3d, 0x20, 0x27, 0x73, 0x74, 0x72, 0x69,
 0x6e, 0x67, 0x27, 0x20, 0x3f, 0x20, 0x69, 0x74,
 0x65, 0x6d, 0x20, 0x3a, 0x20, 0x74, 0x68, 0x69,
 0x73, 0x2e, 0x73, 0x68, 0x6f, 0x77, 0x28, 0x69,
 0x74, 0x65, 0x6d, 0x29, 0x29, 0x0c, 0x42, 0x0b,
 0x01, 0x00, 0x02, 0x00, 0x02, 0x05, 0x00, 0x01,
 0x02, 0x4c, 0x02, 0x82, 0x0c, 0x00, 0x01, 0x00,
 0xfe, 0x0b, 0x00, 0x01, 0x00, 0x80, 0x04, 0x01,
 0x1a, 0x07, 0x06, 0x5c, 0x73, 0x24, 0x07, 0x88,
 0x01, 0x01, 0x00, 0x01, 0x00, 0x3c, 0x00, 0x00,
 0x00, 0x09, 0x06, 0x00, 0x00, 0x00, 0x05, 0x08,
 0xf5, 0xff, 0xff, 0xff, 0x0c, 0x00, 0x16, 0x0a,
 0x00, 0x09, 0x00, 0x0d, 0x00, 0x20, 0x00, 0x20,
 0x00, 0xa0, 0x00, 0xa0, 0x00, 0x80, 0x16, 0x80,
 0x16, 0x00, 0x20, 0x0a, 0x20, 0x28, 0x20, 0x29,
 0x20, 0x2f, 0x20, 0x2f, 0x20, 0x5f, 0x20, 0x5f,
 0x20, 0x00, 0x30, 0x00, 0x30, 0xff, 0xfe, 0xff,
 0xfe, 0x07, 0x0d, 0x00, 0x0b, 0xd1, 0x64, 0x00,
 0x00, 0xd1, 0xef, 0x41, 0x80, 0x02, 0x00, 0x00,
 0x24, 0x00, 0x00, 0xc0, 0xab, 0x11, 0xeb, 0x22,
 0x0e, 0xbe, 0x00, 0xbe, 0x01, 0x34, 0x41, 0x5e,
 0x02, 0x00, 0x00, 0xd1, 0x24, 0x01, 0x00, 0x11,
 0xeb, 0x10, 0x0e, 0xd1, 0x41, 0xc5, 0x02, 0x00,
 0x00, 0x04, 0x52, 0x01, 0x00, 0x00, 0x24, 0x01,
 0x00, 0xea, 0x04, 0xc0, 0xec, 0x06, 0x04, 0xee,
 0x01, 0x00, 0x00, 0xc0, 0x41, 0x5d, 0x00, 0x00,
 0x00, 0xd2, 0x24, 0x01, 0x00, 0x9c, 0x9c, 0xd9,
 0x28, 0xca, 0x03, 0x96, 0x0e, 0x0e, 0x0c, 0x16,
 0x52, 0x25, 0x0a, 0x11, 0x14, 0x52, 0x24, 0x48,
 0x18, 0x5c, 0x3a, 0x76, 0x28, 0x61, 0x63, 0x63,
 0x2c, 0x20, 0x69, 0x74, 0x65, 0x6d, 0x29, 0x20,
 0x3d, 0x3e, 0x20, 0x28, 0x61, 0x63, 0x63, 0x20,
 0x2b, 0x3d, 0x20, 0x28, 0x73, 0x74, 0x72, 0x69,
 0x70, 0x41, 0x6e, 0x73, 0x69, 0x28, 0x61, 0x63,
 0x63, 0x29, 0x2e, 0x74, 0x72, 0x69, 0x6d, 0x28,
 0x29, 0x20, 0x3d, 0x3d, 0x20, 0x27, 0x27, 0x20,
 0x7c, 0x7c, 0x20, 0x2f, 0x5c, 0x73, 0x24, 0x2f,
 0x67, 0x2e, 0x74, 0x65, 0x73, 0x74, 0x28, 0x61,
 0x63, 0x63, 0x29, 0x20, 0x7c, 0x7c, 0x20, 0x61,
 0x63, 0x63, 0x2e, 0x65, 0x6e, 0x64, 0x73, 0x57,
 0x69, 0x74, 0x68, 0x28, 0x27, 0x5c, 0x6e, 0x27,
 0x29, 0x20, 0x3f, 0x20, 0x27, 0x27, 0x20, 0x3a,
 0x20, 0x27, 0x20, 0x27, 0x29, 0x20, 0x2b, 0x20,
 0x60, 0x24, 0x7b, 0x69, 0x74, 0x65, 0x6d, 0x7d,
 0x60, 0x29, 0x64, 0x02, 0x00, 0x64, 0x03, 0x00,
 0x41, 0x5a, 0x02, 0x00, 0x00, 0xbf, 0x00, 0x24,
 0x01, 0x00, 0x41, 0xc8, 0x02, 0x00, 0x00, 0xbf,
 0x01, 0xc0, 0x24, 0x02, 0x00, 0x23, 0x01, 0x00,
 0xca, 0x03, 0x92, 0x0e, 0x0c, 0x06, 0x13, 0x01,
 0x2b, 0x06, 0x35, 0x00, 0x8d, 0x02, 0x28, 0x29,
 0x20, 0x3d, 0x3e, 0x0a, 0x20, 0x20, 0x20, 0x20,
 0x20, 0x20, 0x20, 0x20, 0x70, 0x72, 0x69, 0x6e,
 0x74, 0x28, 0x0a, 0x20, 0x20, 0x20, 0x20, 0x20,
 0x20, 0x20, 0x20, 0x20, 0x20, 0x61, 0x0a, 0x20,
 0x20, 0x20, 0x20, 0x20, 0x20, 0x20, 0x20, 0x20,
 0x20, 0x20, 0x20, 0x2e, 0x6d, 0x61, 0x70, 0x28,
 0x28, 0x69, 0x74, 0x65, 0x6d, 0x2c, 0x20, 0x69,
 0x29, 0x20, 0x3d, 0x3e, 0x20, 0x28, 0x74, 0x79,
 0x70, 0x65, 0x6f, 0x66, 0x20, 0x69, 0x74, 0x65,
 0x6d, 0x20, 0x3d, 0x3d, 0x20, 0x27, 0x73, 0x74,
 0x72, 0x69, 0x6e, 0x67, 0x27, 0x20, 0x3f, 0x20,
 0x69, 0x74, 0x65, 0x6d, 0x20, 0x3a, 0x20, 0x74,
 0x68, 0x69, 0x73, 0x2e, 0x73, 0x68, 0x6f, 0x77,
 0x28, 0x69, 0x74, 0x65, 0x6d, 0x29, 0x29, 0x29,
 0x0a, 0x20, 0x20, 0x20, 0x20, 0x20, 0x20, 0x20,
 0x20, 0x20, 0x20, 0x20, 0x20, 0x2e, 0x72, 0x65,
 0x64, 0x75, 0x63, 0x65, 0x28, 0x28, 0x61, 0x63,
 0x63, 0x2c, 0x20, 0x69, 0x74, 0x65, 0x6d, 0x29,
 0x20, 0x3d, 0x3e, 0x20, 0x28, 0x61, 0x63, 0x63,
 0x20, 0x2b, 0x3d, 0x20, 0x28, 0x73, 0x74, 0x72,
 0x69, 0x70, 0x41, 0x6e, 0x73, 0x69, 0x28, 0x61,
 0x63, 0x63, 0x29, 0x2e, 0x74, 0x72, 0x69, 0x6d,
 0x28, 0x29, 0x20, 0x3d, 0x3d, 0x20, 0x27, 0x27,
 0x20, 0x7c, 0x7c, 0x20, 0x2f, 0x5c, 0x73, 0x24,
 0x2f, 0x67, 0x2e, 0x74, 0x65, 0x73, 0x74, 0x28,
 0x61, 0x63, 0x63, 0x29, 0x20, 0x7c, 0x7c, 0x20,
 0x61, 0x63, 0x63, 0x2e, 0x65, 0x6e, 0x64, 0x73,
 0x57, 0x69, 0x74, 0x68, 0x28, 0x27, 0x5c, 0x6e,
 0x27, 0x29, 0x20, 0x3f, 0x20, 0x27, 0x27, 0x20,
 0x3a, 0x20, 0x27, 0x20, 0x27, 0x29, 0x20, 0x2b,
 0x20, 0x60, 0x24, 0x7b, 0x69, 0x74, 0x65, 0x6d,
 0x7d, 0x60, 0x29, 0x2c, 0x20, 0x27, 0x27, 0x29,
 0x2c, 0x0a, 0x20, 0x20, 0x20, 0x20, 0x20, 0x20,
 0x20, 0x20, 0x29, 0x08, 0xc2, 0x06, 0x60, 0x01,
 0x00, 0x60, 0x00, 0x00, 0xd1, 0xc9, 0xd2, 0x11,
 0xf2, 0xea, 0x0b, 0x0e, 0xc1, 0x06, 0x40, 0x02,
 0x03, 0x00, 0x00, 0x95, 0xda, 0xca, 0x60, 0x02,
 0x00, 0xbf, 0x00, 0x4c, 0x73, 0x02, 0x00, 0x00,
 0xcb, 0xd1, 0x96, 0x04, 0x49, 0x00, 0x00, 0x00,
 0xab, 0xea, 0x2c, 0x60, 0x03, 0x00, 0xd1, 0xd1,
 0x41, 0xc5, 0x02, 0x00, 0x00, 0x04, 0x52, 0x01,
 0x00, 0x00, 0x24, 0x01, 0x00, 0xea, 0x04, 0xc0,
 0xec, 0x06, 0x04, 0x52, 0x01, 0x00, 0x00, 0x9c,
 0xcc, 0xbf, 0x01, 0x4c, 0xa5, 0x01, 0x00, 0x00,
 0xd5, 0x67, 0x03, 0x00, 0xec, 0x2f, 0xd1, 0xf5,
 0xeb, 0x2b, 0x60, 0x04, 0x00, 0x38, 0x97, 0x00,
 0x00, 0x00, 0x41, 0xfd, 0x00, 0x00, 0x00, 0xd1,
 0x24, 0x01, 0x00, 0xea, 0x04, 0xd1, 0xec, 0x08,
 0x26, 0x00, 0x00, 0xb4, 0xd1, 0x51, 0x0e, 0xc2,
 0x04, 0xbf, 0x02, 0x4c, 0xa5, 0x01, 0x00, 0x00,
 0xd5, 0x67, 0x04, 0x00, 0xd1, 0xf5, 0xeb, 0x19,
 0x38, 0x98, 0x00, 0x00, 0x00, 0x11, 0x04, 0x03,
 0x03, 0x00, 0x00, 0x41, 0x5d, 0x00, 0x00, 0x00,
 0xd1, 0x24, 0x01, 0x00, 0x21, 0x01, 0x00, 0x30,
 0xc1, 0x06, 0x41, 0x04, 0x03, 0x00, 0x00, 0x24,
 0x00, 0x00, 0x0e, 0x6b, 0x0a, 0x00, 0x00, 0x00,
 0xd1, 0xee, 0x0e, 0x0e, 0xec, 0x28, 0xc2, 0x05,
 0x6b, 0x23, 0x00, 0x00, 0x00, 0x38, 0x95, 0x01,
 0x00, 0x00, 0x41, 0xc8, 0x01, 0x00, 0x00, 0x04,
 0x05, 0x03, 0x00, 0x00, 0xc1, 0x05, 0xc1, 0x05,
 0x40, 0x36, 0x00, 0x00, 0x00, 0x24, 0x03, 0x00,
 0x0e, 0x0e, 0xec, 0x02, 0x30, 0xd2, 0xea, 0x0c,
 0xc1, 0x06, 0x41, 0x11, 0x02, 0x00, 0x00, 0x24,
 0x00, 0x00, 0x0e, 0x29, 0xca, 0x03, 0x8a, 0x0e,
 0x03, 0x22, 0xc8, 0x24, 0x44, 0x06, 0x20, 0x08,
 0x67, 0x29, 0x49, 0x2a, 0x53, 0x02, 0x5d, 0x2b,
 0x00, 0x0c, 0x10, 0x1c, 0x11, 0x2c, 0x7c, 0x4b,
 0x25, 0x0a, 0x32, 0x05, 0x45, 0x00, 0x34, 0x10,
 0x82, 0x02, 0x25, 0x0a, 0xee, 0x06, 0x70, 0x72,
 0x69, 0x6e, 0x74, 0x53, 0x74, 0x61, 0x74, 0x75,
 0x73, 0x28, 0x66, 0x6e, 0x2c, 0x20, 0x70, 0x72,
 0x6f, 0x6d, 0x70, 0x74, 0x20, 0x3d, 0x20, 0x21,
 0x74, 0x68, 0x69, 0x73, 0x2e, 0x65, 0x76, 0x61,
 0x6c, 0x52, 0x75, 0x6e, 0x6e, 0x69, 0x6e, 0x67,
 0x29, 0x20, 0x7b, 0x0a, 0x20, 0x20, 0x20, 0x20,
 0x63, 0x6f, 0x6e, 0x73, 0x74, 0x20, 0x70, 0x72,
 0x69, 0x6e, 0x74, 0x20, 0x3d, 0x20, 0x73, 0x74,
 0x72, 0x20, 0x3d, 0x3e, 0x20, 0x70, 0x72, 0x69,
 0x6e, 0x74, 0x50, 0x61, 0x67, 0x65, 0x64, 0x2e,
 0x63, 0x61, 0x6c, 0x6c, 0x28, 0x74, 0x68, 0x69,
 0x73, 0x2c, 0x20, 0x73, 0x74, 0x72, 0x2c, 0x20,
 0x49, 0x6e, 0x66, 0x69, 0x6e, 0x69, 0x74, 0x79,
 0x29, 0x3b, 0x0a, 0x0a, 0x20, 0x20, 0x20, 0x20,
 0x69, 0x66, 0x28, 0x74, 0x79, 0x70, 0x65, 0x6f,
 0x66, 0x20, 0x66, 0x6e, 0x20, 0x3d, 0x3d, 0x20,
 0x27, 0x73, 0x74, 0x72, 0x69, 0x6e, 0x67, 0x27,
 0x29, 0x20, 0x7b, 0x0a, 0x20, 0x20, 0x20, 0x20,
 0x20, 0x20, 0x63, 0x6f, 0x6e, 0x73, 0x74, 0x20,
 0x73, 0x74, 0x72, 0x20, 0x3d, 0x20, 0x66, 0x6e,
 0x20, 0x2b, 0x20, 0x28, 0x66, 0x6e, 0x2e, 0x65,
 0x6e, 0x64, 0x73, 0x57, 0x69, 0x74, 0x68, 0x28,
 0x27, 0x5c, 0x6e, 0x27, 0x29, 0x20, 0x3f, 0x20,
 0x27, 0x27, 0x20, 0x3a, 0x20, 0x27, 0x5c, 0x6e,
 0x27, 0x29, 0x3b, 0x0a, 0x20, 0x20, 0x20, 0x20,
 0x20, 0x20, 0x66, 0x6e, 0x20, 0x3d, 0x20, 0x28,
 0x29, 0x20, 0x3d, 0x3e, 0x20, 0x70, 0x72, 0x69,
 0x6e, 0x74, 0x28, 0x73, 0x74, 0x72, 0x29, 0x3b,
 0x0a, 0x20, 0x20, 0x20, 0x20, 0x7d, 0x20, 0x65,
 0x6c, 0x73, 0x65, 0x20, 0x69, 0x66, 0x28, 0x74,
 0x79, 0x70, 0x65, 0x6f, 0x66, 0x20, 0x66, 0x6e,
 0x20, 0x21, 0x3d, 0x20, 0x27, 0x66, 0x75, 0x6e,
 0x63, 0x74, 0x69, 0x6f, 0x6e, 0x27, 0x29, 0x20,
 0x7b, 0x0a, 0x20, 0x20, 0x20, 0x20, 0x20, 0x20,
 0x6c, 0x65, 0x74, 0x20, 0x61, 0x20, 0x3d, 0x20,
 0x41, 0x72, 0x72, 0x61, 0x79, 0x2e, 0x69, 0x73,
 0x41, 0x72, 0x72, 0x61, 0x79, 0x28, 0x66, 0x6e,
 0x29, 0x20, 0x3f, 0x20, 0x66, 0x6e, 0x20, 0x3a,
 0x20, 0x5b, 0x2e, 0x2e, 0x2e, 0x66, 0x6e, 0x5d,
 0x3b, 0x0a, 0x20, 0x20, 0x20, 0x20, 0x20, 0x20,
 0x66, 0x6e, 0x20, 0x3d, 0x20, 0x28, 0x29, 0x20,
 0x3d, 0x3e, 0x0a, 0x20, 0x20, 0x20, 0x20, 0x20,
 0x20, 0x20, 0x20, 0x70, 0x72, 0x69, 0x6e, 0x74,
 0x28, 0x0a, 0x20, 0x20, 0x20, 0x20, 0x20, 0x20,
 0x20, 0x20, 0x20, 0x20, 0x61, 0x0a, 0x20, 0x20,
 0x20, 0x20, 0x20, 0x20, 0x20, 0x20, 0x20, 0x20,
 0x20, 0x20, 0x2e, 0x6d, 0x61, 0x70, 0x28, 0x28,
 0x69, 0x74, 0x65, 0x6d, 0x2c, 0x20, 0x69, 0x29,
 0x20, 0x3d, 0x3e, 0x20, 0x28, 0x74, 0x79, 0x70,
 0x65, 0x6f, 0x66, 0x20, 0x69, 0x74, 0x65, 0x6d,
 0x20, 0x3d, 0x3d, 0x20, 0x27, 0x73, 0x74, 0x72,
 0x69, 0x6e, 0x67, 0x27, 0x20, 0x3f, 0x20, 0x69,
 0x74, 0x65, 0x6d, 0x20, 0x3a, 0x20, 0x74, 0x68,
 0x69, 0x73, 0x2e, 0x73, 0x68, 0x6f, 0x77, 0x28,
 0x69, 0x74, 0x65, 0x6d, 0x29, 0x29, 0x29, 0x0a,
 0x20, 0x20, 0x20, 0x20, 0x20, 0x20, 0x20, 0x20,
 0x20, 0x20, 0x20, 0x20, 0x2e, 0x72, 0x65, 0x64,
 0x75, 0x63, 0x65, 0x28, 0x28, 0x61, 0x63, 0x63,
 0x2c, 0x20, 0x69, 0x74, 0x65, 0x6d, 0x29, 0x20,
 0x3d, 0x3e, 0x20, 0x28, 0x61, 0x63, 0x63, 0x20,
 0x2b, 0x3d, 0x20, 0x28, 0x73, 0x74, 0x72, 0x69,
 0x70, 0x41, 0x6e, 0x73, 0x69, 0x28, 0x61, 0x63,
 0x63, 0x29, 0x2e, 0x74, 0x72, 0x69, 0x6d, 0x28,
 0x29, 0x20, 0x3d, 0x3d, 0x20, 0x27, 0x27, 0x20,
 0x7c, 0x7c, 0x20, 0x2f, 0x5c, 0x73, 0x24, 0x2f,
 0x67, 0x2e, 0x74, 0x65, 0x73, 0x74, 0x28, 0x61,
 0x63, 0x63, 0x29, 0x20, 0x7c, 0x7c, 0x20, 0x61,
 0x63, 0x63, 0x2e, 0x65, 0x6e, 0x64, 0x73, 0x57,
 0x69, 0x74, 0x68, 0x28, 0x27, 0x5c, 0x6e, 0x27,
 0x29, 0x20, 0x3f, 0x20, 0x27, 0x27, 0x20, 0x3a,
 0x20, 0x27, 0x20, 0x27, 0x29, 0x20, 0x2b, 0x20,
 0x60, 0x24, 0x7b, 0x69, 0x74, 0x65, 0x6d, 0x7d,
 0x60, 0x29, 0x2c, 0x20, 0x27, 0x27, 0x29, 0x2c,
 0x0a, 0x20, 0x20, 0x20, 0x20, 0x20, 0x20, 0x20,
 0x20, 0x29, 0x3b, 0x0a, 0x20, 0x20, 0x20, 0x20,
 0x7d, 0x0a, 0x0a, 0x20, 0x20, 0x20, 0x20, 0x69,
 0x66, 0x28, 0x74, 0x79, 0x70, 0x65, 0x6f, 0x66,
 0x20, 0x66, 0x6e, 0x20, 0x21, 0x3d, 0x20, 0x27,
 0x66, 0x75, 0x6e, 0x63, 0x74, 0x69, 0x6f, 0x6e,
 0x27, 0x29, 0x20, 0x74, 0x68, 0x72, 0x6f, 0x77,
 0x20, 0x6e, 0x65, 0x77, 0x20, 0x45, 0x72, 0x72,
 0x6f, 0x72, 0x28, 0x60, 0x72, 0x65, 0x70, 0x6c,
 0x2e, 0x70, 0x72, 0x69, 0x6e, 0x74, 0x53, 0x74,
 0x61, 0x74, 0x75, 0x73, 0x20, 0x6e, 0x6f, 0x74,
 0x20, 0x61, 0x20, 0x66, 0x75, 0x6e, 0x63, 0x74,
 0x69, 0x6f, 0x6e, 0x20, 0x66, 0x6e, 0x3d, 0x24,
 0x7b, 0x66, 0x6e, 0x7d, 0x60, 0x29, 0x3b, 0x0a,
 0x0a, 0x20, 0x20, 0x20, 0x20, 0x74, 0x68, 0x69,
 0x73, 0x2e, 0x72, 0x65, 0x61, 0x64, 0x6c, 0x69,
 0x6e, 0x65, 0x52, 0x65, 0x6d, 0x6f, 0x76, 0x65,
 0x50, 0x72, 0x6f, 0x6d, 0x70, 0x74, 0x28, 0x29,
 0x3b, 0x0a, 0x0a, 0x20, 0x20, 0x20, 0x20, 0x74,
 0x72, 0x79, 0x20, 0x7b, 0x0a, 0x20, 0x20, 0x20,
 0x20, 0x20, 0x20, 0x66, 0x6e, 0x28, 0x29, 0x3b,
 0x0a, 0x20, 0x20, 0x20, 0x20, 0x7d, 0x20, 0x63,
 0x61, 0x74, 0x63, 0x68, 0x28, 0x65, 0x29, 0x20,
 0x7b, 0x0a, 0x20, 0x20, 0x20, 0x20, 0x20, 0x20,
 0x63, 0x6f, 0x6e, 0x73, 0x6f, 0x6c, 0x65, 0x2e,
 0x6c, 0x6f, 0x67, 0x28, 0x27, 0x70, 0x72, 0x69,
 0x6e, 0x74, 0x53, 0x74, 0x61, 0x74, 0x75, 0x73,
 0x20, 0x45, 0x52, 0x52, 0x4f, 0x52, 0x3a, 0x27,
 0x2c, 0x20, 0x65, 0x2c, 0x20, 0x65, 0x2e, 0x73,
 0x74, 0x61, 0x63, 0x6b, 0x29, 0x3b, 0x0a, 0x20,
 0x20, 0x20, 0x20, 0x7d, 0x0a, 0x0a, 0x20, 0x20,
 0x20, 0x20, 0x69, 0x66, 0x28, 0x70, 0x72, 0x6f,
 0x6d, 0x70, 0x74, 0x29, 0x20, 0x74, 0x68, 0x69,
 0x73, 0x2e, 0x72, 0x65, 0x61, 0x64, 0x6c, 0x69,
 0x6e, 0x65, 0x50, 0x72, 0x69, 0x6e, 0x74, 0x50,
 0x72, 0x6f, 0x6d, 0x70, 0x74, 0x28, 0x29, 0x3b,
 0x0a, 0x20, 0x20, 0x7d, 0x0c, 0x42, 0x0b, 0x01,
 0x00, 0x01, 0x01, 0x01, 0x01, 0x02, 0x00, 0x01,
 0x05, 0x02, 0x8c, 0x0c, 0x00, 0x01, 0x40, 0x00,
 0x10, 0x00, 0x01, 0x40, 0x01, 0x0c, 0x40, 0x0b,
 0x01, 0x00, 0x01, 0x00, 0x00, 0x03, 0x01, 0x02,
 0x01, 0x0f, 0x01, 0x8e, 0x0c, 0x00, 0x01, 0x40,
 0x00, 0x8c, 0x0c, 0x00, 0x01, 0x10, 0x00, 0x00,
 0x0c, 0x42, 0x0b, 0x01, 0x00, 0x00, 0x00, 0x00,
 0x04, 0x00, 0x02, 0x00, 0x0e, 0x00, 0x8c, 0x0c,
 0x00, 0x02, 0x8e, 0x0c, 0x00, 0x01, 0xdd, 0x26,
 0x00, 0x00, 0xb4, 0xde, 0x51, 0x0e, 0x06, 0x1b,
 0x27, 0x00, 0x00, 0x28, 0xca, 0x03, 0xa8, 0x0e,
 0x1e, 0x02, 0x07, 0x24, 0x14, 0x28, 0x29, 0x20,
 0x3d, 0x3e, 0x20, 0x6c, 0x6f, 0x67, 0x46, 0x6e,
 0x28, 0x2e, 0x2e, 0x2e, 0x61, 0x72, 0x67, 0x73,
 0x29, 0x0d, 0x00, 0x00, 0xd5, 0xde, 0x41, 0x26,
 0x02, 0x00, 0x00, 0xbf, 0x00, 0x25, 0x01, 0x00,
 0xca, 0x03, 0xa8, 0x0e, 0x0c, 0x02, 0x34, 0x24,
 0x33, 0x28, 0x2e, 0x2e, 0x2e, 0x61, 0x72, 0x67,
 0x73, 0x29, 0x20, 0x3d, 0x3e, 0x20, 0x74, 0x68,
 0x69, 0x73, 0x2e, 0x70, 0x72, 0x69, 0x6e, 0x74,
 0x53, 0x74, 0x61, 0x74, 0x75, 0x73, 0x28, 0x28,
 0x29, 0x20, 0x3d, 0x3e, 0x20, 0x6c, 0x6f, 0x67,
 0x46, 0x6e, 0x28, 0x2e, 0x2e, 0x2e, 0x61, 0x72,
 0x67, 0x73, 0x29, 0x29, 0x08, 0xc9, 0xbf, 0x00,
 0x28, 0xca, 0x03, 0xa7, 0x0e, 0x03, 0x00, 0x5a,
 0x70, 0x72, 0x69, 0x6e, 0x74, 0x46, 0x75, 0x6e,
 0x63, 0x74, 0x69, 0x6f, 0x6e, 0x28, 0x6c, 0x6f,
 0x67, 0x46, 0x6e, 0x29, 0x20, 0x7b, 0x0a, 0x20,
 0x20, 0x20, 0x20, 0x72, 0x65, 0x74, 0x75, 0x72,
 0x6e, 0x20, 0x28, 0x2e, 0x2e, 0x2e, 0x61, 0x72,
 0x67, 0x73, 0x29, 0x20, 0x3d, 0x3e, 0x20, 0x74,
 0x68, 0x69, 0x73, 0x2e, 0x70, 0x72, 0x69, 0x6e,
 0x74, 0x53, 0x74, 0x61, 0x74, 0x75, 0x73, 0x28,
 0x28, 0x29, 0x20, 0x3d, 0x3e, 0x20, 0x6c, 0x6f,
 0x67, 0x46, 0x6e, 0x28, 0x2e, 0x2e, 0x2e, 0x61,
 0x72, 0x67, 0x73, 0x29, 0x29, 0x3b, 0x0a, 0x20,
 0x20, 0x7d, 0x0c, 0x42, 0x0b, 0x01, 0x00, 0x00,
 0x01, 0x00, 0x02, 0x00, 0x00, 0x00, 0x0a, 0x01,
 0x10, 0x00, 0x01, 0x00, 0x08, 0xc9, 0xc5, 0x0a,
 0x42, 0x9f, 0x02, 0x00, 0x00, 0x29, 0xca, 0x03,
 0xab, 0x0e, 0x03, 0x02, 0x0d, 0x04, 0x2f, 0x71,
 0x75, 0x6f, 0x74, 0x65, 0x64, 0x49, 0x6e, 0x73,
 0x65, 0x72, 0x74, 0x28, 0x29, 0x20, 0x7b, 0x0a,
 0x20, 0x20, 0x20, 0x20, 0x74, 0x68, 0x69, 0x73,
 0x2e, 0x71, 0x75, 0x6f, 0x74, 0x65, 0x46, 0x6c,
 0x61, 0x67, 0x20, 0x3d, 0x20, 0x74, 0x72, 0x75,
 0x65, 0x3b, 0x0a, 0x20, 0x20, 0x7d, 0x0c, 0x42,
 0x0b, 0x01, 0x00, 0x00, 0x02, 0x00, 0x06, 0x00,
 0x01, 0x00, 0x62, 0x02, 0xca, 0x07, 0x04, 0x00,
 0x03, 0x10, 0x00, 0x01, 0x00, 0xd0, 0x04, 0x36,
 0x02, 0x08, 0xca, 0xdd, 0xb4, 0xab, 0xea, 0x08,
 0xc6, 0xc0, 0x42, 0xab, 0x01, 0x00, 0x00, 0xdd,
 0x8d, 0xe1, 0xc6, 0xc6, 0x40, 0x08, 0x03, 0x00,
 0x00, 0x42, 0xa1, 0x02, 0x00, 0x00, 0x6b, 0x11,
 0x00, 0x00, 0x00, 0xc6, 0x41, 0xa4, 0x02, 0x00,
 0x00, 0x24, 0x00, 0x00, 0x0e, 0x0e, 0xec, 0x31,
 0xc9, 0x6b, 0x2d, 0x00, 0x00, 0x00, 0x38, 0x95,
 0x01, 0x00, 0x00, 0x41, 0xc8, 0x01, 0x00, 0x00,
 0x04, 0x09, 0x03, 0x00, 0x00, 0xc5, 0x40, 0x33,
 0x00, 0x00, 0x00, 0x04, 0x52, 0x01, 0x00, 0x00,
 0x9c, 0xc5, 0x40, 0x36, 0x00, 0x00, 0x00, 0x9c,
 0x24, 0x02, 0x00, 0x0e, 0x0e, 0xec, 0x02, 0x30,
 0xbc, 0xfe, 0x28, 0xca, 0x03, 0xaf, 0x0e, 0x03,
 0x14, 0x12, 0x28, 0x16, 0x06, 0x26, 0x29, 0x12,
 0x00, 0x5a, 0x04, 0x20, 0x0a, 0x45, 0x09, 0x34,
 0x10, 0x39, 0x3c, 0x20, 0x0e, 0x86, 0x02, 0x72,
 0x65, 0x76, 0x65, 0x72, 0x73, 0x65, 0x53, 0x65,
 0x61, 0x72, 0x63, 0x68, 0x28, 0x29, 0x20, 0x7b,
 0x0a, 0x20, 0x20, 0x20, 0x20, 0x69, 0x66, 0x28,
 0x73, 0x65, 0x61, 0x72, 0x63, 0x68, 0x53, 0x74,
 0x61, 0x74, 0x65, 0x20, 0x3d, 0x3d, 0x20, 0x30,
 0x29, 0x20, 0x74, 0x68, 0x69, 0x73, 0x2e, 0x63,
 0x6d, 0x64, 0x20, 0x3d, 0x20, 0x27, 0x27, 0x3b,
 0x0a, 0x20, 0x20, 0x20, 0x20, 0x73, 0x65, 0x61,
 0x72, 0x63, 0x68, 0x53, 0x74, 0x61, 0x74, 0x65,
 0x2d, 0x2d, 0x3b, 0x0a, 0x20, 0x20, 0x20, 0x20,
 0x74, 0x68, 0x69, 0x73, 0x2e, 0x72, 0x65, 0x61,
 0x64, 0x6c, 0x69, 0x6e, 0x65, 0x43, 0x61, 0x6c,
 0x6c, 0x62, 0x61, 0x63, 0x6b, 0x20, 0x3d, 0x20,
 0x74, 0x68, 0x69, 0x73, 0x2e, 0x73, 0x65, 0x61,
 0x72, 0x63, 0x68, 0x43, 0x62, 0x3b, 0x0a, 0x0a,
 0x20, 0x20, 0x20, 0x20, 0x74, 0x72, 0x79, 0x20,
 0x7b, 0x0a, 0x20, 0x20, 0x20, 0x20, 0x20, 0x20,
 0x74, 0x68, 0x69, 0x73, 0x2e, 0x75, 0x70, 0x64,
 0x61, 0x74, 0x65, 0x28, 0x29, 0x3b, 0x0a, 0x20,
 0x20, 0x20, 0x20, 0x7d, 0x20, 0x63, 0x61, 0x74,
 0x63, 0x68, 0x28, 0x65, 0x72, 0x72, 0x6f, 0x72,
 0x29, 0x20, 0x7b, 0x0a, 0x20, 0x20, 0x20, 0x20,
 0x20, 0x20, 0x63, 0x6f, 0x6e, 0x73, 0x6f, 0x6c,
 0x65, 0x2e, 0x6c, 0x6f, 0x67, 0x28, 0x27, 0x45,
 0x52, 0x52, 0x4f, 0x52, 0x3a, 0x27, 0x2c, 0x20,
 0x65, 0x72, 0x72, 0x6f, 0x72, 0x2e, 0x6d, 0x65,
 0x73, 0x73, 0x61, 0x67, 0x65, 0x20, 0x2b, 0x20,
 0x27, 0x5c, 0x6e, 0x27, 0x20, 0x2b, 0x20, 0x65,
 0x72, 0x72, 0x6f, 0x72, 0x2e, 0x73, 0x74, 0x61,
 0x63, 0x6b, 0x29, 0x3b, 0x0a, 0x20, 0x20, 0x20,
 0x20, 0x7d, 0x0a, 0x20, 0x20, 0x20, 0x20, 0x72,
 0x65, 0x74, 0x75, 0x72, 0x6e, 0x20, 0x2d, 0x32,
 0x3b, 0x0a, 0x20, 0x20, 0x7d, 0x0c, 0x42, 0x0b,
 0x01, 0x00, 0x00, 0x01, 0x00, 0x02, 0x00, 0x01,
 0x00, 0x2a, 0x01, 0x10, 0x00, 0x01, 0x00, 0xd0,
 0x04, 0x36, 0x02, 0x08, 0xc9, 0xdd, 0xb4, 0xab,
 0xea, 0x08, 0xc5, 0xc0, 0x42, 0xab, 0x01, 0x00,
 0x00, 0xdd, 0x8e, 0xe1, 0xc5, 0xc5, 0x40, 0x08,
 0x03, 0x00, 0x00, 0x42, 0xa1, 0x02, 0x00, 0x00,
 0xc5, 0x41, 0xa4, 0x02, 0x00, 0x00, 0x24, 0x00,
 0x00, 0x0e, 0xbc, 0xfe, 0x28, 0xca, 0x03, 0xbc,
 0x0e, 0x03, 0x0c, 0x12, 0x28, 0x16, 0x06, 0x26,
 0x29, 0x12, 0x00, 0x40, 0x00, 0x20, 0x0a, 0xde,
 0x01, 0x66, 0x6f, 0x72, 0x77, 0x61, 0x72, 0x64,
 0x53, 0x65, 0x61, 0x72, 0x63, 0x68, 0x28, 0x29,
 0x20, 0x7b, 0x0a, 0x20, 0x20, 0x20, 0x20, 0x69,
 0x66, 0x28, 0x73, 0x65, 0x61, 0x72, 0x63, 0x68,
 0x53, 0x74, 0x61, 0x74, 0x65, 0x20, 0x3d, 0x3d,
 0x20, 0x30, 0x29, 0x20, 0x74, 0x68, 0x69, 0x73,
 0x2e, 0x63, 0x6d, 0x64, 0x20, 0x3d, 0x20, 0x27,
 0x27, 0x3b, 0x0a, 0x20, 0x20, 0x20, 0x20, 0x73,
 0x65, 0x61, 0x72, 0x63, 0x68, 0x53, 0x74, 0x61,
 0x74, 0x65, 0x2b, 0x2b, 0x3b, 0x0a, 0x20, 0x20,
 0x20, 0x20, 0x74, 0x68, 0x69, 0x73, 0x2e, 0x72,
 0x65, 0x61, 0x64, 0x6c, 0x69, 0x6e, 0x65, 0x43,
 0x61, 0x6c, 0x6c, 0x62, 0x61, 0x63, 0x6b, 0x20,
 0x3d, 0x20, 0x74, 0x68, 0x69, 0x73, 0x2e, 0x73,
 0x65, 0x61, 0x72, 0x63, 0x68, 0x43, 0x62, 0x3b,
 0x0a, 0x20, 0x20, 0x20, 0x20, 0x2f, 0x2f, 0x74,
 0x68, 0x69, 0x73, 0x2e, 0x64, 0x65, 0x62, 0x75,
 0x67, 0x28, 0x27, 0x66, 0x6f, 0x72, 0x77, 0x61,
 0x72, 0x64, 0x53, 0x65, 0x61, 0x72, 0x63, 0x68,
 0x27, 0x2c, 0x20, 0x7b, 0x20, 0x73, 0x65, 0x61,
 0x72, 0x63, 0x68, 0x53, 0x74, 0x61, 0x74, 0x65,
 0x2c, 0x20, 0x74, 0x65, 0x72, 0x6d, 0x43, 0x75,
 0x72, 0x73, 0x6f, 0x72, 0x58, 0x20, 0x7d, 0x29,
 0x3b, 0x0a, 0x20, 0x20, 0x20, 0x20, 0x74, 0x68,
 0x69, 0x73, 0x2e, 0x75, 0x70, 0x64, 0x61, 0x74,
 0x65, 0x28, 0x29, 0x3b, 0x0a, 0x20, 0x20, 0x20,
 0x20, 0x72, 0x65, 0x74, 0x75, 0x72, 0x6e, 0x20,
 0x2d, 0x32, 0x3b, 0x0a, 0x20, 0x20, 0x7d, 0x0c,
 0x42, 0x0b, 0x01, 0x00, 0x01, 0x02, 0x01, 0x04,
 0x00, 0x01, 0x00, 0x4a, 0x03, 0x94, 0x0c, 0x00,
 0x01, 0x00, 0xbc, 0x0a, 0x03, 0x00, 0x30, 0x10,
 0x00, 0x01, 0x00, 0xd0, 0x04, 0x36, 0x02, 0x08,
 0xca, 0xd1, 0xf3, 0xeb, 0x44, 0x60, 0x00, 0x00,
 0xc6, 0x40, 0xa2, 0x02, 0x00, 0x00, 0xc6, 0x40,
 0xa3, 0x02, 0x00, 0x00, 0x46, 0xc9, 0xb4, 0xe1,
 0xc6, 0xc6, 0x40, 0xc7, 0x01, 0x00, 0x00, 0x42,
 0xa1, 0x02, 0x00, 0x00, 0xc6, 0xc0, 0x42, 0xab,
 0x01, 0x00, 0x00, 0xc6, 0x41, 0xc7, 0x01, 0x00,
 0x00, 0x61, 0x00, 0x00, 0x11, 0xaf, 0xea, 0x03,
 0x0e, 0xc0, 0x24, 0x01, 0x00, 0x0e, 0xc6, 0x41,
 0xa4, 0x02, 0x00, 0x00, 0x24, 0x00, 0x00, 0x0e,
 0x29, 0xca, 0x03, 0xc5, 0x0e, 0x03, 0x10, 0x12,
 0x22, 0x69, 0x19, 0x0d, 0x00, 0x3f, 0x00, 0x26,
 0x00, 0x20, 0x2e, 0x45, 0x2d, 0x20, 0x0a, 0xe5,
 0x02, 0x73, 0x65, 0x61, 0x72, 0x63, 0x68, 0x43,
 0x62, 0x28, 0x70, 0x61, 0x74, 0x74, 0x65, 0x72,
 0x6e, 0x29, 0x20, 0x7b, 0x0a, 0x20, 0x20, 0x20,
 0x20, 0x69, 0x66, 0x28, 0x70, 0x61, 0x74, 0x74,
 0x65, 0x72, 0x6e, 0x20, 0x21, 0x3d, 0x3d, 0x20,
 0x6e, 0x75, 0x6c, 0x6c, 0x29, 0x20, 0x7b, 0x0a,
 0x20, 0x20, 0x20, 0x20, 0x20, 0x20, 0x63, 0x6f,
 0x6e, 0x73, 0x74, 0x20, 0x68, 0x69, 0x73, 0x74,
 0x63, 0x6d, 0x64, 0x20, 0x3d, 0x20, 0x74, 0x68,
 0x69, 0x73, 0x2e, 0x68, 0x69, 0x73, 0x74, 0x6f,
 0x72, 0x79, 0x5b, 0x74, 0x68, 0x69, 0x73, 0x2e,
 0x73, 0x65, 0x61, 0x72, 0x63, 0x68, 0x49, 0x6e,
 0x64, 0x65, 0x78, 0x5d, 0x3b, 0x0a, 0x20, 0x20,
 0x20, 0x20, 0x20, 0x20, 0x2f, 0x2f, 0x74, 0x68,
 0x69, 0x73, 0x2e, 0x64, 0x65, 0x62, 0x75, 0x67,
 0x28, 0x27, 0x73, 0x65, 0x61, 0x72, 0x63, 0x68,
 0x43, 0x62, 0x27, 0x2c, 0x20, 0x7b, 0x20, 0x70,
 0x61, 0x74, 0x74, 0x65, 0x72, 0x6e, 0x2c, 0x20,
 0x68, 0x69, 0x73, 0x74, 0x63, 0x6d, 0x64, 0x2c,
 0x63, 0x6d, 0x64, 0x20, 0x7d, 0x2c, 0x20, 0x74,
 0x68, 0x69, 0x73, 0x2e, 0x68, 0x69, 0x73, 0x74,
 0x6f, 0x72, 0x79, 0x2e, 0x73, 0x6c, 0x69, 0x63,
 0x65, 0x28, 0x2d, 0x32, 0x29, 0x29, 0x3b, 0x0a,
 0x20, 0x20, 0x20, 0x20, 0x20, 0x20, 0x73, 0x65,
 0x61, 0x72, 0x63, 0x68, 0x53, 0x74, 0x61, 0x74,
 0x65, 0x20, 0x3d, 0x20, 0x30, 0x3b, 0x0a, 0x20,
 0x20, 0x20, 0x20, 0x20, 0x20, 0x74, 0x68, 0x69,
 0x73, 0x2e, 0x72, 0x65, 0x61, 0x64, 0x6c, 0x69,
 0x6e, 0x65, 0x43, 0x61, 0x6c, 0x6c, 0x62, 0x61,
 0x63, 0x6b, 0x20, 0x3d, 0x20, 0x74, 0x68, 0x69,
 0x73, 0x2e, 0x72, 0x65, 0x61, 0x64, 0x6c, 0x69,
 0x6e, 0x65, 0x48, 0x61, 0x6e, 0x64, 0x6c, 0x65,
 0x43, 0x6d, 0x64, 0x3b, 0x0a, 0x20, 0x20, 0x20,
 0x20, 0x20, 0x20, 0x74, 0x68, 0x69, 0x73, 0x2e,
 0x63, 0x6d, 0x64, 0x20, 0x3d, 0x20, 0x27, 0x27,
 0x3b, 0x0a, 0x20, 0x20, 0x20, 0x20, 0x20, 0x20,
 0x74, 0x68, 0x69, 0x73, 0x2e, 0x72, 0x65, 0x61,
 0x64, 0x6c, 0x69, 0x6e, 0x65, 0x48, 0x61, 0x6e,
 0x64, 0x6c, 0x65, 0x43, 0x6d, 0x64, 0x28, 0x68,
 0x69, 0x73, 0x74, 0x63, 0x6d, 0x64, 0x20, 0x3f,
 0x3f, 0x20, 0x27, 0x27, 0x29, 0x3b, 0x0a, 0x0a,
 0x20, 0x20, 0x20, 0x20, 0x20, 0x20, 0x74, 0x68,
 0x69, 0x73, 0x2e, 0x75, 0x70, 0x64, 0x61, 0x74,
 0x65, 0x28, 0x29, 0x3b, 0x0a, 0x20, 0x20, 0x20,
 0x20, 0x7d, 0x0a, 0x20, 0x20, 0x7d, 0x0c, 0x42,
 0x0b, 0x01, 0x00, 0x01, 0x01, 0x01, 0x03, 0x00,
 0x00, 0x00, 0x1a, 0x02, 0xb6, 0x09, 0x00, 0x01,
 0x00, 0x10, 0x00, 0x01, 0x00, 0x08, 0xc9, 0xc5,
 0x41, 0x0b, 0x03, 0x00, 0x00, 0xd1, 0x24, 0x01,
 0x00, 0x95, 0xea, 0x0b, 0xc5, 0x41, 0xca, 0x01,
 0x00, 0x00, 0x24, 0x00, 0x00, 0x0e, 0x29, 0xca,
 0x03, 0xd2, 0x0e, 0x03, 0x06, 0x2d, 0x2a, 0x25,
 0x0e, 0x20, 0x0a, 0x90, 0x01, 0x72, 0x65, 0x61,
 0x64, 0x6c, 0x69, 0x6e, 0x65, 0x48, 0x61, 0x6e,
 0x64, 0x6c, 0x65, 0x43, 0x6d, 0x64, 0x28, 0x65,
 0x78, 0x70, 0x72, 0x29, 0x20, 0x7b, 0x0a, 0x20,
 0x20, 0x20, 0x20, 0x2f, 0x2f, 0x69, 0x66, 0x28,
 0x65, 0x78, 0x70, 0x72, 0x2e, 0x74, 0x72, 0x69,
 0x6d, 0x28, 0x29, 0x20, 0x21, 0x3d, 0x3d, 0x20,
 0x27, 0x27, 0x29, 0x20, 0x74, 0x68, 0x69, 0x73,
 0x2e, 0x68, 0x69, 0x73, 0x74, 0x6f, 0x72, 0x79,
 0x41, 0x64, 0x64, 0x28, 0x65, 0x78, 0x70, 0x72,
 0x2e, 0x74, 0x72, 0x69, 0x6d, 0x28, 0x29, 0x29,
 0x3b, 0x0a, 0x0a, 0x20, 0x20, 0x20, 0x20, 0x69,
 0x66, 0x28, 0x21, 0x74, 0x68, 0x69, 0x73, 0x2e,
 0x68, 0x61, 0x6e, 0x64, 0x6c, 0x65, 0x43, 0x6d,
 0x64, 0x28, 0x65, 0x78, 0x70, 0x72, 0x29, 0x29,
 0x20, 0x74, 0x68, 0x69, 0x73, 0x2e, 0x63, 0x6d,
 0x64, 0x52, 0x65, 0x61, 0x64, 0x6c, 0x69, 0x6e,
 0x65, 0x53, 0x74, 0x61, 0x72, 0x74, 0x28, 0x29,
 0x3b, 0x0a, 0x20, 0x20, 0x7d, 0x0c, 0x42, 0x0b,
 0x01, 0x00, 0x00, 0x01, 0x00, 0x03, 0x00, 0x02,
 0x00, 0x64, 0x01, 0x10, 0x00, 0x01, 0x00, 0xca,
 0x04, 0x33, 0x02, 0xd8, 0x04, 0x3b, 0x02, 0x08,
 0xc9, 0xdd, 0xb4, 0xa7, 0xea, 0x0b, 0xc5, 0x41,
 0x04, 0x03, 0x00, 0x00, 0x24, 0x00, 0x00, 0x0e,
 0xc5, 0x40, 0x0a, 0x01, 0x00, 0x00, 0x11, 0xaf,
 0xea, 0x05, 0x0e, 0x06, 0xec, 0x0f, 0x41, 0x0b,
 0x01, 0x00, 0x00, 0xc5, 0x40, 0xfe, 0x02, 0x00,
 0x00, 0x24, 0x01, 0x00, 0x0e, 0xc5, 0x40, 0x0a,
 0x01, 0x00, 0x00, 0x11, 0xaf, 0xea, 0x05, 0x0e,
 0x06, 0xec, 0x09, 0x41, 0x3a, 0x01, 0x00, 0x00,
 0x24, 0x00, 0x00, 0x0e, 0xde, 0xc5, 0x40, 0xfe,
 0x02, 0x00, 0x00, 0xef, 0xc5, 0x40, 0x19, 0x02,
 0x00, 0x00, 0x9b, 0xe1, 0xc5, 0xc0, 0x42, 0x0c,
 0x03, 0x00, 0x00, 0xc5, 0xb4, 0x42, 0x0d, 0x03,
 0x00, 0x00, 0x29, 0xca, 0x03, 0xd8, 0x0e, 0x03,
 0x18, 0x12, 0x26, 0x16, 0x06, 0x20, 0x0a, 0x18,
 0x31, 0x61, 0x1e, 0x35, 0x1d, 0x61, 0x14, 0x17,
 0x13, 0x07, 0x30, 0x25, 0x1e, 0x2b, 0x4d, 0x26,
 0x00, 0xf5, 0x01, 0x72, 0x65, 0x61, 0x64, 0x6c,
 0x69, 0x6e, 0x65, 0x50, 0x72, 0x69, 0x6e, 0x74,
 0x50, 0x72, 0x6f, 0x6d, 0x70, 0x74, 0x28, 0x29,
 0x20, 0x7b, 0x0a, 0x20, 0x20, 0x20, 0x20, 0x69,
 0x66, 0x28, 0x74, 0x65, 0x72, 0x6d, 0x43, 0x75,
 0x72, 0x73, 0x6f, 0x72, 0x58, 0x20, 0x3e, 0x20,
 0x30, 0x29, 0x20, 0x74, 0x68, 0x69, 0x73, 0x2e,
 0x72, 0x65, 0x61, 0x64, 0x6c, 0x69, 0x6e, 0x65,
 0x52, 0x65, 0x6d, 0x6f, 0x76, 0x65, 0x50, 0x72,
 0x6f, 0x6d, 0x70, 0x74, 0x28, 0x29, 0x3b, 0x0a,
 0x0a, 0x20, 0x20, 0x20, 0x20, 0x74, 0x68, 0x69,
 0x73, 0x2e, 0x6f, 0x75, 0x74, 0x3f, 0x2e, 0x70,
 0x75, 0x74, 0x73, 0x28, 0x74, 0x68, 0x69, 0x73,
 0x2e, 0x70, 0x72, 0x6f, 0x6d, 0x70, 0x74, 0x29,
 0x3b, 0x0a, 0x20, 0x20, 0x20, 0x20, 0x74, 0x68,
 0x69, 0x73, 0x2e, 0x6f, 0x75, 0x74, 0x3f, 0x2e,
 0x66, 0x6c, 0x75, 0x73, 0x68, 0x28, 0x29, 0x3b,
 0x0a, 0x20, 0x20, 0x20, 0x20, 0x74, 0x65, 0x72,
 0x6d, 0x43, 0x75, 0x72, 0x73, 0x6f, 0x72, 0x58,
 0x20, 0x3d, 0x20, 0x75, 0x63, 0x73, 0x4c, 0x65,
 0x6e, 0x67, 0x74, 0x68, 0x28, 0x74, 0x68, 0x69,
 0x73, 0x2e, 0x70, 0x72, 0x6f, 0x6d, 0x70, 0x74,
 0x29, 0x20, 0x25, 0x20, 0x74, 0x68, 0x69, 0x73,
 0x2e, 0x63, 0x6f, 0x6c, 0x75, 0x6d, 0x6e, 0x73,
 0x3b, 0x0a, 0x20, 0x20, 0x20, 0x20, 0x74, 0x68,
 0x69, 0x73, 0x2e, 0x6c, 0x61, 0x73, 0x74, 0x43,
 0x6d, 0x64, 0x20, 0x3d, 0x20, 0x27, 0x27, 0x3b,
 0x0a, 0x20, 0x20, 0x20, 0x20, 0x74, 0x68, 0x69,
 0x73, 0x2e, 0x6c, 0x61, 0x73, 0x74, 0x43, 0x75,
 0x72, 0x73, 0x6f, 0x72, 0x50, 0x6f, 0x73, 0x20,
 0x3d, 0x20, 0x30, 0x3b, 0x0a, 0x20, 0x20, 0x7d,
 0x0c, 0x42, 0x0b, 0x01, 0x00, 0x02, 0x02, 0x02,
 0x07, 0x00, 0x01, 0x00, 0xe9, 0x01, 0x04, 0x9c,
 0x0c, 0x00, 0x01, 0x00, 0x9e, 0x0c, 0x00, 0x01,
 0x00, 0x92, 0x08, 0x06, 0x00, 0x30, 0x10, 0x00,
 0x01, 0x00, 0xb4, 0x04, 0x28, 0x02, 0x08, 0xca,
 0xc6, 0xd1, 0x11, 0xeb, 0x03, 0x0e, 0xc0, 0x42,
 0xab, 0x01, 0x00, 0x00, 0xc6, 0xc6, 0x40, 0xab,
 0x01, 0x00, 0x00, 0xe9, 0x42, 0xac, 0x01, 0x00,
 0x00, 0xc6, 0xc6, 0x40, 0xa2, 0x02, 0x00, 0x00,
 0xe9, 0x42, 0xcb, 0x02, 0x00, 0x00, 0xc6, 0xd2,
 0x42, 0xa1, 0x02, 0x00, 0x00, 0xc6, 0xc6, 0x40,
 0x64, 0x02, 0x00, 0x00, 0x42, 0xfe, 0x02, 0x00,
 0x00, 0xc6, 0x40, 0x62, 0x02, 0x00, 0x00, 0xea,
 0x3d, 0xc6, 0x41, 0xfe, 0x02, 0x00, 0x00, 0xc6,
 0x41, 0xc4, 0x01, 0x00, 0x00, 0x04, 0xee, 0x01,
 0x00, 0x00, 0xc6, 0x40, 0x10, 0x03, 0x00, 0x00,
 0xc6, 0x40, 0xfe, 0x02, 0x00, 0x00, 0xe9, 0x9d,
 0x24, 0x02, 0x00, 0x9c, 0x42, 0xfe, 0x02, 0x00,
 0x00, 0xc6, 0x41, 0xfe, 0x02, 0x00, 0x00, 0xc6,
 0x40, 0x11, 0x03, 0x00, 0x00, 0x9c, 0x42, 0xfe,
 0x02, 0x00, 0x00, 0xec, 0x54, 0xc6, 0x40, 0x85,
 0x02, 0x00, 0x00, 0xea, 0x2d, 0x60, 0x00, 0x00,
 0xc6, 0x40, 0x72, 0x02, 0x00, 0x00, 0xbd, 0xe8,
 0x03, 0x9a, 0xc9, 0xc6, 0x41, 0xfe, 0x02, 0x00,
 0x00, 0x61, 0x00, 0x00, 0x41, 0x12, 0x03, 0x00,
 0x00, 0xba, 0x24, 0x01, 0x00, 0x04, 0xee, 0x01,
 0x00, 0x00, 0x9c, 0x9c, 0x42, 0xfe, 0x02, 0x00,
 0x00, 0xc6, 0xc6, 0x40, 0xfe, 0x02, 0x00, 0x00,
 0xe9, 0x42, 0x10, 0x03, 0x00, 0x00, 0xc6, 0x41,
 0xfe, 0x02, 0x00, 0x00, 0xc6, 0x40, 0x94, 0x01,
 0x00, 0x00, 0x9c, 0x42, 0xfe, 0x02, 0x00, 0x00,
 0xc6, 0x41, 0x11, 0x02, 0x00, 0x00, 0x24, 0x00,
 0x00, 0x0e, 0xc6, 0x41, 0xa4, 0x02, 0x00, 0x00,
 0x24, 0x00, 0x00, 0x0e, 0xb4, 0xe1, 0x29, 0xca,
 0x03, 0xe2, 0x0e, 0x03, 0x28, 0x0d, 0x04, 0x3f,
 0x00, 0x44, 0x00, 0x44, 0x00, 0x27, 0x00, 0x69,
 0x04, 0x3e, 0x28, 0x39, 0x30, 0x58, 0x57, 0xbe,
 0x38, 0x1c, 0x33, 0x48, 0x22, 0x16, 0x1a, 0x40,
 0x3f, 0x44, 0x00, 0x5e, 0x03, 0x20, 0x0a, 0x17,
 0x09, 0x20, 0x0a, 0x18, 0x09, 0xe3, 0x04, 0x72,
 0x65, 0x61, 0x64, 0x6c, 0x69, 0x6e, 0x65, 0x53,
 0x74, 0x61, 0x72, 0x74, 0x28, 0x64, 0x65, 0x66,
 0x73, 0x74, 0x72, 0x2c, 0x20, 0x63, 0x62, 0x29,
 0x20, 0x7b, 0x0a, 0x20, 0x20, 0x20, 0x20, 0x74,
 0x68, 0x69, 0x73, 0x2e, 0x63, 0x6d, 0x64, 0x20,
 0x3d, 0x20, 0x64, 0x65, 0x66, 0x73, 0x74, 0x72,
 0x20, 0x7c, 0x7c, 0x20, 0x27, 0x27, 0x3b, 0x0a,
 0x20, 0x20, 0x20, 0x20, 0x74, 0x68, 0x69, 0x73,
 0x2e, 0x63, 0x75, 0x72, 0x73, 0x6f, 0x72, 0x50,
 0x6f, 0x73, 0x20, 0x3d, 0x20, 0x74, 0x68, 0x69,
 0x73, 0x2e, 0x63, 0x6d, 0x64, 0x2e, 0x6c, 0x65,
 0x6e, 0x67, 0x74, 0x68, 0x3b, 0x0a, 0x20, 0x20,
 0x20, 0x20, 0x74, 0x68, 0x69, 0x73, 0x2e, 0x68,
 0x69, 0x73, 0x74, 0x6f, 0x72, 0x79, 0x49, 0x6e,
 0x64, 0x65, 0x78, 0x20, 0x3d, 0x20, 0x74, 0x68,
 0x69, 0x73, 0x2e, 0x68, 0x69, 0x73, 0x74, 0x6f,
 0x72, 0x79, 0x2e, 0x6c, 0x65, 0x6e, 0x67, 0x74,
 0x68, 0x3b, 0x0a, 0x20, 0x20, 0x20, 0x20, 0x74,
 0x68, 0x69, 0x73, 0x2e, 0x72, 0x65, 0x61, 0x64,
 0x6c, 0x69, 0x6e, 0x65, 0x43, 0x61, 0x6c, 0x6c,
 0x62, 0x61, 0x63, 0x6b, 0x20, 0x3d, 0x20, 0x63,
 0x62, 0x3b, 0x0a, 0x0a, 0x20, 0x20, 0x20, 0x20,
 0x74, 0x68, 0x69, 0x73, 0x2e, 0x70, 0x72, 0x6f,
 0x6d, 0x70, 0x74, 0x20, 0x3d, 0x20, 0x74, 0x68,
 0x69, 0x73, 0x2e, 0x70, 0x73, 0x74, 0x61, 0x74,
 0x65, 0x3b, 0x0a, 0x0a, 0x20, 0x20, 0x20, 0x20,
 0x69, 0x66, 0x28, 0x74, 0x68, 0x69, 0x73, 0x2e,
 0x6d, 0x65, 0x78, 0x70, 0x72, 0x29, 0x20, 0x7b,
 0x0a, 0x20, 0x20, 0x20, 0x20, 0x20, 0x20, 0x74,
 0x68, 0x69, 0x73, 0x2e, 0x70, 0x72, 0x6f, 0x6d,
 0x70, 0x74, 0x20, 0x2b, 0x3d, 0x20, 0x74, 0x68,
 0x69, 0x73, 0x2e, 0x64, 0x75, 0x70, 0x73, 0x74,
 0x72, 0x28, 0x27, 0x20, 0x27, 0x2c, 0x20, 0x74,
 0x68, 0x69, 0x73, 0x2e, 0x70, 0x6c, 0x65, 0x6e,
 0x20, 0x2d, 0x20, 0x74, 0x68, 0x69, 0x73, 0x2e,
 0x70, 0x72, 0x6f, 0x6d, 0x70, 0x74, 0x2e, 0x6c,
 0x65, 0x6e, 0x67, 0x74, 0x68, 0x29, 0x3b, 0x0a,
 0x20, 0x20, 0x20, 0x20, 0x20, 0x20, 0x74, 0x68,
 0x69, 0x73, 0x2e, 0x70, 0x72, 0x6f, 0x6d, 0x70,
 0x74, 0x20, 0x2b, 0x3d, 0x20, 0x74, 0x68, 0x69,
 0x73, 0x2e, 0x70, 0x73, 0x32, 0x3b, 0x0a, 0x20,
 0x20, 0x20, 0x20, 0x7d, 0x20, 0x65, 0x6c, 0x73,
 0x65, 0x20, 0x7b, 0x0a, 0x20, 0x20, 0x20, 0x20,
 0x20, 0x20, 0x69, 0x66, 0x28, 0x74, 0x68, 0x69,
 0x73, 0x2e, 0x73, 0x68, 0x6f, 0x77, 0x54, 0x69,
 0x6d, 0x65, 0x29, 0x20, 0x7b, 0x0a, 0x20, 0x20,
 0x20, 0x20, 0x20, 0x20, 0x20, 0x20, 0x63, 0x6f,
 0x6e, 0x73, 0x74, 0x20, 0x74, 0x20, 0x3d, 0x20,
 0x74, 0x68, 0x69, 0x73, 0x2e, 0x65, 0x76, 0x61,
 0x6c, 0x54, 0x69, 0x6d, 0x65, 0x20, 0x2f, 0x20,
 0x31, 0x30, 0x30, 0x30, 0x3b, 0x0a, 0x20, 0x20,
 0x20, 0x20, 0x20, 0x20, 0x20, 0x20, 0x74, 0x68,
 0x69, 0x73, 0x2e, 0x70, 0x72, 0x6f, 0x6d, 0x70,
 0x74, 0x20, 0x2b, 0x3d, 0x20, 0x74, 0x2e, 0x74,
 0x6f, 0x46, 0x69, 0x78, 0x65, 0x64, 0x28, 0x36,
 0x29, 0x20, 0x2b, 0x20, 0x27, 0x20, 0x27, 0x3b,
 0x0a, 0x20, 0x20, 0x20, 0x20, 0x20, 0x20, 0x7d,
 0x0a, 0x20, 0x20, 0x20, 0x20, 0x20, 0x20, 0x74,
 0x68, 0x69, 0x73, 0x2e, 0x70, 0x6c, 0x65, 0x6e,
 0x20, 0x3d, 0x20, 0x74, 0x68, 0x69, 0x73, 0x2e,
 0x70, 0x72, 0x6f, 0x6d, 0x70, 0x74, 0x2e, 0x6c,
 0x65, 0x6e, 0x67, 0x74, 0x68, 0x3b, 0x0a, 0x20,
 0x20, 0x20, 0x20, 0x20, 0x20, 0x74, 0x68, 0x69,
 0x73, 0x2e, 0x70, 0x72, 0x6f, 0x6d, 0x70, 0x74,
 0x20, 0x2b, 0x3d, 0x20, 0x74, 0x68, 0x69, 0x73,
 0x2e, 0x70, 0x73, 0x31, 0x3b, 0x0a, 0x20, 0x20,
 0x20, 0x20, 0x7d, 0x0a, 0x20, 0x20, 0x20, 0x20,
 0x74, 0x68, 0x69, 0x73, 0x2e, 0x72, 0x65, 0x61,
 0x64, 0x6c, 0x69, 0x6e, 0x65, 0x50, 0x72, 0x69,
 0x6e, 0x74, 0x50, 0x72, 0x6f, 0x6d, 0x70, 0x74,
 0x28, 0x29, 0x3b, 0x0a, 0x20, 0x20, 0x20, 0x20,
 0x74, 0x68, 0x69, 0x73, 0x2e, 0x75, 0x70, 0x64,
 0x61, 0x74, 0x65, 0x28, 0x29, 0x3b, 0x0a, 0x0a,
 0x20, 0x20, 0x20, 0x20, 0x72, 0x65, 0x61, 0x64,
 0x6c, 0x69, 0x6e, 0x65, 0x53, 0x74, 0x61, 0x74,
 0x65, 0x20, 0x3d, 0x20, 0x30, 0x3b, 0x0a, 0x20,
 0x20, 0x7d, 0x0c, 0x42, 0x0b, 0x01, 0x00, 0x00,
 0x01, 0x00, 0x02, 0x00, 0x00, 0x00, 0x11, 0x01,
 0x10, 0x00, 0x01, 0x00, 0x08, 0xc9, 0xc5, 0xc0,
 0x42, 0xab, 0x01, 0x00, 0x00, 0xc5, 0xb4, 0x42,
 0xac, 0x01, 0x00, 0x00, 0x29, 0xca, 0x03, 0xfb,
 0x0e, 0x03, 0x04, 0x0d, 0x04, 0x26, 0x00, 0x38,
 0x72, 0x65, 0x73, 0x65, 0x74, 0x28, 0x29, 0x20,
 0x7b, 0x0a, 0x20, 0x20, 0x20, 0x20, 0x74, 0x68,
 0x69, 0x73, 0x2e, 0x63, 0x6d, 0x64, 0x20, 0x3d,
 0x20, 0x27, 0x27, 0x3b, 0x0a, 0x20, 0x20, 0x20,
 0x20, 0x74, 0x68, 0x69, 0x73, 0x2e, 0x63, 0x75,
 0x72, 0x73, 0x6f, 0x72, 0x50, 0x6f, 0x73, 0x20,
 0x3d, 0x20, 0x30, 0x3b, 0x0a, 0x20, 0x20, 0x7d,
 0x0c, 0x62, 0x0b, 0x01, 0x00, 0x01, 0x01, 0x01,
 0x03, 0x00, 0x02, 0x00, 0x5c, 0x02, 0xa6, 0x0c,
 0x00, 0x01, 0x00, 0x10, 0x00, 0x01, 0x00, 0xea,
 0x04, 0x44, 0x02, 0xc8, 0x04, 0x32, 0x02, 0x08,
 0xc9, 0xc5, 0x0a, 0x42, 0xaa, 0x01, 0x00, 0x00,
 0xd1, 0xea, 0x08, 0xc5, 0xd1, 0x42, 0x67, 0x02,
 0x00, 0x00, 0xc5, 0x41, 0x58, 0x02, 0x00, 0x00,
 0x04, 0x14, 0x03, 0x00, 0x00, 0x24, 0x01, 0x00,
 0x0e, 0xc5, 0x41, 0x98, 0x01, 0x00, 0x00, 0x24,
 0x00, 0x00, 0x8a, 0x0e, 0xc5, 0x41, 0x9a, 0x01,
 0x00, 0x00, 0x09, 0x24, 0x01, 0x00, 0x0e, 0xdd,
 0xde, 0xef, 0x8a, 0x0e, 0xc5, 0x41, 0x15, 0x03,
 0x00, 0x00, 0x24, 0x00, 0x00, 0x8a, 0x0e, 0xc5,
 0x40, 0xaa, 0x01, 0x00, 0x00, 0xeb, 0xe9, 0xc5,
 0x41, 0x04, 0x03, 0x00, 0x00, 0x24, 0x00, 0x00,
 0x0e, 0x06, 0x2f, 0xca, 0x03, 0x80, 0x0f, 0x09,
 0x1c, 0x0d, 0x07, 0x36, 0x22, 0x27, 0x21, 0x20,
 0x0a, 0x31, 0x09, 0x20, 0x16, 0x1c, 0x15, 0x20,
 0x1c, 0x1e, 0x17, 0x07, 0x1e, 0x17, 0x1d, 0x20,
 0x16, 0x46, 0x19, 0x20, 0x0a, 0xc4, 0x02, 0x61,
 0x73, 0x79, 0x6e, 0x63, 0x20, 0x72, 0x75, 0x6e,
 0x28, 0x69, 0x6e, 0x70, 0x75, 0x74, 0x48, 0x61,
 0x6e, 0x64, 0x6c, 0x65, 0x72, 0x29, 0x20, 0x7b,
 0x0a, 0x20, 0x20, 0x20, 0x20, 0x74, 0x68, 0x69,
 0x73, 0x2e, 0x72, 0x75, 0x6e, 0x6e, 0x69, 0x6e,
 0x67, 0x20, 0x3d, 0x20, 0x74, 0x72, 0x75, 0x65,
 0x3b, 0x0a, 0x0a, 0x20, 0x20, 0x20, 0x20, 0x69,
 0x66, 0x28, 0x69, 0x6e, 0x70, 0x75, 0x74, 0x48,
 0x61, 0x6e, 0x64, 0x6c, 0x65, 0x72, 0x29, 0x20,
 0x74, 0x68, 0x69, 0x73, 0x2e, 0x68, 0x61, 0x6e,
 0x64, 0x6c, 0x65, 0x49, 0x6e, 0x70, 0x75, 0x74,
 0x20, 0x3d, 0x20, 0x69, 0x6e, 0x70, 0x75, 0x74,
 0x48, 0x61, 0x6e, 0x64, 0x6c, 0x65, 0x72, 0x3b,
 0x0a, 0x0a, 0x20, 0x20, 0x20, 0x20, 0x74, 0x68,
 0x69, 0x73, 0x2e, 0x64, 0x65, 0x62, 0x75, 0x67,
 0x28, 0x27, 0x72, 0x75, 0x6e, 0x27, 0x29, 0x3b,
 0x0a, 0x0a, 0x20, 0x20, 0x20, 0x20, 0x61, 0x77,
 0x61, 0x69, 0x74, 0x20, 0x74, 0x68, 0x69, 0x73,
 0x2e, 0x74, 0x65, 0x72, 0x6d, 0x49, 0x6e, 0x69,
 0x74, 0x28, 0x29, 0x3b, 0x0a, 0x20, 0x20, 0x20,
 0x20, 0x74, 0x68, 0x69, 0x73, 0x2e, 0x63, 0x6d,
 0x64, 0x53, 0x74, 0x61, 0x72, 0x74, 0x28, 0x66,
 0x61, 0x6c, 0x73, 0x65, 0x29, 0x3b, 0x0a, 0x0a,
 0x20, 0x20, 0x20, 0x20, 0x64, 0x6f, 0x20, 0x7b,
 0x0a, 0x20, 0x20, 0x20, 0x20, 0x20, 0x20, 0x61,
 0x77, 0x61, 0x69, 0x74, 0x20, 0x77, 0x61, 0x69,
 0x74, 0x52, 0x65, 0x61, 0x64, 0x28, 0x74, 0x65,
 0x72, 0x6d, 0x46, 0x64, 0x29, 0x3b, 0x0a, 0x20,
 0x20, 0x20, 0x20, 0x20, 0x20, 0x61, 0x77, 0x61,
 0x69, 0x74, 0x20, 0x74, 0x68, 0x69, 0x73, 0x2e,
 0x74, 0x65, 0x72, 0x6d, 0x52, 0x65, 0x61, 0x64,
 0x48, 0x61, 0x6e, 0x64, 0x6c, 0x65, 0x72, 0x28,
 0x29, 0x3b, 0x0a, 0x20, 0x20, 0x20, 0x20, 0x7d,
 0x20, 0x77, 0x68, 0x69, 0x6c, 0x65, 0x28, 0x74,
 0x68, 0x69, 0x73, 0x2e, 0x72, 0x75, 0x6e, 0x6e,
 0x69, 0x6e, 0x67, 0x29, 0x3b, 0x0a, 0x0a, 0x20,
 0x20, 0x20, 0x20, 0x74, 0x68, 0x69, 0x73, 0x2e,
 0x72, 0x65, 0x61, 0x64, 0x6c, 0x69, 0x6e, 0x65,
 0x52, 0x65, 0x6d, 0x6f, 0x76, 0x65, 0x50, 0x72,
 0x6f, 0x6d, 0x70, 0x74, 0x28, 0x29, 0x3b, 0x0a,
 0x20, 0x20, 0x7d, 0x0c, 0x42, 0x0b, 0x01, 0x00,
 0x00, 0x01, 0x00, 0x03, 0x00, 0x00, 0x00, 0x0d,
 0x01, 0x10, 0x00, 0x01, 0x00, 0x08, 0xc9, 0xc5,
 0x41, 0x16, 0x03, 0x00, 0x00, 0xb7, 0x24, 0x01,
 0x00, 0x29, 0xca, 0x03, 0xa1, 0x0f, 0x03, 0x04,
 0x0e, 0x04, 0x20, 0x0a, 0x4f, 0x73, 0x69, 0x67,
 0x69, 0x6e, 0x74, 0x48, 0x61, 0x6e, 0x64, 0x6c,
 0x65, 0x72, 0x28, 0x29, 0x20, 0x7b, 0x0a, 0x20,
 0x20, 0x20, 0x20, 0x2f, 0x2a, 0x20, 0x73, 0x65,
 0x6e, 0x64, 0x20, 0x43, 0x74, 0x72, 0x6c, 0x2d,
 0x43, 0x20, 0x74, 0x6f, 0x20, 0x72, 0x65, 0x61,
 0x64, 0x6c, 0x69, 0x6e, 0x65, 0x20, 0x2a, 0x2f,
 0x0a, 0x20, 0x20, 0x20, 0x20, 0x74, 0x68, 0x69,
 0x73, 0x2e, 0x68, 0x61, 0x6e, 0x64, 0x6c, 0x65,
 0x42, 0x79, 0x74, 0x65, 0x28, 0x33, 0x29, 0x3b,
 0x0a, 0x20, 0x20, 0x7d, 0x0c, 0x42, 0x0b, 0x01,
 0x00, 0x01, 0x01, 0x01, 0x05, 0x00, 0x01, 0x00,
 0x43, 0x02, 0x98, 0x08, 0x00, 0x01, 0x00, 0x10,
 0x00, 0x01, 0x00, 0xd6, 0x04, 0x3a, 0x02, 0x08,
 0xc9, 0xd1, 0xb4, 0xa7, 0xea, 0x1c, 0xdd, 0xc5,
 0x40, 0xab, 0x01, 0x00, 0x00, 0x41, 0xad, 0x01,
 0x00, 0x00, 0xd1, 0xb5, 0x9d, 0x24, 0x01, 0x00,
 0xef, 0x95, 0xea, 0x06, 0xd1, 0x8d, 0xd5, 0xec,
 0xe1, 0xd1, 0xb4, 0xa7, 0xea, 0x1b, 0xdd, 0xc5,
 0x40, 0xab, 0x01, 0x00, 0x00, 0x41, 0xad, 0x01,
 0x00, 0x00, 0xd1, 0xb5, 0x9d, 0x24, 0x01, 0x00,
 0xef, 0xea, 0x06, 0xd1, 0x8d, 0xd5, 0xec, 0xe2,
 0xd1, 0x28, 0xca, 0x03, 0xa6, 0x0f, 0x03, 0x14,
 0x12, 0x1c, 0x1b, 0x1a, 0x39, 0x20, 0x07, 0x0c,
 0x2f, 0x0a, 0x21, 0x4f, 0x1b, 0x18, 0x39, 0x20,
 0x07, 0x0c, 0x2a, 0x0a, 0xa8, 0x01, 0x73, 0x6b,
 0x69, 0x70, 0x57, 0x6f, 0x72, 0x64, 0x42, 0x61,
 0x63, 0x6b, 0x77, 0x61, 0x72, 0x64, 0x28, 0x70,
 0x6f, 0x73, 0x29, 0x20, 0x7b, 0x0a, 0x20, 0x20,
 0x20, 0x20, 0x77, 0x68, 0x69, 0x6c, 0x65, 0x28,
 0x70, 0x6f, 0x73, 0x20, 0x3e, 0x20, 0x30, 0x20,
 0x26, 0x26, 0x20, 0x21, 0x69, 0x73, 0x57, 0x6f,
 0x72, 0x64, 0x28, 0x74, 0x68, 0x69, 0x73, 0x2e,
 0x63, 0x6d, 0x64, 0x2e, 0x63, 0x68, 0x61, 0x72,
 0x41, 0x74, 0x28, 0x70, 0x6f, 0x73, 0x20, 0x2d,
 0x20, 0x31, 0x29, 0x29, 0x29, 0x20, 0x70, 0x6f,
 0x73, 0x2d, 0x2d, 0x3b, 0x0a, 0x20, 0x20, 0x20,
 0x20, 0x77, 0x68, 0x69, 0x6c, 0x65, 0x28, 0x70,
 0x6f, 0x73, 0x20, 0x3e, 0x20, 0x30, 0x20, 0x26,
 0x26, 0x20, 0x69, 0x73, 0x57, 0x6f, 0x72, 0x64,
 0x28, 0x74, 0x68, 0x69, 0x73, 0x2e, 0x63, 0x6d,
 0x64, 0x2e, 0x63, 0x68, 0x61, 0x72, 0x41, 0x74,
 0x28, 0x70, 0x6f, 0x73, 0x20, 0x2d, 0x20, 0x31,
 0x29, 0x29, 0x29, 0x20, 0x70, 0x6f, 0x73, 0x2d,
 0x2d, 0x3b, 0x0a, 0x20, 0x20, 0x20, 0x20, 0x72,
 0x65, 0x74, 0x75, 0x72, 0x6e, 0x20, 0x70, 0x6f,
 0x73, 0x3b, 0x0a, 0x20, 0x20, 0x7d, 0x0c, 0x42,
 0x0b, 0x01, 0x00, 0x01, 0x01, 0x01, 0x04, 0x00,
 0x01, 0x00, 0x4b, 0x02, 0x98, 0x08, 0x00, 0x01,
 0x00, 0x10, 0x00, 0x01, 0x00, 0xd6, 0x04, 0x3a,
 0x02, 0x08, 0xc9, 0xd1, 0xc5, 0x40, 0xab, 0x01,
 0x00, 0x00, 0xe9, 0xa5, 0xea, 0x1a, 0xdd, 0xc5,
 0x40, 0xab, 0x01, 0x00, 0x00, 0x41, 0xad, 0x01,
 0x00, 0x00, 0xd1, 0x24, 0x01, 0x00, 0xef, 0x95,
 0xea, 0x06, 0xd1, 0x8e, 0xd5, 0xec, 0xdd, 0xd1,
 0xc5, 0x40, 0xab, 0x01, 0x00, 0x00, 0xe9, 0xa5,
 0xea, 0x19, 0xdd, 0xc5, 0x40, 0xab, 0x01, 0x00,
 0x00, 0x41, 0xad, 0x01, 0x00, 0x00, 0xd1, 0x24,
 0x01, 0x00, 0xef, 0xea, 0x06, 0xd1, 0x8e, 0xd5,
 0xec, 0xde, 0xd1, 0x28, 0xca, 0x03, 0xac, 0x0f,
 0x03, 0x10, 0x12, 0x1c, 0x39, 0x36, 0x39, 0x20,
 0x2a, 0x0e, 0x21, 0x63, 0x39, 0x34, 0x39, 0x20,
 0x25, 0x0e, 0xbb, 0x01, 0x73, 0x6b, 0x69, 0x70,
 0x57, 0x6f, 0x72, 0x64, 0x46, 0x6f, 0x72, 0x77,
 0x61, 0x72, 0x64, 0x28, 0x70, 0x6f, 0x73, 0x29,
 0x20, 0x7b, 0x0a, 0x20, 0x20, 0x20, 0x20, 0x77,
 0x68, 0x69, 0x6c, 0x65, 0x28, 0x70, 0x6f, 0x73,
 0x20, 0x3c, 0x20, 0x74, 0x68, 0x69, 0x73, 0x2e,
 0x63, 0x6d, 0x64, 0x2e, 0x6c, 0x65, 0x6e, 0x67,
 0x74, 0x68, 0x20, 0x26, 0x26, 0x20, 0x21, 0x69,
 0x73, 0x57, 0x6f, 0x72, 0x64, 0x28, 0x74, 0x68,
 0x69, 0x73, 0x2e, 0x63, 0x6d, 0x64, 0x2e, 0x63,
 0x68, 0x61, 0x72, 0x41, 0x74, 0x28, 0x70, 0x6f,
 0x73, 0x29, 0x29, 0x29, 0x20, 0x70, 0x6f, 0x73,
 0x2b, 0x2b, 0x3b, 0x0a, 0x20, 0x20, 0x20, 0x20,
 0x77, 0x68, 0x69, 0x6c, 0x65, 0x28, 0x70, 0x6f,
 0x73, 0x20, 0x3c, 0x20, 0x74, 0x68, 0x69, 0x73,
 0x2e, 0x63, 0x6d, 0x64, 0x2e, 0x6c, 0x65, 0x6e,
 0x67, 0x74, 0x68, 0x20, 0x26, 0x26, 0x20, 0x69,
 0x73, 0x57, 0x6f, 0x72, 0x64, 0x28, 0x74, 0x68,
 0x69, 0x73, 0x2e, 0x63, 0x6d, 0x64, 0x2e, 0x63,
 0x68, 0x61, 0x72, 0x41, 0x74, 0x28, 0x70, 0x6f,
 0x73, 0x29, 0x29, 0x29, 0x20, 0x70, 0x6f, 0x73,
 0x2b, 0x2b, 0x3b, 0x0a, 0x20, 0x20, 0x20, 0x20,
 0x72, 0x65, 0x74, 0x75, 0x72, 0x6e, 0x20, 0x70,
 0x6f, 0x73, 0x3b, 0x0a, 0x20, 0x20, 0x7d, 0x0c,
 0x42, 0x0b, 0x01, 0x00, 0x00, 0x02, 0x00, 0x03,
 0x01, 0x07, 0x01, 0x4e, 0x02, 0x8a, 0x08, 0x00,
 0x00, 0x00, 0x10, 0x00, 0x01, 0x40, 0x00, 0x9e,
 0x04, 0x19, 0x1a, 0xc8, 0x04, 0x32, 0x02, 0xe0,
 0x03, 0x00, 0x1a, 0xec, 0x03, 0x06, 0x1a, 0xcc,
 0x04, 0x34, 0x02, 0xe8, 0x03, 0x04, 0x1a, 0xe6,
 0x03, 0x03, 0x1a, 0x0c, 0x42, 0x0b, 0x01, 0x00,
 0x01, 0x00, 0x01, 0x03, 0x00, 0x01, 0x00, 0x0a,
 0x01, 0xae, 0x0c, 0x00, 0x01, 0x00, 0x10, 0x01,
 0x00, 0xdd, 0x41, 0x18, 0x03, 0x00, 0x00, 0xd1,
 0x25, 0x01, 0x00, 0xca, 0x03, 0xc8, 0x0f, 0x14,
 0x02, 0x20, 0x34, 0x1e, 0x61, 0x72, 0x67, 0x20,
 0x3d, 0x3e, 0x20, 0x74, 0x68, 0x69, 0x73, 0x2e,
 0x73, 0x69, 0x67, 0x69, 0x6e, 0x74, 0x48, 0x61,
 0x6e, 0x64, 0x6c, 0x65, 0x72, 0x28, 0x61, 0x72,
 0x67, 0x29, 0x08, 0xca, 0x07, 0xc9, 0x64, 0x00,
 0x00, 0x41, 0x19, 0x03, 0x00, 0x00, 0x24, 0x00,
 0x00, 0xe2, 0xc6, 0xbc, 0x50, 0x42, 0x19, 0x02,
 0x00, 0x00, 0x64, 0x02, 0x00, 0xde, 0xef, 0xea,
 0x26, 0x64, 0x03, 0x00, 0xea, 0x1b, 0x64, 0x03,
 0x00, 0xde, 0xef, 0xcd, 0xea, 0x13, 0xc6, 0xc5,
 0xb4, 0x46, 0x42, 0x19, 0x02, 0x00, 0x00, 0xc6,
 0xc5, 0xb5, 0x46, 0x42, 0xf9, 0x02, 0x00, 0x00,
 0x5d, 0x04, 0x00, 0xde, 0xef, 0x0e, 0x64, 0x05,
 0x00, 0x64, 0x06, 0x00, 0xbf, 0x00, 0xf0, 0x29,
 0xca, 0x03, 0xb2, 0x0f, 0x03, 0x1c, 0x18, 0x04,
 0x2a, 0x1e, 0x19, 0x1d, 0x3b, 0x14, 0x31, 0x0b,
 0x11, 0x28, 0x1e, 0x23, 0x30, 0x00, 0x00, 0x09,
 0x0a, 0x07, 0x11, 0x0e, 0x00, 0x03, 0x08, 0x11,
 0x11, 0x0e, 0xbe, 0x04, 0x74, 0x65, 0x72, 0x6d,
 0x49, 0x6e, 0x69, 0x74, 0x28, 0x29, 0x20, 0x7b,
 0x0a, 0x20, 0x20, 0x20, 0x20, 0x76, 0x61, 0x72,
 0x20, 0x74, 0x61, 0x62, 0x20, 0x3d, 0x20, 0x6e,
 0x75, 0x6c, 0x6c, 0x3b, 0x0a, 0x20, 0x20, 0x20,
 0x20, 0x74, 0x65, 0x72, 0x6d, 0x46, 0x64, 0x20,
 0x3d, 0x20, 0x73, 0x74, 0x64, 0x69, 0x6e, 0x2e,
 0x66, 0x69, 0x6c, 0x65, 0x6e, 0x6f, 0x28, 0x29,
 0x3b, 0x0a, 0x0a, 0x20, 0x20, 0x20, 0x20, 0x2f,
 0x2a, 0x20, 0x67, 0x65, 0x74, 0x20, 0x74, 0x68,
 0x65, 0x20, 0x74, 0x65, 0x72, 0x6d, 0x69, 0x6e,
 0x61, 0x6c, 0x20, 0x73, 0x69, 0x7a, 0x65, 0x20,
 0x2a, 0x2f, 0x0a, 0x20, 0x20, 0x20, 0x20, 0x74,
 0x68, 0x69, 0x73, 0x2e, 0x63, 0x6f, 0x6c, 0x75,
 0x6d, 0x6e, 0x73, 0x20, 0x3d, 0x20, 0x38, 0x30,
 0x3b, 0x0a, 0x0a, 0x20, 0x20, 0x20, 0x20, 0x69,
 0x66, 0x28, 0x69, 0x73, 0x61, 0x74, 0x74, 0x79,
 0x28, 0x74, 0x65, 0x72, 0x6d, 0x46, 0x64, 0x29,
 0x29, 0x20, 0x7b, 0x0a, 0x20, 0x20, 0x20, 0x20,
 0x20, 0x20, 0x69, 0x66, 0x28, 0x74, 0x74, 0x79,
 0x47, 0x65, 0x74, 0x57, 0x69, 0x6e, 0x53, 0x69,
 0x7a, 0x65, 0x29, 0x20, 0x7b, 0x0a, 0x20, 0x20,
 0x20, 0x20, 0x20, 0x20, 0x20, 0x20, 0x74, 0x61,
 0x62, 0x20, 0x3d, 0x20, 0x74, 0x74, 0x79, 0x47,
 0x65, 0x74, 0x57, 0x69, 0x6e, 0x53, 0x69, 0x7a,
 0x65, 0x28, 0x74, 0x65, 0x72, 0x6d, 0x46, 0x64,
 0x29, 0x3b, 0x0a, 0x0a, 0x20, 0x20, 0x20, 0x20,
 0x20, 0x20, 0x20, 0x20, 0x69, 0x66, 0x28, 0x74,
 0x61, 0x62, 0x29, 0x20, 0x7b, 0x0a, 0x20, 0x20,
 0x20, 0x20, 0x20, 0x20, 0x20, 0x20, 0x20, 0x20,
 0x74, 0x68, 0x69, 0x73, 0x2e, 0x63, 0x6f, 0x6c,
 0x75, 0x6d, 0x6e, 0x73, 0x20, 0x3d, 0x20, 0x74,
 0x61, 0x62, 0x5b, 0x30, 0x5d, 0x3b, 0x0a, 0x20,
 0x20, 0x20, 0x20, 0x20, 0x20, 0x20, 0x20, 0x20,
 0x20, 0x74, 0x68, 0x69, 0x73, 0x2e, 0x6c, 0x69,
 0x6e, 0x65, 0x73, 0x20, 0x3d, 0x20, 0x74, 0x61,
 0x62, 0x5b, 0x31, 0x5d, 0x3b, 0x0a, 0x20, 0x20,
 0x20, 0x20, 0x20, 0x20, 0x20, 0x20, 0x7d, 0x0a,
 0x20, 0x20, 0x20, 0x20, 0x20, 0x20, 0x7d, 0x0a,
 0x0a, 0x20, 0x20, 0x20, 0x20, 0x20, 0x20, 0x2f,
 0x2a, 0x20, 0x73, 0x65, 0x74, 0x20, 0x74, 0x68,
 0x65, 0x20, 0x54, 0x54, 0x59, 0x20, 0x74, 0x6f,
 0x20, 0x72, 0x61, 0x77, 0x20, 0x6d, 0x6f, 0x64,
 0x65, 0x20, 0x2a, 0x2f, 0x0a, 0x20, 0x20, 0x20,
 0x20, 0x20, 0x20, 0x73, 0x65, 0x74, 0x52, 0x61,
 0x77, 0x28, 0x74, 0x65, 0x72, 0x6d, 0x46, 0x64,
 0x29, 0x3b, 0x0a, 0x20, 0x20, 0x20, 0x20, 0x7d,
 0x0a, 0x0a, 0x20, 0x20, 0x20, 0x20, 0x2f, 0x2a,
 0x20, 0x69, 0x6e, 0x73, 0x74, 0x61, 0x6c, 0x6c,
 0x20, 0x61, 0x20, 0x43, 0x74, 0x72, 0x6c, 0x2d,
 0x43, 0x20, 0x73, 0x69, 0x67, 0x6e, 0x61, 0x6c,
 0x20, 0x68, 0x61, 0x6e, 0x64, 0x6c, 0x65, 0x72,
 0x20, 0x2a, 0x2f, 0x0a, 0x20, 0x20, 0x20, 0x20,
 0x73, 0x69, 0x67, 0x6e, 0x61, 0x6c, 0x28, 0x53,
 0x49, 0x47, 0x49, 0x4e, 0x54, 0x2c, 0x20, 0x61,
 0x72, 0x67, 0x20, 0x3d, 0x3e, 0x20, 0x74, 0x68,
 0x69, 0x73, 0x2e, 0x73, 0x69, 0x67, 0x69, 0x6e,
 0x74, 0x48, 0x61, 0x6e, 0x64, 0x6c, 0x65, 0x72,
 0x28, 0x61, 0x72, 0x67, 0x29, 0x29, 0x3b, 0x0a,
 0x0a, 0x20, 0x20, 0x20, 0x20, 0x2f, 0x2a, 0x20,
 0x69, 0x6e, 0x73, 0x74, 0x61, 0x6c, 0x6c, 0x20,
 0x61, 0x20, 0x68, 0x61, 0x6e, 0x64, 0x6c, 0x65,
 0x72, 0x20, 0x74, 0x6f, 0x20, 0x72, 0x65, 0x61,
 0x64, 0x20, 0x73, 0x74, 0x64, 0x69, 0x6e, 0x20,
 0x2a, 0x2f, 0x0a, 0x20, 0x20, 0x20, 0x20, 0x2f,
 0x2f, 0x73, 0x65, 0x74, 0x52, 0x65, 0x61, 0x64,
 0x48, 0x61, 0x6e, 0x64, 0x6c, 0x65, 0x72, 0x28,
 0x74, 0x65, 0x72, 0x6d, 0x46, 0x64, 0x2c, 0x20,
 0x28, 0x29, 0x20, 0x3d, 0x3e, 0x20, 0x74, 0x68,
 0x69, 0x73, 0x2e, 0x74, 0x65, 0x72, 0x6d, 0x52,
 0x65, 0x61, 0x64, 0x48, 0x61, 0x6e, 0x64, 0x6c,
 0x65, 0x72, 0x28, 0x29, 0x29, 0x3b, 0x0a, 0x20,
 0x20, 0x7d, 0x0c, 0x40, 0x0b, 0x01, 0x00, 0x01,
 0x01, 0x00, 0x02, 0x00, 0x00, 0x00, 0x2b, 0x02,
 0xb4, 0x0c, 0x00, 0x01, 0x00, 0xb4, 0x0c, 0x01,
 0xff, 0xff, 0xff, 0xff, 0x0f, 0x20, 0x60, 0x00,
 0x00, 0xd1, 0x11, 0xf2, 0xea, 0x04, 0x0e, 0x0a,
 0xd9, 0xc9, 0xd1, 0xea, 0x0f, 0x38, 0x1b, 0x03,
 0x00, 0x00, 0x41, 0x1c, 0x03, 0x00, 0x00, 0x24,
 0x00, 0x00, 0x29, 0x38, 0x1b, 0x03, 0x00, 0x00,
 0x41, 0x1d, 0x03, 0x00, 0x00, 0x24, 0x00, 0x00,
 0x29, 0xca, 0x03, 0xce, 0x0f, 0x03, 0x06, 0x3f,
 0x04, 0x43, 0x24, 0x48, 0x42, 0x71, 0x6d, 0x6f,
 0x75, 0x73, 0x65, 0x54, 0x72, 0x61, 0x63, 0x6b,
 0x69, 0x6e, 0x67, 0x28, 0x65, 0x6e, 0x61, 0x62,
 0x6c, 0x65, 0x20, 0x3d, 0x20, 0x74, 0x72, 0x75,
 0x65, 0x29, 0x20, 0x7b, 0x0a, 0x20, 0x20, 0x20,
 0x20, 0x65, 0x6e, 0x61, 0x62, 0x6c, 0x65, 0x20,
 0x3f, 0x20, 0x54, 0x65, 0x72, 0x6d, 0x69, 0x6e,
 0x61, 0x6c, 0x2e, 0x6d, 0x6f, 0x75, 0x73, 0x65,
 0x74, 0x72, 0x61, 0x63, 0x6b, 0x69, 0x6e, 0x67,
 0x45, 0x6e, 0x61, 0x62, 0x6c, 0x65, 0x28, 0x29,
 0x20, 0x3a, 0x20, 0x54, 0x65, 0x72, 0x6d, 0x69,
 0x6e, 0x61, 0x6c, 0x2e, 0x6d, 0x6f, 0x75, 0x73,
 0x65, 0x74, 0x72, 0x61, 0x63, 0x6b, 0x69, 0x6e,
 0x67, 0x44, 0x69, 0x73, 0x61, 0x62, 0x6c, 0x65,
 0x28, 0x29, 0x3b, 0x0a, 0x20, 0x20, 0x7d, 0x0c,
 0x42, 0x0b, 0x01, 0x00, 0x00, 0x01, 0x00, 0x03,
 0x01, 0x00, 0x01, 0x19, 0x01, 0x10, 0x00, 0x01,
 0x40, 0x00, 0x0c, 0x42, 0x0b, 0x01, 0x00, 0x00,
 0x00, 0x00, 0x03, 0x00, 0x01, 0x00, 0x1e, 0x00,
 0x10, 0x00, 0x00, 0xdd, 0x41, 0x1e, 0x03, 0x00,
 0x00, 0x09, 0x24, 0x01, 0x00, 0x0e, 0x38, 0x95,
 0x01, 0x00, 0x00, 0x41, 0xc8, 0x01, 0x00, 0x00,
 0x04, 0x1f, 0x03, 0x00, 0x00, 0x24, 0x01, 0x00,
 0x29, 0xca, 0x03, 0xd5, 0x0f, 0x0a, 0x08, 0x03,
 0x05, 0x20, 0x26, 0x1c, 0x25, 0x34, 0x10, 0x5c,
 0x28, 0x29, 0x20, 0x3d, 0x3e, 0x20, 0x7b, 0x0a,
 0x20, 0x20, 0x20, 0x20, 0x20, 0x20, 0x74, 0x68,
 0x69, 0x73, 0x2e, 0x6d, 0x6f, 0x75, 0x73, 0x65,
 0x54, 0x72, 0x61, 0x63, 0x6b, 0x69, 0x6e, 0x67,
 0x28, 0x66, 0x61, 0x6c, 0x73, 0x65, 0x29, 0x3b,
 0x0a, 0x20, 0x20, 0x20, 0x20, 0x20, 0x20, 0x63,
 0x6f, 0x6e, 0x73, 0x6f, 0x6c, 0x65, 0x2e, 0x6c,
 0x6f, 0x67, 0x28, 0x27, 0x4d, 0x6f, 0x75, 0x73,
 0x65, 0x20, 0x74, 0x72, 0x61, 0x63, 0x6b, 0x69,
 0x6e, 0x67, 0x20, 0x64, 0x69, 0x73, 0x61, 0x62,
 0x6c, 0x65, 0x64, 0x27, 0x29, 0x3b, 0x0a, 0x20,
 0x20, 0x20, 0x20, 0x7d, 0x08, 0xc9, 0xc5, 0x41,
 0x1e, 0x03, 0x00, 0x00, 0x0a, 0x24, 0x01, 0x00,
 0x0e, 0xc5, 0x41, 0xc7, 0x02, 0x00, 0x00, 0xbf,
 0x00, 0x24, 0x01, 0x00, 0x29, 0xca, 0x03, 0xd2,
 0x0f, 0x03, 0x08, 0x0d, 0x04, 0x20, 0x26, 0x1d,
 0x25, 0x20, 0x0a, 0xb3, 0x01, 0x73, 0x65, 0x74,
 0x75, 0x70, 0x4d, 0x6f, 0x75, 0x73, 0x65, 0x54,
 0x72, 0x61, 0x63, 0x6b, 0x69, 0x6e, 0x67, 0x28,
 0x29, 0x20, 0x7b, 0x0a, 0x20, 0x20, 0x20, 0x20,
 0x74, 0x68, 0x69, 0x73, 0x2e, 0x6d, 0x6f, 0x75,
 0x73, 0x65, 0x54, 0x72, 0x61, 0x63, 0x6b, 0x69,
 0x6e, 0x67, 0x28, 0x74, 0x72, 0x75, 0x65, 0x29,
 0x3b, 0x0a, 0x0a, 0x20, 0x20, 0x20, 0x20, 0x74,
 0x68, 0x69, 0x73, 0x2e, 0x61, 0x64, 0x64, 0x43,
 0x6c, 0x65, 0x61, 0x6e, 0x75, 0x70, 0x48, 0x61,
 0x6e, 0x64, 0x6c, 0x65, 0x72, 0x28, 0x28, 0x29,
 0x20, 0x3d, 0x3e, 0x20, 0x7b, 0x0a, 0x20, 0x20,
 0x20, 0x20, 0x20, 0x20, 0x74, 0x68, 0x69, 0x73,
 0x2e, 0x6d, 0x6f, 0x75, 0x73, 0x65, 0x54, 0x72,
 0x61, 0x63, 0x6b, 0x69, 0x6e, 0x67, 0x28, 0x66,
 0x61, 0x6c, 0x73, 0x65, 0x29, 0x3b, 0x0a, 0x20,
 0x20, 0x20, 0x20, 0x20, 0x20, 0x63, 0x6f, 0x6e,
 0x73, 0x6f, 0x6c, 0x65, 0x2e, 0x6c, 0x6f, 0x67,
 0x28, 0x27, 0x4d, 0x6f, 0x75, 0x73, 0x65, 0x20,
 0x74, 0x72, 0x61, 0x63, 0x6b, 0x69, 0x6e, 0x67,
 0x20, 0x64, 0x69, 0x73, 0x61, 0x62, 0x6c, 0x65,
 0x64, 0x27, 0x29, 0x3b, 0x0a, 0x20, 0x20, 0x20,
 0x20, 0x7d, 0x29, 0x3b, 0x0a, 0x20, 0x20, 0x7d,
 0x0c, 0x42, 0x0b, 0x01, 0x00, 0x00, 0x03, 0x00,
 0x05, 0x00, 0x02, 0x00, 0x3d, 0x03, 0xfa, 0x06,
 0x00, 0x00, 0x00, 0x98, 0x07, 0x00, 0x01, 0x00,
 0x10, 0x00, 0x01, 0x00, 0xe4, 0x03, 0x02, 0x1a,
 0xc8, 0x04, 0x32, 0x02, 0x08, 0xcb, 0x07, 0xca,
 0x64, 0x00, 0x00, 0xde, 0xc7, 0x40, 0x20, 0x03,
 0x00, 0x00, 0x40, 0x21, 0x03, 0x00, 0x00, 0xb4,
 0xc7, 0x40, 0x20, 0x03, 0x00, 0x00, 0xe9, 0x22,
 0x04, 0x00, 0xc9, 0xb4, 0xca, 0xc6, 0xc5, 0xa5,
 0xea, 0x17, 0xc7, 0x41, 0x16, 0x03, 0x00, 0x00,
 0xc7, 0x40, 0x20, 0x03, 0x00, 0x00, 0xc6, 0x46,
 0x24, 0x01, 0x00, 0x0e, 0x92, 0x01, 0xec, 0xe6,
 0x29, 0xca, 0x03, 0xdb, 0x0f, 0x03, 0x0a, 0x19,
 0x04, 0x11, 0x12, 0x8a, 0x0c, 0x16, 0x10, 0x20,
 0x20, 0xb2, 0x01, 0x74, 0x65, 0x72, 0x6d, 0x52,
 0x65, 0x61, 0x64, 0x48, 0x61, 0x6e, 0x64, 0x6c,
 0x65, 0x72, 0x28, 0x29, 0x20, 0x7b, 0x0a, 0x20,
 0x20, 0x20, 0x20, 0x76, 0x61, 0x72, 0x20, 0x6c,
 0x2c, 0x0a, 0x20, 0x20, 0x20, 0x20, 0x20, 0x20,
 0x69, 0x20, 0x3d, 0x20, 0x6e, 0x75, 0x6c, 0x6c,
 0x3b, 0x0a, 0x20, 0x20, 0x20, 0x20, 0x6c, 0x20,
 0x3d, 0x20, 0x72, 0x65, 0x61, 0x64, 0x28, 0x74,
 0x65, 0x72, 0x6d, 0x46, 0x64, 0x2c, 0x20, 0x74,
 0x68, 0x69, 0x73, 0x2e, 0x72, 0x65, 0x61, 0x64,
 0x42, 0x75, 0x66, 0x2e, 0x62, 0x75, 0x66, 0x66,
 0x65, 0x72, 0x2c, 0x20, 0x30, 0x2c, 0x20, 0x74,
 0x68, 0x69, 0x73, 0x2e, 0x72, 0x65, 0x61, 0x64,
 0x42, 0x75, 0x66, 0x2e, 0x6c, 0x65, 0x6e, 0x67,
 0x74, 0x68, 0x29, 0x3b, 0x0a, 0x20, 0x20, 0x20,
 0x20, 0x66, 0x6f, 0x72, 0x28, 0x69, 0x20, 0x3d,
 0x20, 0x30, 0x3b, 0x20, 0x69, 0x20, 0x3c, 0x20,
 0x6c, 0x3b, 0x20, 0x69, 0x2b, 0x2b, 0x29, 0x20,
 0x74, 0x68, 0x69, 0x73, 0x2e, 0x68, 0x61, 0x6e,
 0x64, 0x6c, 0x65, 0x42, 0x79, 0x74, 0x65, 0x28,
 0x74, 0x68, 0x69, 0x73, 0x2e, 0x72, 0x65, 0x61,
 0x64, 0x42, 0x75, 0x66, 0x5b, 0x69, 0x5d, 0x29,
 0x3b, 0x0a, 0x20, 0x20, 0x7d, 0x0c, 0x42, 0x0b,
 0x01, 0x00, 0x00, 0x02, 0x00, 0x07, 0x00, 0x00,
 0x00, 0xa0, 0x01, 0x02, 0x98, 0x08, 0x01, 0x00,
 0x30, 0x10, 0x00, 0x01, 0x00, 0x08, 0xca, 0x60,
 0x00, 0x00, 0xc6, 0x40, 0xac, 0x01, 0x00, 0x00,
 0xc9, 0xc6, 0x40, 0xab, 0x01, 0x00, 0x00, 0xe9,
 0xb5, 0xa7, 0x68, 0x89, 0x00, 0x00, 0x00, 0x61,
 0x00, 0x00, 0xb4, 0xa7, 0xea, 0x7f, 0x61, 0x00,
 0x00, 0xc6, 0x40, 0xab, 0x01, 0x00, 0x00, 0xe9,
 0xab, 0xea, 0x0b, 0x61, 0x00, 0x00, 0x8f, 0x31,
 0x0c, 0x02, 0x00, 0x00, 0x00, 0xc6, 0xc6, 0x40,
 0xab, 0x01, 0x00, 0x00, 0x41, 0xe1, 0x01, 0x00,
 0x00, 0xb4, 0x61, 0x00, 0x00, 0xb5, 0x9d, 0x24,
 0x02, 0x00, 0xc6, 0x40, 0xab, 0x01, 0x00, 0x00,
 0x41, 0xe1, 0x01, 0x00, 0x00, 0x61, 0x00, 0x00,
 0x61, 0x00, 0x00, 0xb5, 0x9c, 0x24, 0x02, 0x00,
 0x9c, 0xc6, 0x40, 0xab, 0x01, 0x00, 0x00, 0x41,
 0xe1, 0x01, 0x00, 0x00, 0x61, 0x00, 0x00, 0xb5,
 0x9d, 0x61, 0x00, 0x00, 0x24, 0x02, 0x00, 0x9c,
 0xc6, 0x40, 0xab, 0x01, 0x00, 0x00, 0x41, 0xe1,
 0x01, 0x00, 0x00, 0x61, 0x00, 0x00, 0xb5, 0x9c,
 0x24, 0x01, 0x00, 0x9c, 0x42, 0xab, 0x01, 0x00,
 0x00, 0xc6, 0x61, 0x00, 0x00, 0xb5, 0x9c, 0x42,
 0xac, 0x01, 0x00, 0x00, 0x29, 0xca, 0x03, 0xe2,
 0x0f, 0x03, 0x25, 0x64, 0x2e, 0x34, 0x16, 0x26,
 0x27, 0x34, 0x22, 0x35, 0x35, 0x3e, 0x28, 0x16,
 0x26, 0x1b, 0x0a, 0x39, 0x26, 0x20, 0x16, 0x20,
 0x0a, 0x39, 0x26, 0x11, 0x0c, 0x2f, 0x14, 0x39,
 0x26, 0x11, 0x0c, 0x3a, 0x95, 0x02, 0x16, 0x2e,
 0xc3, 0x02, 0x74, 0x72, 0x61, 0x6e, 0x73, 0x70,
 0x6f, 0x73, 0x65, 0x43, 0x68, 0x61, 0x72, 0x73,
 0x28, 0x29, 0x20, 0x7b, 0x0a, 0x20, 0x20, 0x20,
 0x20, 0x63, 0x6f, 0x6e, 0x73, 0x74, 0x20, 0x70,
 0x6f, 0x73, 0x20, 0x3d, 0x20, 0x74, 0x68, 0x69,
 0x73, 0x2e, 0x63, 0x75, 0x72, 0x73, 0x6f, 0x72,
 0x50, 0x6f, 0x73, 0x3b, 0x0a, 0x0a, 0x20, 0x20,
 0x20, 0x20, 0x69, 0x66, 0x28, 0x74, 0x68, 0x69,
 0x73, 0x2e, 0x63, 0x6d, 0x64, 0x2e, 0x6c, 0x65,
 0x6e, 0x67, 0x74, 0x68, 0x20, 0x3e, 0x20, 0x31,
 0x20, 0x26, 0x26, 0x20, 0x70, 0x6f, 0x73, 0x20,
 0x3e, 0x20, 0x30, 0x29, 0x20, 0x7b, 0x0a, 0x20,
 0x20, 0x20, 0x20, 0x20, 0x20, 0x69, 0x66, 0x28,
 0x70, 0x6f, 0x73, 0x20, 0x3d, 0x3d, 0x20, 0x74,
 0x68, 0x69, 0x73, 0x2e, 0x63, 0x6d, 0x64, 0x2e,
 0x6c, 0x65, 0x6e, 0x67, 0x74, 0x68, 0x29, 0x20,
 0x70, 0x6f, 0x73, 0x2d, 0x2d, 0x3b, 0x0a, 0x20,
 0x20, 0x20, 0x20, 0x20, 0x20, 0x74, 0x68, 0x69,
 0x73, 0x2e, 0x63, 0x6d, 0x64, 0x20, 0x3d, 0x20,
 0x74, 0x68, 0x69, 0x73, 0x2e, 0x63, 0x6d, 0x64,
 0x2e, 0x73, 0x75, 0x62, 0x73, 0x74, 0x72, 0x69,
 0x6e, 0x67, 0x28, 0x30, 0x2c, 0x20, 0x70, 0x6f,
 0x73, 0x20, 0x2d, 0x20, 0x31, 0x29, 0x20, 0x2b,
 0x20, 0x74, 0x68, 0x69, 0x73, 0x2e, 0x63, 0x6d,
 0x64, 0x2e, 0x73, 0x75, 0x62, 0x73, 0x74, 0x72,
 0x69, 0x6e, 0x67, 0x28, 0x70, 0x6f, 0x73, 0x2c,
 0x20, 0x70, 0x6f, 0x73, 0x20, 0x2b, 0x20, 0x31,
 0x29, 0x20, 0x2b, 0x20, 0x74, 0x68, 0x69, 0x73,
 0x2e, 0x63, 0x6d, 0x64, 0x2e, 0x73, 0x75, 0x62,
 0x73, 0x74, 0x72, 0x69, 0x6e, 0x67, 0x28, 0x70,
 0x6f, 0x73, 0x20, 0x2d, 0x20, 0x31, 0x2c, 0x20,
 0x70, 0x6f, 0x73, 0x29, 0x20, 0x2b, 0x20, 0x74,
 0x68, 0x69, 0x73, 0x2e, 0x63, 0x6d, 0x64, 0x2e,
 0x73, 0x75, 0x62, 0x73, 0x74, 0x72, 0x69, 0x6e,
 0x67, 0x28, 0x70, 0x6f, 0x73, 0x20, 0x2b, 0x20,
 0x31, 0x29, 0x3b, 0x0a, 0x20, 0x20, 0x20, 0x20,
 0x20, 0x20, 0x74, 0x68, 0x69, 0x73, 0x2e, 0x63,
 0x75, 0x72, 0x73, 0x6f, 0x72, 0x50, 0x6f, 0x73,
 0x20, 0x3d, 0x20, 0x70, 0x6f, 0x73, 0x20, 0x2b,
 0x20, 0x31, 0x3b, 0x0a, 0x20, 0x20, 0x20, 0x20,
 0x7d, 0x0a, 0x20, 0x20, 0x7d, 0x0c, 0x42, 0x0b,
 0x01, 0x00, 0x00, 0x05, 0x00, 0x06, 0x00, 0x00,
 0x00, 0xb4, 0x01, 0x05, 0xc4, 0x0c, 0x00, 0x00,
 0x00, 0xc6, 0x0c, 0x00, 0x01, 0x00, 0xc8, 0x0c,
 0x00, 0x02, 0x00, 0xca, 0x0c, 0x00, 0x03, 0x00,
 0x10, 0x00, 0x01, 0x00, 0x08, 0xc2, 0x04, 0xc1,
 0x04, 0x41, 0xb0, 0x01, 0x00, 0x00, 0xc1, 0x04,
 0x40, 0xac, 0x01, 0x00, 0x00, 0x24, 0x01, 0x00,
 0xc9, 0xc1, 0x04, 0x41, 0x1f, 0x02, 0x00, 0x00,
 0xc5, 0x24, 0x01, 0x00, 0xca, 0xc1, 0x04, 0x41,
 0x1f, 0x02, 0x00, 0x00, 0xc1, 0x04, 0x40, 0xac,
 0x01, 0x00, 0x00, 0x24, 0x01, 0x00, 0xcb, 0xc1,
 0x04, 0x41, 0xb0, 0x01, 0x00, 0x00, 0xc7, 0x24,
 0x01, 0x00, 0xcc, 0xc4, 0xa5, 0xea, 0x71, 0xc6,
 0xc1, 0x04, 0x40, 0xac, 0x01, 0x00, 0x00, 0xa6,
 0xea, 0x66, 0xc1, 0x04, 0x40, 0xac, 0x01, 0x00,
 0x00, 0xc8, 0xa6, 0xea, 0x5b, 0xc8, 0xc7, 0xa5,
 0xea, 0x56, 0xc1, 0x04, 0xc1, 0x04, 0x40, 0xab,
 0x01, 0x00, 0x00, 0x41, 0xe1, 0x01, 0x00, 0x00,
 0xb4, 0xc5, 0x24, 0x02, 0x00, 0xc1, 0x04, 0x40,
 0xab, 0x01, 0x00, 0x00, 0x41, 0xe1, 0x01, 0x00,
 0x00, 0xc8, 0xc7, 0x24, 0x02, 0x00, 0x9c, 0xc1,
 0x04, 0x40, 0xab, 0x01, 0x00, 0x00, 0x41, 0xe1,
 0x01, 0x00, 0x00, 0xc6, 0xc8, 0x24, 0x02, 0x00,
 0x9c, 0xc1, 0x04, 0x40, 0xab, 0x01, 0x00, 0x00,
 0x41, 0xe1, 0x01, 0x00, 0x00, 0xc4, 0x24, 0x02,
 0x00, 0x9c, 0x42, 0xab, 0x01, 0x00, 0x00, 0xc1,
 0x04, 0xc7, 0x42, 0xac, 0x01, 0x00, 0x00, 0x29,
 0xca, 0x03, 0xec, 0x0f, 0x03, 0x24, 0x35, 0x42,
 0x5d, 0x01, 0x3f, 0x00, 0x5d, 0x02, 0x1d, 0x2d,
 0x1b, 0x18, 0x57, 0x48, 0x1b, 0x16, 0x17, 0x81,
 0x01, 0x48, 0x28, 0x1b, 0x26, 0x3e, 0x26, 0x20,
 0x14, 0x3e, 0x26, 0x20, 0x14, 0x3e, 0x26, 0x35,
 0xe7, 0x01, 0xbe, 0x03, 0x74, 0x72, 0x61, 0x6e,
 0x73, 0x70, 0x6f, 0x73, 0x65, 0x57, 0x6f, 0x72,
 0x64, 0x73, 0x28, 0x29, 0x20, 0x7b, 0x0a, 0x20,
 0x20, 0x20, 0x20, 0x76, 0x61, 0x72, 0x20, 0x70,
 0x31, 0x20, 0x3d, 0x20, 0x74, 0x68, 0x69, 0x73,
 0x2e, 0x73, 0x6b, 0x69, 0x70, 0x57, 0x6f, 0x72,
 0x64, 0x42, 0x61, 0x63, 0x6b, 0x77, 0x61, 0x72,
 0x64, 0x28, 0x74, 0x68, 0x69, 0x73, 0x2e, 0x63,
 0x75, 0x72, 0x73, 0x6f, 0x72, 0x50, 0x6f, 0x73,
 0x29, 0x3b, 0x0a, 0x20, 0x20, 0x20, 0x20, 0x76,
 0x61, 0x72, 0x20, 0x70, 0x32, 0x20, 0x3d, 0x20,
 0x74, 0x68, 0x69, 0x73, 0x2e, 0x73, 0x6b, 0x69,
 0x70, 0x57, 0x6f, 0x72, 0x64, 0x46, 0x6f, 0x72,
 0x77, 0x61, 0x72, 0x64, 0x28, 0x70, 0x31, 0x29,
 0x3b, 0x0a, 0x20, 0x20, 0x20, 0x20, 0x76, 0x61,
 0x72, 0x20, 0x70, 0x34, 0x20, 0x3d, 0x20, 0x74,
 0x68, 0x69, 0x73, 0x2e, 0x73, 0x6b, 0x69, 0x70,
 0x57, 0x6f, 0x72, 0x64, 0x46, 0x6f, 0x72, 0x77,
 0x61, 0x72, 0x64, 0x28, 0x74, 0x68, 0x69, 0x73,
 0x2e, 0x63, 0x75, 0x72, 0x73, 0x6f, 0x72, 0x50,
 0x6f, 0x73, 0x29, 0x3b, 0x0a, 0x20, 0x20, 0x20,
 0x20, 0x76, 0x61, 0x72, 0x20, 0x70, 0x33, 0x20,
 0x3d, 0x20, 0x74, 0x68, 0x69, 0x73, 0x2e, 0x73,
 0x6b, 0x69, 0x70, 0x57, 0x6f, 0x72, 0x64, 0x42,
 0x61, 0x63, 0x6b, 0x77, 0x61, 0x72, 0x64, 0x28,
 0x70, 0x34, 0x29, 0x3b, 0x0a, 0x0a, 0x20, 0x20,
 0x20, 0x20, 0x69, 0x66, 0x28, 0x70, 0x31, 0x20,
 0x3c, 0x20, 0x70, 0x32, 0x20, 0x26, 0x26, 0x20,
 0x70, 0x32, 0x20, 0x3c, 0x3d, 0x20, 0x74, 0x68,
 0x69, 0x73, 0x2e, 0x63, 0x75, 0x72, 0x73, 0x6f,
 0x72, 0x50, 0x6f, 0x73, 0x20, 0x26, 0x26, 0x20,
 0x74, 0x68, 0x69, 0x73, 0x2e, 0x63, 0x75, 0x72,
 0x73, 0x6f, 0x72, 0x50, 0x6f, 0x73, 0x20, 0x3c,
 0x3d, 0x20, 0x70, 0x33, 0x20, 0x26, 0x26, 0x20,
 0x70, 0x33, 0x20, 0x3c, 0x20, 0x70, 0x34, 0x29,
 0x20, 0x7b, 0x0a, 0x20, 0x20, 0x20, 0x20, 0x20,
 0x20, 0x74, 0x68, 0x69, 0x73, 0x2e, 0x63, 0x6d,
 0x64, 0x20, 0x3d, 0x20, 0x74, 0x68, 0x69, 0x73,
 0x2e, 0x63, 0x6d, 0x64, 0x2e, 0x73, 0x75, 0x62,
 0x73, 0x74, 0x72, 0x69, 0x6e, 0x67, 0x28, 0x30,
 0x2c, 0x20, 0x70, 0x31, 0x29, 0x20, 0x2b, 0x20,
 0x74, 0x68, 0x69, 0x73, 0x2e, 0x63, 0x6d, 0x64,
 0x2e, 0x73, 0x75, 0x62, 0x73, 0x74, 0x72, 0x69,
 0x6e, 0x67, 0x28, 0x70, 0x33, 0x2c, 0x20, 0x70,
 0x34, 0x29, 0x20, 0x2b, 0x20, 0x74, 0x68, 0x69,
 0x73, 0x2e, 0x63, 0x6d, 0x64, 0x2e, 0x73, 0x75,
 0x62, 0x73, 0x74, 0x72, 0x69, 0x6e, 0x67, 0x28,
 0x70, 0x32, 0x2c, 0x20, 0x70, 0x33, 0x29, 0x20,
 0x2b, 0x20, 0x74, 0x68, 0x69, 0x73, 0x2e, 0x63,
 0x6d, 0x64, 0x2e, 0x73, 0x75, 0x62, 0x73, 0x74,
 0x72, 0x69, 0x6e, 0x67, 0x28, 0x70, 0x31, 0x2c,
 0x20, 0x70, 0x32, 0x29, 0x3b, 0x0a, 0x20, 0x20,
 0x20, 0x20, 0x20, 0x20, 0x74, 0x68, 0x69, 0x73,
 0x2e, 0x63, 0x75, 0x72, 0x73, 0x6f, 0x72, 0x50,
 0x6f, 0x73, 0x20, 0x3d, 0x20, 0x70, 0x34, 0x3b,
 0x0a, 0x20, 0x20, 0x20, 0x20, 0x7d, 0x0a, 0x20,
 0x20, 0x7d, 0x0c, 0x42, 0x0b, 0x01, 0x00, 0x00,
 0x02, 0x00, 0x06, 0x00, 0x00, 0x00, 0x5c, 0x02,
 0xbc, 0x08, 0x00, 0x00, 0x00, 0x10, 0x00, 0x01,
 0x00, 0x08, 0xca, 0xc6, 0x41, 0x1f, 0x02, 0x00,
 0x00, 0xc6, 0x40, 0xac, 0x01, 0x00, 0x00, 0x24,
 0x01, 0x00, 0xc9, 0xc6, 0xc6, 0x40, 0xab, 0x01,
 0x00, 0x00, 0x41, 0xe1, 0x01, 0x00, 0x00, 0xb4,
 0xc6, 0x40, 0xac, 0x01, 0x00, 0x00, 0x24, 0x02,
 0x00, 0xc6, 0x40, 0xab, 0x01, 0x00, 0x00, 0x41,
 0xe1, 0x01, 0x00, 0x00, 0xc6, 0x40, 0xac, 0x01,
 0x00, 0x00, 0xc5, 0x24, 0x02, 0x00, 0x41, 0x26,
 0x03, 0x00, 0x00, 0x24, 0x00, 0x00, 0x9c, 0xc6,
 0x40, 0xab, 0x01, 0x00, 0x00, 0x41, 0xe1, 0x01,
 0x00, 0x00, 0xc5, 0x24, 0x01, 0x00, 0x9c, 0x42,
 0xab, 0x01, 0x00, 0x00, 0x29, 0xca, 0x03, 0xf8,
 0x0f, 0x03, 0x10, 0x2b, 0x42, 0x35, 0x3d, 0x3e,
 0x28, 0x34, 0x3e, 0x39, 0x26, 0x4d, 0x2a, 0x16,
 0x20, 0x39, 0x26, 0xce, 0x01, 0x75, 0x70, 0x63,
 0x61, 0x73, 0x65, 0x57, 0x6f, 0x72, 0x64, 0x28,
 0x29, 0x20, 0x7b, 0x0a, 0x20, 0x20, 0x20, 0x20,
 0x76, 0x61, 0x72, 0x20, 0x65, 0x6e, 0x64, 0x20,
 0x3d, 0x20, 0x74, 0x68, 0x69, 0x73, 0x2e, 0x73,
 0x6b, 0x69, 0x70, 0x57, 0x6f, 0x72, 0x64, 0x46,
 0x6f, 0x72, 0x77, 0x61, 0x72, 0x64, 0x28, 0x74,
 0x68, 0x69, 0x73, 0x2e, 0x63, 0x75, 0x72, 0x73,
 0x6f, 0x72, 0x50, 0x6f, 0x73, 0x29, 0x3b, 0x0a,
 0x20, 0x20, 0x20, 0x20, 0x74, 0x68, 0x69, 0x73,
 0x2e, 0x63, 0x6d, 0x64, 0x20, 0x3d, 0x20, 0x74,
 0x68, 0x69, 0x73, 0x2e, 0x63, 0x6d, 0x64, 0x2e,
 0x73, 0x75, 0x62, 0x73, 0x74, 0x72, 0x69, 0x6e,
 0x67, 0x28, 0x30, 0x2c, 0x20, 0x74, 0x68, 0x69,
 0x73, 0x2e, 0x63, 0x75, 0x72, 0x73, 0x6f, 0x72,
 0x50, 0x6f, 0x73, 0x29, 0x20, 0x2b, 0x20, 0x74,
 0x68, 0x69, 0x73, 0x2e, 0x63, 0x6d, 0x64, 0x2e,
 0x73, 0x75, 0x62, 0x73, 0x74, 0x72, 0x69, 0x6e,
 0x67, 0x28, 0x74, 0x68, 0x69, 0x73, 0x2e, 0x63,
 0x75, 0x72, 0x73, 0x6f, 0x72, 0x50, 0x6f, 0x73,
 0x2c, 0x20, 0x65, 0x6e, 0x64, 0x29, 0x2e, 0x74,
 0x6f, 0x55, 0x70, 0x70, 0x65, 0x72, 0x43, 0x61,
 0x73, 0x65, 0x28, 0x29, 0x20, 0x2b, 0x20, 0x74,
 0x68, 0x69, 0x73, 0x2e, 0x63, 0x6d, 0x64, 0x2e,
 0x73, 0x75, 0x62, 0x73, 0x74, 0x72, 0x69, 0x6e,
 0x67, 0x28, 0x65, 0x6e, 0x64, 0x29, 0x3b, 0x0a,
 0x20, 0x20, 0x7d, 0x0c, 0x42, 0x0b, 0x01, 0x00,
 0x00, 0x14, 0x00, 0x07, 0x01, 0x08, 0x03, 0xf8,
 0x08, 0x14, 0x94, 0x04, 0x01, 0x00, 0x20, 0xce,
 0x0c, 0x01, 0x01, 0x20, 0xd0, 0x0c, 0x04, 0x02,
 0x20, 0xc4, 0x0a, 0x04, 0x03, 0x30, 0xf6, 0x09,
 0x04, 0x04, 0x70, 0x00, 0xd2, 0x0c, 0x04, 0x05,
 0x30, 0xb2, 0x0b, 0x04, 0x06, 0x20, 0xfa, 0x09,
 0x04, 0x07, 0x30, 0xd4, 0x0c, 0x04, 0x08, 0x30,
 0xbc, 0x0a, 0x04, 0x09, 0x30, 0xd6, 0x0c, 0x04,
 0x0a, 0x30, 0xd8, 0x0c, 0x04, 0x0b, 0x30, 0xda,
 0x0c, 0x04, 0x0c, 0x20, 0x9c, 0x07, 0x04, 0x0d,
 0x30, 0xa6, 0x07, 0x04, 0x0e, 0x20, 0xdc, 0x0c,
 0x04, 0x0f, 0x20, 0x96, 0x07, 0x00, 0x00, 0x00,
 0x9c, 0x07, 0x00, 0x11, 0x00, 0xb8, 0x09, 0x00,
 0x12, 0x00, 0x10, 0x00, 0x01, 0x00, 0xd0, 0x04,
 0x36, 0x02, 0xda, 0x04, 0x3c, 0x02, 0xfe, 0x03,
 0x0f, 0x1a, 0xf6, 0x03, 0x0b, 0x1a, 0xca, 0x04,
 0x33, 0x02, 0xd8, 0x04, 0x3b, 0x02, 0xb0, 0x04,
 0x26, 0x1a, 0xe0, 0x04, 0x3f, 0x02, 0x07, 0x24,
 0x28, 0x5b, 0x5c, 0x5b, 0x5c, 0x5d, 0x5c, 0x28,
 0x5c, 0x29, 0x5c, 0x3f, 0x5c, 0x2b, 0x5c, 0x2a,
 0x5d, 0x29, 0x07, 0x5e, 0x01, 0x00, 0x02, 0x00,
 0x27, 0x00, 0x00, 0x00, 0x09, 0x06, 0x00, 0x00,
 0x00, 0x05, 0x08, 0xf5, 0xff, 0xff, 0xff, 0x0c,
 0x00, 0x0c, 0x01, 0x16, 0x04, 0x00, 0x28, 0x00,
 0x2b, 0x00, 0x3f, 0x00, 0x3f, 0x00, 0x5b, 0x00,
 0x5b, 0x00, 0x5d, 0x00, 0x5d, 0x00, 0x0d, 0x01,
 0x0d, 0x00, 0x0b, 0x0c, 0x40, 0x0b, 0x01, 0x00,
 0x01, 0x02, 0x01, 0x05, 0x00, 0x01, 0x00, 0x17,
 0x03, 0x00, 0x00, 0x01, 0x00, 0x98, 0x07, 0x00,
 0x00, 0x00, 0x9a, 0x07, 0x00, 0x01, 0x00, 0xf6,
 0x09, 0x04, 0x18, 0xd1, 0x7d, 0x80, 0x00, 0x0e,
 0xc9, 0x80, 0x00, 0x0e, 0xca, 0x83, 0x64, 0x00,
 0x00, 0x41, 0x5e, 0x02, 0x00, 0x00, 0xc6, 0x25,
 0x01, 0x00, 0xca, 0x03, 0x8b, 0x10, 0x50, 0x02,
 0x61, 0x36, 0x16, 0x28, 0x5b, 0x69, 0x2c, 0x20,
 0x63, 0x5d, 0x29, 0x20, 0x3d, 0x3e, 0x20, 0x72,
 0x65, 0x2e, 0x74, 0x65, 0x73, 0x74, 0x28, 0x63,
 0x29, 0x08, 0xc2, 0x13, 0x60, 0x01, 0x00, 0x60,
 0x00, 0x00, 0xc1, 0x13, 0x40, 0x0a, 0x01, 0x00,
 0x00, 0x95, 0xea, 0x02, 0x29, 0xc1, 0x13, 0x40,
 0x0a, 0x01, 0x00, 0x00, 0xc9, 0xc1, 0x13, 0x40,
 0x2f, 0x03, 0x00, 0x00, 0xca, 0xdd, 0x68, 0x5e,
 0x02, 0x00, 0x00, 0x60, 0x0f, 0x00, 0x60, 0x0e,
 0x00, 0x60, 0x0d, 0x00, 0x60, 0x0c, 0x00, 0x60,
 0x0b, 0x00, 0x60, 0x0a, 0x00, 0x60, 0x09, 0x00,
 0x60, 0x08, 0x00, 0x60, 0x07, 0x00, 0x60, 0x06,
 0x00, 0x60, 0x05, 0x00, 0x60, 0x04, 0x00, 0x60,
 0x03, 0x00, 0x60, 0x02, 0x00, 0xc1, 0x13, 0x40,
 0xab, 0x01, 0x00, 0x00, 0xcb, 0x06, 0x11, 0xf2,
 0xeb, 0x0b, 0x6f, 0x41, 0xa2, 0x02, 0x00, 0x00,
 0xcc, 0x0e, 0xec, 0x06, 0x0e, 0xc1, 0x13, 0xec,
 0xf2, 0x38, 0xa4, 0x00, 0x00, 0x00, 0x11, 0xc1,
 0x13, 0x61, 0x02, 0x00, 0x41, 0xba, 0x02, 0x00,
 0x00, 0xbe, 0x00, 0xbe, 0x01, 0x34, 0x04, 0x30,
 0x03, 0x00, 0x00, 0x24, 0x02, 0x00, 0x15, 0x42,
 0x31, 0x03, 0x00, 0x00, 0x04, 0xcc, 0x01, 0x00,
 0x00, 0x21, 0x02, 0x00, 0xc2, 0x04, 0xdd, 0xb4,
 0xa7, 0xea, 0x06, 0xdd, 0xb5, 0x9d, 0xec, 0x02,
 0xdd, 0xc2, 0x05, 0xde, 0x26, 0x00, 0x00, 0xb4,
 0x61, 0x03, 0x00, 0x41, 0x32, 0x03, 0x00, 0x00,
 0x24, 0x00, 0x00, 0x51, 0x0e, 0xc1, 0x13, 0x40,
 0xcb, 0x02, 0x00, 0x00, 0xf0, 0xc2, 0x06, 0xc1,
 0x13, 0x40, 0x33, 0x03, 0x00, 0x00, 0x41, 0xca,
 0x02, 0x00, 0x00, 0xb4, 0xc1, 0x13, 0x40, 0x33,
 0x03, 0x00, 0x00, 0xe9, 0x26, 0x02, 0x00, 0xb6,
 0x61, 0x06, 0x00, 0x41, 0xc9, 0x02, 0x00, 0x00,
 0xbf, 0x02, 0x24, 0x01, 0x00, 0x51, 0x0e, 0x18,
 0x27, 0x00, 0x00, 0x0e, 0xc1, 0x13, 0x40, 0x33,
 0x03, 0x00, 0x00, 0x61, 0x05, 0x00, 0xb4, 0xa5,
 0xea, 0x0f, 0xc1, 0x13, 0x40, 0x33, 0x03, 0x00,
 0x00, 0xe9, 0x61, 0x05, 0x00, 0x9c, 0xec, 0x04,
 0x61, 0x05, 0x00, 0x46, 0xc2, 0x07, 0x06, 0x11,
 0xf2, 0xeb, 0x1b, 0x7d, 0x80, 0x00, 0x0e, 0x11,
 0xf2, 0xea, 0x03, 0x0e, 0xb3, 0xc2, 0x08, 0x80,
 0x00, 0x0e, 0x11, 0xf2, 0xea, 0x03, 0x0e, 0xc0,
 0xc2, 0x09, 0x83, 0xec, 0x0e, 0x0e, 0x61, 0x07,
 0x00, 0x11, 0xeb, 0xe0, 0x0e, 0x26, 0x00, 0x00,
 0xec, 0xda, 0xdd, 0xb4, 0xa7, 0xea, 0x08, 0x04,
 0x34, 0x03, 0x00, 0x00, 0xec, 0x06, 0x04, 0x35,
 0x03, 0x00, 0x00, 0xc2, 0x0a, 0xdd, 0xb4, 0xa5,
 0xea, 0x16, 0x61, 0x06, 0x00, 0x41, 0xbe, 0x01,
 0x00, 0x00, 0x61, 0x07, 0x00, 0x24, 0x01, 0x00,
 0x61, 0x06, 0x00, 0xe9, 0x9d, 0xec, 0x0f, 0x61,
 0x06, 0x00, 0x41, 0xbe, 0x01, 0x00, 0x00, 0x61,
 0x07, 0x00, 0x24, 0x01, 0x00, 0xc2, 0x0b, 0xc1,
 0x13, 0x61, 0x08, 0x00, 0x42, 0xa3, 0x02, 0x00,
 0x00, 0x04, 0x9e, 0x01, 0x00, 0x00, 0x41, 0x5d,
 0x00, 0x00, 0x00, 0x61, 0x0a, 0x00, 0x04, 0x36,
 0x03, 0x00, 0x00, 0x61, 0x0b, 0x00, 0x04, 0x37,
 0x03, 0x00, 0x00, 0x24, 0x04, 0x00, 0xc2, 0x0c,
 0xc0, 0x41, 0x5d, 0x00, 0x00, 0x00, 0x61, 0x0c,
 0x00, 0xc1, 0x13, 0x40, 0xab, 0x01, 0x00, 0x00,
 0x04, 0x38, 0x03, 0x00, 0x00, 0x61, 0x09, 0x00,
 0x24, 0x04, 0x00, 0x11, 0x62, 0x02, 0x00, 0x0e,
 0x09, 0x11, 0x62, 0x01, 0x00, 0x0e, 0x61, 0x02,
 0x00, 0xe9, 0x61, 0x09, 0x00, 0xe9, 0x9d, 0xb7,
 0x9d, 0xc1, 0x13, 0x40, 0xab, 0x01, 0x00, 0x00,
 0xe9, 0x9d, 0xc1, 0x13, 0x40, 0xac, 0x01, 0x00,
 0x00, 0x9c, 0xc2, 0x0d, 0x61, 0x02, 0x00, 0x41,
 0xe1, 0x01, 0x00, 0x00, 0x61, 0x0d, 0x00, 0x24,
 0x01, 0x00, 0xc2, 0x0e, 0x64, 0x02, 0x00, 0xb5,
 0xb4, 0xf0, 0x0e, 0x61, 0x00, 0x00, 0x41, 0x0b,
 0x01, 0x00, 0x00, 0x61, 0x02, 0x00, 0x24, 0x01,
 0x00, 0x0e, 0x64, 0x03, 0x00, 0xb5, 0xb4, 0xf0,
 0x0e, 0xc1, 0x13, 0x61, 0x02, 0x00, 0x42, 0x0c,
 0x03, 0x00, 0x00, 0x61, 0x0d, 0x00, 0x5e, 0x04,
 0x00, 0xc1, 0x13, 0xc1, 0x13, 0x40, 0xac, 0x01,
 0x00, 0x00, 0x42, 0x0d, 0x03, 0x00, 0x00, 0x5d,
 0x05, 0x00, 0x61, 0x0e, 0x00, 0xef, 0xc2, 0x0f,
 0x61, 0x00, 0x00, 0x41, 0x3a, 0x01, 0x00, 0x00,
 0x24, 0x00, 0x00, 0x0e, 0x38, 0x4a, 0x02, 0x00,
 0x00, 0x61, 0x0f, 0x00, 0xef, 0xea, 0x1b, 0x38,
 0x98, 0x00, 0x00, 0x00, 0x11, 0x04, 0x39, 0x03,
 0x00, 0x00, 0x41, 0x5d, 0x00, 0x00, 0x00, 0x61,
 0x0f, 0x00, 0x24, 0x01, 0x00, 0x21, 0x01, 0x00,
 0x30, 0x64, 0x06, 0x00, 0x61, 0x0f, 0x00, 0xef,
 0x0e, 0x61, 0x00, 0x00, 0x41, 0x3a, 0x01, 0x00,
 0x00, 0x24, 0x00, 0x00, 0x29, 0xc1, 0x13, 0x40,
 0xab, 0x01, 0x00, 0x00, 0xc1, 0x13, 0x40, 0x0c,
 0x03, 0x00, 0x00, 0xac, 0x68, 0x4c, 0x01, 0x00,
 0x00, 0xc1, 0x13, 0x40, 0x2f, 0x03, 0x00, 0x00,
 0x95, 0xea, 0x57, 0xc1, 0x13, 0x40, 0x0c, 0x03,
 0x00, 0x00, 0x41, 0xe1, 0x01, 0x00, 0x00, 0xb4,
 0xc1, 0x13, 0x40, 0x0d, 0x03, 0x00, 0x00, 0x24,
 0x02, 0x00, 0xc1, 0x13, 0x40, 0xab, 0x01, 0x00,
 0x00, 0x41, 0xe1, 0x01, 0x00, 0x00, 0xb4, 0xc1,
 0x13, 0x40, 0x0d, 0x03, 0x00, 0x00, 0x24, 0x02,
 0x00, 0xab, 0xea, 0x26, 0x61, 0x00, 0x00, 0x41,
 0x0b, 0x01, 0x00, 0x00, 0xc1, 0x13, 0x40, 0xab,
 0x01, 0x00, 0x00, 0x41, 0xe1, 0x01, 0x00, 0x00,
 0xc1, 0x13, 0x40, 0x0d, 0x03, 0x00, 0x00, 0x24,
 0x01, 0x00, 0x24, 0x01, 0x00, 0x0e, 0xed, 0x97,
 0x00, 0xc1, 0x13, 0x41, 0xfe, 0x00, 0x00, 0x00,
 0x5d, 0x05, 0x00, 0xc1, 0x13, 0x40, 0x0c, 0x03,
 0x00, 0x00, 0x41, 0xe1, 0x01, 0x00, 0x00, 0xb4,
 0xc1, 0x13, 0x40, 0x0d, 0x03, 0x00, 0x00, 0x24,
 0x02, 0x00, 0xef, 0x8b, 0x24, 0x01, 0x00, 0x0e,
 0xc1, 0x13, 0x40, 0x2f, 0x03, 0x00, 0x00, 0xea,
 0x53, 0xc1, 0x13, 0x40, 0x62, 0x02, 0x00, 0x00,
 0xea, 0x18, 0xc1, 0x13, 0x40, 0x62, 0x02, 0x00,
 0x00, 0x04, 0x52, 0x01, 0x00, 0x00, 0x9c, 0xc1,
 0x13, 0x40, 0xab, 0x01, 0x00, 0x00, 0x9c, 0xec,
 0x08, 0xc1, 0x13, 0x40, 0xab, 0x01, 0x00, 0x00,
 0xc3, 0x10, 0xe9, 0xc1, 0x13, 0x40, 0xab, 0x01,
 0x00, 0x00, 0xe9, 0x9d, 0xc2, 0x11, 0xc1, 0x13,
 0x41, 0x63, 0x02, 0x00, 0x00, 0xc1, 0x10, 0x24,
 0x01, 0x00, 0xc2, 0x12, 0x5d, 0x07, 0x00, 0xc1,
 0x10, 0xc1, 0x11, 0xc1, 0x12, 0xb6, 0x46, 0xf1,
 0x0e, 0xec, 0x14, 0x61, 0x00, 0x00, 0x41, 0x0b,
 0x01, 0x00, 0x00, 0xc1, 0x13, 0x40, 0xab, 0x01,
 0x00, 0x00, 0x24, 0x01, 0x00, 0x0e, 0x5d, 0x04,
 0x00, 0x5d, 0x05, 0x00, 0xc1, 0x13, 0x40, 0xab,
 0x01, 0x00, 0x00, 0xef, 0x9c, 0xc1, 0x13, 0x40,
 0x19, 0x02, 0x00, 0x00, 0x9b, 0x5f, 0x04, 0x00,
 0xb4, 0xab, 0xea, 0x12, 0x61, 0x00, 0x00, 0x41,
 0x0b, 0x01, 0x00, 0x00, 0x04, 0x3a, 0x03, 0x00,
 0x00, 0x24, 0x01, 0x00, 0x0e, 0x64, 0x03, 0x00,
 0xb5, 0xb4, 0xf0, 0x0e, 0xc1, 0x13, 0xc1, 0x13,
 0x40, 0xab, 0x01, 0x00, 0x00, 0x42, 0x0c, 0x03,
 0x00, 0x00, 0xc1, 0x13, 0xc1, 0x13, 0x40, 0xab,
 0x01, 0x00, 0x00, 0xe9, 0x42, 0x0d, 0x03, 0x00,
 0x00, 0x61, 0x00, 0x00, 0x41, 0x3a, 0x01, 0x00,
 0x00, 0x24, 0x00, 0x00, 0x0e, 0xc1, 0x13, 0x40,
 0xac, 0x01, 0x00, 0x00, 0xc1, 0x13, 0x40, 0x0d,
 0x03, 0x00, 0x00, 0xa7, 0xea, 0x2f, 0xc1, 0x13,
 0x41, 0xfe, 0x00, 0x00, 0x00, 0x5d, 0x05, 0x00,
 0xc1, 0x13, 0x40, 0xab, 0x01, 0x00, 0x00, 0x41,
 0xe1, 0x01, 0x00, 0x00, 0xc1, 0x13, 0x40, 0x0d,
 0x03, 0x00, 0x00, 0xc1, 0x13, 0x40, 0xac, 0x01,
 0x00, 0x00, 0x24, 0x02, 0x00, 0xef, 0x24, 0x01,
 0x00, 0x0e, 0xec, 0x3f, 0xc1, 0x13, 0x40, 0xac,
 0x01, 0x00, 0x00, 0xc1, 0x13, 0x40, 0x0d, 0x03,
 0x00, 0x00, 0xa5, 0xea, 0x2e, 0xc1, 0x13, 0x41,
 0xfe, 0x00, 0x00, 0x00, 0x5d, 0x05, 0x00, 0xc1,
 0x13, 0x40, 0xab, 0x01, 0x00, 0x00, 0x41, 0xe1,
 0x01, 0x00, 0x00, 0xc1, 0x13, 0x40, 0xac, 0x01,
 0x00, 0x00, 0xc1, 0x13, 0x40, 0x0d, 0x03, 0x00,
 0x00, 0x24, 0x02, 0x00, 0xef, 0x8b, 0x24, 0x01,
 0x00, 0x0e, 0xc1, 0x13, 0xc1, 0x13, 0x40, 0xac,
 0x01, 0x00, 0x00, 0x42, 0x0d, 0x03, 0x00, 0x00,
 0x29, 0xca, 0x03, 0xfd, 0x0f, 0x03, 0xac, 0x01,
 0x00, 0x70, 0x12, 0x26, 0x52, 0x4a, 0x99, 0x33,
 0x1b, 0x24, 0x2c, 0x2f, 0x3e, 0x2e, 0x4f, 0x55,
 0x3e, 0x26, 0x6b, 0x6c, 0x73, 0x43, 0x3e, 0x40,
 0x00, 0x39, 0x0a, 0x51, 0x62, 0x00, 0x3e, 0x34,
 0x20, 0x12, 0x4d, 0x5a, 0x2b, 0xdb, 0x01, 0xd1,
 0x00, 0xa3, 0x00, 0x35, 0x3e, 0x1b, 0x22, 0x0c,
 0x08, 0x2f, 0x24, 0x5d, 0x57, 0x2c, 0x33, 0x26,
 0x00, 0x2a, 0x12, 0x26, 0x11, 0x27, 0x00, 0x35,
 0x00, 0x21, 0x00, 0x58, 0x2c, 0x21, 0x2b, 0x2a,
 0x08, 0x30, 0x0a, 0x20, 0x24, 0x85, 0x35, 0x11,
 0x16, 0x1d, 0x15, 0x2a, 0x08, 0x00, 0x0b, 0x08,
 0x20, 0xb2, 0x20, 0x39, 0x48, 0x3e, 0x12, 0x4a,
 0x9d, 0x01, 0x2a, 0x12, 0x3e, 0x26, 0x5a, 0x37,
 0x25, 0x0a, 0x11, 0x2c, 0x3e, 0x1a, 0xd6, 0x03,
 0x20, 0x0e, 0x67, 0x23, 0x5d, 0x10, 0x26, 0x41,
 0x11, 0x1e, 0x40, 0x1d, 0x2a, 0x12, 0x3c, 0x19,
 0x11, 0x3a, 0x11, 0x14, 0x2f, 0x1a, 0x3a, 0x43,
 0x18, 0x1f, 0x2a, 0x08, 0x32, 0x0b, 0x27, 0x00,
 0x49, 0x00, 0x50, 0x03, 0x2a, 0x08, 0x3b, 0x20,
 0x35, 0x23, 0x25, 0x20, 0x11, 0x14, 0x3e, 0x26,
 0x9e, 0x27, 0x35, 0x31, 0x25, 0x0a, 0x11, 0x2c,
 0x3e, 0x26, 0x77, 0x5f, 0xfc, 0x19, 0x75, 0x70,
 0x64, 0x61, 0x74, 0x65, 0x28, 0x29, 0x20, 0x7b,
 0x0a, 0x20, 0x20, 0x20, 0x20, 0x69, 0x66, 0x28,
 0x21, 0x74, 0x68, 0x69, 0x73, 0x2e, 0x6f, 0x75,
 0x74, 0x29, 0x20, 0x72, 0x65, 0x74, 0x75, 0x72,
 0x6e, 0x3b, 0x0a, 0x0a, 0x20, 0x20, 0x20, 0x20,
 0x6c, 0x65, 0x74, 0x20, 0x6f, 0x75, 0x74, 0x20,
 0x3d, 0x20, 0x74, 0x68, 0x69, 0x73, 0x2e, 0x6f,
 0x75, 0x74, 0x2c, 0x0a, 0x20, 0x20, 0x20, 0x20,
 0x20, 0x20, 0x63, 0x6f, 0x6c, 0x6f, 0x72, 0x69,
 0x7a, 0x65, 0x20, 0x3d, 0x20, 0x74, 0x68, 0x69,
 0x73, 0x2e, 0x73, 0x68, 0x6f, 0x77, 0x43, 0x6f,
 0x6c, 0x6f, 0x72, 0x73, 0x3b, 0x0a, 0x0a, 0x20,
 0x20, 0x20, 0x20, 0x69, 0x66, 0x28, 0x73, 0x65,
 0x61, 0x72, 0x63, 0x68, 0x53, 0x74, 0x61, 0x74,
 0x65, 0x29, 0x20, 0x7b, 0x0a, 0x20, 0x20, 0x20,
 0x20, 0x20, 0x20, 0x6c, 0x65, 0x74, 0x20, 0x63,
 0x6d, 0x64, 0x4c, 0x69, 0x6e, 0x65, 0x20, 0x3d,
 0x20, 0x74, 0x68, 0x69, 0x73, 0x2e, 0x63, 0x6d,
 0x64, 0x3b, 0x0a, 0x20, 0x20, 0x20, 0x20, 0x20,
 0x20, 0x63, 0x6f, 0x6e, 0x73, 0x74, 0x20, 0x7b,
 0x20, 0x68, 0x69, 0x73, 0x74, 0x6f, 0x72, 0x79,
 0x20, 0x7d, 0x20, 0x3d, 0x20, 0x74, 0x68, 0x69,
 0x73, 0x3b, 0x0a, 0x20, 0x20, 0x20, 0x20, 0x20,
 0x20, 0x63, 0x6f, 0x6e, 0x73, 0x74, 0x20, 0x72,
 0x65, 0x20, 0x3d, 0x20, 0x6e, 0x65, 0x77, 0x20,
 0x52, 0x65, 0x67, 0x45, 0x78, 0x70, 0x28, 0x28,
 0x74, 0x68, 0x69, 0x73, 0x2e, 0x73, 0x65, 0x61,
 0x72, 0x63, 0x68, 0x50, 0x61, 0x74, 0x74, 0x65,
 0x72, 0x6e, 0x20, 0x3d, 0x20, 0x63, 0x6d, 0x64,
 0x4c, 0x69, 0x6e, 0x65, 0x2e, 0x72, 0x65, 0x70,
 0x6c, 0x61, 0x63, 0x65, 0x28, 0x2f, 0x28, 0x5b,
 0x5c, 0x5b, 0x5c, 0x5d, 0x5c, 0x28, 0x5c, 0x29,
 0x5c, 0x3f, 0x5c, 0x2b, 0x5c, 0x2a, 0x5d, 0x29,
 0x2f, 0x67, 0x2c, 0x20, 0x27, 0x5c, 0x5c, 0x24,
 0x31, 0x27, 0x29, 0x29, 0x2c, 0x20, 0x27, 0x69,
 0x27, 0x29, 0x3b, 0x0a, 0x20, 0x20, 0x20, 0x20,
 0x20, 0x20, 0x63, 0x6f, 0x6e, 0x73, 0x74, 0x20,
 0x6e, 0x75, 0x6d, 0x20, 0x3d, 0x20, 0x73, 0x65,
 0x61, 0x72, 0x63, 0x68, 0x53, 0x74, 0x61, 0x74,
 0x65, 0x20, 0x3e, 0x20, 0x30, 0x20, 0x3f, 0x20,
 0x73, 0x65, 0x61, 0x72, 0x63, 0x68, 0x53, 0x74,
 0x61, 0x74, 0x65, 0x20, 0x2d, 0x20, 0x31, 0x20,
 0x3a, 0x20, 0x73, 0x65, 0x61, 0x72, 0x63, 0x68,
 0x53, 0x74, 0x61, 0x74, 0x65, 0x3b, 0x0a, 0x20,
 0x20, 0x20, 0x20, 0x20, 0x20, 0x2f, 0x2f, 0x74,
 0x68, 0x69, 0x73, 0x2e, 0x73, 0x65, 0x61, 0x72,
 0x63, 0x68, 0x49, 0x6e, 0x64, 0x65, 0x78, 0x20,
 0x3d, 0x20, 0x74, 0x68, 0x69, 0x73, 0x2e, 0x68,
 0x69, 0x73, 0x74, 0x6f, 0x72, 0x79, 0x2e, 0x66,
 0x69, 0x6e, 0x64, 0x4c, 0x61, 0x73, 0x74, 0x49,
 0x6e, 0x64, 0x65, 0x78, 0x28, 0x63, 0x20, 0x3d,
 0x3e, 0x20, 0x72, 0x65, 0x2e, 0x74, 0x65, 0x73,
 0x74, 0x28, 0x63, 0x29, 0x20, 0x26, 0x26, 0x20,
 0x2d, 0x2d, 0x6e, 0x75, 0x6d, 0x20, 0x3d, 0x3d,
 0x20, 0x30, 0x29, 0x3b, 0x0a, 0x20, 0x20, 0x20,
 0x20, 0x20, 0x20, 0x6c, 0x65, 0x74, 0x20, 0x68,
 0x69, 0x73, 0x74, 0x6f, 0x72, 0x79, 0x53, 0x65,
 0x61, 0x72, 0x63, 0x68, 0x20, 0x3d, 0x20, 0x72,
 0x6f, 0x74, 0x61, 0x74, 0x65, 0x4c, 0x65, 0x66,
 0x74, 0x28, 0x5b, 0x2e, 0x2e, 0x2e, 0x68, 0x69,
 0x73, 0x74, 0x6f, 0x72, 0x79, 0x2e, 0x65, 0x6e,
 0x74, 0x72, 0x69, 0x65, 0x73, 0x28, 0x29, 0x5d,
 0x2c, 0x20, 0x74, 0x68, 0x69, 0x73, 0x2e, 0x68,
 0x69, 0x73, 0x74, 0x6f, 0x72, 0x79, 0x49, 0x6e,
 0x64, 0x65, 0x78, 0x29, 0x3b, 0x0a, 0x0a, 0x20,
 0x20, 0x20, 0x20, 0x20, 0x20, 0x74, 0x68, 0x69,
 0x73, 0x2e, 0x73, 0x65, 0x61, 0x72, 0x63, 0x68,
 0x4d, 0x61, 0x74, 0x63, 0x68, 0x65, 0x73, 0x2e,
 0x73, 0x70, 0x6c, 0x69, 0x63, 0x65, 0x28, 0x30,
 0x2c, 0x20, 0x74, 0x68, 0x69, 0x73, 0x2e, 0x73,
 0x65, 0x61, 0x72, 0x63, 0x68, 0x4d, 0x61, 0x74,
 0x63, 0x68, 0x65, 0x73, 0x2e, 0x6c, 0x65, 0x6e,
 0x67, 0x74, 0x68, 0x2c, 0x20, 0x2e, 0x2e, 0x2e,
 0x68, 0x69, 0x73, 0x74, 0x6f, 0x72, 0x79, 0x53,
 0x65, 0x61, 0x72, 0x63, 0x68, 0x2e, 0x66, 0x69,
 0x6c, 0x74, 0x65, 0x72, 0x28, 0x28, 0x5b, 0x69,
 0x2c, 0x20, 0x63, 0x5d, 0x29, 0x20, 0x3d, 0x3e,
 0x20, 0x72, 0x65, 0x2e, 0x74, 0x65, 0x73, 0x74,
 0x28, 0x63, 0x29, 0x29, 0x29, 0x3b, 0x0a, 0x0a,
 0x20, 0x20, 0x20, 0x20, 0x20, 0x20, 0x2f, 0x2f,
 0x6e, 0x75, 0x6d, 0x20, 0x3d, 0x20, 0x73, 0x65,
 0x61, 0x72, 0x63, 0x68, 0x53, 0x74, 0x61, 0x74,
 0x65, 0x20, 0x3e, 0x20, 0x30, 0x20, 0x3f, 0x20,
 0x73, 0x65, 0x61, 0x72, 0x63, 0x68, 0x53, 0x74,
 0x61, 0x74, 0x65, 0x20, 0x2d, 0x20, 0x31, 0x20,
 0x3a, 0x20, 0x73, 0x65, 0x61, 0x72, 0x63, 0x68,
 0x53, 0x74, 0x61, 0x74, 0x65, 0x3b, 0x0a, 0x20,
 0x20, 0x20, 0x20, 0x20, 0x20, 0x63, 0x6f, 0x6e,
 0x73, 0x74, 0x20, 0x6d, 0x61, 0x74, 0x63, 0x68,
 0x20, 0x3d, 0x20, 0x74, 0x68, 0x69, 0x73, 0x2e,
 0x73, 0x65, 0x61, 0x72, 0x63, 0x68, 0x4d, 0x61,
 0x74, 0x63, 0x68, 0x65, 0x73, 0x5b, 0x6e, 0x75,
 0x6d, 0x20, 0x3c, 0x20, 0x30, 0x20, 0x3f, 0x20,
 0x74, 0x68, 0x69, 0x73, 0x2e, 0x73, 0x65, 0x61,
 0x72, 0x63, 0x68, 0x4d, 0x61, 0x74, 0x63, 0x68,
 0x65, 0x73, 0x2e, 0x6c, 0x65, 0x6e, 0x67, 0x74,
 0x68, 0x20, 0x2b, 0x20, 0x6e, 0x75, 0x6d, 0x20,
 0x3a, 0x20, 0x6e, 0x75, 0x6d, 0x5d, 0x3b, 0x0a,
 0x0a, 0x20, 0x20, 0x20, 0x20, 0x20, 0x20, 0x2f,
 0x2f, 0x20, 0x6f, 0x6e, 0x73, 0x6f, 0x6c, 0x65,
 0x2e, 0x6c, 0x6f, 0x67, 0x28, 0x22, 0x74, 0x68,
 0x69, 0x73, 0x2e, 0x73, 0x65, 0x61, 0x72, 0x63,
 0x68, 0x4d, 0x61, 0x74, 0x63, 0x68, 0x65, 0x73,
 0x22, 0x2c, 0x20, 0x74, 0x68, 0x69, 0x73, 0x2e,
 0x73, 0x65, 0x61, 0x72, 0x63, 0x68, 0x4d, 0x61,
 0x74, 0x63, 0x68, 0x65, 0x73, 0x2e, 0x6c, 0x65,
 0x6e, 0x67, 0x74, 0x68, 0x2c, 0x20, 0x6e, 0x75,
 0x6d, 0x2c, 0x20, 0x6d, 0x61, 0x74, 0x63, 0x68,
 0x29, 0x3b, 0x0a, 0x0a, 0x20, 0x20, 0x20, 0x20,
 0x20, 0x20, 0x63, 0x6f, 0x6e, 0x73, 0x74, 0x20,
 0x5b, 0x68, 0x69, 0x73, 0x74, 0x69, 0x64, 0x78,
 0x20, 0x3d, 0x20, 0x2d, 0x31, 0x2c, 0x20, 0x68,
 0x69, 0x73, 0x74, 0x63, 0x6d, 0x64, 0x20, 0x3d,
 0x20, 0x27, 0x27, 0x5d, 0x20, 0x3d, 0x20, 0x6d,
 0x61, 0x74, 0x63, 0x68, 0x20, 0x7c, 0x7c, 0x20,
 0x5b, 0x5d, 0x3b, 0x0a, 0x20, 0x20, 0x20, 0x20,
 0x20, 0x20, 0x63, 0x6f, 0x6e, 0x73, 0x74, 0x20,
 0x68, 0x69, 0x73, 0x74, 0x64, 0x69, 0x72, 0x20,
 0x3d, 0x20, 0x73, 0x65, 0x61, 0x72, 0x63, 0x68,
 0x53, 0x74, 0x61, 0x74, 0x65, 0x20, 0x3e, 0x20,
 0x30, 0x20, 0x3f, 0x20, 0x27, 0x66, 0x6f, 0x72,
 0x77, 0x61, 0x72, 0x64, 0x27, 0x20, 0x3a, 0x20,
 0x27, 0x72, 0x65, 0x76, 0x65, 0x72, 0x73, 0x65,
 0x27, 0x3b, 0x0a, 0x20, 0x20, 0x20, 0x20, 0x20,
 0x20, 0x63, 0x6f, 0x6e, 0x73, 0x74, 0x20, 0x68,
 0x69, 0x73, 0x74, 0x70, 0x6f, 0x73, 0x20, 0x3d,
 0x20, 0x73, 0x65, 0x61, 0x72, 0x63, 0x68, 0x53,
 0x74, 0x61, 0x74, 0x65, 0x20, 0x3c, 0x20, 0x30,
 0x20, 0x3f, 0x20, 0x68, 0x69, 0x73, 0x74, 0x6f,
 0x72, 0x79, 0x53, 0x65, 0x61, 0x72, 0x63, 0x68,
 0x2e, 0x69, 0x6e, 0x64, 0x65, 0x78, 0x4f, 0x66,
 0x28, 0x6d, 0x61, 0x74, 0x63, 0x68, 0x29, 0x20,
 0x2d, 0x20, 0x68, 0x69, 0x73, 0x74, 0x6f, 0x72,
 0x79, 0x53, 0x65, 0x61, 0x72, 0x63, 0x68, 0x2e,
 0x6c, 0x65, 0x6e, 0x67, 0x74, 0x68, 0x20, 0x3a,
 0x20, 0x68, 0x69, 0x73, 0x74, 0x6f, 0x72, 0x79,
 0x53, 0x65, 0x61, 0x72, 0x63, 0x68, 0x2e, 0x69,
 0x6e, 0x64, 0x65, 0x78, 0x4f, 0x66, 0x28, 0x6d,
 0x61, 0x74, 0x63, 0x68, 0x29, 0x3b, 0x0a, 0x20,
 0x20, 0x20, 0x20, 0x20, 0x20, 0x74, 0x68, 0x69,
 0x73, 0x2e, 0x73, 0x65, 0x61, 0x72, 0x63, 0x68,
 0x49, 0x6e, 0x64, 0x65, 0x78, 0x20, 0x3d, 0x20,
 0x68, 0x69, 0x73, 0x74, 0x69, 0x64, 0x78, 0x3b,
 0x0a, 0x20, 0x20, 0x20, 0x20, 0x20, 0x20, 0x6c,
 0x65, 0x74, 0x20, 0x6c, 0x69, 0x6e, 0x65, 0x53,
 0x74, 0x61, 0x72, 0x74, 0x20, 0x3d, 0x20, 0x60,
 0x28, 0x24, 0x7b, 0x68, 0x69, 0x73, 0x74, 0x64,
 0x69, 0x72, 0x7d, 0x2d, 0x73, 0x65, 0x61, 0x72,
 0x63, 0x68, 0x53, 0x74, 0x61, 0x74, 0x65, 0x5b,
 0x24, 0x7b, 0x68, 0x69, 0x73, 0x74, 0x70, 0x6f,
 0x73, 0x7d, 0x5d, 0x29, 0x5c, 0x60, 0x60, 0x3b,
 0x0a, 0x20, 0x20, 0x20, 0x20, 0x20, 0x20, 0x63,
 0x6d, 0x64, 0x4c, 0x69, 0x6e, 0x65, 0x20, 0x3d,
 0x20, 0x60, 0x24, 0x7b, 0x6c, 0x69, 0x6e, 0x65,
 0x53, 0x74, 0x61, 0x72, 0x74, 0x7d, 0x24, 0x7b,
 0x74, 0x68, 0x69, 0x73, 0x2e, 0x63, 0x6d, 0x64,
 0x7d, 0x27, 0x3a, 0x20, 0x24, 0x7b, 0x68, 0x69,
 0x73, 0x74, 0x63, 0x6d, 0x64, 0x7d, 0x60, 0x3b,
 0x0a, 0x20, 0x20, 0x20, 0x20, 0x20, 0x20, 0x63,
 0x6f, 0x6c, 0x6f, 0x72, 0x69, 0x7a, 0x65, 0x20,
 0x3d, 0x20, 0x66, 0x61, 0x6c, 0x73, 0x65, 0x3b,
 0x0a, 0x20, 0x20, 0x20, 0x20, 0x20, 0x20, 0x63,
 0x6f, 0x6e, 0x73, 0x74, 0x20, 0x73, 0x74, 0x61,
 0x72, 0x74, 0x20, 0x3d, 0x20, 0x63, 0x6d, 0x64,
 0x4c, 0x69, 0x6e, 0x65, 0x2e, 0x6c, 0x65, 0x6e,
 0x67, 0x74, 0x68, 0x20, 0x2d, 0x20, 0x68, 0x69,
 0x73, 0x74, 0x63, 0x6d, 0x64, 0x2e, 0x6c, 0x65,
 0x6e, 0x67, 0x74, 0x68, 0x20, 0x2d, 0x20, 0x33,
 0x20, 0x2d, 0x20, 0x74, 0x68, 0x69, 0x73, 0x2e,
 0x63, 0x6d, 0x64, 0x2e, 0x6c, 0x65, 0x6e, 0x67,
 0x74, 0x68, 0x20, 0x2b, 0x20, 0x74, 0x68, 0x69,
 0x73, 0x2e, 0x63, 0x75, 0x72, 0x73, 0x6f, 0x72,
 0x50, 0x6f, 0x73, 0x3b, 0x0a, 0x20, 0x20, 0x20,
 0x20, 0x20, 0x20, 0x6c, 0x65, 0x74, 0x20, 0x72,
 0x20, 0x3d, 0x20, 0x63, 0x6d, 0x64, 0x4c, 0x69,
 0x6e, 0x65, 0x2e, 0x73, 0x75, 0x62, 0x73, 0x74,
 0x72, 0x69, 0x6e, 0x67, 0x28, 0x73, 0x74, 0x61,
 0x72, 0x74, 0x29, 0x3b, 0x0a, 0x0a, 0x20, 0x20,
 0x20, 0x20, 0x20, 0x20, 0x73, 0x65, 0x74, 0x43,
 0x75, 0x72, 0x73, 0x6f, 0x72, 0x50, 0x6f, 0x73,
 0x69, 0x74, 0x69, 0x6f, 0x6e, 0x28, 0x31, 0x2c,
 0x20, 0x30, 0x29, 0x3b, 0x0a, 0x20, 0x20, 0x20,
 0x20, 0x20, 0x20, 0x6f, 0x75, 0x74, 0x2e, 0x70,
 0x75, 0x74, 0x73, 0x28, 0x63, 0x6d, 0x64, 0x4c,
 0x69, 0x6e, 0x65, 0x29, 0x3b, 0x0a, 0x20, 0x20,
 0x20, 0x20, 0x20, 0x20, 0x63, 0x6c, 0x65, 0x61,
 0x72, 0x53, 0x63, 0x72, 0x65, 0x65, 0x6e, 0x28,
 0x31, 0x2c, 0x20, 0x30, 0x29, 0x3b, 0x0a, 0x0a,
 0x20, 0x20, 0x20, 0x20, 0x20, 0x20, 0x74, 0x68,
 0x69, 0x73, 0x2e, 0x6c, 0x61, 0x73, 0x74, 0x43,
 0x6d, 0x64, 0x20, 0x3d, 0x20, 0x63, 0x6d, 0x64,
 0x4c, 0x69, 0x6e, 0x65, 0x3b, 0x0a, 0x20, 0x20,
 0x20, 0x20, 0x20, 0x20, 0x74, 0x65, 0x72, 0x6d,
 0x43, 0x75, 0x72, 0x73, 0x6f, 0x72, 0x58, 0x20,
 0x3d, 0x20, 0x73, 0x74, 0x61, 0x72, 0x74, 0x3b,
 0x0a, 0x20, 0x20, 0x20, 0x20, 0x20, 0x20, 0x74,
 0x68, 0x69, 0x73, 0x2e, 0x6c, 0x61, 0x73, 0x74,
 0x43, 0x75, 0x72, 0x73, 0x6f, 0x72, 0x50, 0x6f,
 0x73, 0x20, 0x3d, 0x20, 0x74, 0x68, 0x69, 0x73,
 0x2e, 0x63, 0x75, 0x72, 0x73, 0x6f, 0x72, 0x50,
 0x6f, 0x73, 0x3b, 0x0a, 0x20, 0x20, 0x20, 0x20,
 0x20, 0x20, 0x6c, 0x65, 0x74, 0x20, 0x6e, 0x62,
 0x61, 0x63, 0x6b, 0x20, 0x3d, 0x20, 0x75, 0x63,
 0x73, 0x4c, 0x65, 0x6e, 0x67, 0x74, 0x68, 0x28,
 0x72, 0x29, 0x3b, 0x0a, 0x20, 0x20, 0x20, 0x20,
 0x20, 0x20, 0x6f, 0x75, 0x74, 0x2e, 0x66, 0x6c,
 0x75, 0x73, 0x68, 0x28, 0x29, 0x3b, 0x0a, 0x20,
 0x20, 0x20, 0x20, 0x20, 0x20, 0x69, 0x66, 0x28,
 0x69, 0x73, 0x4e, 0x61, 0x4e, 0x28, 0x6e, 0x62,
 0x61, 0x63, 0x6b, 0x29, 0x29, 0x20, 0x74, 0x68,
 0x72, 0x6f, 0x77, 0x20, 0x6e, 0x65, 0x77, 0x20,
 0x45, 0x72, 0x72, 0x6f, 0x72, 0x28, 0x60, 0x75,
 0x70, 0x64, 0x61, 0x74, 0x65, 0x20, 0x6e, 0x62,
 0x61, 0x63, 0x6b, 0x3d, 0x24, 0x7b, 0x6e, 0x62,
 0x61, 0x63, 0x6b, 0x7d, 0x60, 0x29, 0x3b, 0x0a,
 0x20, 0x20, 0x20, 0x20, 0x20, 0x20, 0x63, 0x75,
 0x72, 0x73, 0x6f, 0x72, 0x4c, 0x65, 0x66, 0x74,
 0x28, 0x6e, 0x62, 0x61, 0x63, 0x6b, 0x29, 0x3b,
 0x0a, 0x20, 0x20, 0x20, 0x20, 0x20, 0x20, 0x2f,
 0x2f, 0x74, 0x68, 0x69, 0x73, 0x2e, 0x6d, 0x6f,
 0x76, 0x65, 0x43, 0x75, 0x72, 0x73, 0x6f, 0x72,
 0x28, 0x2d, 0x75, 0x63, 0x73, 0x4c, 0x65, 0x6e,
 0x67, 0x74, 0x68, 0x28, 0x72, 0x29, 0x29, 0x3b,
 0x0a, 0x20, 0x20, 0x20, 0x20, 0x20, 0x20, 0x6f,
 0x75, 0x74, 0x2e, 0x66, 0x6c, 0x75, 0x73, 0x68,
 0x28, 0x29, 0x3b, 0x0a, 0x20, 0x20, 0x20, 0x20,
 0x20, 0x20, 0x72, 0x65, 0x74, 0x75, 0x72, 0x6e,
 0x3b, 0x0a, 0x0a, 0x20, 0x20, 0x20, 0x20, 0x20,
 0x20, 0x2f, 0x2a, 0x20, 0x74, 0x68, 0x69, 0x73,
 0x2e, 0x63, 0x75, 0x72, 0x73, 0x6f, 0x72, 0x50,
 0x6f, 0x73, 0x20, 0x69, 0x73, 0x20, 0x74, 0x68,
 0x65, 0x20, 0x70, 0x6f, 0x73, 0x69, 0x74, 0x69,
 0x6f, 0x6e, 0x20, 0x69, 0x6e, 0x20, 0x31, 0x36,
 0x20, 0x62, 0x69, 0x74, 0x20, 0x63, 0x68, 0x61,
 0x72, 0x61, 0x63, 0x74, 0x65, 0x72, 0x73, 0x20,
 0x69, 0x6e, 0x73, 0x69, 0x64, 0x65, 0x20, 0x74,
 0x68, 0x65, 0x20, 0x55, 0x54, 0x46, 0x2d, 0x31,
 0x36, 0x20, 0x73, 0x74, 0x72, 0x69, 0x6e, 0x67,
 0x20, 0x27, 0x74, 0x68, 0x69, 0x73, 0x2e, 0x63,
 0x6d, 0x64, 0x27, 0x20, 0x2a, 0x2f, 0x0a, 0x20,
 0x20, 0x20, 0x20, 0x7d, 0x20, 0x65, 0x6c, 0x73,
 0x65, 0x20, 0x69, 0x66, 0x28, 0x74, 0x68, 0x69,
 0x73, 0x2e, 0x63, 0x6d, 0x64, 0x20, 0x21, 0x3d,
 0x20, 0x74, 0x68, 0x69, 0x73, 0x2e, 0x6c, 0x61,
 0x73, 0x74, 0x43, 0x6d, 0x64, 0x29, 0x20, 0x7b,
 0x0a, 0x20, 0x20, 0x20, 0x20, 0x20, 0x20, 0x69,
 0x66, 0x28, 0x21, 0x74, 0x68, 0x69, 0x73, 0x2e,
 0x73, 0x68, 0x6f, 0x77, 0x43, 0x6f, 0x6c, 0x6f,
 0x72, 0x73, 0x20, 0x26, 0x26, 0x20, 0x74, 0x68,
 0x69, 0x73, 0x2e, 0x6c, 0x61, 0x73, 0x74, 0x43,
 0x6d, 0x64, 0x2e, 0x73, 0x75, 0x62, 0x73, 0x74,
 0x72, 0x69, 0x6e, 0x67, 0x28, 0x30, 0x2c, 0x20,
 0x74, 0x68, 0x69, 0x73, 0x2e, 0x6c, 0x61, 0x73,
 0x74, 0x43, 0x75, 0x72, 0x73, 0x6f, 0x72, 0x50,
 0x6f, 0x73, 0x29, 0x20, 0x3d, 0x3d, 0x20, 0x74,
 0x68, 0x69, 0x73, 0x2e, 0x63, 0x6d, 0x64, 0x2e,
 0x73, 0x75, 0x62, 0x73, 0x74, 0x72, 0x69, 0x6e,
 0x67, 0x28, 0x30, 0x2c, 0x20, 0x74, 0x68, 0x69,
 0x73, 0x2e, 0x6c, 0x61, 0x73, 0x74, 0x43, 0x75,
 0x72, 0x73, 0x6f, 0x72, 0x50, 0x6f, 0x73, 0x29,
 0x29, 0x20, 0x7b, 0x0a, 0x20, 0x20, 0x20, 0x20,
 0x20, 0x20, 0x20, 0x20, 0x2f, 0x2a, 0x20, 0x6f,
 0x70, 0x74, 0x69, 0x6d, 0x69, 0x7a, 0x65, 0x20,
 0x63, 0x6f, 0x6d, 0x6d, 0x6f, 0x6e, 0x20, 0x63,
 0x61, 0x73, 0x65, 0x20, 0x2a, 0x2f, 0x0a, 0x20,
 0x20, 0x20, 0x20, 0x20, 0x20, 0x20, 0x20, 0x6f,
 0x75, 0x74, 0x2e, 0x70, 0x75, 0x74, 0x73, 0x28,
 0x74, 0x68, 0x69, 0x73, 0x2e, 0x63, 0x6d, 0x64,
 0x2e, 0x73, 0x75, 0x62, 0x73, 0x74, 0x72, 0x69,
 0x6e, 0x67, 0x28, 0x74, 0x68, 0x69, 0x73, 0x2e,
 0x6c, 0x61, 0x73, 0x74, 0x43, 0x75, 0x72, 0x73,
 0x6f, 0x72, 0x50, 0x6f, 0x73, 0x29, 0x29, 0x3b,
 0x0a, 0x20, 0x20, 0x20, 0x20, 0x20, 0x20, 0x7d,
 0x20, 0x65, 0x6c, 0x73, 0x65, 0x20, 0x7b, 0x0a,
 0x20, 0x20, 0x20, 0x20, 0x20, 0x20, 0x20, 0x20,
 0x2f, 0x2a, 0x20, 0x67, 0x6f, 0x74, 0x6f, 0x20,
 0x74, 0x68, 0x65, 0x20, 0x73, 0x74, 0x61, 0x72,
 0x74, 0x20, 0x6f, 0x66, 0x20, 0x74, 0x68, 0x65,
 0x20, 0x6c, 0x69, 0x6e, 0x65, 0x20, 0x2a, 0x2f,
 0x0a, 0x20, 0x20, 0x20, 0x20, 0x20, 0x20, 0x20,
 0x20, 0x74, 0x68, 0x69, 0x73, 0x2e, 0x6d, 0x6f,
 0x76, 0x65, 0x43, 0x75, 0x72, 0x73, 0x6f, 0x72,
 0x28, 0x2d, 0x75, 0x63, 0x73, 0x4c, 0x65, 0x6e,
 0x67, 0x74, 0x68, 0x28, 0x74, 0x68, 0x69, 0x73,
 0x2e, 0x6c, 0x61, 0x73, 0x74, 0x43, 0x6d, 0x64,
 0x2e, 0x73, 0x75, 0x62, 0x73, 0x74, 0x72, 0x69,
 0x6e, 0x67, 0x28, 0x30, 0x2c, 0x20, 0x74, 0x68,
 0x69, 0x73, 0x2e, 0x6c, 0x61, 0x73, 0x74, 0x43,
 0x75, 0x72, 0x73, 0x6f, 0x72, 0x50, 0x6f, 0x73,
 0x29, 0x29, 0x29, 0x3b, 0x0a, 0x20, 0x20, 0x20,
 0x20, 0x20, 0x20, 0x20, 0x20, 0x69, 0x66, 0x28,
 0x74, 0x68, 0x69, 0x73, 0x2e, 0x73, 0x68, 0x6f,
 0x77, 0x43, 0x6f, 0x6c, 0x6f, 0x72, 0x73, 0x29,
 0x20, 0x7b, 0x0a, 0x20, 0x20, 0x20, 0x20, 0x20,
 0x20, 0x20, 0x20, 0x20, 0x20, 0x76, 0x61, 0x72,
 0x20, 0x73, 0x74, 0x72, 0x20, 0x3d, 0x20, 0x74,
 0x68, 0x69, 0x73, 0x2e, 0x6d, 0x65, 0x78, 0x70,
 0x72, 0x20, 0x3f, 0x20, 0x74, 0x68, 0x69, 0x73,
 0x2e, 0x6d, 0x65, 0x78, 0x70, 0x72, 0x20, 0x2b,
 0x20, 0x27, 0x5c, 0x6e, 0x27, 0x20, 0x2b, 0x20,
 0x74, 0x68, 0x69, 0x73, 0x2e, 0x63, 0x6d, 0x64,
 0x20, 0x3a, 0x20, 0x74, 0x68, 0x69, 0x73, 0x2e,
 0x63, 0x6d, 0x64, 0x3b, 0x0a, 0x20, 0x20, 0x20,
 0x20, 0x20, 0x20, 0x20, 0x20, 0x20, 0x20, 0x76,
 0x61, 0x72, 0x20, 0x73, 0x74, 0x61, 0x72, 0x74,
 0x20, 0x3d, 0x20, 0x73, 0x74, 0x72, 0x2e, 0x6c,
 0x65, 0x6e, 0x67, 0x74, 0x68, 0x20, 0x2d, 0x20,
 0x74, 0x68, 0x69, 0x73, 0x2e, 0x63, 0x6d, 0x64,
 0x2e, 0x6c, 0x65, 0x6e, 0x67, 0x74, 0x68, 0x3b,
 0x0a, 0x20, 0x20, 0x20, 0x20, 0x20, 0x20, 0x20,
 0x20, 0x20, 0x20, 0x76, 0x61, 0x72, 0x20, 0x63,
 0x6f, 0x6c, 0x6f, 0x72, 0x73, 0x74, 0x61, 0x74,
 0x65, 0x20, 0x3d, 0x20, 0x74, 0x68, 0x69, 0x73,
 0x2e, 0x63, 0x6f, 0x6c, 0x6f, 0x72, 0x69, 0x7a,
 0x65, 0x4a, 0x73, 0x28, 0x73, 0x74, 0x72, 0x29,
 0x3b, 0x0a, 0x20, 0x20, 0x20, 0x20, 0x20, 0x20,
 0x20, 0x20, 0x20, 0x20, 0x70, 0x72, 0x69, 0x6e,
 0x74, 0x43, 0x6f, 0x6c, 0x6f, 0x72, 0x54, 0x65,
 0x78, 0x74, 0x28, 0x73, 0x74, 0x72, 0x2c, 0x20,
 0x73, 0x74, 0x61, 0x72, 0x74, 0x2c, 0x20, 0x63,
 0x6f, 0x6c, 0x6f, 0x72, 0x73, 0x74, 0x61, 0x74,
 0x65, 0x5b, 0x32, 0x5d, 0x29, 0x3b, 0x0a, 0x20,
 0x20, 0x20, 0x20, 0x20, 0x20, 0x20, 0x20, 0x7d,
 0x20, 0x65, 0x6c, 0x73, 0x65, 0x20, 0x7b, 0x0a,
 0x20, 0x20, 0x20, 0x20, 0x20, 0x20, 0x20, 0x20,
 0x20, 0x20, 0x6f, 0x75, 0x74, 0x2e, 0x70, 0x75,
 0x74, 0x73, 0x28, 0x74, 0x68, 0x69, 0x73, 0x2e,
 0x63, 0x6d, 0x64, 0x29, 0x3b, 0x0a, 0x20, 0x20,
 0x20, 0x20, 0x20, 0x20, 0x20, 0x20, 0x7d, 0x0a,
 0x20, 0x20, 0x20, 0x20, 0x20, 0x20, 0x7d, 0x0a,
 0x20, 0x20, 0x20, 0x20, 0x20, 0x20, 0x74, 0x65,
 0x72, 0x6d, 0x43, 0x75, 0x72, 0x73, 0x6f, 0x72,
 0x58, 0x20, 0x3d, 0x20, 0x28, 0x74, 0x65, 0x72,
 0x6d, 0x43, 0x75, 0x72, 0x73, 0x6f, 0x72, 0x58,
 0x20, 0x2b, 0x20, 0x75, 0x63, 0x73, 0x4c, 0x65,
 0x6e, 0x67, 0x74, 0x68, 0x28, 0x74, 0x68, 0x69,
 0x73, 0x2e, 0x63, 0x6d, 0x64, 0x29, 0x29, 0x20,
 0x25, 0x20, 0x74, 0x68, 0x69, 0x73, 0x2e, 0x63,
 0x6f, 0x6c, 0x75, 0x6d, 0x6e, 0x73, 0x3b, 0x0a,
 0x20, 0x20, 0x20, 0x20, 0x20, 0x20, 0x69, 0x66,
 0x28, 0x74, 0x65, 0x72, 0x6d, 0x43, 0x75, 0x72,
 0x73, 0x6f, 0x72, 0x58, 0x20, 0x3d, 0x3d, 0x20,
 0x30, 0x29, 0x20, 0x7b, 0x0a, 0x20, 0x20, 0x20,
 0x20, 0x20, 0x20, 0x20, 0x20, 0x2f, 0x2a, 0x20,
 0x73, 0x68, 0x6f, 0x77, 0x20, 0x74, 0x68, 0x65,
 0x20, 0x63, 0x75, 0x72, 0x73, 0x6f, 0x72, 0x20,
 0x6f, 0x6e, 0x20, 0x74, 0x68, 0x65, 0x20, 0x6e,
 0x65, 0x78, 0x74, 0x20, 0x6c, 0x69, 0x6e, 0x65,
 0x20, 0x2a, 0x2f, 0x0a, 0x20, 0x20, 0x20, 0x20,
 0x20, 0x20, 0x20, 0x20, 0x6f, 0x75, 0x74, 0x2e,
 0x70, 0x75, 0x74, 0x73, 0x28, 0x27, 0x20, 0x5c,
 0x78, 0x30, 0x38, 0x27, 0x29, 0x3b, 0x0a, 0x20,
 0x20, 0x20, 0x20, 0x20, 0x20, 0x7d, 0x0a, 0x20,
 0x20, 0x20, 0x20, 0x20, 0x20, 0x2f, 0x2a, 0x20,
 0x72, 0x65, 0x6d, 0x6f, 0x76, 0x65, 0x20, 0x74,
 0x68, 0x65, 0x20, 0x74, 0x72, 0x61, 0x69, 0x6c,
 0x69, 0x6e, 0x67, 0x20, 0x63, 0x68, 0x61, 0x72,
 0x61, 0x63, 0x74, 0x65, 0x72, 0x73, 0x20, 0x2a,
 0x2f, 0x0a, 0x20, 0x20, 0x20, 0x20, 0x20, 0x20,
 0x63, 0x6c, 0x65, 0x61, 0x72, 0x53, 0x63, 0x72,
 0x65, 0x65, 0x6e, 0x28, 0x31, 0x2c, 0x20, 0x30,
 0x29, 0x3b, 0x0a, 0x0a, 0x20, 0x20, 0x20, 0x20,
 0x20, 0x20, 0x74, 0x68, 0x69, 0x73, 0x2e, 0x6c,
 0x61, 0x73, 0x74, 0x43, 0x6d, 0x64, 0x20, 0x3d,
 0x20, 0x74, 0x68, 0x69, 0x73, 0x2e, 0x63, 0x6d,
 0x64, 0x3b, 0x0a, 0x20, 0x20, 0x20, 0x20, 0x20,
 0x20, 0x74, 0x68, 0x69, 0x73, 0x2e, 0x6c, 0x61,
 0x73, 0x74, 0x43, 0x75, 0x72, 0x73, 0x6f, 0x72,
 0x50, 0x6f, 0x73, 0x20, 0x3d, 0x20, 0x74, 0x68,
 0x69, 0x73, 0x2e, 0x63, 0x6d, 0x64, 0x2e, 0x6c,
 0x65, 0x6e, 0x67, 0x74, 0x68, 0x3b, 0x0a, 0x20,
 0x20, 0x20, 0x20, 0x7d, 0x0a, 0x0a, 0x20, 0x20,
 0x20, 0x20, 0x6f, 0x75, 0x74, 0x2e, 0x66, 0x6c,
 0x75, 0x73, 0x68, 0x28, 0x29, 0x3b, 0x0a, 0x0a,
 0x20, 0x20, 0x20, 0x20, 0x69, 0x66, 0x28, 0x74,
 0x68, 0x69, 0x73, 0x2e, 0x63, 0x75, 0x72, 0x73,
 0x6f, 0x72, 0x50, 0x6f, 0x73, 0x20, 0x3e, 0x20,
 0x74, 0x68, 0x69, 0x73, 0x2e, 0x6c, 0x61, 0x73,
 0x74, 0x43, 0x75, 0x72, 0x73, 0x6f, 0x72, 0x50,
 0x6f, 0x73, 0x29, 0x20, 0x7b, 0x0a, 0x20, 0x20,
 0x20, 0x20, 0x20, 0x20, 0x74, 0x68, 0x69, 0x73,
 0x2e, 0x6d, 0x6f, 0x76, 0x65, 0x43, 0x75, 0x72,
 0x73, 0x6f, 0x72, 0x28, 0x75, 0x63, 0x73, 0x4c,
 0x65, 0x6e, 0x67, 0x74, 0x68, 0x28, 0x74, 0x68,
 0x69, 0x73, 0x2e, 0x63, 0x6d, 0x64, 0x2e, 0x73,
 0x75, 0x62, 0x73, 0x74, 0x72, 0x69, 0x6e, 0x67,
 0x28, 0x74, 0x68, 0x69, 0x73, 0x2e, 0x6c, 0x61,
 0x73, 0x74, 0x43, 0x75, 0x72, 0x73, 0x6f, 0x72,
 0x50, 0x6f, 0x73, 0x2c, 0x20, 0x74, 0x68, 0x69,
 0x73, 0x2e, 0x63, 0x75, 0x72, 0x73, 0x6f, 0x72,
 0x50, 0x6f, 0x73, 0x29, 0x29, 0x29, 0x3b, 0x0a,
 0x20, 0x20, 0x20, 0x20, 0x7d, 0x20, 0x65, 0x6c,
 0x73, 0x65, 0x20, 0x69, 0x66, 0x28, 0x74, 0x68,
 0x69, 0x73, 0x2e, 0x63, 0x75, 0x72, 0x73, 0x6f,
 0x72, 0x50, 0x6f, 0x73, 0x20, 0x3c, 0x20, 0x74,
 0x68, 0x69, 0x73, 0x2e, 0x6c, 0x61, 0x73, 0x74,
 0x43, 0x75, 0x72, 0x73, 0x6f, 0x72, 0x50, 0x6f,
 0x73, 0x29, 0x20, 0x7b, 0x0a, 0x20, 0x20, 0x20,
 0x20, 0x20, 0x20, 0x74, 0x68, 0x69, 0x73, 0x2e,
 0x6d, 0x6f, 0x76, 0x65, 0x43, 0x75, 0x72, 0x73,
 0x6f, 0x72, 0x28, 0x2d, 0x75, 0x63, 0x73, 0x4c,
 0x65, 0x6e, 0x67, 0x74, 0x68, 0x28, 0x74, 0x68,
 0x69, 0x73, 0x2e, 0x63, 0x6d, 0x64, 0x2e, 0x73,
 0x75, 0x62, 0x73, 0x74, 0x72, 0x69, 0x6e, 0x67,
 0x28, 0x74, 0x68, 0x69, 0x73, 0x2e, 0x63, 0x75,
 0x72, 0x73, 0x6f, 0x72, 0x50, 0x6f, 0x73, 0x2c,
 0x20, 0x74, 0x68, 0x69, 0x73, 0x2e, 0x6c, 0x61,
 0x73, 0x74, 0x43, 0x75, 0x72, 0x73, 0x6f, 0x72,
 0x50, 0x6f, 0x73, 0x29, 0x29, 0x29, 0x3b, 0x0a,
 0x20, 0x20, 0x20, 0x20, 0x7d, 0x0a, 0x20, 0x20,
 0x20, 0x20, 0x74, 0x68, 0x69, 0x73, 0x2e, 0x6c,
 0x61, 0x73, 0x74, 0x43, 0x75, 0x72, 0x73, 0x6f,
 0x72, 0x50, 0x6f, 0x73, 0x20, 0x3d, 0x20, 0x74,
 0x68, 0x69, 0x73, 0x2e, 0x63, 0x75, 0x72, 0x73,
 0x6f, 0x72, 0x50, 0x6f, 0x73, 0x3b, 0x0a, 0x20,
 0x20, 0x7d, 0x0c, 0x42, 0x0b, 0x01, 0x00, 0x00,
 0x01, 0x00, 0x03, 0x00, 0x01, 0x00, 0x0d, 0x01,
 0x10, 0x00, 0x01, 0x00, 0xbc, 0x04, 0x2c, 0x02,
 0x08, 0xc9, 0xc5, 0x41, 0x0d, 0x02, 0x00, 0x00,
 0xdd, 0x24, 0x01, 0x00, 0x29, 0xca, 0x03, 0xd2,
 0x10, 0x03, 0x04, 0x0d, 0x04, 0x20, 0x18, 0x28,
 0x79, 0x61, 0x6e, 0x6b, 0x28, 0x29, 0x20, 0x7b,
 0x0a, 0x20, 0x20, 0x20, 0x20, 0x74, 0x68, 0x69,
 0x73, 0x2e, 0x69, 0x6e, 0x73, 0x65, 0x72, 0x74,
 0x28, 0x63, 0x6c, 0x69, 0x70, 0x42, 0x6f, 0x61,
 0x72, 0x64, 0x29, 0x3b, 0x0a, 0x20, 0x20, 0x7d,
 0x0c, 0x42, 0x0b, 0x01, 0x00, 0x00, 0x00, 0x00,
 0x00, 0x00, 0x00, 0x00, 0x01, 0x00, 0x29, 0xca,
 0x03, 0xd6, 0x10, 0x03, 0x00, 0x0b, 0x65, 0x73,
 0x63, 0x61, 0x70, 0x65, 0x28, 0x29, 0x20, 0x7b,
 0x7d, 0x0c, 0x48, 0x09, 0x01, 0x00, 0x00, 0x02,
 0x00, 0x22, 0x00, 0x03, 0x04, 0xa4, 0x02, 0x02,
 0x10, 0x00, 0x01, 0x00, 0xe8, 0x01, 0x00, 0x01,
 0x00, 0xa2, 0x04, 0x1d, 0x1a, 0xa4, 0x04, 0x20,
 0x1a, 0x98, 0x04, 0x1f, 0x1a, 0x07, 0x10, 0x5c,
 0x62, 0x72, 0x65, 0x70, 0x6c, 0x5c, 0x62, 0x07,
 0x44, 0x03, 0x00, 0x01, 0x00, 0x1a, 0x00, 0x00,
 0x00, 0x09, 0x06, 0x00, 0x00, 0x00, 0x05, 0x08,
 0xf5, 0xff, 0xff, 0xff, 0x0c, 0x00, 0x12, 0x01,
 0x52, 0x01, 0x45, 0x01, 0x50, 0x01, 0x4c, 0x12,
 0x0d, 0x00, 0x0b, 0x0c, 0x40, 0x09, 0x01, 0x00,
 0x01, 0x00, 0x00, 0x05, 0x00, 0x00, 0x00, 0x1f,
 0x01, 0x8e, 0x0c, 0x00, 0x01, 0x00, 0x0d, 0x00,
 0x00, 0xd5, 0x38, 0x95, 0x01, 0x00, 0x00, 0x41,
 0xc8, 0x01, 0x00, 0x00, 0x04, 0xed, 0x00, 0x00,
 0x00, 0x26, 0x01, 0x00, 0xb5, 0xd1, 0x51, 0x0e,
 0x18, 0x27, 0x00, 0x00, 0x28, 0xca, 0x03, 0xb3,
 0x01, 0x30, 0x02, 0x48, 0x2a, 0x29, 0x28, 0x2e,
 0x2e, 0x2e, 0x61, 0x72, 0x67, 0x73, 0x29, 0x20,
 0x3d, 0x3e, 0x20, 0x63, 0x6f, 0x6e, 0x73, 0x6f,
 0x6c, 0x65, 0x2e, 0x6c, 0x6f, 0x67, 0x28, 0x27,
 0x52, 0x45, 0x50, 0x4c, 0x27, 0x2c, 0x20, 0x2e,
 0x2e, 0x2e, 0x61, 0x72, 0x67, 0x73, 0x29, 0x0c,
 0x42, 0x09, 0x01, 0x00, 0x00, 0x00, 0x00, 0x00,
 0x00, 0x00, 0x00, 0x01, 0x00, 0x29, 0xca, 0x03,
 0xb3, 0x01, 0x5c, 0x00, 0x08, 0x28, 0x29, 0x20,
 0x3d, 0x3e, 0x20, 0x7b, 0x7d, 0x0c, 0x04, 0xca,
 0x08, 0xc9, 0xec, 0x01, 0xc5, 0xc0, 0x4b, 0x64,
 0x02, 0x00, 0x00, 0xc5, 0xc0, 0x4b, 0xfe, 0x02,
 0x00, 0x00, 0xc5, 0xb4, 0x4b, 0x10, 0x03, 0x00,
 0x00, 0xc5, 0x04, 0x3b, 0x03, 0x00, 0x00, 0x4b,
 0x94, 0x01, 0x00, 0x00, 0xc5, 0x04, 0x3c, 0x03,
 0x00, 0x00, 0x4b, 0x11, 0x03, 0x00, 0x00, 0xc5,
 0x0a, 0x4b, 0x4b, 0x02, 0x00, 0x00, 0xc5, 0x09,
 0x4b, 0x85, 0x02, 0x00, 0x00, 0xc5, 0x0a, 0x4b,
 0x2f, 0x03, 0x00, 0x00, 0xc5, 0x38, 0x46, 0x00,
 0x00, 0x00, 0x4b, 0x6f, 0x02, 0x00, 0x00, 0xc5,
 0xb4, 0x4b, 0x72, 0x02, 0x00, 0x00, 0xc5, 0xc0,
 0x4b, 0x62, 0x02, 0x00, 0x00, 0xc5, 0xb4, 0x4b,
 0xc6, 0x01, 0x00, 0x00, 0xc5, 0xc0, 0x4b, 0xab,
 0x01, 0x00, 0x00, 0xc5, 0xb4, 0x4b, 0xac, 0x01,
 0x00, 0x00, 0xc5, 0xc0, 0x4b, 0x0c, 0x03, 0x00,
 0x00, 0xc5, 0xb4, 0x4b, 0x0d, 0x03, 0x00, 0x00,
 0xc5, 0x26, 0x00, 0x00, 0x4b, 0xa2, 0x02, 0x00,
 0x00, 0xc5, 0x07, 0x4b, 0xcb, 0x02, 0x00, 0x00,
 0xc5, 0x07, 0x4b, 0xa0, 0x02, 0x00, 0x00, 0xc5,
 0x07, 0x4b, 0x0e, 0x02, 0x00, 0x00, 0xc5, 0x09,
 0x4b, 0x9f, 0x02, 0x00, 0x00, 0xc5, 0x64, 0x00,
 0x00, 0x4b, 0x0a, 0x01, 0x00, 0x00, 0xc5, 0x38,
 0xa9, 0x00, 0x00, 0x00, 0x11, 0x64, 0x01, 0x00,
 0x21, 0x01, 0x00, 0x4b, 0x20, 0x03, 0x00, 0x00,
 0xc5, 0x07, 0x4b, 0xa1, 0x02, 0x00, 0x00, 0xc5,
 0xb3, 0x4b, 0xa3, 0x02, 0x00, 0x00, 0xc5, 0xc0,
 0x4b, 0x31, 0x03, 0x00, 0x00, 0xc5, 0x26, 0x00,
 0x00, 0x4b, 0x33, 0x03, 0x00, 0x00, 0xc5, 0x38,
 0xb8, 0x00, 0x00, 0x00, 0x11, 0x21, 0x00, 0x00,
 0x4b, 0xa6, 0x01, 0x00, 0x00, 0xc5, 0x38, 0xb8,
 0x00, 0x00, 0x00, 0x11, 0x21, 0x00, 0x00, 0x4b,
 0xd1, 0x02, 0x00, 0x00, 0xc5, 0xbe, 0x00, 0xbe,
 0x01, 0x34, 0x41, 0x5e, 0x02, 0x00, 0x00, 0x64,
 0x02, 0x00, 0x04, 0x3d, 0x03, 0x00, 0x00, 0xef,
 0x24, 0x01, 0x00, 0xea, 0x05, 0xbf, 0x02, 0xec,
 0x03, 0xbf, 0x03, 0x4b, 0x58, 0x02, 0x00, 0x00,
 0x29, 0xca, 0x03, 0x00, 0x00, 0x0e, 0x00, 0xb2,
 0x01, 0xd4, 0x02, 0x22, 0x00, 0x30, 0x0c, 0x10,
 0x4e, 0x0f, 0x81, 0x18, 0x00, 0x0c, 0x62, 0x0a,
 0x01, 0x98, 0x07, 0x01, 0x02, 0x01, 0x04, 0x00,
 0x01, 0x00, 0x34, 0x03, 0x94, 0x08, 0x00, 0x01,
 0x00, 0xca, 0x07, 0x03, 0x00, 0x03, 0x10, 0x00,
 0x01, 0x00, 0xdc, 0x03, 0x47, 0x02, 0x08, 0xca,
 0x6b, 0x26, 0x00, 0x00, 0x00, 0xdd, 0xd1, 0xef,
 0x8a, 0x0e, 0xc6, 0x40, 0xd1, 0x02, 0x00, 0x00,
 0x41, 0x69, 0x00, 0x00, 0x00, 0xd1, 0x24, 0x01,
 0x00, 0x0e, 0xc6, 0x41, 0x3e, 0x03, 0x00, 0x00,
 0x24, 0x00, 0x00, 0x0e, 0x0e, 0xec, 0x0a, 0xc9,
 0x6b, 0x06, 0x00, 0x00, 0x00, 0xc5, 0x30, 0x30,
 0x06, 0x2f, 0xca, 0x03, 0xdf, 0x10, 0x0b, 0x0e,
 0x27, 0x08, 0x07, 0x22, 0x18, 0x21, 0x39, 0x22,
 0x1c, 0x21, 0x20, 0x0a, 0x46, 0x02, 0xbe, 0x02,
 0x61, 0x73, 0x79, 0x6e, 0x63, 0x20, 0x66, 0x75,
 0x6e, 0x63, 0x74, 0x69, 0x6f, 0x6e, 0x20, 0x69,
 0x28, 0x6d, 0x29, 0x20, 0x7b, 0x0a, 0x20, 0x20,
 0x20, 0x20, 0x20, 0x20, 0x20, 0x20, 0x20, 0x20,
 0x20, 0x20, 0x74, 0x72, 0x79, 0x20, 0x7b, 0x0a,
 0x20, 0x20, 0x20, 0x20, 0x20, 0x20, 0x20, 0x20,
 0x20, 0x20, 0x20, 0x20, 0x20, 0x20, 0x61, 0x77,
 0x61, 0x69, 0x74, 0x20, 0x6c, 0x6f, 0x61, 0x64,
 0x4d, 0x6f, 0x64, 0x75, 0x6c, 0x65, 0x28, 0x6d,
 0x29, 0x3b, 0x0a, 0x0a, 0x20, 0x20, 0x20, 0x20,
 0x20, 0x20, 0x20, 0x20, 0x20, 0x20, 0x20, 0x20,
 0x20, 0x20, 0x74, 0x68, 0x69, 0x73, 0x2e, 0x6d,
 0x6f, 0x64, 0x75, 0x6c, 0x65, 0x73, 0x2e, 0x61,
 0x64, 0x64, 0x28, 0x6d, 0x29, 0x3b, 0x0a, 0x20,
 0x20, 0x20, 0x20, 0x20, 0x20, 0x20, 0x20, 0x20,
 0x20, 0x20, 0x20, 0x20, 0x20, 0x74, 0x68, 0x69,
 0x73, 0x2e, 0x6d, 0x6f, 0x64, 0x75, 0x6c, 0x65,
 0x73, 0x53, 0x61, 0x76, 0x65, 0x28, 0x29, 0x3b,
 0x0a, 0x20, 0x20, 0x20, 0x20, 0x20, 0x20, 0x20,
 0x20, 0x20, 0x20, 0x20, 0x20, 0x7d, 0x20, 0x63,
 0x61, 0x74, 0x63, 0x68, 0x28, 0x65, 0x72, 0x72,
 0x6f, 0x72, 0x29, 0x20, 0x7b, 0x0a, 0x20, 0x20,
 0x20, 0x20, 0x20, 0x20, 0x20, 0x20, 0x20, 0x20,
 0x20, 0x20, 0x20, 0x20, 0x2f, 0x2f, 0x63, 0x6f,
 0x6e, 0x73, 0x6f, 0x6c, 0x65, 0x2e, 0x6c, 0x6f,
 0x67, 0x28, 0x27, 0x45, 0x52, 0x52, 0x4f, 0x52,
 0x20, 0x6c, 0x6f, 0x61, 0x64, 0x69, 0x6e, 0x67,
 0x20, 0x6d, 0x6f, 0x64, 0x75, 0x6c, 0x65, 0x3a,
 0x20, 0x27, 0x20, 0x2b, 0x20, 0x65, 0x72, 0x72,
 0x6f, 0x72, 0x2e, 0x6d, 0x65, 0x73, 0x73, 0x61,
 0x67, 0x65, 0x20, 0x2b, 0x20, 0x27, 0x5c, 0x6e,
 0x27, 0x20, 0x2b, 0x20, 0x65, 0x72, 0x72, 0x6f,
 0x72, 0x2e, 0x73, 0x74, 0x61, 0x63, 0x6b, 0x29,
 0x3b, 0x0a, 0x20, 0x20, 0x20, 0x20, 0x20, 0x20,
 0x20, 0x20, 0x20, 0x20, 0x20, 0x20, 0x20, 0x20,
 0x74, 0x68, 0x72, 0x6f, 0x77, 0x20, 0x65, 0x72,
 0x72, 0x6f, 0x72, 0x3b, 0x0a, 0x20, 0x20, 0x20,
 0x20, 0x20, 0x20, 0x20, 0x20, 0x20, 0x20, 0x20,
 0x20, 0x7d, 0x0a, 0x20, 0x20, 0x20, 0x20, 0x20,
 0x20, 0x20, 0x20, 0x20, 0x20, 0x7d, 0x0c, 0x43,
 0x0a, 0x01, 0xd2, 0x04, 0x01, 0x00, 0x01, 0x02,
 0x00, 0x00, 0x00, 0x35, 0x01, 0x9a, 0x07, 0x00,
 0x01, 0x00, 0xd1, 0x96, 0x04, 0x49, 0x00, 0x00,
 0x00, 0xad, 0x11, 0xea, 0x2a, 0x0e, 0xd1, 0x04,
 0x3f, 0x03, 0x00, 0x00, 0xa8, 0x11, 0xea, 0x09,
 0x0e, 0xd1, 0x04, 0x40, 0x03, 0x00, 0x00, 0xa6,
 0x11, 0xeb, 0x14, 0x0e, 0xd1, 0x04, 0xb1, 0x01,
 0x00, 0x00, 0xa8, 0x11, 0xea, 0x09, 0x0e, 0xd1,
 0x04, 0x41, 0x03, 0x00, 0x00, 0xa6, 0x28, 0xca,
 0x03, 0xf0, 0x10, 0x01, 0x0a, 0x08, 0x2c, 0x3e,
 0x26, 0x39, 0x18, 0x39, 0x1c, 0x39, 0x18, 0x6d,
 0x66, 0x75, 0x6e, 0x63, 0x74, 0x69, 0x6f, 0x6e,
 0x20, 0x69, 0x73, 0x41, 0x6c, 0x70, 0x68, 0x61,
 0x28, 0x63, 0x29, 0x20, 0x7b, 0x0a, 0x20, 0x20,
 0x72, 0x65, 0x74, 0x75, 0x72, 0x6e, 0x20, 0x74,
 0x79, 0x70, 0x65, 0x6f, 0x66, 0x20, 0x63, 0x20,
 0x3d, 0x3d, 0x3d, 0x20, 0x27, 0x73, 0x74, 0x72,
 0x69, 0x6e, 0x67, 0x27, 0x20, 0x26, 0x26, 0x20,
 0x28, 0x28, 0x63, 0x20, 0x3e, 0x3d, 0x20, 0x27,
 0x41, 0x27, 0x20, 0x26, 0x26, 0x20, 0x63, 0x20,
 0x3c, 0x3d, 0x20, 0x27, 0x5a, 0x27, 0x29, 0x20,
 0x7c, 0x7c, 0x20, 0x28, 0x63, 0x20, 0x3e, 0x3d,
 0x20, 0x27, 0x61, 0x27, 0x20, 0x26, 0x26, 0x20,
 0x63, 0x20, 0x3c, 0x3d, 0x20, 0x27, 0x7a, 0x27,
 0x29, 0x29, 0x3b, 0x0a, 0x7d, 0x0c, 0x43, 0x0a,
 0x01, 0xd4, 0x04, 0x01, 0x00, 0x01, 0x02, 0x00,
 0x00, 0x02, 0x19, 0x01, 0x9a, 0x07, 0x00, 0x01,
 0x00, 0x07, 0x02, 0x30, 0x07, 0x02, 0x39, 0xd1,
 0x96, 0x04, 0x49, 0x00, 0x00, 0x00, 0xad, 0x11,
 0xea, 0x0e, 0x0e, 0xd1, 0xbe, 0x00, 0xa8, 0x11,
 0xea, 0x06, 0x0e, 0xd1, 0xbe, 0x01, 0xa6, 0x28,
 0xca, 0x03, 0xf4, 0x10, 0x01, 0x06, 0x08, 0x2c,
 0x3e, 0x22, 0x2a, 0x18, 0x4f, 0x66, 0x75, 0x6e,
 0x63, 0x74, 0x69, 0x6f, 0x6e, 0x20, 0x69, 0x73,
 0x44, 0x69, 0x67, 0x69, 0x74, 0x28, 0x63, 0x29,
 0x20, 0x7b, 0x0a, 0x20, 0x20, 0x72, 0x65, 0x74,
 0x75, 0x72, 0x6e, 0x20, 0x74, 0x79, 0x70, 0x65,
 0x6f, 0x66, 0x20, 0x63, 0x20, 0x3d, 0x3d, 0x3d,
 0x20, 0x27, 0x73, 0x74, 0x72, 0x69, 0x6e, 0x67,
 0x27, 0x20, 0x26, 0x26, 0x20, 0x63, 0x20, 0x3e,
 0x3d, 0x20, 0x27, 0x30, 0x27, 0x20, 0x26, 0x26,
 0x20, 0x63, 0x20, 0x3c, 0x3d, 0x20, 0x27, 0x39,
 0x27, 0x3b, 0x0a, 0x7d, 0x0c, 0x43, 0x0a, 0x01,
 0xd6, 0x04, 0x01, 0x00, 0x01, 0x02, 0x00, 0x02,
 0x00, 0x2d, 0x01, 0x9a, 0x07, 0x00, 0x01, 0x00,
 0xd2, 0x04, 0x38, 0x02, 0xd4, 0x04, 0x39, 0x02,
 0xd1, 0x96, 0x04, 0x49, 0x00, 0x00, 0x00, 0xad,
 0x11, 0xea, 0x22, 0x0e, 0xdd, 0xd1, 0xef, 0x11,
 0xeb, 0x1b, 0x0e, 0xde, 0xd1, 0xef, 0x11, 0xeb,
 0x14, 0x0e, 0xd1, 0x04, 0x28, 0x02, 0x00, 0x00,
 0xab, 0x11, 0xeb, 0x09, 0x0e, 0xd1, 0x04, 0x04,
 0x02, 0x00, 0x00, 0xab, 0x28, 0xca, 0x03, 0xf8,
 0x10, 0x01, 0x0a, 0x08, 0x2c, 0x3e, 0x2a, 0x25,
 0x1c, 0x25, 0x16, 0x39, 0x18, 0x6c, 0x66, 0x75,
 0x6e, 0x63, 0x74, 0x69, 0x6f, 0x6e, 0x20, 0x69,
 0x73, 0x57, 0x6f, 0x72, 0x64, 0x28, 0x63, 0x29,
 0x20, 0x7b, 0x0a, 0x20, 0x20, 0x72, 0x65, 0x74,
 0x75, 0x72, 0x6e, 0x20, 0x74, 0x79, 0x70, 0x65,
 0x6f, 0x66, 0x20, 0x63, 0x20, 0x3d, 0x3d, 0x3d,
 0x20, 0x27, 0x73, 0x74, 0x72, 0x69, 0x6e, 0x67,
 0x27, 0x20, 0x26, 0x26, 0x20, 0x28, 0x69, 0x73,
 0x41, 0x6c, 0x70, 0x68, 0x61, 0x28, 0x63, 0x29,
 0x20, 0x7c, 0x7c, 0x20, 0x69, 0x73, 0x44, 0x69,
 0x67, 0x69, 0x74, 0x28, 0x63, 0x29, 0x20, 0x7c,
 0x7c, 0x20, 0x63, 0x20, 0x3d, 0x3d, 0x20, 0x27,
 0x5f, 0x27, 0x20, 0x7c, 0x7c, 0x20, 0x63, 0x20,
 0x3d, 0x3d, 0x20, 0x27, 0x24, 0x27, 0x29, 0x3b,
 0x0a, 0x7d, 0x0c, 0x43, 0x0a, 0x01, 0xd8, 0x04,
 0x01, 0x04, 0x01, 0x03, 0x00, 0x00, 0x00, 0x32,
 0x05, 0x96, 0x07, 0x00, 0x01, 0x00, 0x90, 0x08,
 0x00, 0x00, 0x00, 0x9a, 0x07, 0x00, 0x01, 0x00,
 0x98, 0x07, 0x00, 0x02, 0x00, 0x84, 0x0d, 0x00,
 0x03, 0x00, 0xd1, 0xe9, 0xcc, 0xb4, 0xc9, 0xb4,
 0xcb, 0xc7, 0xc8, 0xa5, 0xea, 0x25, 0xd1, 0x41,
 0x43, 0x03, 0x00, 0x00, 0xc7, 0x24, 0x01, 0x00,
 0xce, 0x01, 0x00, 0xdc, 0x00, 0x00, 0xa5, 0x11,
 0xeb, 0x09, 0x0e, 0xc6, 0x01, 0x00, 0xe0, 0x00,
 0x00, 0xa8, 0xea, 0x03, 0x92, 0x00, 0x92, 0x02,
 0xec, 0xd8, 0xc5, 0x28, 0xca, 0x03, 0xfc, 0x10,
 0x01, 0x12, 0x00, 0x03, 0x0a, 0x04, 0x00, 0x05,
 0x0a, 0x1e, 0x17, 0x19, 0x20, 0x26, 0x1c, 0x17,
 0x39, 0x1e, 0x2a, 0x10, 0xa4, 0x03, 0x66, 0x75,
 0x6e, 0x63, 0x74, 0x69, 0x6f, 0x6e, 0x20, 0x75,
 0x63, 0x73, 0x4c, 0x65, 0x6e, 0x67, 0x74, 0x68,
 0x28, 0x73, 0x74, 0x72, 0x29, 0x20, 0x7b, 0x0a,
 0x20, 0x20, 0x76, 0x61, 0x72, 0x20, 0x6c, 0x65,
 0x6e, 0x2c, 0x0a, 0x20, 0x20, 0x20, 0x20, 0x63,
 0x2c, 0x0a, 0x20, 0x20, 0x20, 0x20, 0x69, 0x2c,
 0x0a, 0x20, 0x20, 0x20, 0x20, 0x73, 0x74, 0x72,
 0x4c, 0x65, 0x6e, 0x20, 0x3d, 0x20, 0x73, 0x74,
 0x72, 0x2e, 0x6c, 0x65, 0x6e, 0x67, 0x74, 0x68,
 0x3b, 0x0a, 0x20, 0x20, 0x6c, 0x65, 0x6e, 0x20,
 0x3d, 0x20, 0x30, 0x3b, 0x0a, 0x20, 0x20, 0x2f,
 0x2a, 0x20, 0x77, 0x65, 0x20, 0x6e, 0x65, 0x76,
 0x65, 0x72, 0x20, 0x63, 0x6f, 0x75, 0x6e, 0x74,
 0x20, 0x74, 0x68, 0x65, 0x20, 0x74, 0x72, 0x61,
 0x69, 0x6c, 0x69, 0x6e, 0x67, 0x20, 0x73, 0x75,
 0x72, 0x72, 0x6f, 0x67, 0x61, 0x74, 0x65, 0x20,
 0x74, 0x6f, 0x20, 0x68, 0x61, 0x76, 0x65, 0x20,
 0x74, 0x68, 0x65, 0x0a, 0x20, 0x20, 0x20, 0x20,
 0x20, 0x20, 0x20, 0x66, 0x6f, 0x6c, 0x6c, 0x6f,
 0x77, 0x69, 0x6e, 0x67, 0x20, 0x70, 0x72, 0x6f,
 0x70, 0x65, 0x72, 0x74, 0x79, 0x3a, 0x20, 0x75,
 0x63, 0x73, 0x4c, 0x65, 0x6e, 0x67, 0x74, 0x68,
 0x28, 0x73, 0x74, 0x72, 0x29, 0x20, 0x3d, 0x0a,
 0x20, 0x20, 0x20, 0x20, 0x20, 0x20, 0x20, 0x75,
 0x63, 0x73, 0x4c, 0x65, 0x6e, 0x67, 0x74, 0x68,
 0x28, 0x73, 0x74, 0x72, 0x2e, 0x73, 0x75, 0x62,
 0x73, 0x74, 0x72, 0x69, 0x6e, 0x67, 0x28, 0x30,
 0x2c, 0x20, 0x61, 0x29, 0x29, 0x20, 0x2b, 0x20,
 0x75, 0x63, 0x73, 0x4c, 0x65, 0x6e, 0x67, 0x74,
 0x68, 0x28, 0x73, 0x74, 0x72, 0x2e, 0x73, 0x75,
 0x62, 0x73, 0x74, 0x72, 0x69, 0x6e, 0x67, 0x28,
 0x61, 0x2c, 0x0a, 0x20, 0x20, 0x20, 0x20, 0x20,
 0x20, 0x20, 0x73, 0x74, 0x72, 0x2e, 0x6c, 0x65,
 0x6e, 0x67, 0x74, 0x68, 0x29, 0x29, 0x20, 0x66,
 0x6f, 0x72, 0x20, 0x30, 0x20, 0x3c, 0x3d, 0x20,
 0x61, 0x20, 0x3c, 0x3d, 0x20, 0x73, 0x74, 0x72,
 0x2e, 0x6c, 0x65, 0x6e, 0x67, 0x74, 0x68, 0x20,
 0x2a, 0x2f, 0x0a, 0x20, 0x20, 0x66, 0x6f, 0x72,
 0x28, 0x69, 0x20, 0x3d, 0x20, 0x30, 0x3b, 0x20,
 0x69, 0x20, 0x3c, 0x20, 0x73, 0x74, 0x72, 0x4c,
 0x65, 0x6e, 0x3b, 0x20, 0x69, 0x2b, 0x2b, 0x29,
 0x20, 0x7b, 0x0a, 0x20, 0x20, 0x20, 0x20, 0x63,
 0x20, 0x3d, 0x20, 0x73, 0x74, 0x72, 0x2e, 0x63,
 0x68, 0x61, 0x72, 0x43, 0x6f, 0x64, 0x65, 0x41,
 0x74, 0x28, 0x69, 0x29, 0x3b, 0x0a, 0x20, 0x20,
 0x20, 0x20, 0x69, 0x66, 0x28, 0x63, 0x20, 0x3c,
 0x20, 0x30, 0x78, 0x64, 0x63, 0x30, 0x30, 0x20,
 0x7c, 0x7c, 0x20, 0x63, 0x20, 0x3e, 0x3d, 0x20,
 0x30, 0x78, 0x65, 0x30, 0x30, 0x30, 0x29, 0x20,
 0x6c, 0x65, 0x6e, 0x2b, 0x2b, 0x3b, 0x0a, 0x20,
 0x20, 0x7d, 0x0a, 0x20, 0x20, 0x72, 0x65, 0x74,
 0x75, 0x72, 0x6e, 0x20, 0x6c, 0x65, 0x6e, 0x3b,
 0x0a, 0x7d, 0x0c, 0x43, 0x0a, 0x01, 0xda, 0x04,
 0x02, 0x00, 0x02, 0x08, 0x00, 0x00, 0x00, 0x1e,
 0x02, 0x88, 0x0d, 0x00, 0x01, 0x00, 0xee, 0x04,
 0x00, 0x01, 0x00, 0xd1, 0x41, 0xf2, 0x01, 0x00,
 0x00, 0x26, 0x00, 0x00, 0xb4, 0xd1, 0x41, 0xca,
 0x02, 0x00, 0x00, 0xb4, 0xd2, 0x24, 0x02, 0x00,
 0x51, 0x0e, 0x18, 0x27, 0x00, 0x00, 0x0e, 0xd1,
 0x28, 0xca, 0x03, 0x8d, 0x11, 0x01, 0x06, 0x03,
 0x04, 0x20, 0x0c, 0x34, 0x1c, 0x56, 0x66, 0x75,
 0x6e, 0x63, 0x74, 0x69, 0x6f, 0x6e, 0x20, 0x72,
 0x6f, 0x74, 0x61, 0x74, 0x65, 0x4c, 0x65, 0x66,
 0x74, 0x28, 0x61, 0x72, 0x72, 0x61, 0x79, 0x2c,
 0x20, 0x6e, 0x29, 0x20, 0x7b, 0x0a, 0x20, 0x20,
 0x61, 0x72, 0x72, 0x61, 0x79, 0x2e, 0x70, 0x75,
 0x73, 0x68, 0x28, 0x2e, 0x2e, 0x2e, 0x61, 0x72,
 0x72, 0x61, 0x79, 0x2e, 0x73, 0x70, 0x6c, 0x69,
 0x63, 0x65, 0x28, 0x30, 0x2c, 0x20, 0x6e, 0x29,
 0x29, 0x3b, 0x0a, 0x20, 0x20, 0x72, 0x65, 0x74,
 0x75, 0x72, 0x6e, 0x20, 0x61, 0x72, 0x72, 0x61,
 0x79, 0x3b, 0x0a, 0x7d, 0x0c, 0x43, 0x0a, 0x01,
 0xdc, 0x04, 0x01, 0x01, 0x01, 0x03, 0x00, 0x00,
 0x00, 0x2b, 0x02, 0x9a, 0x07, 0x00, 0x01, 0x00,
 0xfc, 0x09, 0x00, 0x00, 0x00, 0x07, 0xc9, 0xd1,
 0x96, 0x04, 0x49, 0x00, 0x00, 0x00, 0xae, 0xea,
 0x03, 0x09, 0x28, 0xd1, 0x41, 0x45, 0x03, 0x00,
 0x00, 0xb4, 0x24, 0x01, 0x00, 0xcd, 0x01, 0x00,
 0xdc, 0x00, 0x00, 0xa8, 0x11, 0xea, 0x09, 0x0e,
 0xc5, 0x01, 0x00, 0xe0, 0x00, 0x00, 0xa5, 0x28,
 0xca, 0x03, 0x92, 0x11, 0x01, 0x0a, 0x13, 0x24,
 0x3a, 0x1f, 0x20, 0x0c, 0x1c, 0x0c, 0x39, 0x1c,
 0xba, 0x01, 0x66, 0x75, 0x6e, 0x63, 0x74, 0x69,
 0x6f, 0x6e, 0x20, 0x69, 0x73, 0x54, 0x72, 0x61,
 0x69, 0x6c, 0x69, 0x6e, 0x67, 0x53, 0x75, 0x72,
 0x72, 0x6f, 0x67, 0x61, 0x74, 0x65, 0x28, 0x63,
 0x29, 0x20, 0x7b, 0x0a, 0x20, 0x20, 0x76, 0x61,
 0x72, 0x20, 0x64, 0x20, 0x3d, 0x20, 0x6e, 0x75,
 0x6c, 0x6c, 0x3b, 0x0a, 0x20, 0x20, 0x69, 0x66,
 0x28, 0x74, 0x79, 0x70, 0x65, 0x6f, 0x66, 0x20,
 0x63, 0x20, 0x21, 0x3d, 0x3d, 0x20, 0x27, 0x73,
 0x74, 0x72, 0x69, 0x6e, 0x67, 0x27, 0x29, 0x20,
 0x72, 0x65, 0x74, 0x75, 0x72, 0x6e, 0x20, 0x66,
 0x61, 0x6c, 0x73, 0x65, 0x3b, 0x0a, 0x20, 0x20,
 0x64, 0x20, 0x3d, 0x20, 0x63, 0x2e, 0x63, 0x6f,
 0x64, 0x65, 0x50, 0x6f, 0x69, 0x6e, 0x74, 0x41,
 0x74, 0x28, 0x30, 0x29, 0x3b, 0x20, 0x2f, 0x2a,
 0x20, 0x63, 0x61, 0x6e, 0x20, 0x62, 0x65, 0x20,
 0x4e, 0x61, 0x4e, 0x20, 0x69, 0x66, 0x20, 0x65,
 0x6d, 0x70, 0x74, 0x79, 0x20, 0x73, 0x74, 0x72,
 0x69, 0x6e, 0x67, 0x20, 0x2a, 0x2f, 0x0a, 0x20,
 0x20, 0x72, 0x65, 0x74, 0x75, 0x72, 0x6e, 0x20,
 0x64, 0x20, 0x3e, 0x3d, 0x20, 0x30, 0x78, 0x64,
 0x63, 0x30, 0x30, 0x20, 0x26, 0x26, 0x20, 0x64,
 0x20, 0x3c, 0x20, 0x30, 0x78, 0x65, 0x30, 0x30,
 0x30, 0x3b, 0x0a, 0x7d, 0x0c, 0x43, 0x0a, 0x01,
 0xde, 0x04, 0x02, 0x00, 0x02, 0x03, 0x00, 0x00,
 0x00, 0x23, 0x02, 0xe2, 0x06, 0x00, 0x01, 0x00,
 0x80, 0x09, 0x00, 0x01, 0x00, 0xd1, 0xd2, 0x9c,
 0x11, 0x04, 0xf7, 0x02, 0x00, 0x00, 0xad, 0xeb,
 0x13, 0x11, 0x04, 0x46, 0x03, 0x00, 0x00, 0xad,
 0xeb, 0x0a, 0x11, 0x04, 0x47, 0x03, 0x00, 0x00,
 0xad, 0xea, 0x03, 0x0a, 0x28, 0x0e, 0x09, 0x28,
 0xca, 0x03, 0x99, 0x11, 0x01, 0x02, 0x08, 0x1c,
 0x84, 0x01, 0x66, 0x75, 0x6e, 0x63, 0x74, 0x69,
 0x6f, 0x6e, 0x20, 0x69, 0x73, 0x42, 0x61, 0x6c,
 0x61, 0x6e, 0x63, 0x65, 0x64, 0x28, 0x61, 0x2c,
 0x20, 0x62, 0x29, 0x20, 0x7b, 0x0a, 0x20, 0x20,
 0x73, 0x77, 0x69, 0x74, 0x63, 0x68, 0x20, 0x28,
 0x61, 0x20, 0x2b, 0x20, 0x62, 0x29, 0x20, 0x7b,
 0x0a, 0x20, 0x20, 0x20, 0x20, 0x63, 0x61, 0x73,
 0x65, 0x20, 0x27, 0x28, 0x29, 0x27, 0x3a, 0x0a,
 0x20, 0x20, 0x20, 0x20, 0x63, 0x61, 0x73, 0x65,
 0x20, 0x27, 0x5b, 0x5d, 0x27, 0x3a, 0x0a, 0x20,
 0x20, 0x20, 0x20, 0x63, 0x61, 0x73, 0x65, 0x20,
 0x27, 0x7b, 0x7d, 0x27, 0x3a, 0x0a, 0x20, 0x20,
 0x20, 0x20, 0x20, 0x20, 0x72, 0x65, 0x74, 0x75,
 0x72, 0x6e, 0x20, 0x74, 0x72, 0x75, 0x65, 0x3b,
 0x0a, 0x20, 0x20, 0x7d, 0x0a, 0x20, 0x20, 0x72,
 0x65, 0x74, 0x75, 0x72, 0x6e, 0x20, 0x66, 0x61,
 0x6c, 0x73, 0x65, 0x3b, 0x0a, 0x7d, 0x0c, 0x43,
 0x0a, 0x01, 0xe0, 0x04, 0x03, 0x03, 0x03, 0x06,
 0x00, 0x03, 0x00, 0x70, 0x06, 0x96, 0x07, 0x00,
 0x01, 0x00, 0x9c, 0x07, 0x00, 0x01, 0x00, 0x90,
 0x0d, 0x00, 0x01, 0x00, 0x98, 0x07, 0x00, 0x00,
 0x00, 0x8e, 0x08, 0x00, 0x01, 0x00, 0x9e, 0x07,
 0x00, 0x02, 0x00, 0xa2, 0x04, 0x1d, 0x1a, 0xae,
 0x04, 0x25, 0x02, 0xba, 0x04, 0x2b, 0x02, 0x07,
 0xca, 0xd2, 0xca, 0xc6, 0xd1, 0xe9, 0xa5, 0xea,
 0x66, 0xd3, 0xc6, 0xcd, 0x46, 0xcb, 0xc6, 0x8e,
 0xce, 0xd1, 0xe9, 0xa5, 0xea, 0x08, 0xd3, 0xc6,
 0x46, 0xc7, 0xab, 0xeb, 0xf2, 0x64, 0x00, 0x00,
 0x41, 0x0b, 0x01, 0x00, 0x00, 0xde, 0xdf, 0xc7,
 0x46, 0x11, 0xeb, 0x07, 0x0e, 0x04, 0x16, 0x00,
 0x00, 0x00, 0x46, 0x24, 0x01, 0x00, 0x0e, 0x64,
 0x00, 0x00, 0x41, 0x0b, 0x01, 0x00, 0x00, 0xd1,
 0x41, 0xe1, 0x01, 0x00, 0x00, 0xc4, 0x24, 0x02,
 0x00, 0x24, 0x01, 0x00, 0x0e, 0x64, 0x00, 0x00,
 0x41, 0x0b, 0x01, 0x00, 0x00, 0xde, 0x04, 0x27,
 0x02, 0x00, 0x00, 0x46, 0x24, 0x01, 0x00, 0x0e,
 0x64, 0x00, 0x00, 0x41, 0x3a, 0x01, 0x00, 0x00,
 0x24, 0x00, 0x00, 0x0e, 0xec, 0x96, 0x29, 0xca,
 0x03, 0xa3, 0x11, 0x01, 0x18, 0x1e, 0x2a, 0x45,
 0x09, 0x2a, 0x3e, 0x17, 0x55, 0x2a, 0x18, 0x5d,
 0x17, 0x2a, 0x18, 0x20, 0x1c, 0x2b, 0x33, 0x2a,
 0x18, 0x3a, 0x17, 0x2a, 0x0e, 0xe8, 0x02, 0x66,
 0x75, 0x6e, 0x63, 0x74, 0x69, 0x6f, 0x6e, 0x20,
 0x70, 0x72, 0x69, 0x6e, 0x74, 0x43, 0x6f, 0x6c,
 0x6f, 0x72, 0x54, 0x65, 0x78, 0x74, 0x28, 0x73,
 0x74, 0x72, 0x2c, 0x20, 0x73, 0x74, 0x61, 0x72,
 0x74, 0x2c, 0x20, 0x73, 0x74, 0x79, 0x6c, 0x65,
 0x4e, 0x61, 0x6d, 0x65, 0x73, 0x29, 0x20, 0x7b,
 0x0a, 0x20, 0x20, 0x76, 0x61, 0x72, 0x20, 0x69,
 0x2c, 0x0a, 0x20, 0x20, 0x20, 0x20, 0x6a, 0x20,
 0x3d, 0x20, 0x6e, 0x75, 0x6c, 0x6c, 0x3b, 0x0a,
 0x20, 0x20, 0x66, 0x6f, 0x72, 0x28, 0x6a, 0x20,
 0x3d, 0x20, 0x73, 0x74, 0x61, 0x72, 0x74, 0x3b,
 0x20, 0x6a, 0x20, 0x3c, 0x20, 0x73, 0x74, 0x72,
 0x2e, 0x6c, 0x65, 0x6e, 0x67, 0x74, 0x68, 0x3b,
 0x20, 0x29, 0x20, 0x7b, 0x0a, 0x20, 0x20, 0x20,
 0x20, 0x76, 0x61, 0x72, 0x20, 0x73, 0x74, 0x79,
 0x6c, 0x65, 0x20, 0x3d, 0x20, 0x73, 0x74, 0x79,
 0x6c, 0x65, 0x4e, 0x61, 0x6d, 0x65, 0x73, 0x5b,
 0x28, 0x69, 0x20, 0x3d, 0x20, 0x6a, 0x29, 0x5d,
 0x3b, 0x0a, 0x20, 0x20, 0x20, 0x20, 0x77, 0x68,
 0x69, 0x6c, 0x65, 0x28, 0x2b, 0x2b, 0x6a, 0x20,
 0x3c, 0x20, 0x73, 0x74, 0x72, 0x2e, 0x6c, 0x65,
 0x6e, 0x67, 0x74, 0x68, 0x20, 0x26, 0x26, 0x20,
 0x73, 0x74, 0x79, 0x6c, 0x65, 0x4e, 0x61, 0x6d,
 0x65, 0x73, 0x5b, 0x6a, 0x5d, 0x20, 0x3d, 0x3d,
 0x20, 0x73, 0x74, 0x79, 0x6c, 0x65, 0x29, 0x20,
 0x63, 0x6f, 0x6e, 0x74, 0x69, 0x6e, 0x75, 0x65,
 0x3b, 0x0a, 0x20, 0x20, 0x20, 0x20, 0x73, 0x74,
 0x64, 0x6f, 0x75, 0x74, 0x2e, 0x70, 0x75, 0x74,
 0x73, 0x28, 0x63, 0x6f, 0x6c, 0x6f, 0x72, 0x73,
 0x5b, 0x73, 0x74, 0x79, 0x6c, 0x65, 0x73, 0x5b,
 0x73, 0x74, 0x79, 0x6c, 0x65, 0x5d, 0x20, 0x7c,
 0x7c, 0x20, 0x27, 0x64, 0x65, 0x66, 0x61, 0x75,
 0x6c, 0x74, 0x27, 0x5d, 0x29, 0x3b, 0x0a, 0x20,
 0x20, 0x20, 0x20, 0x73, 0x74, 0x64, 0x6f, 0x75,
 0x74, 0x2e, 0x70, 0x75, 0x74, 0x73, 0x28, 0x73,
 0x74, 0x72, 0x2e, 0x73, 0x75, 0x62, 0x73, 0x74,
 0x72, 0x69, 0x6e, 0x67, 0x28, 0x69, 0x2c, 0x20,
 0x6a, 0x29, 0x29, 0x3b, 0x0a, 0x20, 0x20, 0x20,
 0x20, 0x73, 0x74, 0x64, 0x6f, 0x75, 0x74, 0x2e,
 0x70, 0x75, 0x74, 0x73, 0x28, 0x63, 0x6f, 0x6c,
 0x6f, 0x72, 0x73, 0x5b, 0x27, 0x6e, 0x6f, 0x6e,
 0x65, 0x27, 0x5d, 0x29, 0x3b, 0x0a, 0x20, 0x20,
 0x20, 0x20, 0x73, 0x74, 0x64, 0x6f, 0x75, 0x74,
 0x2e, 0x66, 0x6c, 0x75, 0x73, 0x68, 0x28, 0x29,
 0x3b, 0x0a, 0x20, 0x20, 0x7d, 0x0a, 0x7d, 0x0c,
 0x41, 0x0a, 0x01, 0xe2, 0x04, 0x02, 0x0c, 0x01,
 0x08, 0x01, 0x03, 0x02, 0xea, 0x02, 0x0e, 0x96,
 0x07, 0x00, 0x01, 0x00, 0x92, 0x0d, 0x00, 0x01,
 0x00, 0x96, 0x07, 0x01, 0xff, 0xff, 0xff, 0xff,
 0x0f, 0x20, 0x92, 0x0d, 0x01, 0x01, 0x20, 0xf2,
 0x0b, 0x02, 0x0b, 0x20, 0x94, 0x0d, 0x02, 0x03,
 0x20, 0x98, 0x08, 0x04, 0x09, 0x20, 0x96, 0x0d,
 0x04, 0x05, 0x20, 0xe6, 0x06, 0x04, 0x06, 0x20,
 0xba, 0x0b, 0x04, 0x07, 0x20, 0xe6, 0x06, 0x02,
 0x04, 0x20, 0x98, 0x0d, 0x00, 0x00, 0x40, 0x00,
 0x9a, 0x0d, 0x00, 0x0a, 0x00, 0x10, 0x00, 0x01,
 0x00, 0xe4, 0x03, 0x02, 0x1a, 0xa2, 0x04, 0x1d,
 0x1a, 0xae, 0x04, 0x25, 0x02, 0x0c, 0x43, 0x0a,
 0x01, 0x98, 0x0d, 0x00, 0x02, 0x00, 0x05, 0x00,
 0x01, 0x00, 0x34, 0x02, 0x9c, 0x0d, 0x01, 0x00,
 0x20, 0xa6, 0x07, 0x01, 0x01, 0x20, 0xe4, 0x03,
 0x00, 0x1a, 0x60, 0x01, 0x00, 0x60, 0x00, 0x00,
 0x38, 0xa9, 0x00, 0x00, 0x00, 0x11, 0xb5, 0x21,
 0x01, 0x00, 0xc9, 0x64, 0x00, 0x00, 0xb4, 0x61,
 0x00, 0x00, 0x40, 0x21, 0x03, 0x00, 0x00, 0xb4,
 0x61, 0x00, 0x00, 0xe9, 0x22, 0x04, 0x00, 0xca,
 0x61, 0x01, 0x00, 0xb4, 0xa7, 0xea, 0x07, 0x61,
 0x00, 0x00, 0xb4, 0x46, 0x28, 0x29, 0xca, 0x03,
 0xde, 0x11, 0x03, 0x06, 0x21, 0x1e, 0x49, 0x09,
 0x6c, 0x01, 0x82, 0x01, 0x66, 0x75, 0x6e, 0x63,
 0x74, 0x69, 0x6f, 0x6e, 0x20, 0x67, 0x65, 0x74,
 0x62, 0x79, 0x74, 0x65, 0x28, 0x29, 0x20, 0x7b,
 0x0a, 0x20, 0x20, 0x20, 0x20, 0x6c, 0x65, 0x74,
 0x20, 0x75, 0x38, 0x20, 0x3d, 0x20, 0x6e, 0x65,
 0x77, 0x20, 0x55, 0x69, 0x6e, 0x74, 0x38, 0x41,
 0x72, 0x72, 0x61, 0x79, 0x28, 0x31, 0x29, 0x3b,
 0x0a, 0x20, 0x20, 0x20, 0x20, 0x6c, 0x65, 0x74,
 0x20, 0x72, 0x20, 0x3d, 0x20, 0x72, 0x65, 0x61,
 0x64, 0x28, 0x30, 0x2c, 0x20, 0x75, 0x38, 0x2e,
 0x62, 0x75, 0x66, 0x66, 0x65, 0x72, 0x2c, 0x20,
 0x30, 0x2c, 0x20, 0x75, 0x38, 0x2e, 0x6c, 0x65,
 0x6e, 0x67, 0x74, 0x68, 0x29, 0x3b, 0x0a, 0x20,
 0x20, 0x20, 0x20, 0x69, 0x66, 0x28, 0x72, 0x20,
 0x3e, 0x20, 0x30, 0x29, 0x20, 0x72, 0x65, 0x74,
 0x75, 0x72, 0x6e, 0x20, 0x75, 0x38, 0x5b, 0x30,
 0x5d, 0x3b, 0x0a, 0x20, 0x20, 0x7d, 0x0c, 0x43,
 0x0a, 0x01, 0x9a, 0x0d, 0x00, 0x01, 0x00, 0x07,
 0x00, 0x01, 0x00, 0x5c, 0x01, 0x80, 0x09, 0x03,
 0x00, 0x20, 0x98, 0x0d, 0x09, 0x00, 0x60, 0x00,
 0x00, 0xdd, 0xee, 0xc9, 0xbc, 0x41, 0xbc, 0x61,
 0x26, 0x02, 0x00, 0x41, 0xbe, 0x01, 0x00, 0x00,
 0x61, 0x00, 0x00, 0x24, 0x01, 0x00, 0xb3, 0xac,
 0xea, 0x03, 0xb5, 0x28, 0xbc, 0x20, 0xbc, 0x0d,
 0xbc, 0x0a, 0xbc, 0x79, 0xbc, 0x59, 0xbc, 0x6a,
 0xbc, 0x4a, 0x26, 0x07, 0x00, 0x41, 0xbe, 0x01,
 0x00, 0x00, 0x61, 0x00, 0x00, 0x24, 0x01, 0x00,
 0xb3, 0xac, 0xea, 0x03, 0xb4, 0x28, 0xbc, 0x71,
 0xbc, 0x51, 0xbc, 0x73, 0xbc, 0x53, 0x26, 0x04,
 0x00, 0x41, 0xbe, 0x01, 0x00, 0x00, 0x61, 0x00,
 0x00, 0x24, 0x01, 0x00, 0xb3, 0xac, 0xea, 0xa7,
 0xb3, 0x28, 0xca, 0x03, 0xe4, 0x11, 0x03, 0x0e,
 0x18, 0x18, 0x49, 0x18, 0x20, 0x0c, 0x8f, 0x20,
 0x20, 0x0c, 0x71, 0x23, 0x20, 0x0c, 0xf0, 0x01,
 0x66, 0x75, 0x6e, 0x63, 0x74, 0x69, 0x6f, 0x6e,
 0x20, 0x77, 0x61, 0x69, 0x74, 0x6b, 0x65, 0x79,
 0x28, 0x29, 0x20, 0x7b, 0x0a, 0x20, 0x20, 0x20,
 0x20, 0x66, 0x6f, 0x72, 0x28, 0x3b, 0x3b, 0x29,
 0x20, 0x7b, 0x0a, 0x20, 0x20, 0x20, 0x20, 0x20,
 0x20, 0x6c, 0x65, 0x74, 0x20, 0x62, 0x20, 0x3d,
 0x20, 0x67, 0x65, 0x74, 0x62, 0x79, 0x74, 0x65,
 0x28, 0x29, 0x3b, 0x0a, 0x20, 0x20, 0x20, 0x20,
 0x20, 0x20, 0x69, 0x66, 0x28, 0x5b, 0x36, 0x35,
 0x2c, 0x20, 0x39, 0x37, 0x5d, 0x2e, 0x69, 0x6e,
 0x64, 0x65, 0x78, 0x4f, 0x66, 0x28, 0x62, 0x29,
 0x20, 0x21, 0x3d, 0x20, 0x2d, 0x31, 0x29, 0x20,
 0x72, 0x65, 0x74, 0x75, 0x72, 0x6e, 0x20, 0x31,
 0x3b, 0x0a, 0x20, 0x20, 0x20, 0x20, 0x20, 0x20,
 0x69, 0x66, 0x28, 0x5b, 0x33, 0x32, 0x2c, 0x20,
 0x31, 0x33, 0x2c, 0x20, 0x31, 0x30, 0x2c, 0x20,
 0x31, 0x32, 0x31, 0x2c, 0x20, 0x38, 0x39, 0x2c,
 0x20, 0x31, 0x30, 0x36, 0x2c, 0x20, 0x37, 0x34,
 0x5d, 0x2e, 0x69, 0x6e, 0x64, 0x65, 0x78, 0x4f,
 0x66, 0x28, 0x62, 0x29, 0x20, 0x21, 0x3d, 0x20,
 0x2d, 0x31, 0x29, 0x20, 0x72, 0x65, 0x74, 0x75,
 0x72, 0x6e, 0x20, 0x30, 0x3b, 0x0a, 0x20, 0x20,
 0x20, 0x20, 0x20, 0x20, 0x69, 0x66, 0x28, 0x5b,
 0x31, 0x31, 0x33, 0x2c, 0x20, 0x38, 0x31, 0x2c,
 0x20, 0x31, 0x31, 0x35, 0x2c, 0x20, 0x38, 0x33,
 0x5d, 0x2e, 0x69, 0x6e, 0x64, 0x65, 0x78, 0x4f,
 0x66, 0x28, 0x62, 0x29, 0x20, 0x21, 0x3d, 0x20,
 0x2d, 0x31, 0x29, 0x20, 0x72, 0x65, 0x74, 0x75,
 0x72, 0x6e, 0x20, 0x2d, 0x31, 0x3b, 0x0a, 0x20,
 0x20, 0x20, 0x20, 0x7d, 0x0a, 0x20, 0x20, 0x7d,
 0x08, 0xc2, 0x0b, 0x60, 0x01, 0x00, 0x60, 0x00,
 0x00, 0xd1, 0xc9, 0xd2, 0x11, 0xf2, 0xea, 0x08,
 0x0e, 0x38, 0xa1, 0x01, 0x00, 0x00, 0xda, 0xca,
 0xbf, 0x00, 0xc2, 0x09, 0xbf, 0x01, 0xc2, 0x0a,
 0x60, 0x08, 0x00, 0x60, 0x03, 0x00, 0x60, 0x02,
 0x00, 0xd1, 0x41, 0x5e, 0x00, 0x00, 0x00, 0x04,
 0x52, 0x01, 0x00, 0x00, 0x24, 0x01, 0x00, 0xcb,
 0x61, 0x02, 0x00, 0xe9, 0xcc, 0x61, 0x02, 0x00,
 0x61, 0x02, 0x00, 0xe9, 0xb5, 0x9d, 0x46, 0xc0,
 0xad, 0xea, 0x0d, 0x61, 0x02, 0x00, 0x41, 0xef,
 0x02, 0x00, 0x00, 0x24, 0x00, 0x00, 0x0e, 0x61,
 0x02, 0x00, 0xe9, 0xd2, 0xa8, 0x68, 0xd9, 0x00,
 0x00, 0x00, 0x60, 0x07, 0x00, 0x60, 0x06, 0x00,
 0x60, 0x05, 0x00, 0x60, 0x04, 0x00, 0x61, 0x03,
 0x00, 0x61, 0x02, 0x00, 0xe9, 0x9d, 0xc2, 0x04,
 0x61, 0x02, 0x00, 0x41, 0xca, 0x02, 0x00, 0x00,
 0xb4, 0xd2, 0xb5, 0x9d, 0x24, 0x02, 0x00, 0xc2,
 0x05, 0x61, 0x05, 0x00, 0x41, 0x5c, 0x00, 0x00,
 0x00, 0x04, 0x52, 0x01, 0x00, 0x00, 0x24, 0x01,
 0x00, 0x04, 0x52, 0x01, 0x00, 0x00, 0x9c, 0xc2,
 0x06, 0x64, 0x01, 0x00, 0x41, 0x0b, 0x01, 0x00,
 0x00, 0x61, 0x06, 0x00, 0x24, 0x01, 0x00, 0x0e,
 0x04, 0x9e, 0x01, 0x00, 0x00, 0x41, 0x5d, 0x00,
 0x00, 0x00, 0x61, 0x04, 0x00, 0x04, 0xba, 0x01,
 0x00, 0x00, 0x61, 0x04, 0x00, 0x61, 0x05, 0x00,
 0xe9, 0x9c, 0xb5, 0x9d, 0x04, 0xe3, 0x01, 0x00,
 0x00, 0x61, 0x03, 0x00, 0x04, 0x4f, 0x03, 0x00,
 0x00, 0x24, 0x06, 0x00, 0x11, 0x62, 0x06, 0x00,
 0x0e, 0x64, 0x01, 0x00, 0x41, 0x0b, 0x01, 0x00,
 0x00, 0xdf, 0x40, 0x50, 0x03, 0x00, 0x00, 0x61,
 0x06, 0x00, 0x9c, 0xdf, 0x40, 0x27, 0x02, 0x00,
 0x00, 0x9c, 0x24, 0x01, 0x00, 0x0e, 0x64, 0x01,
 0x00, 0x41, 0x3a, 0x01, 0x00, 0x00, 0x24, 0x00,
 0x00, 0x0e, 0xc1, 0x0b, 0x61, 0x06, 0x00, 0xe9,
 0x42, 0xac, 0x01, 0x00, 0x00, 0xc1, 0x0a, 0xee,
 0xc2, 0x07, 0xc1, 0x0b, 0x41, 0x04, 0x03, 0x00,
 0x00, 0x24, 0x00, 0x00, 0x0e, 0x61, 0x07, 0x00,
 0xb4, 0xa5, 0xea, 0x02, 0x29, 0x61, 0x07, 0x00,
 0xb4, 0xa7, 0xeb, 0x04, 0xed, 0x22, 0xff, 0x61,
 0x02, 0x00, 0x41, 0x5c, 0x00, 0x00, 0x00, 0x04,
 0x52, 0x01, 0x00, 0x00, 0x24, 0x01, 0x00, 0x04,
 0x52, 0x01, 0x00, 0x00, 0x9c, 0xc2, 0x08, 0x64,
 0x01, 0x00, 0x41, 0x0b, 0x01, 0x00, 0x00, 0x61,
 0x08, 0x00, 0x24, 0x01, 0x00, 0x0e, 0x64, 0x01,
 0x00, 0x41, 0x3a, 0x01, 0x00, 0x00, 0x24, 0x00,
 0x00, 0x29, 0xca, 0x03, 0xba, 0x11, 0x01, 0x48,
 0xee, 0x24, 0x6e, 0x10, 0x11, 0x0e, 0x16, 0x08,
 0x2a, 0x0c, 0x2c, 0x25, 0x71, 0x06, 0x4e, 0x0b,
 0x0c, 0x2a, 0x4e, 0x31, 0x2a, 0x1a, 0x00, 0x08,
 0x08, 0x33, 0x2a, 0x18, 0x26, 0x17, 0x6b, 0x2a,
 0x1b, 0x1c, 0x76, 0x45, 0x2a, 0x18, 0x20, 0x26,
 0x16, 0x08, 0x3a, 0x45, 0x2a, 0x0e, 0x17, 0x0d,
 0x45, 0x14, 0x13, 0x13, 0x25, 0x0a, 0x27, 0x08,
 0x00, 0x08, 0x08, 0x00, 0x50, 0x06, 0x2a, 0x1a,
 0x2d, 0x35, 0x2a, 0x18, 0x26, 0x17, 0x2a, 0x0e,
 0xdf, 0x09, 0x66, 0x75, 0x6e, 0x63, 0x74, 0x69,
 0x6f, 0x6e, 0x20, 0x70, 0x72, 0x69, 0x6e, 0x74,
 0x50, 0x61, 0x67, 0x65, 0x64, 0x28, 0x73, 0x74,
 0x72, 0x2c, 0x20, 0x6e, 0x75, 0x6d, 0x4c, 0x69,
 0x6e, 0x65, 0x73, 0x20, 0x3d, 0x20, 0x49, 0x6e,
 0x66, 0x69, 0x6e, 0x69, 0x74, 0x79, 0x29, 0x20,
 0x7b, 0x0a, 0x20, 0x20, 0x6c, 0x65, 0x74, 0x20,
 0x6c, 0x69, 0x6e, 0x65, 0x73, 0x20, 0x3d, 0x20,
 0x73, 0x74, 0x72, 0x2e, 0x73, 0x70, 0x6c, 0x69,
 0x74, 0x28, 0x27, 0x5c, 0x6e, 0x27, 0x29, 0x3b,
 0x0a, 0x20, 0x20, 0x6c, 0x65, 0x74, 0x20, 0x74,
 0x6f, 0x74, 0x61, 0x6c, 0x4c, 0x69, 0x6e, 0x65,
 0x73, 0x20, 0x3d, 0x20, 0x6c, 0x69, 0x6e, 0x65,
 0x73, 0x2e, 0x6c, 0x65, 0x6e, 0x67, 0x74, 0x68,
 0x3b, 0x0a, 0x0a, 0x20, 0x20, 0x69, 0x66, 0x28,
 0x6c, 0x69, 0x6e, 0x65, 0x73, 0x5b, 0x6c, 0x69,
 0x6e, 0x65, 0x73, 0x2e, 0x6c, 0x65, 0x6e, 0x67,
 0x74, 0x68, 0x20, 0x2d, 0x20, 0x31, 0x5d, 0x20,
 0x3d, 0x3d, 0x3d, 0x20, 0x27, 0x27, 0x29, 0x20,
 0x6c, 0x69, 0x6e, 0x65, 0x73, 0x2e, 0x70, 0x6f,
 0x70, 0x28, 0x29, 0x3b, 0x0a, 0x0a, 0x20, 0x20,
 0x77, 0x68, 0x69, 0x6c, 0x65, 0x28, 0x6c, 0x69,
 0x6e, 0x65, 0x73, 0x2e, 0x6c, 0x65, 0x6e, 0x67,
 0x74, 0x68, 0x20, 0x3e, 0x3d, 0x20, 0x6e, 0x75,
 0x6d, 0x4c, 0x69, 0x6e, 0x65, 0x73, 0x29, 0x20,
 0x7b, 0x0a, 0x20, 0x20, 0x20, 0x20, 0x6c, 0x65,
 0x74, 0x20, 0x70, 0x6f, 0x73, 0x20, 0x3d, 0x20,
 0x74, 0x6f, 0x74, 0x61, 0x6c, 0x4c, 0x69, 0x6e,
 0x65, 0x73, 0x20, 0x2d, 0x20, 0x6c, 0x69, 0x6e,
 0x65, 0x73, 0x2e, 0x6c, 0x65, 0x6e, 0x67, 0x74,
 0x68, 0x3b, 0x0a, 0x20, 0x20, 0x20, 0x20, 0x6c,
 0x65, 0x74, 0x20, 0x6c, 0x69, 0x73, 0x74, 0x20,
 0x3d, 0x20, 0x6c, 0x69, 0x6e, 0x65, 0x73, 0x2e,
 0x73, 0x70, 0x6c, 0x69, 0x63, 0x65, 0x28, 0x30,
 0x2c, 0x20, 0x6e, 0x75, 0x6d, 0x4c, 0x69, 0x6e,
 0x65, 0x73, 0x20, 0x2d, 0x20, 0x31, 0x29, 0x3b,
 0x0a, 0x20, 0x20, 0x20, 0x20, 0x6c, 0x65, 0x74,
 0x20, 0x73, 0x20, 0x3d, 0x20, 0x6c, 0x69, 0x73,
 0x74, 0x2e, 0x6a, 0x6f, 0x69, 0x6e, 0x28, 0x27,
 0x5c, 0x6e, 0x27, 0x29, 0x20, 0x2b, 0x20, 0x27,
 0x5c, 0x6e, 0x27, 0x3b, 0x0a, 0x20, 0x20, 0x20,
 0x20, 0x2f, 0x2a, 0x20, 0x20, 0x6c, 0x65, 0x74,
 0x20, 0x63, 0x6f, 0x6c, 0x6f, 0x72, 0x20, 0x3d,
 0x20, 0x6c, 0x61, 0x73, 0x74, 0x43, 0x6f, 0x6c,
 0x6f, 0x72, 0x28, 0x73, 0x29, 0x3b, 0x0a, 0x20,
 0x20, 0x20, 0x20, 0x69, 0x66, 0x28, 0x63, 0x6f,
 0x6c, 0x6f, 0x72, 0x29, 0x20, 0x73, 0x20, 0x2b,
 0x3d, 0x20, 0x63, 0x6f, 0x6c, 0x6f, 0x72, 0x73,
 0x2e, 0x6e, 0x6f, 0x6e, 0x65, 0x3b, 0x2a, 0x2f,
 0x0a, 0x0a, 0x20, 0x20, 0x20, 0x20, 0x73, 0x74,
 0x64, 0x6f, 0x75, 0x74, 0x2e, 0x70, 0x75, 0x74,
 0x73, 0x28, 0x73, 0x29, 0x3b, 0x0a, 0x20, 0x20,
 0x20, 0x20, 0x73, 0x20, 0x3d, 0x20, 0x60, 0x28,
 0x24, 0x7b, 0x70, 0x6f, 0x73, 0x7d, 0x2d, 0x24,
 0x7b, 0x70, 0x6f, 0x73, 0x20, 0x2b, 0x20, 0x6c,
 0x69, 0x73, 0x74, 0x2e, 0x6c, 0x65, 0x6e, 0x67,
 0x74, 0x68, 0x20, 0x2d, 0x20, 0x31, 0x7d, 0x2f,
 0x24, 0x7b, 0x74, 0x6f, 0x74, 0x61, 0x6c, 0x4c,
 0x69, 0x6e, 0x65, 0x73, 0x7d, 0x29, 0x20, 0x6d,
 0x6f, 0x72, 0x65, 0x3f, 0x60, 0x3b, 0x0a, 0x20,
 0x20, 0x20, 0x20, 0x73, 0x74, 0x64, 0x6f, 0x75,
 0x74, 0x2e, 0x70, 0x75, 0x74, 0x73, 0x28, 0x63,
 0x6f, 0x6c, 0x6f, 0x72, 0x73, 0x2e, 0x62, 0x72,
 0x69, 0x67, 0x68, 0x74, 0x52, 0x65, 0x64, 0x20,
 0x2b, 0x20, 0x73, 0x20, 0x2b, 0x20, 0x63, 0x6f,
 0x6c, 0x6f, 0x72, 0x73, 0x2e, 0x6e, 0x6f, 0x6e,
 0x65, 0x29, 0x3b, 0x0a, 0x20, 0x20, 0x20, 0x20,
 0x73, 0x74, 0x64, 0x6f, 0x75, 0x74, 0x2e, 0x66,
 0x6c, 0x75, 0x73, 0x68, 0x28, 0x29, 0x3b, 0x0a,
 0x20, 0x20, 0x20, 0x20, 0x74, 0x68, 0x69, 0x73,
 0x2e, 0x63, 0x75, 0x72, 0x73, 0x6f, 0x72, 0x50,
 0x6f, 0x73, 0x20, 0x3d, 0x20, 0x73, 0x2e, 0x6c,
 0x65, 0x6e, 0x67, 0x74, 0x68, 0x3b, 0x0a, 0x0a,
 0x20, 0x20, 0x20, 0x20, 0x6c, 0x65, 0x74, 0x20,
 0x6b, 0x65, 0x79, 0x20, 0x3d, 0x20, 0x77, 0x61,
 0x69, 0x74, 0x6b, 0x65, 0x79, 0x28, 0x29, 0x3b,
 0x0a, 0x0a, 0x20, 0x20, 0x20, 0x20, 0x74, 0x68,
 0x69, 0x73, 0x2e, 0x72, 0x65, 0x61, 0x64, 0x6c,
 0x69, 0x6e, 0x65, 0x52, 0x65, 0x6d, 0x6f, 0x76,
 0x65, 0x50, 0x72, 0x6f, 0x6d, 0x70, 0x74, 0x28,
 0x29, 0x3b, 0x0a, 0x0a, 0x20, 0x20, 0x20, 0x20,
 0x69, 0x66, 0x28, 0x6b, 0x65, 0x79, 0x20, 0x3c,
 0x20, 0x30, 0x29, 0x20, 0x72, 0x65, 0x74, 0x75,
 0x72, 0x6e, 0x3b, 0x0a, 0x0a, 0x20, 0x20, 0x20,
 0x20, 0x2f, 0x2f, 0x69, 0x66, 0x28, 0x63, 0x6f,
 0x6c, 0x6f, 0x72, 0x29, 0x20, 0x70, 0x72, 0x69,
 0x6e, 0x74, 0x43, 0x73, 0x69, 0x28, 0x63, 0x6f,
 0x6c, 0x6f, 0x72, 0x2c, 0x20, 0x27, 0x6d, 0x27,
 0x29, 0x3b, 0x0a, 0x0a, 0x20, 0x20, 0x20, 0x20,
 0x69, 0x66, 0x28, 0x6b, 0x65, 0x79, 0x20, 0x3e,
 0x20, 0x30, 0x29, 0x20, 0x62, 0x72, 0x65, 0x61,
 0x6b, 0x3b, 0x0a, 0x20, 0x20, 0x7d, 0x0a, 0x0a,
 0x20, 0x20, 0x6c, 0x65, 0x74, 0x20, 0x73, 0x20,
 0x3d, 0x20, 0x6c, 0x69, 0x6e, 0x65, 0x73, 0x2e,
 0x6a, 0x6f, 0x69, 0x6e, 0x28, 0x27, 0x5c, 0x6e,
 0x27, 0x29, 0x20, 0x2b, 0x20, 0x27, 0x5c, 0x6e,
 0x27, 0x3b, 0x0a, 0x20, 0x20, 0x2f, 0x2a, 0x20,
 0x6c, 0x65, 0x74, 0x20, 0x63, 0x6f, 0x6c, 0x6f,
 0x72, 0x20, 0x3d, 0x20, 0x6c, 0x61, 0x73, 0x74,
 0x43, 0x6f, 0x6c, 0x6f, 0x72, 0x28, 0x73, 0x29,
 0x3b, 0x0a, 0x20, 0x20, 0x69, 0x66, 0x28, 0x63,
 0x6f, 0x6c, 0x6f, 0x72, 0x29, 0x20, 0x73, 0x20,
 0x2b, 0x3d, 0x20, 0x63, 0x6f, 0x6c, 0x6f, 0x72,
 0x73, 0x2e, 0x6e, 0x6f, 0x6e, 0x65, 0x3b, 0x2a,
 0x2f, 0x0a, 0x20, 0x20, 0x73, 0x74, 0x64, 0x6f,
 0x75, 0x74, 0x2e, 0x70, 0x75, 0x74, 0x73, 0x28,
 0x73, 0x29, 0x3b, 0x0a, 0x20, 0x20, 0x73, 0x74,
 0x64, 0x6f, 0x75, 0x74, 0x2e, 0x66, 0x6c, 0x75,
 0x73, 0x68, 0x28, 0x29, 0x3b, 0x0a, 0x0a, 0x20,
 0x20, 0x66, 0x75, 0x6e, 0x63, 0x74, 0x69, 0x6f,
 0x6e, 0x20, 0x67, 0x65, 0x74, 0x62, 0x79, 0x74,
 0x65, 0x28, 0x29, 0x20, 0x7b, 0x0a, 0x20, 0x20,
 0x20, 0x20, 0x6c, 0x65, 0x74, 0x20, 0x75, 0x38,
 0x20, 0x3d, 0x20, 0x6e, 0x65, 0x77, 0x20, 0x55,
 0x69, 0x6e, 0x74, 0x38, 0x41, 0x72, 0x72, 0x61,
 0x79, 0x28, 0x31, 0x29, 0x3b, 0x0a, 0x20, 0x20,
 0x20, 0x20, 0x6c, 0x65, 0x74, 0x20, 0x72, 0x20,
 0x3d, 0x20, 0x72, 0x65, 0x61, 0x64, 0x28, 0x30,
 0x2c, 0x20, 0x75, 0x38, 0x2e, 0x62, 0x75, 0x66,
 0x66, 0x65, 0x72, 0x2c, 0x20, 0x30, 0x2c, 0x20,
 0x75, 0x38, 0x2e, 0x6c, 0x65, 0x6e, 0x67, 0x74,
 0x68, 0x29, 0x3b, 0x0a, 0x20, 0x20, 0x20, 0x20,
 0x69, 0x66, 0x28, 0x72, 0x20, 0x3e, 0x20, 0x30,
 0x29, 0x20, 0x72, 0x65, 0x74, 0x75, 0x72, 0x6e,
 0x20, 0x75, 0x38, 0x5b, 0x30, 0x5d, 0x3b, 0x0a,
 0x20, 0x20, 0x7d, 0x0a, 0x0a, 0x20, 0x20, 0x66,
 0x75, 0x6e, 0x63, 0x74, 0x69, 0x6f, 0x6e, 0x20,
 0x77, 0x61, 0x69, 0x74, 0x6b, 0x65, 0x79, 0x28,
 0x29, 0x20, 0x7b, 0x0a, 0x20, 0x20, 0x20, 0x20,
 0x66, 0x6f, 0x72, 0x28, 0x3b, 0x3b, 0x29, 0x20,
 0x7b, 0x0a, 0x20, 0x20, 0x20, 0x20, 0x20, 0x20,
 0x6c, 0x65, 0x74, 0x20, 0x62, 0x20, 0x3d, 0x20,
 0x67, 0x65, 0x74, 0x62, 0x79, 0x74, 0x65, 0x28,
 0x29, 0x3b, 0x0a, 0x20, 0x20, 0x20, 0x20, 0x20,
 0x20, 0x69, 0x66, 0x28, 0x5b, 0x36, 0x35, 0x2c,
 0x20, 0x39, 0x37, 0x5d, 0x2e, 0x69, 0x6e, 0x64,
 0x65, 0x78, 0x4f, 0x66, 0x28, 0x62, 0x29, 0x20,
 0x21, 0x3d, 0x20, 0x2d, 0x31, 0x29, 0x20, 0x72,
 0x65, 0x74, 0x75, 0x72, 0x6e, 0x20, 0x31, 0x3b,
 0x0a, 0x20, 0x20, 0x20, 0x20, 0x20, 0x20, 0x69,
 0x66, 0x28, 0x5b, 0x33, 0x32, 0x2c, 0x20, 0x31,
 0x33, 0x2c, 0x20, 0x31, 0x30, 0x2c, 0x20, 0x31,
 0x32, 0x31, 0x2c, 0x20, 0x38, 0x39, 0x2c, 0x20,
 0x31, 0x30, 0x36, 0x2c, 0x20, 0x37, 0x34, 0x5d,
 0x2e, 0x69, 0x6e, 0x64, 0x65, 0x78, 0x4f, 0x66,
 0x28, 0x62, 0x29, 0x20, 0x21, 0x3d, 0x20, 0x2d,
 0x31, 0x29, 0x20, 0x72, 0x65, 0x74, 0x75, 0x72,
 0x6e, 0x20, 0x30, 0x3b, 0x0a, 0x20, 0x20, 0x20,
 0x20, 0x20, 0x20, 0x69, 0x66, 0x28, 0x5b, 0x31,
 0x31, 0x33, 0x2c, 0x20, 0x38, 0x31, 0x2c, 0x20,
 0x31, 0x31, 0x35, 0x2c, 0x20, 0x38, 0x33, 0x5d,
 0x2e, 0x69, 0x6e, 0x64, 0x65, 0x78, 0x4f, 0x66,
 0x28, 0x62, 0x29, 0x20, 0x21, 0x3d, 0x20, 0x2d,
 0x31, 0x29, 0x20, 0x72, 0x65, 0x74, 0x75, 0x72,
 0x6e, 0x20, 0x2d, 0x31, 0x3b, 0x0a, 0x20, 0x20,
 0x20, 0x20, 0x7d, 0x0a, 0x20, 0x20, 0x7d, 0x0a,
 0x7d, 0x0c, 0x43, 0x0a, 0x01, 0xe4, 0x04, 0x02,
 0x02, 0x02, 0x03, 0x00, 0x01, 0x00, 0x47, 0x04,
 0xb6, 0x06, 0x00, 0x01, 0x00, 0x82, 0x0b, 0x00,
 0x01, 0x00, 0xaa, 0x0b, 0x01, 0x00, 0x20, 0xa6,
 0x07, 0x01, 0x01, 0x20, 0xa0, 0x04, 0x1c, 0x1a,
 0x60, 0x01, 0x00, 0x60, 0x00, 0x00, 0x06, 0xc9,
 0x06, 0xca, 0x64, 0x00, 0x00, 0xd1, 0x04, 0xd7,
 0x02, 0x00, 0x00, 0xf0, 0x11, 0x62, 0x00, 0x00,
 0xea, 0x2a, 0x61, 0x00, 0x00, 0x41, 0x0b, 0x01,
 0x00, 0x00, 0xd2, 0x24, 0x01, 0x00, 0x0e, 0x61,
 0x00, 0x00, 0x41, 0x51, 0x03, 0x00, 0x00, 0x24,
 0x00, 0x00, 0x11, 0x62, 0x01, 0x00, 0x0e, 0x61,
 0x00, 0x00, 0x41, 0xd8, 0x02, 0x00, 0x00, 0x24,
 0x00, 0x00, 0x0e, 0x61, 0x01, 0x00, 0x28, 0xca,
 0x03, 0xf9, 0x11, 0x01, 0x0e, 0x46, 0x28, 0x44,
 0x1f, 0x2a, 0x0e, 0x1c, 0x0d, 0x2a, 0x0c, 0x2b,
 0x0b, 0x2a, 0x04, 0x9d, 0x01, 0x66, 0x75, 0x6e,
 0x63, 0x74, 0x69, 0x6f, 0x6e, 0x20, 0x73, 0x61,
 0x76, 0x65, 0x46, 0x69, 0x6c, 0x65, 0x28, 0x66,
 0x69, 0x6c, 0x65, 0x6e, 0x61, 0x6d, 0x65, 0x2c,
 0x20, 0x64, 0x61, 0x74, 0x61, 0x29, 0x20, 0x7b,
 0x0a, 0x20, 0x20, 0x6c, 0x65, 0x74, 0x20, 0x66,
 0x2c, 0x20, 0x72, 0x3b, 0x0a, 0x0a, 0x20, 0x20,
 0x69, 0x66, 0x28, 0x28, 0x66, 0x20, 0x3d, 0x20,
 0x66, 0x6f, 0x70, 0x65, 0x6e, 0x53, 0x79, 0x6e,
 0x63, 0x28, 0x66, 0x69, 0x6c, 0x65, 0x6e, 0x61,
 0x6d, 0x65, 0x2c, 0x20, 0x27, 0x77, 0x2b, 0x27,
 0x29, 0x29, 0x29, 0x20, 0x7b, 0x0a, 0x20, 0x20,
 0x20, 0x20, 0x66, 0x2e, 0x70, 0x75, 0x74, 0x73,
 0x28, 0x64, 0x61, 0x74, 0x61, 0x29, 0x3b, 0x0a,
 0x20, 0x20, 0x20, 0x20, 0x72, 0x20, 0x3d, 0x20,
 0x66, 0x2e, 0x74, 0x65, 0x6c, 0x6c, 0x28, 0x29,
 0x3b, 0x0a, 0x20, 0x20, 0x20, 0x20, 0x66, 0x2e,
 0x63, 0x6c, 0x6f, 0x73, 0x65, 0x28, 0x29, 0x3b,
 0x0a, 0x20, 0x20, 0x7d, 0x0a, 0x20, 0x20, 0x72,
 0x65, 0x74, 0x75, 0x72, 0x6e, 0x20, 0x72, 0x3b,
 0x0a, 0x7d, 0x0c, 0x41, 0x0a, 0x01, 0xe6, 0x04,
 0x04, 0x05, 0x00, 0x0a, 0x03, 0x00, 0x03, 0x95,
 0x01, 0x09, 0xae, 0x01, 0x00, 0x01, 0x00, 0xf4,
 0x08, 0x00, 0x01, 0x40, 0x00, 0xca, 0x06, 0x00,
 0x01, 0x40, 0x02, 0xf0, 0x0b, 0x00, 0x01, 0x00,
 0xae, 0x01, 0x01, 0xff, 0xff, 0xff, 0xff, 0x0f,
 0x20, 0xf4, 0x08, 0x01, 0x01, 0x20, 0xca, 0x06,
 0x01, 0x02, 0x20, 0xf0, 0x0b, 0x01, 0x03, 0x20,
 0xfc, 0x08, 0x03, 0x00, 0x70, 0x01, 0x0c, 0x42,
 0x0a, 0x01, 0x00, 0x02, 0x00, 0x02, 0x00, 0x00,
 0x00, 0x00, 0x01, 0x02, 0xfc, 0x08, 0x00, 0x01,
 0x00, 0x82, 0x01, 0x00, 0x01, 0x00, 0x29, 0xca,
 0x03, 0x84, 0x12, 0x33, 0x00, 0x13, 0x28, 0x70,
 0x72, 0x6f, 0x70, 0x2c, 0x20, 0x76, 0x61, 0x6c,
 0x75, 0x65, 0x29, 0x20, 0x3d, 0x3e, 0x20, 0x7b,
 0x7d, 0x0c, 0x42, 0x0a, 0x01, 0x00, 0x00, 0x00,
 0x00, 0x02, 0x00, 0x02, 0x00, 0x06, 0x00, 0xf4,
 0x08, 0x01, 0x01, 0xfc, 0x08, 0x04, 0x18, 0xdd,
 0x64, 0x01, 0x00, 0x46, 0x28, 0xca, 0x03, 0x89,
 0x12, 0x0c, 0x00, 0x0f, 0x28, 0x29, 0x20, 0x3d,
 0x3e, 0x20, 0x6f, 0x62, 0x6a, 0x5b, 0x70, 0x72,
 0x6f, 0x70, 0x5d, 0x0c, 0x42, 0x0a, 0x01, 0x00,
 0x01, 0x01, 0x01, 0x04, 0x00, 0x03, 0x00, 0x35,
 0x02, 0x82, 0x01, 0x00, 0x01, 0x00, 0xa6, 0x07,
 0x01, 0x00, 0x20, 0xca, 0x06, 0x02, 0x01, 0xfc,
 0x08, 0x04, 0x18, 0xf4, 0x08, 0x01, 0x01, 0x60,
 0x00, 0x00, 0xdd, 0x64, 0x01, 0x00, 0xd1, 0xdf,
 0xf1, 0xc9, 0x61, 0x00, 0x00, 0x09, 0xae, 0xea,
 0x13, 0xdf, 0x64, 0x01, 0x00, 0x1b, 0x11, 0xaf,
 0xeb, 0x04, 0x1b, 0x70, 0x1b, 0x1b, 0xd1, 0x1b,
 0x70, 0x1b, 0x48, 0x61, 0x00, 0x00, 0xf5, 0xea,
 0x0b, 0x61, 0x00, 0x00, 0x64, 0x01, 0x00, 0xd1,
 0xdf, 0xf1, 0x0e, 0x29, 0xca, 0x03, 0x8a, 0x12,
 0x0c, 0x0c, 0x17, 0x10, 0x35, 0x03, 0x16, 0x0e,
 0x6c, 0x01, 0x11, 0x18, 0x11, 0x04, 0x9b, 0x01,
 0x76, 0x61, 0x6c, 0x75, 0x65, 0x20, 0x3d, 0x3e,
 0x20, 0x7b, 0x0a, 0x20, 0x20, 0x20, 0x20, 0x20,
 0x20, 0x20, 0x20, 0x6c, 0x65, 0x74, 0x20, 0x72,
 0x20, 0x3d, 0x20, 0x66, 0x6e, 0x28, 0x70, 0x72,
 0x6f, 0x70, 0x2c, 0x20, 0x76, 0x61, 0x6c, 0x75,
 0x65, 0x2c, 0x20, 0x6f, 0x62, 0x6a, 0x29, 0x3b,
 0x0a, 0x20, 0x20, 0x20, 0x20, 0x20, 0x20, 0x20,
 0x20, 0x69, 0x66, 0x28, 0x72, 0x20, 0x21, 0x3d,
 0x3d, 0x20, 0x66, 0x61, 0x6c, 0x73, 0x65, 0x29,
 0x20, 0x6f, 0x62, 0x6a, 0x5b, 0x70, 0x72, 0x6f,
 0x70, 0x5d, 0x20, 0x3d, 0x20, 0x76, 0x61, 0x6c,
 0x75, 0x65, 0x3b, 0x0a, 0x20, 0x20, 0x20, 0x20,
 0x20, 0x20, 0x20, 0x20, 0x69, 0x66, 0x28, 0x74,
 0x79, 0x70, 0x65, 0x6f, 0x66, 0x20, 0x72, 0x20,
 0x3d, 0x3d, 0x20, 0x27, 0x66, 0x75, 0x6e, 0x63,
 0x74, 0x69, 0x6f, 0x6e, 0x27, 0x29, 0x20, 0x72,
 0x28, 0x70, 0x72, 0x6f, 0x70, 0x2c, 0x20, 0x76,
 0x61, 0x6c, 0x75, 0x65, 0x2c, 0x20, 0x6f, 0x62,
 0x6a, 0x29, 0x3b, 0x0a, 0x20, 0x20, 0x20, 0x20,
 0x20, 0x20, 0x7d, 0x60, 0x03, 0x00, 0x60, 0x02,
 0x00, 0x60, 0x01, 0x00, 0x60, 0x00, 0x00, 0xd1,
 0x11, 0xf2, 0xea, 0x04, 0x0e, 0x0b, 0xd9, 0xc9,
 0xd2, 0xca, 0xd3, 0x11, 0xf2, 0xea, 0x0a, 0x0e,
 0xbf, 0x00, 0x4c, 0xa5, 0x01, 0x00, 0x00, 0xdb,
 0xcb, 0xd4, 0x11, 0xf2, 0xea, 0x04, 0x0e, 0x0b,
 0xdc, 0xcc, 0x0b, 0x09, 0x4b, 0x40, 0x00, 0x00,
 0x00, 0xd4, 0x07, 0x52, 0x06, 0x0e, 0x0e, 0xd8,
 0x60, 0x04, 0x00, 0x38, 0x96, 0x00, 0x00, 0x00,
 0x41, 0x46, 0x02, 0x00, 0x00, 0xd2, 0x24, 0x01,
 0x00, 0x67, 0x04, 0x00, 0x7d, 0xec, 0x37, 0xc2,
 0x04, 0x38, 0x96, 0x00, 0x00, 0x00, 0x41, 0x66,
 0x00, 0x00, 0x00, 0xd1, 0x61, 0x04, 0x00, 0x0b,
 0xd4, 0x07, 0x52, 0x06, 0x0e, 0x0e, 0xbf, 0x01,
 0x4c, 0x42, 0x00, 0x00, 0x00, 0x4b, 0x42, 0x00,
 0x00, 0x00, 0xbf, 0x02, 0x4c, 0x43, 0x00, 0x00,
 0x00, 0x4b, 0x43, 0x00, 0x00, 0x00, 0x24, 0x03,
 0x00, 0x0e, 0x67, 0x04, 0x00, 0x80, 0x00, 0xea,
 0xc7, 0x0e, 0x83, 0x67, 0x04, 0x00, 0xd1, 0x28,
 0xca, 0x03, 0x84, 0x12, 0x01, 0x08, 0xee, 0x04,
 0x8a, 0x5a, 0x3f, 0x55, 0x34, 0x2c, 0xcf, 0x03,
 0x66, 0x75, 0x6e, 0x63, 0x74, 0x69, 0x6f, 0x6e,
 0x20, 0x6f, 0x62, 0x73, 0x65, 0x72, 0x76, 0x65,
 0x50, 0x72, 0x6f, 0x70, 0x65, 0x72, 0x74, 0x69,
 0x65, 0x73, 0x28, 0x74, 0x61, 0x72, 0x67, 0x65,
 0x74, 0x20, 0x3d, 0x20, 0x7b, 0x7d, 0x2c, 0x20,
 0x6f, 0x62, 0x6a, 0x2c, 0x20, 0x66, 0x6e, 0x20,
 0x3d, 0x20, 0x28, 0x70, 0x72, 0x6f, 0x70, 0x2c,
 0x20, 0x76, 0x61, 0x6c, 0x75, 0x65, 0x29, 0x20,
 0x3d, 0x3e, 0x20, 0x7b, 0x7d, 0x2c, 0x20, 0x6f,
 0x70, 0x74, 0x73, 0x20, 0x3d, 0x20, 0x7b, 0x7d,
 0x29, 0x20, 0x7b, 0x0a, 0x20, 0x20, 0x6f, 0x70,
 0x74, 0x73, 0x20, 0x3d, 0x20, 0x7b, 0x20, 0x65,
 0x6e, 0x75, 0x6d, 0x65, 0x72, 0x61, 0x62, 0x6c,
 0x65, 0x3a, 0x20, 0x66, 0x61, 0x6c, 0x73, 0x65,
 0x2c, 0x20, 0x2e, 0x2e, 0x2e, 0x6f, 0x70, 0x74,
 0x73, 0x20, 0x7d, 0x3b, 0x0a, 0x20, 0x20, 0x66,
 0x6f, 0x72, 0x28, 0x63, 0x6f, 0x6e, 0x73, 0x74,
 0x20, 0x70, 0x72, 0x6f, 0x70, 0x20, 0x6f, 0x66,
 0x20, 0x4f, 0x62, 0x6a, 0x65, 0x63, 0x74, 0x2e,
 0x67, 0x65, 0x74, 0x4f, 0x77, 0x6e, 0x50, 0x72,
 0x6f, 0x70, 0x65, 0x72, 0x74, 0x79, 0x4e, 0x61,
 0x6d, 0x65, 0x73, 0x28, 0x6f, 0x62, 0x6a, 0x29,
 0x29, 0x20, 0x7b, 0x0a, 0x20, 0x20, 0x20, 0x20,
 0x4f, 0x62, 0x6a, 0x65, 0x63, 0x74, 0x2e, 0x64,
 0x65, 0x66, 0x69, 0x6e, 0x65, 0x50, 0x72, 0x6f,
 0x70, 0x65, 0x72, 0x74, 0x79, 0x28, 0x74, 0x61,
 0x72, 0x67, 0x65, 0x74, 0x2c, 0x20, 0x70, 0x72,
 0x6f, 0x70, 0x2c, 0x20, 0x7b, 0x0a, 0x20, 0x20,
 0x20, 0x20, 0x20, 0x20, 0x2e, 0x2e, 0x2e, 0x6f,
 0x70, 0x74, 0x73, 0x2c, 0x0a, 0x20, 0x20, 0x20,
 0x20, 0x20, 0x20, 0x67, 0x65, 0x74, 0x3a, 0x20,
 0x28, 0x29, 0x20, 0x3d, 0x3e, 0x20, 0x6f, 0x62,
 0x6a, 0x5b, 0x70, 0x72, 0x6f, 0x70, 0x5d, 0x2c,
 0x0a, 0x20, 0x20, 0x20, 0x20, 0x20, 0x20, 0x73,
 0x65, 0x74, 0x3a, 0x20, 0x76, 0x61, 0x6c, 0x75,
 0x65, 0x20, 0x3d, 0x3e, 0x20, 0x7b, 0x0a, 0x20,
 0x20, 0x20, 0x20, 0x20, 0x20, 0x20, 0x20, 0x6c,
 0x65, 0x74, 0x20, 0x72, 0x20, 0x3d, 0x20, 0x66,
 0x6e, 0x28, 0x70, 0x72, 0x6f, 0x70, 0x2c, 0x20,
 0x76, 0x61, 0x6c, 0x75, 0x65, 0x2c, 0x20, 0x6f,
 0x62, 0x6a, 0x29, 0x3b, 0x0a, 0x20, 0x20, 0x20,
 0x20, 0x20, 0x20, 0x20, 0x20, 0x69, 0x66, 0x28,
 0x72, 0x20, 0x21, 0x3d, 0x3d, 0x20, 0x66, 0x61,
 0x6c, 0x73, 0x65, 0x29, 0x20, 0x6f, 0x62, 0x6a,
 0x5b, 0x70, 0x72, 0x6f, 0x70, 0x5d, 0x20, 0x3d,
 0x20, 0x76, 0x61, 0x6c, 0x75, 0x65, 0x3b, 0x0a,
 0x20, 0x20, 0x20, 0x20, 0x20, 0x20, 0x20, 0x20,
 0x69, 0x66, 0x28, 0x74, 0x79, 0x70, 0x65, 0x6f,
 0x66, 0x20, 0x72, 0x20, 0x3d, 0x3d, 0x20, 0x27,
 0x66, 0x75, 0x6e, 0x63, 0x74, 0x69, 0x6f, 0x6e,
 0x27, 0x29, 0x20, 0x72, 0x28, 0x70, 0x72, 0x6f,
 0x70, 0x2c, 0x20, 0x76, 0x61, 0x6c, 0x75, 0x65,
 0x2c, 0x20, 0x6f, 0x62, 0x6a, 0x29, 0x3b, 0x0a,
 0x20, 0x20, 0x20, 0x20, 0x20, 0x20, 0x7d, 0x2c,
 0x0a, 0x20, 0x20, 0x20, 0x20, 0x7d, 0x29, 0x3b,
 0x0a, 0x20, 0x20, 0x7d, 0x0a, 0x20, 0x20, 0x72,
 0x65, 0x74, 0x75, 0x72, 0x6e, 0x20, 0x74, 0x61,
 0x72, 0x67, 0x65, 0x74, 0x3b, 0x0a, 0x7d, 0x0c,
 0x43, 0x0a, 0x01, 0xe8, 0x04, 0x03, 0x03, 0x03,
 0x08, 0x01, 0x04, 0x01, 0x5d, 0x06, 0xa4, 0x0d,
 0x00, 0x01, 0x00, 0xba, 0x0b, 0x00, 0x01, 0x00,
 0xb6, 0x06, 0x00, 0x01, 0x40, 0x00, 0x82, 0x0b,
 0x01, 0x00, 0x20, 0xa6, 0x0d, 0x01, 0x01, 0x20,
 0x82, 0x07, 0x03, 0x02, 0x03, 0xe4, 0x04, 0x41,
 0x02, 0xd2, 0x03, 0x14, 0x1a, 0x90, 0x04, 0x1b,
 0x1a, 0xe6, 0x04, 0x42, 0x02, 0x0c, 0x42, 0x0a,
 0x01, 0x00, 0x03, 0x00, 0x03, 0x01, 0x00, 0x03,
 0x01, 0x03, 0x03, 0xfc, 0x08, 0x00, 0x01, 0x00,
 0x82, 0x01, 0x00, 0x01, 0x00, 0xf4, 0x08, 0x00,
 0x01, 0x00, 0xe4, 0x04, 0x00, 0x02, 0xb6, 0x06,
 0x02, 0x01, 0xd2, 0x03, 0x01, 0x1a, 0x0c, 0x42,
 0x0a, 0x01, 0x00, 0x03, 0x00, 0x03, 0x07, 0x00,
 0x03, 0x00, 0x29, 0x03, 0xfc, 0x08, 0x00, 0x01,
 0x00, 0x82, 0x01, 0x00, 0x01, 0x00, 0xf4, 0x08,
 0x00, 0x01, 0x00, 0xe4, 0x04, 0x00, 0x02, 0xb6,
 0x06, 0x01, 0x02, 0xd2, 0x03, 0x02, 0x1a, 0xdd,
 0xde, 0x04, 0x9e, 0x01, 0x00, 0x00, 0x64, 0x02,
 0x00, 0xd3, 0x0b, 0x09, 0x4b, 0x17, 0x01, 0x00,
 0x00, 0x0a, 0x4b, 0x9f, 0x01, 0x00, 0x00, 0xb5,
 0x4b, 0xa0, 0x01, 0x00, 0x00, 0xf0, 0x9c, 0x04,
 0xa4, 0x01, 0x00, 0x00, 0x9c, 0x23, 0x02, 0x00,
 0xca, 0x03, 0x9d, 0x12, 0x46, 0x08, 0x07, 0x3e,
 0x20, 0x20, 0x11, 0x10, 0x70, 0x72, 0x76, 0x28,
 0x70, 0x72, 0x6f, 0x70, 0x2c, 0x20, 0x76, 0x61,
 0x6c, 0x75, 0x65, 0x2c, 0x20, 0x6f, 0x62, 0x6a,
 0x29, 0x20, 0x3d, 0x3e, 0x20, 0x73, 0x61, 0x76,
 0x65, 0x46, 0x69, 0x6c, 0x65, 0x28, 0x66, 0x69,
 0x6c, 0x65, 0x6e, 0x61, 0x6d, 0x65, 0x2c, 0x20,
 0x27, 0x28, 0x27, 0x20, 0x2b, 0x20, 0x69, 0x6e,
 0x73, 0x70, 0x65, 0x63, 0x74, 0x28, 0x6f, 0x62,
 0x6a, 0x2c, 0x20, 0x7b, 0x20, 0x63, 0x6f, 0x6c,
 0x6f, 0x72, 0x73, 0x3a, 0x20, 0x66, 0x61, 0x6c,
 0x73, 0x65, 0x2c, 0x20, 0x72, 0x65, 0x70, 0x61,
 0x72, 0x73, 0x65, 0x61, 0x62, 0x6c, 0x65, 0x3a,
 0x20, 0x74, 0x72, 0x75, 0x65, 0x2c, 0x20, 0x63,
 0x6f, 0x6d, 0x70, 0x61, 0x63, 0x74, 0x3a, 0x20,
 0x31, 0x20, 0x7d, 0x29, 0x20, 0x2b, 0x20, 0x27,
 0x29, 0x5c, 0x6e, 0x27, 0x29, 0xbf, 0x00, 0x28,
 0xca, 0x03, 0x9d, 0x12, 0x30, 0x00, 0x8c, 0x01,
 0x28, 0x70, 0x72, 0x6f, 0x70, 0x2c, 0x20, 0x76,
 0x61, 0x6c, 0x75, 0x65, 0x2c, 0x20, 0x6f, 0x62,
 0x6a, 0x29, 0x20, 0x3d, 0x3e, 0x20, 0x28, 0x70,
 0x72, 0x6f, 0x70, 0x2c, 0x20, 0x76, 0x61, 0x6c,
 0x75, 0x65, 0x2c, 0x20, 0x6f, 0x62, 0x6a, 0x29,
 0x20, 0x3d, 0x3e, 0x20, 0x73, 0x61, 0x76, 0x65,
 0x46, 0x69, 0x6c, 0x65, 0x28, 0x66, 0x69, 0x6c,
 0x65, 0x6e, 0x61, 0x6d, 0x65, 0x2c, 0x20, 0x27,
 0x28, 0x27, 0x20, 0x2b, 0x20, 0x69, 0x6e, 0x73,
 0x70, 0x65, 0x63, 0x74, 0x28, 0x6f, 0x62, 0x6a,
 0x2c, 0x20, 0x7b, 0x20, 0x63, 0x6f, 0x6c, 0x6f,
 0x72, 0x73, 0x3a, 0x20, 0x66, 0x61, 0x6c, 0x73,
 0x65, 0x2c, 0x20, 0x72, 0x65, 0x70, 0x61, 0x72,
 0x73, 0x65, 0x61, 0x62, 0x6c, 0x65, 0x3a, 0x20,
 0x74, 0x72, 0x75, 0x65, 0x2c, 0x20, 0x63, 0x6f,
 0x6d, 0x70, 0x61, 0x63, 0x74, 0x3a, 0x20, 0x31,
 0x20, 0x7d, 0x29, 0x20, 0x2b, 0x20, 0x27, 0x29,
 0x5c, 0x6e, 0x27, 0x29, 0x60, 0x01, 0x00, 0x60,
 0x00, 0x00, 0x06, 0xc9, 0xd1, 0xd2, 0x46, 0xca,
 0x6b, 0x25, 0x00, 0x00, 0x00, 0x64, 0x02, 0x00,
 0xd3, 0xef, 0x11, 0x62, 0x00, 0x00, 0x0e, 0x38,
 0x96, 0x00, 0x00, 0x00, 0x41, 0x54, 0x03, 0x00,
 0x00, 0x61, 0x01, 0x00, 0x61, 0x00, 0x00, 0x24,
 0x02, 0x00, 0x0e, 0x0e, 0xec, 0x0b, 0xcb, 0x6b,
 0x07, 0x00, 0x00, 0x00, 0x0e, 0xec, 0x02, 0x30,
 0xd1, 0xd2, 0x1b, 0x11, 0xaf, 0xeb, 0x04, 0x1b,
 0x70, 0x1b, 0x1b, 0xe0, 0x0b, 0x61, 0x01, 0x00,
 0xbf, 0x00, 0x0b, 0x0a, 0x4b, 0x40, 0x00, 0x00,
 0x00, 0x22, 0x04, 0x00, 0x1b, 0x70, 0x1b, 0x48,
 0x29, 0xca, 0x03, 0x94, 0x12, 0x01, 0x0e, 0x00,
 0x11, 0x0a, 0x08, 0x11, 0x24, 0x26, 0x23, 0x34,
 0x1c, 0x78, 0x1f, 0x3e, 0x1c, 0x91, 0x03, 0x66,
 0x75, 0x6e, 0x63, 0x74, 0x69, 0x6f, 0x6e, 0x20,
 0x6c, 0x6f, 0x61, 0x64, 0x53, 0x61, 0x76, 0x65,
 0x4f, 0x62, 0x6a, 0x65, 0x63, 0x74, 0x28, 0x70,
 0x61, 0x72, 0x65, 0x6e, 0x74, 0x2c, 0x20, 0x6b,
 0x65, 0x79, 0x2c, 0x20, 0x66, 0x69, 0x6c, 0x65,
 0x6e, 0x61, 0x6d, 0x65, 0x29, 0x20, 0x7b, 0x0a,
 0x20, 0x20, 0x6c, 0x65, 0x74, 0x20, 0x64, 0x61,
 0x74, 0x61, 0x2c, 0x0a, 0x20, 0x20, 0x20, 0x20,
 0x6f, 0x72, 0x69, 0x67, 0x4f, 0x62, 0x6a, 0x20,
 0x3d, 0x20, 0x70, 0x61, 0x72, 0x65, 0x6e, 0x74,
 0x5b, 0x6b, 0x65, 0x79, 0x5d, 0x3b, 0x0a, 0x0a,
 0x20, 0x20, 0x74, 0x72, 0x79, 0x20, 0x7b, 0x0a,
 0x20, 0x20, 0x20, 0x20, 0x64, 0x61, 0x74, 0x61,
 0x20, 0x3d, 0x20, 0x6c, 0x6f, 0x61, 0x64, 0x53,
 0x63, 0x72, 0x69, 0x70, 0x74, 0x28, 0x66, 0x69,
 0x6c, 0x65, 0x6e, 0x61, 0x6d, 0x65, 0x29, 0x3b,
 0x0a, 0x20, 0x20, 0x20, 0x20, 0x4f, 0x62, 0x6a,
 0x65, 0x63, 0x74, 0x2e, 0x61, 0x73, 0x73, 0x69,
 0x67, 0x6e, 0x28, 0x6f, 0x72, 0x69, 0x67, 0x4f,
 0x62, 0x6a, 0x2c, 0x20, 0x64, 0x61, 0x74, 0x61,
 0x29, 0x3b, 0x0a, 0x20, 0x20, 0x7d, 0x20, 0x63,
 0x61, 0x74, 0x63, 0x68, 0x28, 0x65, 0x29, 0x20,
 0x7b, 0x7d, 0x0a, 0x0a, 0x20, 0x20, 0x70, 0x61,
 0x72, 0x65, 0x6e, 0x74, 0x5b, 0x6b, 0x65, 0x79,
 0x5d, 0x20, 0x3d, 0x20, 0x6f, 0x62, 0x73, 0x65,
 0x72, 0x76, 0x65, 0x50, 0x72, 0x6f, 0x70, 0x65,
 0x72, 0x74, 0x69, 0x65, 0x73, 0x28, 0x7b, 0x7d,
 0x2c, 0x20, 0x6f, 0x72, 0x69, 0x67, 0x4f, 0x62,
 0x6a, 0x2c, 0x20, 0x28, 0x70, 0x72, 0x6f, 0x70,
 0x2c, 0x20, 0x76, 0x61, 0x6c, 0x75, 0x65, 0x2c,
 0x20, 0x6f, 0x62, 0x6a, 0x29, 0x20, 0x3d, 0x3e,
 0x20, 0x28, 0x70, 0x72, 0x6f, 0x70, 0x2c, 0x20,
 0x76, 0x61, 0x6c, 0x75, 0x65, 0x2c, 0x20, 0x6f,
 0x62, 0x6a, 0x29, 0x20, 0x3d, 0x3e, 0x20, 0x73,
 0x61, 0x76, 0x65, 0x46, 0x69, 0x6c, 0x65, 0x28,
 0x66, 0x69, 0x6c, 0x65, 0x6e, 0x61, 0x6d, 0x65,
 0x2c, 0x20, 0x27, 0x28, 0x27, 0x20, 0x2b, 0x20,
 0x69, 0x6e, 0x73, 0x70, 0x65, 0x63, 0x74, 0x28,
 0x6f, 0x62, 0x6a, 0x2c, 0x20, 0x7b, 0x20, 0x63,
 0x6f, 0x6c, 0x6f, 0x72, 0x73, 0x3a, 0x20, 0x66,
 0x61, 0x6c, 0x73, 0x65, 0x2c, 0x20, 0x72, 0x65,
 0x70, 0x61, 0x72, 0x73, 0x65, 0x61, 0x62, 0x6c,
 0x65, 0x3a, 0x20, 0x74, 0x72, 0x75, 0x65, 0x2c,
 0x20, 0x63, 0x6f, 0x6d, 0x70, 0x61, 0x63, 0x74,
 0x3a, 0x20, 0x31, 0x20, 0x7d, 0x29, 0x20, 0x2b,
 0x20, 0x27, 0x29, 0x5c, 0x6e, 0x27, 0x29, 0x2c,
 0x20, 0x7b, 0x0a, 0x20, 0x20, 0x20, 0x20, 0x65,
 0x6e, 0x75, 0x6d, 0x65, 0x72, 0x61, 0x62, 0x6c,
 0x65, 0x3a, 0x20, 0x74, 0x72, 0x75, 0x65, 0x2c,
 0x0a, 0x20, 0x20, 0x7d, 0x29, 0x3b, 0x0a, 0x7d,
 0x0c, 0x43, 0x0a, 0x01, 0xea, 0x04, 0x01, 0x00,
 0x01, 0x03, 0x01, 0x01, 0x01, 0x0c, 0x01, 0xf6,
 0x04, 0x00, 0x01, 0x40, 0x00, 0x88, 0x04, 0x15,
 0x1a, 0x0c, 0x42, 0x0a, 0x01, 0x00, 0x01, 0x00,
 0x01, 0x03, 0x01, 0x02, 0x01, 0x09, 0x01, 0x84,
 0x02, 0x00, 0x01, 0x40, 0x00, 0x88, 0x04, 0x00,
 0x1a, 0xf6, 0x04, 0x00, 0x01, 0x0c, 0x42, 0x0a,
 0x01, 0x00, 0x00, 0x00, 0x00, 0x03, 0x00, 0x03,
 0x00, 0x0c, 0x00, 0x88, 0x04, 0x00, 0x1a, 0xf6,
 0x04, 0x01, 0x02, 0x84, 0x02, 0x00, 0x01, 0x64,
 0x00, 0x00, 0xde, 0x07, 0xf0, 0x0e, 0xdf, 0xde,
 0x23, 0x01, 0x00, 0xca, 0x03, 0xa3, 0x12, 0x34,
 0x04, 0x11, 0x2c, 0x1b, 0x26, 0x2d, 0x28, 0x29,
 0x20, 0x3d, 0x3e, 0x20, 0x28, 0x73, 0x65, 0x74,
 0x52, 0x65, 0x61, 0x64, 0x48, 0x61, 0x6e, 0x64,
 0x6c, 0x65, 0x72, 0x28, 0x66, 0x64, 0x2c, 0x20,
 0x6e, 0x75, 0x6c, 0x6c, 0x29, 0x2c, 0x20, 0x72,
 0x65, 0x73, 0x6f, 0x6c, 0x76, 0x65, 0x28, 0x66,
 0x64, 0x29, 0x29, 0x64, 0x00, 0x00, 0xde, 0xbf,
 0x00, 0x23, 0x02, 0x00, 0xca, 0x03, 0xa3, 0x12,
 0x16, 0x02, 0x11, 0x34, 0x4c, 0x72, 0x65, 0x73,
 0x6f, 0x6c, 0x76, 0x65, 0x20, 0x3d, 0x3e, 0x20,
 0x73, 0x65, 0x74, 0x52, 0x65, 0x61, 0x64, 0x48,
 0x61, 0x6e, 0x64, 0x6c, 0x65, 0x72, 0x28, 0x66,
 0x64, 0x2c, 0x20, 0x28, 0x29, 0x20, 0x3d, 0x3e,
 0x20, 0x28, 0x73, 0x65, 0x74, 0x52, 0x65, 0x61,
 0x64, 0x48, 0x61, 0x6e, 0x64, 0x6c, 0x65, 0x72,
 0x28, 0x66, 0x64, 0x2c, 0x20, 0x6e, 0x75, 0x6c,
 0x6c, 0x29, 0x2c, 0x20, 0x72, 0x65, 0x73, 0x6f,
 0x6c, 0x76, 0x65, 0x28, 0x66, 0x64, 0x29, 0x29,
 0x29, 0x38, 0xc6, 0x00, 0x00, 0x00, 0x11, 0xbf,
 0x00, 0x21, 0x01, 0x00, 0x28, 0xca, 0x03, 0xa2,
 0x12, 0x01, 0x02, 0x03, 0x1a, 0x7d, 0x66, 0x75,
 0x6e, 0x63, 0x74, 0x69, 0x6f, 0x6e, 0x20, 0x77,
 0x61, 0x69, 0x74, 0x52, 0x65, 0x61, 0x64, 0x28,
 0x66, 0x64, 0x29, 0x20, 0x7b, 0x0a, 0x20, 0x20,
 0x72, 0x65, 0x74, 0x75, 0x72, 0x6e, 0x20, 0x6e,
 0x65, 0x77, 0x20, 0x50, 0x72, 0x6f, 0x6d, 0x69,
 0x73, 0x65, 0x28, 0x72, 0x65, 0x73, 0x6f, 0x6c,
 0x76, 0x65, 0x20, 0x3d, 0x3e, 0x20, 0x73, 0x65,
 0x74, 0x52, 0x65, 0x61, 0x64, 0x48, 0x61, 0x6e,
 0x64, 0x6c, 0x65, 0x72, 0x28, 0x66, 0x64, 0x2c,
 0x20, 0x28, 0x29, 0x20, 0x3d, 0x3e, 0x20, 0x28,
 0x73, 0x65, 0x74, 0x52, 0x65, 0x61, 0x64, 0x48,
 0x61, 0x6e, 0x64, 0x6c, 0x65, 0x72, 0x28, 0x66,
 0x64, 0x2c, 0x20, 0x6e, 0x75, 0x6c, 0x6c, 0x29,
 0x2c, 0x20, 0x72, 0x65, 0x73, 0x6f, 0x6c, 0x76,
 0x65, 0x28, 0x66, 0x64, 0x29, 0x29, 0x29, 0x29,
 0x3b, 0x0a, 0x7d, 0x0c, 0x41, 0x0a, 0x01, 0xf8,
 0x03, 0x02, 0x05, 0x01, 0x0b, 0x00, 0x00, 0x00,
 0x9b, 0x01, 0x07, 0xf4, 0x08, 0x00, 0x01, 0x00,
 0x8e, 0x0c, 0x00, 0x01, 0x00, 0xfa, 0x08, 0x02,
 0x00, 0x30, 0xaa, 0x0d, 0x03, 0x01, 0x30, 0xfc,
 0x08, 0x04, 0x02, 0x30, 0x82, 0x07, 0x07, 0x03,
 0x03, 0x82, 0x07, 0x0a, 0x03, 0x03, 0x0d, 0x01,
 0x00, 0xd6, 0x60, 0x00, 0x00, 0xd2, 0x7d, 0xed,
 0x86, 0x00, 0xc9, 0x60, 0x01, 0x00, 0x38, 0x96,
 0x00, 0x00, 0x00, 0x41, 0x56, 0x03, 0x00, 0x00,
 0x61, 0x00, 0x00, 0x24, 0x01, 0x00, 0xca, 0x60,
 0x02, 0x00, 0x61, 0x01, 0x00, 0x7c, 0xec, 0x62,
 0xcb, 0x6b, 0x0d, 0x00, 0x00, 0x00, 0xd1, 0x61,
 0x02, 0x00, 0x97, 0x0e, 0x0e, 0xec, 0x0b, 0xcc,
 0x6b, 0x07, 0x00, 0x00, 0x00, 0x0e, 0xec, 0x02,
 0x30, 0x6b, 0x20, 0x00, 0x00, 0x00, 0x38, 0x96,
 0x00, 0x00, 0x00, 0x41, 0x66, 0x00, 0x00, 0x00,
 0xd1, 0x61, 0x02, 0x00, 0x61, 0x01, 0x00, 0x61,
 0x02, 0x00, 0x46, 0x24, 0x03, 0x00, 0x0e, 0x0e,
 0xec, 0x28, 0xc2, 0x04, 0x6b, 0x23, 0x00, 0x00,
 0x00, 0x38, 0xd2, 0x00, 0x00, 0x00, 0x11, 0x04,
 0x57, 0x03, 0x00, 0x00, 0x41, 0x5d, 0x00, 0x00,
 0x00, 0x61, 0x02, 0x00, 0x04, 0x58, 0x03, 0x00,
 0x00, 0x24, 0x02, 0x00, 0x21, 0x01, 0x00, 0x30,
 0x30, 0x7f, 0xea, 0x9d, 0x0e, 0x0e, 0x80, 0x00,
 0x68, 0x79, 0xff, 0xff, 0xff, 0x0e, 0x83, 0xd1,
 0x28, 0xca, 0x03, 0xa6, 0x12, 0x01, 0x0e, 0x86,
 0x64, 0x00, 0x16, 0x08, 0x53, 0x00, 0x18, 0x08,
 0x00, 0x34, 0x2c, 0x81, 0x17, 0x8f, 0x03, 0x66,
 0x75, 0x6e, 0x63, 0x74, 0x69, 0x6f, 0x6e, 0x20,
 0x64, 0x65, 0x66, 0x69, 0x6e, 0x65, 0x28, 0x6f,
 0x62, 0x6a, 0x2c, 0x20, 0x2e, 0x2e, 0x2e, 0x61,
 0x72, 0x67, 0x73, 0x29, 0x20, 0x7b, 0x0a, 0x20,
 0x20, 0x66, 0x6f, 0x72, 0x28, 0x63, 0x6f, 0x6e,
 0x73, 0x74, 0x20, 0x70, 0x72, 0x6f, 0x70, 0x73,
 0x20, 0x6f, 0x66, 0x20, 0x61, 0x72, 0x67, 0x73,
 0x29, 0x20, 0x7b, 0x0a, 0x20, 0x20, 0x20, 0x20,
 0x63, 0x6f, 0x6e, 0x73, 0x74, 0x20, 0x64, 0x65,
 0x73, 0x63, 0x20, 0x3d, 0x20, 0x4f, 0x62, 0x6a,
 0x65, 0x63, 0x74, 0x2e, 0x67, 0x65, 0x74, 0x4f,
 0x77, 0x6e, 0x50, 0x72, 0x6f, 0x70, 0x65, 0x72,
 0x74, 0x79, 0x44, 0x65, 0x73, 0x63, 0x72, 0x69,
 0x70, 0x74, 0x6f, 0x72, 0x73, 0x28, 0x70, 0x72,
 0x6f, 0x70, 0x73, 0x29, 0x3b, 0x0a, 0x0a, 0x20,
 0x20, 0x20, 0x20, 0x66, 0x6f, 0x72, 0x28, 0x63,
 0x6f, 0x6e, 0x73, 0x74, 0x20, 0x70, 0x72, 0x6f,
 0x70, 0x20, 0x69, 0x6e, 0x20, 0x64, 0x65, 0x73,
 0x63, 0x29, 0x20, 0x7b, 0x0a, 0x20, 0x20, 0x20,
 0x20, 0x20, 0x20, 0x74, 0x72, 0x79, 0x20, 0x7b,
 0x0a, 0x20, 0x20, 0x20, 0x20, 0x20, 0x20, 0x20,
 0x20, 0x64, 0x65, 0x6c, 0x65, 0x74, 0x65, 0x20,
 0x6f, 0x62, 0x6a, 0x5b, 0x70, 0x72, 0x6f, 0x70,
 0x5d, 0x3b, 0x0a, 0x20, 0x20, 0x20, 0x20, 0x20,
 0x20, 0x7d, 0x20, 0x63, 0x61, 0x74, 0x63, 0x68,
 0x28, 0x65, 0x29, 0x20, 0x7b, 0x7d, 0x0a, 0x0a,
 0x20, 0x20, 0x20, 0x20, 0x20, 0x20, 0x74, 0x72,
 0x79, 0x20, 0x7b, 0x0a, 0x20, 0x20, 0x20, 0x20,
 0x20, 0x20, 0x20, 0x20, 0x4f, 0x62, 0x6a, 0x65,
 0x63, 0x74, 0x2e, 0x64, 0x65, 0x66, 0x69, 0x6e,
 0x65, 0x50, 0x72, 0x6f, 0x70, 0x65, 0x72, 0x74,
 0x79, 0x28, 0x6f, 0x62, 0x6a, 0x2c, 0x20, 0x70,
 0x72, 0x6f, 0x70, 0x2c, 0x20, 0x64, 0x65, 0x73,
 0x63, 0x5b, 0x70, 0x72, 0x6f, 0x70, 0x5d, 0x29,
 0x3b, 0x0a, 0x20, 0x20, 0x20, 0x20, 0x20, 0x20,
 0x7d, 0x20, 0x63, 0x61, 0x74, 0x63, 0x68, 0x28,
 0x65, 0x29, 0x20, 0x7b, 0x0a, 0x20, 0x20, 0x20,
 0x20, 0x20, 0x20, 0x20, 0x20, 0x74, 0x68, 0x72,
 0x6f, 0x77, 0x20, 0x6e, 0x65, 0x77, 0x20, 0x54,
 0x79, 0x70, 0x65, 0x45, 0x72, 0x72, 0x6f, 0x72,
 0x28, 0x60, 0x70, 0x72, 0x6f, 0x70, 0x65, 0x72,
 0x74, 0x79, 0x20, 0x27, 0x24, 0x7b, 0x70, 0x72,
 0x6f, 0x70, 0x7d, 0x27, 0x20, 0x69, 0x73, 0x20,
 0x6e, 0x6f, 0x74, 0x20, 0x63, 0x6f, 0x6e, 0x66,
 0x69, 0x67, 0x75, 0x72, 0x61, 0x62, 0x6c, 0x65,
 0x60, 0x29, 0x3b, 0x0a, 0x20, 0x20, 0x20, 0x20,
 0x20, 0x20, 0x7d, 0x0a, 0x20, 0x20, 0x20, 0x20,
 0x7d, 0x0a, 0x20, 0x20, 0x7d, 0x0a, 0x0a, 0x20,
 0x20, 0x72, 0x65, 0x74, 0x75, 0x72, 0x6e, 0x20,
 0x6f, 0x62, 0x6a, 0x3b, 0x0a, 0x7d, 0x0c, 0x43,
 0x0a, 0x01, 0xec, 0x04, 0x03, 0x02, 0x03, 0x01,
 0x05, 0x00, 0x01, 0x0d, 0x05, 0xca, 0x06, 0x00,
 0x01, 0x40, 0x01, 0xb2, 0x0d, 0x00, 0x01, 0x40,
 0x02, 0xb4, 0x0d, 0x00, 0x01, 0x40, 0x04, 0xb6,
 0x0d, 0x01, 0x00, 0x60, 0x03, 0xb8, 0x0d, 0x01,
 0x01, 0x60, 0x00, 0x0c, 0x41, 0x0a, 0x01, 0x00,
 0x01, 0x01, 0x00, 0x04, 0x00, 0x05, 0x00, 0x3f,
 0x02, 0x8e, 0x0c, 0x00, 0x01, 0x00, 0x10, 0x00,
 0x01, 0x00, 0xb8, 0x0d, 0x01, 0x10, 0xca, 0x06,
 0x00, 0x01, 0xb2, 0x0d, 0x01, 0x01, 0xb6, 0x0d,
 0x00, 0x10, 0xb4, 0x0d, 0x02, 0x01, 0x08, 0xc9,
 0x0d, 0x00, 0x00, 0xd5, 0x64, 0x00, 0x00, 0x95,
 0xea, 0x1e, 0x0a, 0x11, 0x65, 0x00, 0x00, 0x0e,
 0xde, 0x41, 0x5b, 0x00, 0x00, 0x00, 0xdf, 0x11,
 0xeb, 0x03, 0x0e, 0xc5, 0xd1, 0x24, 0x02, 0x00,
 0x11, 0x65, 0x03, 0x00, 0x0e, 0xec, 0x13, 0x5d,
 0x04, 0x00, 0xf5, 0xea, 0x0d, 0x5d, 0x04, 0x00,
 0x64, 0x03, 0x00, 0xef, 0x11, 0x65, 0x03, 0x00,
 0x0e, 0x64, 0x03, 0x00, 0x28, 0xca, 0x03, 0xbe,
 0x12, 0x0a, 0x0c, 0x40, 0x05, 0x21, 0x00, 0x20,
 0x1e, 0x67, 0x14, 0x12, 0x31, 0x11, 0x1a, 0xc1,
 0x01, 0x66, 0x75, 0x6e, 0x63, 0x74, 0x69, 0x6f,
 0x6e, 0x28, 0x2e, 0x2e, 0x2e, 0x61, 0x72, 0x67,
 0x73, 0x29, 0x20, 0x7b, 0x0a, 0x20, 0x20, 0x20,
 0x20, 0x69, 0x66, 0x28, 0x21, 0x72, 0x61, 0x6e,
 0x29, 0x20, 0x7b, 0x0a, 0x20, 0x20, 0x20, 0x20,
 0x20, 0x20, 0x72, 0x61, 0x6e, 0x20, 0x3d, 0x20,
 0x74, 0x72, 0x75, 0x65, 0x3b, 0x0a, 0x20, 0x20,
 0x20, 0x20, 0x20, 0x20, 0x72, 0x65, 0x74, 0x20,
 0x3d, 0x20, 0x66, 0x6e, 0x2e, 0x61, 0x70, 0x70,
 0x6c, 0x79, 0x28, 0x74, 0x68, 0x69, 0x73, 0x41,
 0x72, 0x67, 0x20, 0x7c, 0x7c, 0x20, 0x74, 0x68,
 0x69, 0x73, 0x2c, 0x20, 0x61, 0x72, 0x67, 0x73,
 0x29, 0x3b, 0x0a, 0x20, 0x20, 0x20, 0x20, 0x7d,
 0x20, 0x65, 0x6c, 0x73, 0x65, 0x20, 0x69, 0x66,
 0x28, 0x74, 0x79, 0x70, 0x65, 0x6f, 0x66, 0x20,
 0x6d, 0x65, 0x6d, 0x6f, 0x46, 0x6e, 0x20, 0x3d,
 0x3d, 0x20, 0x27, 0x66, 0x75, 0x6e, 0x63, 0x74,
 0x69, 0x6f, 0x6e, 0x27, 0x29, 0x20, 0x7b, 0x0a,
 0x20, 0x20, 0x20, 0x20, 0x20, 0x20, 0x72, 0x65,
 0x74, 0x20, 0x3d, 0x20, 0x6d, 0x65, 0x6d, 0x6f,
 0x46, 0x6e, 0x28, 0x72, 0x65, 0x74, 0x29, 0x3b,
 0x0a, 0x20, 0x20, 0x20, 0x20, 0x7d, 0x0a, 0x20,
 0x20, 0x20, 0x20, 0x72, 0x65, 0x74, 0x75, 0x72,
 0x6e, 0x20, 0x72, 0x65, 0x74, 0x3b, 0x0a, 0x20,
 0x20, 0x7d, 0x60, 0x01, 0x00, 0x60, 0x00, 0x00,
 0x06, 0xc9, 0x09, 0xca, 0xbf, 0x00, 0x28, 0xca,
 0x03, 0xba, 0x12, 0x01, 0x00, 0x8f, 0x02, 0x66,
 0x75, 0x6e, 0x63, 0x74, 0x69, 0x6f, 0x6e, 0x20,
 0x6f, 0x6e, 0x63, 0x65, 0x28, 0x66, 0x6e, 0x2c,
 0x20, 0x74, 0x68, 0x69, 0x73, 0x41, 0x72, 0x67,
 0x2c, 0x20, 0x6d, 0x65, 0x6d, 0x6f, 0x46, 0x6e,
 0x29, 0x20, 0x7b, 0x0a, 0x20, 0x20, 0x6c, 0x65,
 0x74, 0x20, 0x72, 0x65, 0x74, 0x2c, 0x0a, 0x20,
 0x20, 0x20, 0x20, 0x72, 0x61, 0x6e, 0x20, 0x3d,
 0x20, 0x66, 0x61, 0x6c, 0x73, 0x65, 0x3b, 0x0a,
 0x0a, 0x20, 0x20, 0x72, 0x65, 0x74, 0x75, 0x72,
 0x6e, 0x20, 0x66, 0x75, 0x6e, 0x63, 0x74, 0x69,
 0x6f, 0x6e, 0x28, 0x2e, 0x2e, 0x2e, 0x61, 0x72,
 0x67, 0x73, 0x29, 0x20, 0x7b, 0x0a, 0x20, 0x20,
 0x20, 0x20, 0x69, 0x66, 0x28, 0x21, 0x72, 0x61,
 0x6e, 0x29, 0x20, 0x7b, 0x0a, 0x20, 0x20, 0x20,
 0x20, 0x20, 0x20, 0x72, 0x61, 0x6e, 0x20, 0x3d,
 0x20, 0x74, 0x72, 0x75, 0x65, 0x3b, 0x0a, 0x20,
 0x20, 0x20, 0x20, 0x20, 0x20, 0x72, 0x65, 0x74,
 0x20, 0x3d, 0x20, 0x66, 0x6e, 0x2e, 0x61, 0x70,
 0x70, 0x6c, 0x79, 0x28, 0x74, 0x68, 0x69, 0x73,
 0x41, 0x72, 0x67, 0x20, 0x7c, 0x7c, 0x20, 0x74,
 0x68, 0x69, 0x73, 0x2c, 0x20, 0x61, 0x72, 0x67,
 0x73, 0x29, 0x3b, 0x0a, 0x20, 0x20, 0x20, 0x20,
 0x7d, 0x20, 0x65, 0x6c, 0x73, 0x65, 0x20, 0x69,
 0x66, 0x28, 0x74, 0x79, 0x70, 0x65, 0x6f, 0x66,
 0x20, 0x6d, 0x65, 0x6d, 0x6f, 0x46, 0x6e, 0x20,
 0x3d, 0x3d, 0x20, 0x27, 0x66, 0x75, 0x6e, 0x63,
 0x74, 0x69, 0x6f, 0x6e, 0x27, 0x29, 0x20, 0x7b,
 0x0a, 0x20, 0x20, 0x20, 0x20, 0x20, 0x20, 0x72,
 0x65, 0x74, 0x20, 0x3d, 0x20, 0x6d, 0x65, 0x6d,
 0x6f, 0x46, 0x6e, 0x28, 0x72, 0x65, 0x74, 0x29,
 0x3b, 0x0a, 0x20, 0x20, 0x20, 0x20, 0x7d, 0x0a,
 0x20, 0x20, 0x20, 0x20, 0x72, 0x65, 0x74, 0x75,
 0x72, 0x6e, 0x20, 0x72, 0x65, 0x74, 0x3b, 0x0a,
 0x20, 0x20, 0x7d, 0x3b, 0x0a, 0x7d, 0x0c, 0x62,
 0x0a, 0x01, 0xdc, 0x03, 0x01, 0x05, 0x01, 0x0a,
 0x00, 0x02, 0x03, 0xe9, 0x01, 0x06, 0xba, 0x0d,
 0x00, 0x01, 0x00, 0xbc, 0x0d, 0x02, 0x00, 0x30,
 0x6e, 0x02, 0x01, 0x30, 0xa4, 0x0b, 0x03, 0x02,
 0x20, 0x8e, 0x09, 0x03, 0x03, 0x20, 0xca, 0x07,
 0x05, 0x04, 0x03, 0xee, 0x03, 0x07, 0x1a, 0xf0,
 0x03, 0x08, 0x1a, 0x07, 0x26, 0x28, 0x5b, 0x2a,
 0x21, 0x2c, 0x5d, 0x3f, 0x29, 0x28, 0x5b, 0x5e,
 0x2a, 0x21, 0x2c, 0x5d, 0x2b, 0x29, 0x2c, 0x3f,
 0x07, 0xf4, 0x01, 0x01, 0x00, 0x03, 0x00, 0x72,
 0x00, 0x00, 0x00, 0x09, 0x06, 0x00, 0x00, 0x00,
 0x05, 0x08, 0xf5, 0xff, 0xff, 0xff, 0x0c, 0x00,
 0x0c, 0x01, 0x1d, 0x10, 0x00, 0x00, 0x00, 0x00,
 0x00, 0x00, 0x00, 0x01, 0x00, 0x00, 0x00, 0x01,
 0x00, 0x00, 0x00, 0x16, 0x03, 0x00, 0x21, 0x00,
 0x21, 0x00, 0x2a, 0x00, 0x2a, 0x00, 0x2c, 0x00,
 0x2c, 0x00, 0x0b, 0x0d, 0x01, 0x0c, 0x02, 0x1d,
 0x14, 0x00, 0x00, 0x00, 0x01, 0x00, 0x00, 0x00,
 0xff, 0xff, 0xff, 0x7f, 0x01, 0x00, 0x00, 0x00,
 0x16, 0x04, 0x00, 0x00, 0x00, 0x20, 0x00, 0x22,
 0x00, 0x29, 0x00, 0x2b, 0x00, 0x2b, 0x00, 0x2d,
 0x00, 0xff, 0xff, 0x0b, 0x0d, 0x02, 0x1d, 0x03,
 0x00, 0x00, 0x00, 0x00, 0x00, 0x00, 0x00, 0x01,
 0x00, 0x00, 0x00, 0x01, 0x00, 0x00, 0x00, 0x01,
 0x2c, 0x0b, 0x0d, 0x00, 0x0b, 0x0c, 0x42, 0x0a,
 0x01, 0x00, 0x01, 0x00, 0x01, 0x03, 0x00, 0x00,
 0x00, 0x0a, 0x01, 0x94, 0x08, 0x00, 0x01, 0x00,
 0xd1, 0x41, 0x43, 0x02, 0x00, 0x00, 0xb5, 0x25,
 0x01, 0x00, 0xca, 0x03, 0xca, 0x12, 0x56, 0x02,
 0x20, 0x0e, 0x0f, 0x6d, 0x20, 0x3d, 0x3e, 0x20,
 0x6d, 0x2e, 0x73, 0x6c, 0x69, 0x63, 0x65, 0x28,
 0x31, 0x29, 0x60, 0x01, 0x00, 0x60, 0x00, 0x00,
 0x26, 0x00, 0x00, 0xb4, 0xd1, 0x41, 0x59, 0x02,
 0x00, 0x00, 0xbe, 0x00, 0xbe, 0x01, 0x34, 0x24,
 0x01, 0x00, 0x51, 0x0e, 0x41, 0x5a, 0x02, 0x00,
 0x00, 0xbf, 0x02, 0x24, 0x01, 0x00, 0x7d, 0xed,
 0xb8, 0x00, 0x7d, 0x80, 0x00, 0x0e, 0xc9, 0x80,
 0x00, 0x0e, 0xca, 0x83, 0x60, 0x03, 0x00, 0x60,
 0x02, 0x00, 0x06, 0xcb, 0x64, 0x00, 0x00, 0x61,
 0x01, 0x00, 0x64, 0x01, 0x00, 0x61, 0x01, 0x00,
 0xef, 0xf0, 0xcc, 0x6b, 0x12, 0x00, 0x00, 0x00,
 0x61, 0x01, 0x00, 0x06, 0x36, 0x8a, 0x11, 0x62,
 0x02, 0x00, 0x0e, 0x0e, 0xec, 0x2f, 0xc2, 0x04,
 0x6b, 0x2a, 0x00, 0x00, 0x00, 0x38, 0x95, 0x01,
 0x00, 0x00, 0x41, 0xc8, 0x01, 0x00, 0x00, 0x04,
 0x5f, 0x03, 0x00, 0x00, 0x41, 0x5d, 0x00, 0x00,
 0x00, 0xd1, 0x04, 0x60, 0x03, 0x00, 0x00, 0x24,
 0x02, 0x00, 0xc1, 0x04, 0x24, 0x02, 0x00, 0x0e,
 0xc1, 0x04, 0x30, 0x30, 0x61, 0x00, 0x00, 0x11,
 0x04, 0x7f, 0x00, 0x00, 0x00, 0xad, 0xea, 0x19,
 0x38, 0x96, 0x00, 0x00, 0x00, 0x41, 0x54, 0x03,
 0x00, 0x00, 0x38, 0x8d, 0x00, 0x00, 0x00, 0x61,
 0x02, 0x00, 0x24, 0x02, 0x00, 0x0e, 0xec, 0x30,
 0x11, 0x04, 0x33, 0x02, 0x00, 0x00, 0xad, 0xea,
 0x0f, 0x61, 0x02, 0x00, 0x41, 0x16, 0x00, 0x00,
 0x00, 0x24, 0x00, 0x00, 0x0e, 0xec, 0x19, 0x38,
 0x8d, 0x00, 0x00, 0x00, 0x61, 0x03, 0x00, 0x1b,
 0x11, 0xaf, 0xeb, 0x04, 0x1b, 0x70, 0x1b, 0x1b,
 0x61, 0x02, 0x00, 0x1b, 0x70, 0x1b, 0x48, 0x0e,
 0x80, 0x00, 0x68, 0x47, 0xff, 0xff, 0xff, 0x0e,
 0x83, 0x06, 0x2f, 0xca, 0x03, 0xc9, 0x12, 0x08,
 0x20, 0x53, 0x50, 0x4d, 0x4c, 0x9a, 0x7d, 0x20,
 0x1c, 0x3c, 0x3b, 0x6d, 0x00, 0x34, 0x10, 0x80,
 0x03, 0x00, 0x10, 0x0a, 0x07, 0x34, 0x1c, 0x00,
 0x17, 0x08, 0x1b, 0x2a, 0x0e, 0x00, 0x06, 0x08,
 0x0d, 0xee, 0x04, 0x61, 0x73, 0x79, 0x6e, 0x63,
 0x20, 0x66, 0x75, 0x6e, 0x63, 0x74, 0x69, 0x6f,
 0x6e, 0x20, 0x6c, 0x6f, 0x61, 0x64, 0x4d, 0x6f,
 0x64, 0x75, 0x6c, 0x65, 0x28, 0x6d, 0x6f, 0x64,
 0x75, 0x6c, 0x65, 0x4e, 0x61, 0x6d, 0x65, 0x29,
 0x20, 0x7b, 0x0a, 0x20, 0x20, 0x66, 0x6f, 0x72,
 0x28, 0x63, 0x6f, 0x6e, 0x73, 0x74, 0x20, 0x5b,
 0x6d, 0x6f, 0x64, 0x69, 0x66, 0x69, 0x65, 0x72,
 0x2c, 0x20, 0x6e, 0x61, 0x6d, 0x65, 0x5d, 0x20,
 0x6f, 0x66, 0x20, 0x5b, 0x2e, 0x2e, 0x2e, 0x6d,
 0x6f, 0x64, 0x75, 0x6c, 0x65, 0x4e, 0x61, 0x6d,
 0x65, 0x2e, 0x6d, 0x61, 0x74, 0x63, 0x68, 0x41,
 0x6c, 0x6c, 0x28, 0x2f, 0x28, 0x5b, 0x2a, 0x21,
 0x2c, 0x5d, 0x3f, 0x29, 0x28, 0x5b, 0x5e, 0x2a,
 0x21, 0x2c, 0x5d, 0x2b, 0x29, 0x2c, 0x3f, 0x2f,
 0x67, 0x29, 0x5d, 0x2e, 0x6d, 0x61, 0x70, 0x28,
 0x6d, 0x20, 0x3d, 0x3e, 0x20, 0x6d, 0x2e, 0x73,
 0x6c, 0x69, 0x63, 0x65, 0x28, 0x31, 0x29, 0x29,
 0x29, 0x20, 0x7b, 0x0a, 0x20, 0x20, 0x20, 0x20,
 0x6c, 0x65, 0x74, 0x20, 0x6d, 0x6f, 0x64, 0x75,
 0x6c, 0x65, 0x2c, 0x0a, 0x20, 0x20, 0x20, 0x20,
 0x20, 0x20, 0x62, 0x61, 0x73, 0x65, 0x20, 0x3d,
 0x20, 0x62, 0x61, 0x73, 0x65, 0x6e, 0x61, 0x6d,
 0x65, 0x28, 0x6e, 0x61, 0x6d, 0x65, 0x2c, 0x20,
 0x65, 0x78, 0x74, 0x6e, 0x61, 0x6d, 0x65, 0x28,
 0x6e, 0x61, 0x6d, 0x65, 0x29, 0x29, 0x3b, 0x0a,
 0x0a, 0x20, 0x20, 0x20, 0x20, 0x74, 0x72, 0x79,
 0x20, 0x7b, 0x0a, 0x20, 0x20, 0x20, 0x20, 0x20,
 0x20, 0x6d, 0x6f, 0x64, 0x75, 0x6c, 0x65, 0x20,
 0x3d, 0x20, 0x61, 0x77, 0x61, 0x69, 0x74, 0x20,
 0x69, 0x6d, 0x70, 0x6f, 0x72, 0x74, 0x28, 0x6e,
 0x61, 0x6d, 0x65, 0x29, 0x3b, 0x0a, 0x20, 0x20,
 0x20, 0x20, 0x7d, 0x20, 0x63, 0x61, 0x74, 0x63,
 0x68, 0x28, 0x65, 0x72, 0x72, 0x6f, 0x72, 0x29,
 0x20, 0x7b, 0x0a, 0x20, 0x20, 0x20, 0x20, 0x20,
 0x20, 0x63, 0x6f, 0x6e, 0x73, 0x6f, 0x6c, 0x65,
 0x2e, 0x6c, 0x6f, 0x67, 0x28, 0x60, 0x5c, 0x72,
 0x6c, 0x6f, 0x61, 0x64, 0x4d, 0x6f, 0x64, 0x75,
 0x6c, 0x65, 0x28, 0x24, 0x7b, 0x6d, 0x6f, 0x64,
 0x75, 0x6c, 0x65, 0x4e, 0x61, 0x6d, 0x65, 0x7d,
 0x29, 0x20, 0x45, 0x52, 0x52, 0x4f, 0x52, 0x60,
 0x2c, 0x20, 0x65, 0x72, 0x72, 0x6f, 0x72, 0x29,
 0x3b, 0x0a, 0x20, 0x20, 0x20, 0x20, 0x20, 0x20,
 0x74, 0x68, 0x72, 0x6f, 0x77, 0x20, 0x65, 0x72,
 0x72, 0x6f, 0x72, 0x3b, 0x0a, 0x20, 0x20, 0x20,
 0x20, 0x7d, 0x0a, 0x0a, 0x20, 0x20, 0x20, 0x20,
 0x73, 0x77, 0x69, 0x74, 0x63, 0x68, 0x20, 0x28,
 0x6d, 0x6f, 0x64, 0x69, 0x66, 0x69, 0x65, 0x72,
 0x29, 0x20, 0x7b, 0x0a, 0x20, 0x20, 0x20, 0x20,
 0x20, 0x20, 0x63, 0x61, 0x73, 0x65, 0x20, 0x27,
 0x2a, 0x27, 0x3a, 0x20, 0x7b, 0x0a, 0x20, 0x20,
 0x20, 0x20, 0x20, 0x20, 0x20, 0x20, 0x4f, 0x62,
 0x6a, 0x65, 0x63, 0x74, 0x2e, 0x61, 0x73, 0x73,
 0x69, 0x67, 0x6e, 0x28, 0x67, 0x6c, 0x6f, 0x62,
 0x61, 0x6c, 0x54, 0x68, 0x69, 0x73, 0x2c, 0x20,
 0x6d, 0x6f, 0x64, 0x75, 0x6c, 0x65, 0x29, 0x3b,
 0x0a, 0x20, 0x20, 0x20, 0x20, 0x20, 0x20, 0x20,
 0x20, 0x62, 0x72, 0x65, 0x61, 0x6b, 0x3b, 0x0a,
 0x20, 0x20, 0x20, 0x20, 0x20, 0x20, 0x7d, 0x0a,
 0x20, 0x20, 0x20, 0x20, 0x20, 0x20, 0x63, 0x61,
 0x73, 0x65, 0x20, 0x27, 0x21, 0x27, 0x3a, 0x20,
 0x7b, 0x0a, 0x20, 0x20, 0x20, 0x20, 0x20, 0x20,
 0x20, 0x20, 0x6d, 0x6f, 0x64, 0x75, 0x6c, 0x65,
 0x2e, 0x64, 0x65, 0x66, 0x61, 0x75, 0x6c, 0x74,
 0x28, 0x29, 0x3b, 0x0a, 0x20, 0x20, 0x20, 0x20,
 0x20, 0x20, 0x20, 0x20, 0x62, 0x72, 0x65, 0x61,
 0x6b, 0x3b, 0x0a, 0x20, 0x20, 0x20, 0x20, 0x20,
 0x20, 0x7d, 0x0a, 0x20, 0x20, 0x20, 0x20, 0x20,
 0x20, 0x64, 0x65, 0x66, 0x61, 0x75, 0x6c, 0x74,
 0x3a, 0x20, 0x7b, 0x0a, 0x20, 0x20, 0x20, 0x20,
 0x20, 0x20, 0x20, 0x20, 0x67, 0x6c, 0x6f, 0x62,
 0x61, 0x6c, 0x54, 0x68, 0x69, 0x73, 0x5b, 0x62,
 0x61, 0x73, 0x65, 0x5d, 0x20, 0x3d, 0x20, 0x6d,
 0x6f, 0x64, 0x75, 0x6c, 0x65, 0x3b, 0x0a, 0x20,
 0x20, 0x20, 0x20, 0x20, 0x20, 0x20, 0x20, 0x62,
 0x72, 0x65, 0x61, 0x6b, 0x3b, 0x0a, 0x20, 0x20,
 0x20, 0x20, 0x20, 0x20, 0x7d, 0x0a, 0x20, 0x20,
 0x20, 0x20, 0x7d, 0x0a, 0x20, 0x20, 0x7d, 0x0a,
 0x7d, 0x0c, 0x40, 0x0b, 0x01, 0x00, 0x01, 0x02,
 0x00, 0x05, 0x00, 0x04, 0x00, 0x6e, 0x03, 0xae,
 0x06, 0x00, 0x01, 0x00, 0xae, 0x06, 0x01, 0xff,
 0xff, 0xff, 0xff, 0x0f, 0x20, 0x10, 0x00, 0x01,
 0x00, 0xee, 0x01, 0x05, 0x18, 0x9a, 0x04, 0x03,
 0x18, 0xda, 0x03, 0x37, 0x12, 0x9c, 0x04, 0x04,
 0x18, 0x08, 0xca, 0x2b, 0x64, 0x00, 0x00, 0x11,
 0xea, 0x06, 0xc6, 0x1b, 0x24, 0x00, 0x00, 0x0e,
 0x60, 0x00, 0x00, 0xd1, 0x11, 0xf2, 0xea, 0x04,
 0x0e, 0x0b, 0xd9, 0xc9, 0x38, 0x95, 0x01, 0x00,
 0x00, 0x41, 0xc8, 0x01, 0x00, 0x00, 0x04, 0xef,
 0x00, 0x00, 0x00, 0xd1, 0x24, 0x02, 0x00, 0x0e,
 0xc6, 0xd1, 0x40, 0x3b, 0x00, 0x00, 0x00, 0x15,
 0xde, 0x44, 0x0e, 0xc6, 0x64, 0x02, 0x00, 0x11,
 0xd1, 0x40, 0xfe, 0x02, 0x00, 0x00, 0x21, 0x01,
 0x00, 0x15, 0xe0, 0x44, 0x0e, 0x38, 0x95, 0x01,
 0x00, 0x00, 0x41, 0xc8, 0x01, 0x00, 0x00, 0x04,
 0xef, 0x00, 0x00, 0x00, 0xc6, 0xe0, 0x43, 0x24,
 0x02, 0x00, 0x0e, 0xc6, 0xe0, 0x43, 0x41, 0x14,
 0x03, 0x00, 0x00, 0x24, 0x00, 0x00, 0x29, 0xca,
 0x03, 0xea, 0x12, 0x03, 0x12, 0x8a, 0x04, 0x34,
 0x10, 0x36, 0x0f, 0x3a, 0x00, 0x07, 0x22, 0x59,
 0x21, 0x34, 0x10, 0x40, 0x0f, 0x2a, 0x16, 0xd7,
 0x04, 0x63, 0x6c, 0x61, 0x73, 0x73, 0x20, 0x52,
 0x45, 0x50, 0x4c, 0x53, 0x65, 0x72, 0x76, 0x65,
 0x72, 0x20, 0x7b, 0x0a, 0x20, 0x20, 0x23, 0x65,
 0x76, 0x61, 0x6c, 0x20, 0x3d, 0x20, 0x6e, 0x75,
 0x6c, 0x6c, 0x3b, 0x0a, 0x20, 0x20, 0x23, 0x72,
 0x65, 0x70, 0x6c, 0x20, 0x3d, 0x20, 0x6e, 0x75,
 0x6c, 0x6c, 0x3b, 0x0a, 0x0a, 0x20, 0x20, 0x63,
 0x6f, 0x6e, 0x73, 0x74, 0x72, 0x75, 0x63, 0x74,
 0x6f, 0x72, 0x28, 0x6f, 0x70, 0x74, 0x69, 0x6f,
 0x6e, 0x73, 0x20, 0x3d, 0x20, 0x7b, 0x7d, 0x29,
 0x20, 0x7b, 0x0a, 0x20, 0x20, 0x20, 0x20, 0x63,
 0x6f, 0x6e, 0x73, 0x6f, 0x6c, 0x65, 0x2e, 0x6c,
 0x6f, 0x67, 0x28, 0x27, 0x52, 0x45, 0x50, 0x4c,
 0x53, 0x65, 0x72, 0x76, 0x65, 0x72, 0x27, 0x2c,
 0x20, 0x6f, 0x70, 0x74, 0x69, 0x6f, 0x6e, 0x73,
 0x29, 0x3b, 0x0a, 0x0a, 0x20, 0x20, 0x20, 0x20,
 0x74, 0x68, 0x69, 0x73, 0x2e, 0x23, 0x65, 0x76,
 0x61, 0x6c, 0x20, 0x3d, 0x20, 0x6f, 0x70, 0x74,
 0x69, 0x6f, 0x6e, 0x73, 0x2e, 0x65, 0x76, 0x61,
 0x6c, 0x3b, 0x0a, 0x20, 0x20, 0x20, 0x20, 0x74,
 0x68, 0x69, 0x73, 0x2e, 0x23, 0x72, 0x65, 0x70,
 0x6c, 0x20, 0x3d, 0x20, 0x6e, 0x65, 0x77, 0x20,
 0x52, 0x45, 0x50, 0x4c, 0x28, 0x6f, 0x70, 0x74,
 0x69, 0x6f, 0x6e, 0x73, 0x2e, 0x70, 0x72, 0x6f,
 0x6d, 0x70, 0x74, 0x29, 0x3b, 0x0a, 0x0a, 0x20,
 0x20, 0x20, 0x20, 0x63, 0x6f, 0x6e, 0x73, 0x6f,
 0x6c, 0x65, 0x2e, 0x6c, 0x6f, 0x67, 0x28, 0x27,
 0x52, 0x45, 0x50, 0x4c, 0x53, 0x65, 0x72, 0x76,
 0x65, 0x72, 0x27, 0x2c, 0x20, 0x74, 0x68, 0x69,
 0x73, 0x2e, 0x23, 0x72, 0x65, 0x70, 0x6c, 0x29,
 0x3b, 0x0a, 0x0a, 0x20, 0x20, 0x20, 0x20, 0x74,
 0x68, 0x69, 0x73, 0x2e, 0x23, 0x72, 0x65, 0x70,
 0x6c, 0x2e, 0x72, 0x75, 0x6e, 0x28, 0x29, 0x3b,
 0x0a, 0x20, 0x20, 0x7d, 0x0a, 0x0a, 0x20, 0x20,
 0x64, 0x65, 0x66, 0x69, 0x6e, 0x65, 0x43, 0x6f,
 0x6d, 0x6d, 0x61, 0x6e, 0x64, 0x28, 0x6b, 0x65,
 0x79, 0x77, 0x6f, 0x72, 0x64, 0x2c, 0x20, 0x7b,
 0x20, 0x68, 0x65, 0x6c, 0x70, 0x2c, 0x20, 0x61,
 0x63, 0x74, 0x69, 0x6f, 0x6e, 0x20, 0x7d, 0x29,
 0x20, 0x7b, 0x0a, 0x20, 0x20, 0x20, 0x20, 0x74,
 0x68, 0x69, 0x73, 0x2e, 0x23, 0x72, 0x65, 0x70,
 0x6c, 0x2e, 0x64, 0x69, 0x72, 0x65, 0x63, 0x74,
 0x69, 0x76, 0x65, 0x73, 0x5b, 0x6b, 0x65, 0x79,
 0x77, 0x6f, 0x72, 0x64, 0x5d, 0x20, 0x3d, 0x20,
 0x5b, 0x61, 0x63, 0x74, 0x69, 0x6f, 0x6e, 0x2c,
 0x20, 0x68, 0x65, 0x6c, 0x70, 0x5d, 0x3b, 0x0a,
 0x20, 0x20, 0x7d, 0x0a, 0x0a, 0x20, 0x20, 0x64,
 0x69, 0x73, 0x70, 0x6c, 0x61, 0x79, 0x50, 0x72,
 0x6f, 0x6d, 0x70, 0x74, 0x28, 0x70, 0x72, 0x65,
 0x73, 0x65, 0x72, 0x76, 0x65, 0x43, 0x75, 0x72,
 0x73, 0x6f, 0x72, 0x29, 0x20, 0x7b, 0x0a, 0x20,
 0x20, 0x20, 0x20, 0x74, 0x68, 0x69, 0x73, 0x2e,
 0x23, 0x72, 0x65, 0x70, 0x6c, 0x2e, 0x72, 0x65,
 0x61, 0x64, 0x6c, 0x69, 0x6e, 0x65, 0x50, 0x72,
 0x69, 0x6e, 0x74, 0x50, 0x72, 0x6f, 0x6d, 0x70,
 0x74, 0x28, 0x29, 0x3b, 0x0a, 0x20, 0x20, 0x7d,
 0x0a, 0x0a, 0x20, 0x20, 0x63, 0x6c, 0x65, 0x61,
 0x72, 0x42, 0x75, 0x66, 0x66, 0x65, 0x72, 0x65,
 0x64, 0x43, 0x6f, 0x6d, 0x6d, 0x61, 0x6e, 0x64,
 0x28, 0x29, 0x20, 0x7b, 0x0a, 0x20, 0x20, 0x20,
 0x20, 0x74, 0x68, 0x69, 0x73, 0x2e, 0x23, 0x72,
 0x65, 0x70, 0x6c, 0x2e, 0x72, 0x65, 0x61, 0x64,
 0x6c, 0x69, 0x6e, 0x65, 0x53, 0x74, 0x61, 0x72,
 0x74, 0x28, 0x29, 0x3b, 0x0a, 0x20, 0x20, 0x7d,
 0x0a, 0x0a, 0x20, 0x20, 0x73, 0x65, 0x74, 0x75,
 0x70, 0x48, 0x69, 0x73, 0x74, 0x6f, 0x72, 0x79,
 0x28, 0x68, 0x69, 0x73, 0x74, 0x6f, 0x72, 0x79,
 0x50, 0x61, 0x74, 0x68, 0x2c, 0x20, 0x63, 0x61,
 0x6c, 0x6c, 0x62, 0x61, 0x63, 0x6b, 0x29, 0x20,
 0x7b, 0x0a, 0x20, 0x20, 0x20, 0x20, 0x74, 0x68,
 0x69, 0x73, 0x2e, 0x23, 0x72, 0x65, 0x70, 0x6c,
 0x2e, 0x68, 0x69, 0x73, 0x74, 0x6f, 0x72, 0x79,
 0x4c, 0x6f, 0x61, 0x64, 0x28, 0x68, 0x69, 0x73,
 0x74, 0x6f, 0x72, 0x79, 0x50, 0x61, 0x74, 0x68,
 0x29, 0x3b, 0x0a, 0x20, 0x20, 0x7d, 0x0a, 0x7d,
 0x0c, 0x40, 0x0b, 0x01, 0x00, 0x02, 0x03, 0x02,
 0x04, 0x00, 0x01, 0x00, 0x2f, 0x05, 0xda, 0x07,
 0x00, 0x01, 0x00, 0x00, 0x00, 0x01, 0x00, 0xf0,
 0x08, 0x00, 0x00, 0x00, 0xc2, 0x0d, 0x00, 0x01,
 0x00, 0x10, 0x00, 0x01, 0x00, 0x9c, 0x04, 0x04,
 0x18, 0x08, 0xcb, 0xd2, 0x6f, 0x11, 0x40, 0x38,
 0x02, 0x00, 0x00, 0xc9, 0x11, 0x40, 0x61, 0x03,
 0x00, 0x00, 0xca, 0x0e, 0xc7, 0xdd, 0x43, 0x40,
 0x93, 0x01, 0x00, 0x00, 0xd1, 0x1b, 0x11, 0xaf,
 0xeb, 0x04, 0x1b, 0x70, 0x1b, 0x1b, 0xc6, 0xc5,
 0x26, 0x02, 0x00, 0x1b, 0x70, 0x1b, 0x48, 0x29,
 0xca, 0x03, 0xf5, 0x12, 0x03, 0x02, 0x62, 0x04,
 0x63, 0x64, 0x65, 0x66, 0x69, 0x6e, 0x65, 0x43,
 0x6f, 0x6d, 0x6d, 0x61, 0x6e, 0x64, 0x28, 0x6b,
 0x65, 0x79, 0x77, 0x6f, 0x72, 0x64, 0x2c, 0x20,
 0x7b, 0x20, 0x68, 0x65, 0x6c, 0x70, 0x2c, 0x20,
 0x61, 0x63, 0x74, 0x69, 0x6f, 0x6e, 0x20, 0x7d,
 0x29, 0x20, 0x7b, 0x0a, 0x20, 0x20, 0x20, 0x20,
 0x74, 0x68, 0x69, 0x73, 0x2e, 0x23, 0x72, 0x65,
 0x70, 0x6c, 0x2e, 0x64, 0x69, 0x72, 0x65, 0x63,
 0x74, 0x69, 0x76, 0x65, 0x73, 0x5b, 0x6b, 0x65,
 0x79, 0x77, 0x6f, 0x72, 0x64, 0x5d, 0x20, 0x3d,
 0x20, 0x5b, 0x61, 0x63, 0x74, 0x69, 0x6f, 0x6e,
 0x2c, 0x20, 0x68, 0x65, 0x6c, 0x70, 0x5d, 0x3b,
 0x0a, 0x20, 0x20, 0x7d, 0x0c, 0x42, 0x0b, 0x01,
 0x00, 0x01, 0x01, 0x01, 0x02, 0x00, 0x01, 0x00,
 0x0e, 0x02, 0xc4, 0x0d, 0x00, 0x01, 0x00, 0x10,
 0x00, 0x01, 0x00, 0x9c, 0x04, 0x04, 0x18, 0x08,
 0xc9, 0xc5, 0xdd, 0x43, 0x41, 0x11, 0x02, 0x00,
 0x00, 0x24, 0x00, 0x00, 0x29, 0xca, 0x03, 0xf9,
 0x12, 0x03, 0x04, 0x0d, 0x04, 0x2a, 0x16, 0x49,
 0x64, 0x69, 0x73, 0x70, 0x6c, 0x61, 0x79, 0x50,
 0x72, 0x6f, 0x6d, 0x70, 0x74, 0x28, 0x70, 0x72,
 0x65, 0x73, 0x65, 0x72, 0x76, 0x65, 0x43, 0x75,
 0x72, 0x73, 0x6f, 0x72, 0x29, 0x20, 0x7b, 0x0a,
 0x20, 0x20, 0x20, 0x20, 0x74, 0x68, 0x69, 0x73,
 0x2e, 0x23, 0x72, 0x65, 0x70, 0x6c, 0x2e, 0x72,
 0x65, 0x61, 0x64, 0x6c, 0x69, 0x6e, 0x65, 0x50,
 0x72, 0x69, 0x6e, 0x74, 0x50, 0x72, 0x6f, 0x6d,
 0x70, 0x74, 0x28, 0x29, 0x3b, 0x0a, 0x20, 0x20,
 0x7d, 0x0c, 0x42, 0x0b, 0x01, 0x00, 0x00, 0x01,
 0x00, 0x02, 0x00, 0x01, 0x00, 0x0e, 0x01, 0x10,
 0x00, 0x01, 0x00, 0x9c, 0x04, 0x04, 0x18, 0x08,
 0xc9, 0xc5, 0xdd, 0x43, 0x41, 0xc3, 0x01, 0x00,
 0x00, 0x24, 0x00, 0x00, 0x29, 0xca, 0x03, 0xfd,
 0x12, 0x03, 0x04, 0x0d, 0x04, 0x2a, 0x16, 0x3c,
 0x63, 0x6c, 0x65, 0x61, 0x72, 0x42, 0x75, 0x66,
 0x66, 0x65, 0x72, 0x65, 0x64, 0x43, 0x6f, 0x6d,
 0x6d, 0x61, 0x6e, 0x64, 0x28, 0x29, 0x20, 0x7b,
 0x0a, 0x20, 0x20, 0x20, 0x20, 0x74, 0x68, 0x69,
 0x73, 0x2e, 0x23, 0x72, 0x65, 0x70, 0x6c, 0x2e,
 0x72, 0x65, 0x61, 0x64, 0x6c, 0x69, 0x6e, 0x65,
 0x53, 0x74, 0x61, 0x72, 0x74, 0x28, 0x29, 0x3b,
 0x0a, 0x20, 0x20, 0x7d, 0x0c, 0x42, 0x0b, 0x01,
 0x00, 0x02, 0x01, 0x02, 0x03, 0x00, 0x01, 0x00,
 0x0f, 0x03, 0xc6, 0x0d, 0x00, 0x01, 0x00, 0xc8,
 0x0d, 0x00, 0x01, 0x00, 0x10, 0x00, 0x01, 0x00,
 0x9c, 0x04, 0x04, 0x18, 0x08, 0xc9, 0xc5, 0xdd,
 0x43, 0x41, 0x65, 0x03, 0x00, 0x00, 0xd1, 0x24,
 0x01, 0x00, 0x29, 0xca, 0x03, 0x81, 0x13, 0x03,
 0x04, 0x0d, 0x04, 0x2a, 0x2e, 0x52, 0x73, 0x65,
 0x74, 0x75, 0x70, 0x48, 0x69, 0x73, 0x74, 0x6f,
 0x72, 0x79, 0x28, 0x68, 0x69, 0x73, 0x74, 0x6f,
 0x72, 0x79, 0x50, 0x61, 0x74, 0x68, 0x2c, 0x20,
 0x63, 0x61, 0x6c, 0x6c, 0x62, 0x61, 0x63, 0x6b,
 0x29, 0x20, 0x7b, 0x0a, 0x20, 0x20, 0x20, 0x20,
 0x74, 0x68, 0x69, 0x73, 0x2e, 0x23, 0x72, 0x65,
 0x70, 0x6c, 0x2e, 0x68, 0x69, 0x73, 0x74, 0x6f,
 0x72, 0x79, 0x4c, 0x6f, 0x61, 0x64, 0x28, 0x68,
 0x69, 0x73, 0x74, 0x6f, 0x72, 0x79, 0x50, 0x61,
 0x74, 0x68, 0x29, 0x3b, 0x0a, 0x20, 0x20, 0x7d,
 0x0c, 0x48, 0x09, 0x01, 0x00, 0x00, 0x02, 0x00,
 0x04, 0x00, 0x02, 0x00, 0x14, 0x02, 0x10, 0x00,
 0x01, 0x00, 0xe8, 0x01, 0x00, 0x01, 0x00, 0x9a,
 0x04, 0x03, 0xb8, 0x01, 0x9c, 0x04, 0x04, 0xb8,
 0x01, 0x0c, 0x04, 0xca, 0x08, 0xc9, 0xec, 0x01,
 0xc5, 0x64, 0x00, 0x00, 0x07, 0x45, 0xc5, 0x64,
 0x01, 0x00, 0x07, 0x45, 0x29, 0xca, 0x03, 0x00,
 0x00, 0x00, 0x00, 0x08, 0xc2, 0x06, 0x08, 0xea,
 0x52, 0xbf, 0x67, 0x5e, 0x38, 0x00, 0xbf, 0x68,
 0x5e, 0x39, 0x00, 0xbf, 0x69, 0x5e, 0x3a, 0x00,
 0xbf, 0x6a, 0x5e, 0x3b, 0x00, 0xbf, 0x6b, 0x5e,
 0x3c, 0x00, 0xbf, 0x6c, 0x5e, 0x3d, 0x00, 0xbf,
 0x6d, 0x5e, 0x3e, 0x00, 0xbf, 0x6e, 0x5e, 0x3f,
 0x00, 0xbf, 0x6f, 0x5e, 0x40, 0x00, 0xbf, 0x70,
 0x5e, 0x41, 0x00, 0xbf, 0x71, 0x5e, 0x42, 0x00,
 0xbf, 0x72, 0x5e, 0x43, 0x00, 0xbf, 0x73, 0x5e,
 0x44, 0x00, 0xbf, 0x74, 0x5e, 0x0c, 0x00, 0xbf,
 0x75, 0x5e, 0x46, 0x00, 0xbf, 0x76, 0x5e, 0x47,
 0x00, 0x29, 0xbd, 0x00, 0x02, 0x5e, 0x20, 0x00,
 0x09, 0x5e, 0x21, 0x00, 0x37, 0xdf, 0x02, 0x00,
 0x00, 0xf5, 0x5e, 0x22, 0x00, 0x37, 0xb4, 0x01,
 0x00, 0x00, 0xf5, 0x5e, 0x23, 0x00, 0x64, 0x01,
 0x00, 0x41, 0x41, 0x02, 0x00, 0x00, 0x04, 0x66,
 0x03, 0x00, 0x00, 0x24, 0x01, 0x00, 0x95, 0x5f,
 0x24, 0x00, 0x68, 0xbb, 0x00, 0x00, 0x00, 0x0b,
 0x04, 0x67, 0x03, 0x00, 0x00, 0x4b, 0x27, 0x02,
 0x00, 0x00, 0x04, 0x68, 0x03, 0x00, 0x00, 0x4b,
 0x69, 0x03, 0x00, 0x00, 0x04, 0x6a, 0x03, 0x00,
 0x00, 0x4b, 0x2e, 0x02, 0x00, 0x00, 0x04, 0x6b,
 0x03, 0x00, 0x00, 0x4b, 0x6c, 0x03, 0x00, 0x00,
 0x04, 0x6d, 0x03, 0x00, 0x00, 0x4b, 0x6e, 0x03,
 0x00, 0x00, 0x04, 0x6f, 0x03, 0x00, 0x00, 0x4b,
 0x70, 0x03, 0x00, 0x00, 0x04, 0x71, 0x03, 0x00,
 0x00, 0x4b, 0x72, 0x03, 0x00, 0x00, 0x04, 0x73,
 0x03, 0x00, 0x00, 0x4b, 0x30, 0x02, 0x00, 0x00,
 0x04, 0x74, 0x03, 0x00, 0x00, 0x4b, 0x75, 0x03,
 0x00, 0x00, 0x04, 0x76, 0x03, 0x00, 0x00, 0x4b,
 0x2c, 0x02, 0x00, 0x00, 0x04, 0x76, 0x03, 0x00,
 0x00, 0x4b, 0x77, 0x03, 0x00, 0x00, 0x04, 0x78,
 0x03, 0x00, 0x00, 0x4b, 0x50, 0x03, 0x00, 0x00,
 0x04, 0x79, 0x03, 0x00, 0x00, 0x4b, 0x7a, 0x03,
 0x00, 0x00, 0x04, 0x7b, 0x03, 0x00, 0x00, 0x4b,
 0x7c, 0x03, 0x00, 0x00, 0x04, 0x7d, 0x03, 0x00,
 0x00, 0x4b, 0x7e, 0x03, 0x00, 0x00, 0x04, 0x7f,
 0x03, 0x00, 0x00, 0x4b, 0x80, 0x03, 0x00, 0x00,
 0x04, 0x81, 0x03, 0x00, 0x00, 0x4b, 0x82, 0x03,
 0x00, 0x00, 0x04, 0x83, 0x03, 0x00, 0x00, 0x4b,
 0x84, 0x03, 0x00, 0x00, 0xec, 0x6e, 0x0b, 0xc0,
 0x4b, 0x27, 0x02, 0x00, 0x00, 0xc0, 0x4b, 0x69,
 0x03, 0x00, 0x00, 0xc0, 0x4b, 0x2e, 0x02, 0x00,
 0x00, 0xc0, 0x4b, 0x6c, 0x03, 0x00, 0x00, 0xc0,
 0x4b, 0x6e, 0x03, 0x00, 0x00, 0xc0, 0x4b, 0x70,
 0x03, 0x00, 0x00, 0xc0, 0x4b, 0x72, 0x03, 0x00,
 0x00, 0xc0, 0x4b, 0x30, 0x02, 0x00, 0x00, 0xc0,
 0x4b, 0x75, 0x03, 0x00, 0x00, 0xc0, 0x4b, 0x2c,
 0x02, 0x00, 0x00, 0xc0, 0x4b, 0x77, 0x03, 0x00,
 0x00, 0xc0, 0x4b, 0x50, 0x03, 0x00, 0x00, 0xc0,
 0x4b, 0x7a, 0x03, 0x00, 0x00, 0xc0, 0x4b, 0x7c,
 0x03, 0x00, 0x00, 0xc0, 0x4b, 0x7e, 0x03, 0x00,
 0x00, 0xc0, 0x4b, 0x80, 0x03, 0x00, 0x00, 0xc0,
 0x4b, 0x82, 0x03, 0x00, 0x00, 0xc0, 0x4b, 0x84,
 0x03, 0x00, 0x00, 0x5e, 0x25, 0x00, 0x5d, 0x24,
 0x00, 0xea, 0x05, 0xbf, 0x00, 0xec, 0x03, 0xbf,
 0x01, 0x5e, 0x26, 0x00, 0x07, 0x5e, 0x27, 0x00,
 0x07, 0x5e, 0x28, 0x00, 0x09, 0x5e, 0x29, 0x00,
 0x04, 0xec, 0x00, 0x00, 0x00, 0x5e, 0x2a, 0x00,
 0x0b, 0x04, 0x7a, 0x03, 0x00, 0x00, 0x4b, 0x16,
 0x00, 0x00, 0x00, 0x04, 0x7a, 0x03, 0x00, 0x00,
 0x4b, 0xe2, 0x01, 0x00, 0x00, 0x04, 0x82, 0x03,
 0x00, 0x00, 0x4b, 0x49, 0x00, 0x00, 0x00, 0x04,
 0x80, 0x03, 0x00, 0x00, 0x4b, 0xe7, 0x01, 0x00,
 0x00, 0x04, 0x6c, 0x03, 0x00, 0x00, 0x4b, 0x47,
 0x00, 0x00, 0x00, 0x04, 0x50, 0x03, 0x00, 0x00,
 0x4b, 0xed, 0x01, 0x00, 0x00, 0x04, 0x7c, 0x03,
 0x00, 0x00, 0x4b, 0x1b, 0x00, 0x00, 0x00, 0x04,
 0x50, 0x03, 0x00, 0x00, 0x4b, 0xef, 0x01, 0x00,
 0x00, 0x04, 0x7c, 0x03, 0x00, 0x00, 0x4b, 0xf0,
 0x01, 0x00, 0x00, 0x04, 0x2e, 0x02, 0x00, 0x00,
 0x4b, 0xe5, 0x01, 0x00, 0x00, 0x04, 0x75, 0x03,
 0x00, 0x00, 0x4b, 0x22, 0x02, 0x00, 0x00, 0x04,
 0x50, 0x03, 0x00, 0x00, 0x4b, 0x75, 0x02, 0x00,
 0x00, 0x5e, 0x2b, 0x00, 0xc0, 0x5e, 0x2c, 0x00,
 0x07, 0x5e, 0x2d, 0x00, 0x07, 0x5e, 0x2e, 0x00,
 0x07, 0x5e, 0x2f, 0x00, 0xb4, 0x5e, 0x30, 0x00,
 0xb4, 0x5e, 0x31, 0x00, 0x07, 0x5e, 0x32, 0x00,
 0xb4, 0x5e, 0x33, 0x00, 0x5d, 0x46, 0x00, 0xbf,
 0x02, 0xef, 0x5e, 0x34, 0x00, 0x5d, 0x46, 0x00,
 0xbf, 0x03, 0xef, 0x5e, 0x35, 0x00, 0xb4, 0x5e,
 0x36, 0x00, 0x60, 0x00, 0x00, 0x06, 0x60, 0x01,
 0x00, 0xbe, 0x04, 0x55, 0xed, 0x00, 0x00, 0x00,
 0x00, 0xbf, 0x05, 0x53, 0x85, 0x03, 0x00, 0x00,
 0x00, 0xbf, 0x06, 0x53, 0x86, 0x03, 0x00, 0x00,
 0x00, 0xbf, 0x07, 0x53, 0xc7, 0x02, 0x00, 0x00,
 0x00, 0xbf, 0x08, 0x53, 0x3f, 0x01, 0x00, 0x00,
 0x00, 0xbf, 0x09, 0x53, 0x4c, 0x01, 0x00, 0x00,
 0x00, 0xbf, 0x0a, 0x53, 0x51, 0x01, 0x00, 0x00,
 0x00, 0xbf, 0x0b, 0x53, 0xa5, 0x02, 0x00, 0x00,
 0x00, 0xbf, 0x0c, 0x53, 0x42, 0x01, 0x00, 0x00,
 0x00, 0xbf, 0x0d, 0x53, 0x4e, 0x01, 0x00, 0x00,
 0x00, 0xbf, 0x0e, 0x53, 0x8a, 0x01, 0x00, 0x00,
 0x00, 0xbf, 0x0f, 0x53, 0x84, 0x01, 0x00, 0x00,
 0x00, 0xbf, 0x10, 0x53, 0x72, 0x01, 0x00, 0x00,
 0x00, 0xbf, 0x11, 0x53, 0x40, 0x01, 0x00, 0x00,
 0x00, 0xbf, 0x12, 0x53, 0xf4, 0x02, 0x00, 0x00,
 0x00, 0xbf, 0x13, 0x53, 0xf3, 0x02, 0x00, 0x00,
 0x00, 0xbf, 0x14, 0x53, 0xca, 0x01, 0x00, 0x00,
 0x00, 0xbf, 0x15, 0x53, 0x9a, 0x01, 0x00, 0x00,
 0x00, 0xbf, 0x16, 0x53, 0x63, 0x02, 0x00, 0x00,
 0x00, 0xbf, 0x17, 0x53, 0x4f, 0x01, 0x00, 0x00,
 0x00, 0xbf, 0x18, 0x53, 0x10, 0x02, 0x00, 0x00,
 0x00, 0xbf, 0x19, 0x53, 0x44, 0x01, 0x00, 0x00,
 0x00, 0xbf, 0x1a, 0x53, 0x46, 0x01, 0x00, 0x00,
 0x00, 0xbf, 0x1b, 0x53, 0x58, 0x01, 0x00, 0x00,
 0x00, 0xbf, 0x1c, 0x53, 0x77, 0x01, 0x00, 0x00,
 0x00, 0xbf, 0x1d, 0x53, 0xae, 0x01, 0x00, 0x00,
 0x00, 0xbf, 0x1e, 0x53, 0x64, 0x01, 0x00, 0x00,
 0x00, 0xbf, 0x1f, 0x53, 0x8c, 0x01, 0x00, 0x00,
 0x00, 0xbf, 0x20, 0x53, 0xc4, 0x01, 0x00, 0x00,
 0x00, 0xbf, 0x21, 0x53, 0x48, 0x01, 0x00, 0x00,
 0x00, 0xbf, 0x22, 0x53, 0x04, 0x03, 0x00, 0x00,
 0x00, 0xbf, 0x23, 0x53, 0x87, 0x03, 0x00, 0x00,
 0x00, 0xbf, 0x24, 0x53, 0x25, 0x02, 0x00, 0x00,
 0x00, 0xbf, 0x25, 0x53, 0x60, 0x02, 0x00, 0x00,
 0x00, 0xbf, 0x26, 0x53, 0x4a, 0x01, 0x00, 0x00,
 0x00, 0xbf, 0x27, 0x53, 0x70, 0x01, 0x00, 0x00,
 0x00, 0xbf, 0x28, 0x53, 0x0b, 0x02, 0x00, 0x00,
 0x00, 0xbf, 0x29, 0x53, 0x45, 0x02, 0x00, 0x00,
 0x00, 0xbf, 0x2a, 0x53, 0x44, 0x02, 0x00, 0x00,
 0x00, 0xbf, 0x2b, 0x53, 0x16, 0x03, 0x00, 0x00,
 0x00, 0xbf, 0x2c, 0x53, 0x4c, 0x02, 0x00, 0x00,
 0x00, 0xbf, 0x2d, 0x53, 0x53, 0x02, 0x00, 0x00,
 0x00, 0xbf, 0x2e, 0x53, 0x0b, 0x03, 0x00, 0x00,
 0x00, 0xbf, 0x2f, 0x53, 0x5d, 0x02, 0x00, 0x00,
 0x00, 0xbf, 0x30, 0x53, 0x69, 0x02, 0x00, 0x00,
 0x00, 0xbf, 0x31, 0x53, 0x6b, 0x02, 0x00, 0x00,
 0x00, 0xbf, 0x32, 0x53, 0x74, 0x02, 0x00, 0x00,
 0x00, 0xbf, 0x33, 0x53, 0x7f, 0x02, 0x00, 0x00,
 0x00, 0xbf, 0x34, 0x53, 0x42, 0x02, 0x00, 0x00,
 0x00, 0xbf, 0x35, 0x53, 0x61, 0x02, 0x00, 0x00,
 0x00, 0xbf, 0x36, 0x53, 0x4f, 0x02, 0x00, 0x00,
 0x00, 0xbf, 0x37, 0x53, 0x38, 0x02, 0x00, 0x00,
 0x00, 0xbf, 0x38, 0x53, 0x9c, 0x01, 0x00, 0x00,
 0x00, 0xbf, 0x39, 0x53, 0xc6, 0x02, 0x00, 0x00,
 0x00, 0xbf, 0x3a, 0x53, 0x65, 0x03, 0x00, 0x00,
 0x00, 0xbf, 0x3b, 0x53, 0xc3, 0x02, 0x00, 0x00,
 0x00, 0xbf, 0x3c, 0x53, 0x99, 0x01, 0x00, 0x00,
 0x00, 0xbf, 0x3d, 0x53, 0x3e, 0x03, 0x00, 0x00,
 0x00, 0xbf, 0x3e, 0x53, 0x88, 0x03, 0x00, 0x00,
 0x00, 0xbf, 0x3f, 0x53, 0x6c, 0x02, 0x00, 0x00,
 0x00, 0xbf, 0x40, 0x53, 0xd9, 0x02, 0x00, 0x00,
 0x00, 0xbf, 0x41, 0x53, 0x7a, 0x01, 0x00, 0x00,
 0x00, 0xbf, 0x42, 0x53, 0x7c, 0x01, 0x00, 0x00,
 0x00, 0xbf, 0x43, 0x53, 0x5a, 0x01, 0x00, 0x00,
 0x00, 0xbf, 0x44, 0x53, 0x56, 0x01, 0x00, 0x00,
 0x00, 0xbf, 0x45, 0x53, 0x0d, 0x02, 0x00, 0x00,
 0x00, 0xbf, 0x46, 0x53, 0x53, 0x01, 0x00, 0x00,
 0x00, 0xbf, 0x47, 0x53, 0xaf, 0x01, 0x00, 0x00,
 0x00, 0xbf, 0x48, 0x53, 0x87, 0x01, 0x00, 0x00,
 0x00, 0xbf, 0x49, 0x53, 0xfe, 0x00, 0x00, 0x00,
 0x00, 0xbf, 0x4a, 0x53, 0xf2, 0x02, 0x00, 0x00,
 0x00, 0xbf, 0x4b, 0x53, 0x73, 0x02, 0x00, 0x00,
 0x00, 0xbf, 0x4c, 0x53, 0x00, 0x03, 0x00, 0x00,
 0x00, 0xbf, 0x4d, 0x53, 0x26, 0x02, 0x00, 0x00,
 0x00, 0xbf, 0x4e, 0x53, 0x89, 0x03, 0x00, 0x00,
 0x00, 0xbf, 0x4f, 0x53, 0x5c, 0x01, 0x00, 0x00,
 0x00, 0xbf, 0x50, 0x53, 0x5e, 0x01, 0x00, 0x00,
 0x00, 0xbf, 0x51, 0x53, 0x60, 0x01, 0x00, 0x00,
 0x00, 0xbf, 0x52, 0x53, 0x08, 0x03, 0x00, 0x00,
 0x00, 0xbf, 0x53, 0x53, 0xc7, 0x01, 0x00, 0x00,
 0x00, 0xbf, 0x54, 0x53, 0x11, 0x02, 0x00, 0x00,
 0x00, 0xbf, 0x55, 0x53, 0xc3, 0x01, 0x00, 0x00,
 0x00, 0xbf, 0x56, 0x53, 0x66, 0x01, 0x00, 0x00,
 0x00, 0xbf, 0x57, 0x53, 0x14, 0x03, 0x00, 0x00,
 0x00, 0xbf, 0x58, 0x53, 0x18, 0x03, 0x00, 0x00,
 0x00, 0xbf, 0x59, 0x53, 0xb0, 0x01, 0x00, 0x00,
 0x00, 0xbf, 0x5a, 0x53, 0x1f, 0x02, 0x00, 0x00,
 0x00, 0xbf, 0x5b, 0x53, 0x98, 0x01, 0x00, 0x00,
 0x00, 0xbf, 0x5c, 0x53, 0x1e, 0x03, 0x00, 0x00,
 0x00, 0xbf, 0x5d, 0x53, 0x8a, 0x03, 0x00, 0x00,
 0x00, 0xbf, 0x5e, 0x53, 0x15, 0x03, 0x00, 0x00,
 0x00, 0xbf, 0x5f, 0x53, 0x62, 0x01, 0x00, 0x00,
 0x00, 0xbf, 0x60, 0x53, 0x8e, 0x01, 0x00, 0x00,
 0x00, 0xbf, 0x61, 0x53, 0x90, 0x01, 0x00, 0x00,
 0x00, 0xbf, 0x62, 0x53, 0xa4, 0x02, 0x00, 0x00,
 0x00, 0xbf, 0x63, 0x53, 0x68, 0x01, 0x00, 0x00,
 0x00, 0xbf, 0x64, 0x53, 0x6a, 0x01, 0x00, 0x00,
 0x00, 0xbf, 0x65, 0x4f, 0xca, 0x0e, 0xcd, 0x67,
 0x01, 0x00, 0x67, 0x00, 0x00, 0x5e, 0x37, 0x00,
 0x38, 0x96, 0x00, 0x00, 0x00, 0x41, 0x54, 0x03,
 0x00, 0x00, 0x64, 0x37, 0x00, 0x40, 0x3c, 0x00,
 0x00, 0x00, 0x0b, 0x38, 0x9c, 0x00, 0x00, 0x00,
 0x40, 0x8b, 0x03, 0x00, 0x00, 0x04, 0xed, 0x00,
 0x00, 0x00, 0x50, 0x0e, 0x64, 0x37, 0x00, 0x40,
 0x3c, 0x00, 0x00, 0x00, 0x40, 0x8c, 0x03, 0x00,
 0x00, 0x4b, 0x67, 0x02, 0x00, 0x00, 0x5d, 0x47,
 0x00, 0xea, 0x13, 0x0b, 0xbf, 0x66, 0x04, 0x8d,
 0x03, 0x00, 0x00, 0x26, 0x02, 0x00, 0x4b, 0xcc,
 0x01, 0x00, 0x00, 0xec, 0x02, 0x0b, 0x4b, 0x93,
 0x01, 0x00, 0x00, 0x24, 0x02, 0x00, 0x0e, 0x60,
 0x02, 0x00, 0x06, 0x60, 0x05, 0x00, 0x60, 0x04,
 0x00, 0x60, 0x03, 0x00, 0xbe, 0x77, 0x55, 0xef,
 0x00, 0x00, 0x00, 0x00, 0x05, 0x0d, 0x01, 0x00,
 0x00, 0xcc, 0x05, 0x0e, 0x01, 0x00, 0x00, 0xc2,
 0x04, 0xbf, 0x78, 0x53, 0x8e, 0x03, 0x00, 0x00,
 0x00, 0xbf, 0x79, 0x53, 0x8f, 0x03, 0x00, 0x00,
 0x00, 0xbf, 0x7a, 0x53, 0x90, 0x03, 0x00, 0x00,
 0x00, 0xbf, 0x7b, 0x53, 0x91, 0x03, 0x00, 0x00,
 0x00, 0xbf, 0x7c, 0x4f, 0xc2, 0x05, 0x0e, 0xcf,
 0x67, 0x05, 0x00, 0x67, 0x04, 0x00, 0x67, 0x03,
 0x00, 0x5e, 0x48, 0x00, 0x06, 0x2f, 0xca, 0x03,
 0x01, 0x01, 0x18, 0x00, 0x66, 0x6a, 0x48, 0x30,
 0x00, 0x3f, 0x0d, 0x00, 0xf9, 0x03, 0xaa, 0x01,
 0x15, 0x30, 0x03, 0x00, 0xa8, 0x06, 0x96, 0x1f,
 0x1f, 0x34, 0x1c, 0x00,
};

