/* File generated automatically by the QuickJS-ng compiler. */

#include <inttypes.h>

const uint32_t qjsc_url_size = 16845;

const uint8_t qjsc_url[16845] = {
 0x17, 0x58, 0x01, 0x42, 0x2f, 0x77, 0x6f, 0x72,
 0x6b, 0x73, 0x70, 0x61, 0x63, 0x65, 0x2f, 0x71,
 0x6a, 0x73, 0x2d, 0x6d, 0x6f, 0x64, 0x75, 0x6c,
 0x65, 0x73, 0x2f, 0x6c, 0x69, 0x62, 0x2f, 0x75,
 0x72, 0x6c, 0x2e, 0x6a, 0x73, 0x01, 0x08, 0x70,
 0x61, 0x74, 0x68, 0x01, 0x08, 0x75, 0x74, 0x69,
 0x6c, 0x01, 0x1e, 0x55, 0x52, 0x4c, 0x53, 0x65,
 0x61, 0x72, 0x63, 0x68, 0x50, 0x61, 0x72, 0x61,
 0x6d, 0x73, 0x01, 0x06, 0x55, 0x52, 0x4c, 0x01,
 0x12, 0x6e, 0x6f, 0x72, 0x6d, 0x61, 0x6c, 0x69,
 0x7a, 0x65, 0x01, 0x0c, 0x64, 0x65, 0x66, 0x69,
 0x6e, 0x65, 0x01, 0x10, 0x23, 0x65, 0x6e, 0x74,
 0x72, 0x69, 0x65, 0x73, 0x01, 0x0a, 0x23, 0x68,
 0x61, 0x73, 0x68, 0x01, 0x26, 0x70, 0x72, 0x6f,
 0x70, 0x65, 0x72, 0x74, 0x79, 0x44, 0x65, 0x73,
 0x63, 0x72, 0x69, 0x70, 0x74, 0x6f, 0x72, 0x73,
 0x01, 0x02, 0x71, 0x01, 0x02, 0x70, 0x01, 0x02,
 0x69, 0x01, 0x02, 0x76, 0x01, 0x02, 0x6a, 0x01,
 0x02, 0x6b, 0x01, 0x0c, 0x64, 0x65, 0x63, 0x6f,
 0x64, 0x65, 0x01, 0x06, 0x73, 0x74, 0x72, 0x01,
 0x24, 0x64, 0x65, 0x63, 0x6f, 0x64, 0x65, 0x55,
 0x52, 0x49, 0x43, 0x6f, 0x6d, 0x70, 0x6f, 0x6e,
 0x65, 0x6e, 0x74, 0x01, 0x0e, 0x72, 0x65, 0x70,
 0x6c, 0x61, 0x63, 0x65, 0x01, 0x02, 0x20, 0x01,
 0x0c, 0x63, 0x68, 0x61, 0x72, 0x41, 0x74, 0x01,
 0x02, 0x3f, 0x01, 0x0a, 0x73, 0x6c, 0x69, 0x63,
 0x65, 0x01, 0x02, 0x26, 0x01, 0x0e, 0x69, 0x6e,
 0x64, 0x65, 0x78, 0x4f, 0x66, 0x01, 0x02, 0x3d,
 0x01, 0x0c, 0x61, 0x70, 0x70, 0x65, 0x6e, 0x64,
 0x01, 0x10, 0x69, 0x74, 0x65, 0x72, 0x61, 0x74,
 0x6f, 0x72, 0x01, 0x08, 0x70, 0x75, 0x73, 0x68,
 0x01, 0x0c, 0x66, 0x69, 0x6c, 0x74, 0x65, 0x72,
 0x01, 0x06, 0x6b, 0x65, 0x79, 0x01, 0x08, 0x66,
 0x69, 0x6e, 0x64, 0x01, 0x06, 0x6d, 0x61, 0x70,
 0x01, 0x08, 0x73, 0x6f, 0x6d, 0x65, 0x01, 0x12,
 0x66, 0x69, 0x6e, 0x64, 0x49, 0x6e, 0x64, 0x65,
 0x78, 0x01, 0x0c, 0x73, 0x70, 0x6c, 0x69, 0x63,
 0x65, 0x01, 0x10, 0x63, 0x61, 0x6c, 0x6c, 0x62,
 0x61, 0x63, 0x6b, 0x01, 0x0e, 0x74, 0x68, 0x69,
 0x73, 0x41, 0x72, 0x67, 0x01, 0x08, 0x63, 0x61,
 0x6c, 0x6c, 0x01, 0x0c, 0x65, 0x6e, 0x63, 0x6f,
 0x64, 0x65, 0x01, 0x0a, 0x6d, 0x61, 0x74, 0x63,
 0x68, 0x01, 0x24, 0x65, 0x6e, 0x63, 0x6f, 0x64,
 0x65, 0x55, 0x52, 0x49, 0x43, 0x6f, 0x6d, 0x70,
 0x6f, 0x6e, 0x65, 0x6e, 0x74, 0x01, 0x02, 0x61,
 0x01, 0x02, 0x62, 0x01, 0x08, 0x73, 0x6f, 0x72,
 0x74, 0x01, 0x06, 0x75, 0x72, 0x6c, 0x01, 0x08,
 0x62, 0x61, 0x73, 0x65, 0x01, 0x16, 0x70, 0x61,
 0x72, 0x73, 0x65, 0x53, 0x74, 0x72, 0x69, 0x6e,
 0x67, 0x01, 0x06, 0x6f, 0x62, 0x6a, 0x01, 0x04,
 0x72, 0x65, 0x01, 0x02, 0x6d, 0x01, 0x10, 0x70,
 0x72, 0x6f, 0x74, 0x6f, 0x63, 0x6f, 0x6c, 0x01,
 0x08, 0x75, 0x73, 0x65, 0x72, 0x01, 0x08, 0x70,
 0x61, 0x73, 0x73, 0x01, 0x10, 0x68, 0x6f, 0x73,
 0x74, 0x6e, 0x61, 0x6d, 0x65, 0x01, 0x08, 0x70,
 0x6f, 0x72, 0x74, 0x01, 0x10, 0x70, 0x61, 0x74,
 0x68, 0x6e, 0x61, 0x6d, 0x65, 0x01, 0x0c, 0x73,
 0x65, 0x61, 0x72, 0x63, 0x68, 0x01, 0x08, 0x68,
 0x61, 0x73, 0x68, 0x01, 0x04, 0x6d, 0x32, 0x01,
 0x0c, 0x61, 0x73, 0x73, 0x69, 0x67, 0x6e, 0x01,
 0x10, 0x75, 0x73, 0x65, 0x72, 0x6e, 0x61, 0x6d,
 0x65, 0x01, 0x10, 0x70, 0x61, 0x73, 0x73, 0x77,
 0x6f, 0x72, 0x64, 0x01, 0x0a, 0x70, 0x61, 0x72,
 0x73, 0x65, 0x01, 0x02, 0x3a, 0x01, 0x06, 0x69,
 0x64, 0x78, 0x01, 0x04, 0x2f, 0x2f, 0x01, 0x08,
 0x68, 0x6f, 0x73, 0x74, 0x01, 0x02, 0x73, 0x01,
 0x18, 0x73, 0x65, 0x61, 0x72, 0x63, 0x68, 0x50,
 0x61, 0x72, 0x61, 0x6d, 0x73, 0x01, 0x08, 0x61,
 0x75, 0x74, 0x68, 0x01, 0x02, 0x40, 0x01, 0x0c,
 0x6f, 0x72, 0x69, 0x67, 0x69, 0x6e, 0x01, 0x14,
 0x73, 0x74, 0x61, 0x72, 0x74, 0x73, 0x57, 0x69,
 0x74, 0x68, 0x01, 0x02, 0x23, 0x01, 0x08, 0x68,
 0x72, 0x65, 0x66, 0x01, 0x14, 0x70, 0x72, 0x6f,
 0x70, 0x65, 0x72, 0x74, 0x69, 0x65, 0x73, 0x01,
 0x08, 0x70, 0x72, 0x6f, 0x70, 0x01, 0x08, 0x64,
 0x65, 0x73, 0x63, 0x01, 0x02, 0x65, 0x01, 0x0e,
 0x63, 0x6f, 0x6e, 0x73, 0x6f, 0x6c, 0x65, 0x01,
 0x06, 0x6c, 0x6f, 0x67, 0x01, 0x0c, 0x67, 0x65,
 0x74, 0x41, 0x6c, 0x6c, 0x01, 0x0e, 0x66, 0x6f,
 0x72, 0x45, 0x61, 0x63, 0x68, 0x01, 0x0e, 0x65,
 0x6e, 0x74, 0x72, 0x69, 0x65, 0x73, 0x01, 0x16,
 0x74, 0x6f, 0x53, 0x74, 0x72, 0x69, 0x6e, 0x67,
 0x54, 0x61, 0x67, 0x01, 0x10, 0x63, 0x61, 0x6e,
 0x50, 0x61, 0x72, 0x73, 0x65, 0x0d, 0xca, 0x03,
 0x02, 0xcc, 0x03, 0xce, 0x03, 0x02, 0x00, 0x03,
 0xd0, 0x03, 0x00, 0x04, 0xd2, 0x03, 0x00, 0x03,
 0x00, 0xb8, 0x01, 0x00, 0x01, 0xd4, 0x03, 0x00,
 0x02, 0xd6, 0x03, 0x01, 0x00, 0x0c, 0x20, 0x0a,
 0x01, 0xa2, 0x01, 0x00, 0x06, 0x00, 0x06, 0x05,
 0x06, 0x20, 0xc4, 0x04, 0x06, 0xd0, 0x03, 0x02,
 0x00, 0x30, 0xd8, 0x03, 0x03, 0x01, 0x75, 0x00,
 0xee, 0x01, 0x03, 0x02, 0x70, 0x01, 0xd2, 0x03,
 0x04, 0x00, 0x70, 0x04, 0xda, 0x03, 0x05, 0x04,
 0x75, 0x02, 0xee, 0x01, 0x05, 0x05, 0x70, 0x03,
 0xb8, 0x01, 0x00, 0x1f, 0xd4, 0x03, 0x01, 0x1f,
 0xd6, 0x03, 0x02, 0x1f, 0xd0, 0x03, 0x00, 0x16,
 0xd2, 0x03, 0x01, 0x16, 0xdc, 0x03, 0x02, 0x06,
 0x0c, 0x42, 0x0b, 0x01, 0x00, 0x01, 0x0a, 0x01,
 0x08, 0x00, 0x01, 0x01, 0xda, 0x02, 0x0b, 0xde,
 0x03, 0x00, 0x01, 0x00, 0xe0, 0x03, 0x05, 0x00,
 0x20, 0xe2, 0x03, 0x05, 0x01, 0x20, 0x64, 0x05,
 0x02, 0x20, 0xe4, 0x03, 0x06, 0x03, 0x30, 0xe6,
 0x03, 0x06, 0x04, 0x30, 0xe8, 0x03, 0x0d, 0x00,
 0x30, 0xe4, 0x03, 0x0d, 0x06, 0x30, 0xe8, 0x03,
 0x0f, 0x00, 0x30, 0xea, 0x03, 0x00, 0x00, 0x00,
 0x10, 0x00, 0x01, 0x00, 0xee, 0x01, 0x02, 0x18,
 0x0c, 0x43, 0x0a, 0x01, 0xea, 0x03, 0x01, 0x00,
 0x01, 0x05, 0x00, 0x00, 0x02, 0x1b, 0x01, 0xec,
 0x03, 0x00, 0x01, 0x00, 0x07, 0x04, 0x5c, 0x2b,
 0x07, 0x34, 0x01, 0x00, 0x01, 0x00, 0x12, 0x00,
 0x00, 0x00, 0x09, 0x06, 0x00, 0x00, 0x00, 0x05,
 0x08, 0xf5, 0xff, 0xff, 0xff, 0x0c, 0x00, 0x01,
 0x2b, 0x0d, 0x00, 0x0b, 0x38, 0xf7, 0x00, 0x00,
 0x00, 0xd1, 0x41, 0xf8, 0x00, 0x00, 0x00, 0xbe,
 0x00, 0xbe, 0x01, 0x34, 0x04, 0xf9, 0x00, 0x00,
 0x00, 0x24, 0x02, 0x00, 0x23, 0x01, 0x00, 0xca,
 0x03, 0x19, 0x05, 0x04, 0x1c, 0x38, 0x20, 0x08,
 0x56, 0x66, 0x75, 0x6e, 0x63, 0x74, 0x69, 0x6f,
 0x6e, 0x20, 0x64, 0x65, 0x63, 0x6f, 0x64, 0x65,
 0x28, 0x73, 0x74, 0x72, 0x29, 0x20, 0x7b, 0x0a,
 0x20, 0x20, 0x20, 0x20, 0x20, 0x20, 0x72, 0x65,
 0x74, 0x75, 0x72, 0x6e, 0x20, 0x64, 0x65, 0x63,
 0x6f, 0x64, 0x65, 0x55, 0x52, 0x49, 0x43, 0x6f,
 0x6d, 0x70, 0x6f, 0x6e, 0x65, 0x6e, 0x74, 0x28,
 0x73, 0x74, 0x72, 0x2e, 0x72, 0x65, 0x70, 0x6c,
 0x61, 0x63, 0x65, 0x28, 0x2f, 0x5c, 0x2b, 0x2f,
 0x67, 0x2c, 0x20, 0x27, 0x20, 0x27, 0x29, 0x29,
 0x3b, 0x0a, 0x20, 0x20, 0x20, 0x20, 0x7d, 0x08,
 0xc2, 0x09, 0x2b, 0x64, 0x00, 0x00, 0x11, 0xea,
 0x07, 0xc1, 0x09, 0x1b, 0x24, 0x00, 0x00, 0x0e,
 0xbf, 0x00, 0xc2, 0x08, 0xd1, 0x96, 0x04, 0x49,
 0x00, 0x00, 0x00, 0xad, 0x68, 0xd4, 0x00, 0x00,
 0x00, 0xd1, 0x41, 0xfa, 0x00, 0x00, 0x00, 0xb4,
 0x24, 0x01, 0x00, 0x04, 0xfb, 0x00, 0x00, 0x00,
 0xad, 0xea, 0x0c, 0xd1, 0x41, 0xfc, 0x00, 0x00,
 0x00, 0xb5, 0x24, 0x01, 0x00, 0xd5, 0x60, 0x02,
 0x00, 0x60, 0x01, 0x00, 0x60, 0x00, 0x00, 0xd1,
 0x41, 0x5e, 0x00, 0x00, 0x00, 0x04, 0xfd, 0x00,
 0x00, 0x00, 0x24, 0x01, 0x00, 0xc9, 0xb4, 0xca,
 0x61, 0x00, 0x00, 0xe9, 0xcb, 0x61, 0x01, 0x00,
 0x61, 0x02, 0x00, 0xa5, 0x68, 0xf3, 0x00, 0x00,
 0x00, 0x60, 0x04, 0x00, 0x60, 0x03, 0x00, 0x61,
 0x00, 0x00, 0x61, 0x01, 0x00, 0x46, 0xcc, 0x61,
 0x03, 0x00, 0x41, 0xfe, 0x00, 0x00, 0x00, 0x04,
 0xff, 0x00, 0x00, 0x00, 0x24, 0x01, 0x00, 0xc2,
 0x04, 0xb3, 0x61, 0x04, 0x00, 0xa5, 0xea, 0x33,
 0xc1, 0x09, 0x41, 0x00, 0x01, 0x00, 0x00, 0xc1,
 0x08, 0x61, 0x03, 0x00, 0x41, 0xfc, 0x00, 0x00,
 0x00, 0xb4, 0x61, 0x04, 0x00, 0x24, 0x02, 0x00,
 0xef, 0xc1, 0x08, 0x61, 0x03, 0x00, 0x41, 0xfc,
 0x00, 0x00, 0x00, 0x61, 0x04, 0x00, 0xb5, 0x9c,
 0x24, 0x01, 0x00, 0xef, 0x24, 0x02, 0x00, 0x0e,
 0xec, 0x25, 0x61, 0x03, 0x00, 0xe9, 0xea, 0x1f,
 0xc1, 0x09, 0x41, 0x00, 0x01, 0x00, 0x00, 0xc1,
 0x08, 0x61, 0x03, 0x00, 0x41, 0xfc, 0x00, 0x00,
 0x00, 0xb4, 0x61, 0x04, 0x00, 0x24, 0x02, 0x00,
 0xef, 0xc0, 0x24, 0x02, 0x00, 0x0e, 0x61, 0x01,
 0x00, 0x90, 0x62, 0x01, 0x00, 0x0e, 0xed, 0x6e,
 0xff, 0xd1, 0x96, 0x04, 0x4a, 0x00, 0x00, 0x00,
 0xab, 0xea, 0x5e, 0x38, 0x9c, 0x00, 0x00, 0x00,
 0x40, 0x01, 0x01, 0x00, 0x00, 0xd1, 0xaa, 0xea,
 0x2f, 0x60, 0x06, 0x00, 0x60, 0x05, 0x00, 0xd1,
 0x7d, 0xec, 0x1e, 0x7d, 0x80, 0x00, 0x0e, 0xc2,
 0x05, 0x80, 0x00, 0x0e, 0xc2, 0x06, 0x83, 0xc1,
 0x09, 0x41, 0x00, 0x01, 0x00, 0x00, 0x61, 0x05,
 0x00, 0x61, 0x06, 0x00, 0x24, 0x02, 0x00, 0x0e,
 0x80, 0x00, 0xea, 0xe0, 0x0e, 0x83, 0x29, 0x60,
 0x07, 0x00, 0xd1, 0x7c, 0xec, 0x16, 0xc2, 0x07,
 0xc1, 0x09, 0x41, 0x00, 0x01, 0x00, 0x00, 0x61,
 0x07, 0x00, 0xd1, 0x61, 0x07, 0x00, 0x46, 0x24,
 0x02, 0x00, 0x0e, 0x7f, 0xea, 0xe9, 0x0e, 0x0e,
 0x29, 0xca, 0x03, 0x08, 0x03, 0x34, 0x71, 0x24,
 0x5d, 0x11, 0x16, 0x1c, 0x2a, 0x0a, 0x20, 0x0c,
 0x67, 0x1f, 0x61, 0x54, 0x9f, 0x53, 0x3a, 0x07,
 0x20, 0x06, 0x25, 0x18, 0x0c, 0x0e, 0x2a, 0x04,
 0x34, 0x2a, 0x2a, 0x10, 0x11, 0x08, 0x5d, 0x5d,
 0x25, 0x18, 0x0c, 0x0e, 0x2a, 0x04, 0x81, 0x29,
 0x62, 0x04, 0x85, 0x06, 0x25, 0x18, 0x86, 0x21,
 0x25, 0x18, 0xb7, 0x10, 0x63, 0x6c, 0x61, 0x73,
 0x73, 0x20, 0x55, 0x52, 0x4c, 0x53, 0x65, 0x61,
 0x72, 0x63, 0x68, 0x50, 0x61, 0x72, 0x61, 0x6d,
 0x73, 0x20, 0x7b, 0x0a, 0x20, 0x20, 0x23, 0x65,
 0x6e, 0x74, 0x72, 0x69, 0x65, 0x73, 0x20, 0x3d,
 0x20, 0x5b, 0x5d, 0x3b, 0x0a, 0x0a, 0x20, 0x20,
 0x63, 0x6f, 0x6e, 0x73, 0x74, 0x72, 0x75, 0x63,
 0x74, 0x6f, 0x72, 0x28, 0x71, 0x29, 0x20, 0x7b,
 0x0a, 0x20, 0x20, 0x20, 0x20, 0x69, 0x66, 0x28,
 0x74, 0x79, 0x70, 0x65, 0x6f, 0x66, 0x20, 0x71,
 0x20, 0x3d, 0x3d, 0x3d, 0x20, 0x27, 0x73, 0x74,
 0x72, 0x69, 0x6e, 0x67, 0x27, 0x29, 0x20, 0x7b,
 0x0a, 0x20, 0x20, 0x20, 0x20, 0x20, 0x20, 0x69,
 0x66, 0x28, 0x71, 0x2e, 0x63, 0x68, 0x61, 0x72,
 0x41, 0x74, 0x28, 0x30, 0x29, 0x20, 0x3d, 0x3d,
 0x3d, 0x20, 0x27, 0x3f, 0x27, 0x29, 0x20, 0x71,
 0x20, 0x3d, 0x20, 0x71, 0x2e, 0x73, 0x6c, 0x69,
 0x63, 0x65, 0x28, 0x31, 0x29, 0x3b, 0x0a, 0x20,
 0x20, 0x20, 0x20, 0x20, 0x20, 0x66, 0x6f, 0x72,
 0x28, 0x6c, 0x65, 0x74, 0x20, 0x70, 0x20, 0x3d,
 0x20, 0x71, 0x2e, 0x73, 0x70, 0x6c, 0x69, 0x74,
 0x28, 0x27, 0x26, 0x27, 0x29, 0x2c, 0x20, 0x69,
 0x20, 0x3d, 0x20, 0x30, 0x2c, 0x20, 0x6c, 0x65,
 0x6e, 0x67, 0x74, 0x68, 0x20, 0x3d, 0x20, 0x70,
 0x2e, 0x6c, 0x65, 0x6e, 0x67, 0x74, 0x68, 0x3b,
 0x20, 0x69, 0x20, 0x3c, 0x20, 0x6c, 0x65, 0x6e,
 0x67, 0x74, 0x68, 0x3b, 0x20, 0x69, 0x2b, 0x2b,
 0x29, 0x20, 0x7b, 0x0a, 0x20, 0x20, 0x20, 0x20,
 0x20, 0x20, 0x20, 0x20, 0x63, 0x6f, 0x6e, 0x73,
 0x74, 0x20, 0x76, 0x20, 0x3d, 0x20, 0x70, 0x5b,
 0x69, 0x5d, 0x3b, 0x0a, 0x20, 0x20, 0x20, 0x20,
 0x20, 0x20, 0x20, 0x20, 0x63, 0x6f, 0x6e, 0x73,
 0x74, 0x20, 0x6a, 0x20, 0x3d, 0x20, 0x76, 0x2e,
 0x69, 0x6e, 0x64, 0x65, 0x78, 0x4f, 0x66, 0x28,
 0x27, 0x3d, 0x27, 0x29, 0x3b, 0x0a, 0x20, 0x20,
 0x20, 0x20, 0x20, 0x20, 0x20, 0x20, 0x69, 0x66,
 0x28, 0x2d, 0x31, 0x20, 0x3c, 0x20, 0x6a, 0x29,
 0x20, 0x74, 0x68, 0x69, 0x73, 0x2e, 0x61, 0x70,
 0x70, 0x65, 0x6e, 0x64, 0x28, 0x64, 0x65, 0x63,
 0x6f, 0x64, 0x65, 0x28, 0x76, 0x2e, 0x73, 0x6c,
 0x69, 0x63, 0x65, 0x28, 0x30, 0x2c, 0x20, 0x6a,
 0x29, 0x29, 0x2c, 0x20, 0x64, 0x65, 0x63, 0x6f,
 0x64, 0x65, 0x28, 0x76, 0x2e, 0x73, 0x6c, 0x69,
 0x63, 0x65, 0x28, 0x6a, 0x20, 0x2b, 0x20, 0x31,
 0x29, 0x29, 0x29, 0x3b, 0x0a, 0x20, 0x20, 0x20,
 0x20, 0x20, 0x20, 0x20, 0x20, 0x65, 0x6c, 0x73,
 0x65, 0x20, 0x69, 0x66, 0x28, 0x76, 0x2e, 0x6c,
 0x65, 0x6e, 0x67, 0x74, 0x68, 0x29, 0x20, 0x74,
 0x68, 0x69, 0x73, 0x2e, 0x61, 0x70, 0x70, 0x65,
 0x6e, 0x64, 0x28, 0x64, 0x65, 0x63, 0x6f, 0x64,
 0x65, 0x28, 0x76, 0x2e, 0x73, 0x6c, 0x69, 0x63,
 0x65, 0x28, 0x30, 0x2c, 0x20, 0x6a, 0x29, 0x29,
 0x2c, 0x20, 0x27, 0x27, 0x29, 0x3b, 0x0a, 0x20,
 0x20, 0x20, 0x20, 0x20, 0x20, 0x7d, 0x0a, 0x20,
 0x20, 0x20, 0x20, 0x7d, 0x20, 0x65, 0x6c, 0x73,
 0x65, 0x20, 0x69, 0x66, 0x28, 0x74, 0x79, 0x70,
 0x65, 0x6f, 0x66, 0x20, 0x71, 0x20, 0x3d, 0x3d,
 0x20, 0x27, 0x6f, 0x62, 0x6a, 0x65, 0x63, 0x74,
 0x27, 0x29, 0x20, 0x7b, 0x0a, 0x20, 0x20, 0x20,
 0x20, 0x20, 0x20, 0x69, 0x66, 0x28, 0x53, 0x79,
 0x6d, 0x62, 0x6f, 0x6c, 0x2e, 0x69, 0x74, 0x65,
 0x72, 0x61, 0x74, 0x6f, 0x72, 0x20, 0x69, 0x6e,
 0x20, 0x71, 0x29, 0x20, 0x7b, 0x0a, 0x20, 0x20,
 0x20, 0x20, 0x20, 0x20, 0x20, 0x20, 0x66, 0x6f,
 0x72, 0x28, 0x63, 0x6f, 0x6e, 0x73, 0x74, 0x20,
 0x5b, 0x6b, 0x2c, 0x20, 0x76, 0x5d, 0x20, 0x6f,
 0x66, 0x20, 0x71, 0x29, 0x20, 0x74, 0x68, 0x69,
 0x73, 0x2e, 0x61, 0x70, 0x70, 0x65, 0x6e, 0x64,
 0x28, 0x6b, 0x2c, 0x20, 0x76, 0x29, 0x3b, 0x0a,
 0x20, 0x20, 0x20, 0x20, 0x20, 0x20, 0x7d, 0x20,
 0x65, 0x6c, 0x73, 0x65, 0x20, 0x7b, 0x0a, 0x20,
 0x20, 0x20, 0x20, 0x20, 0x20, 0x20, 0x20, 0x66,
 0x6f, 0x72, 0x28, 0x63, 0x6f, 0x6e, 0x73, 0x74,
 0x20, 0x6b, 0x20, 0x69, 0x6e, 0x20, 0x71, 0x29,
 0x20, 0x74, 0x68, 0x69, 0x73, 0x2e, 0x61, 0x70,
 0x70, 0x65, 0x6e, 0x64, 0x28, 0x6b, 0x2c, 0x20,
 0x71, 0x5b, 0x6b, 0x5d, 0x29, 0x3b, 0x0a, 0x20,
 0x20, 0x20, 0x20, 0x20, 0x20, 0x7d, 0x0a, 0x20,
 0x20, 0x20, 0x20, 0x7d, 0x0a, 0x0a, 0x20, 0x20,
 0x20, 0x20, 0x66, 0x75, 0x6e, 0x63, 0x74, 0x69,
 0x6f, 0x6e, 0x20, 0x64, 0x65, 0x63, 0x6f, 0x64,
 0x65, 0x28, 0x73, 0x74, 0x72, 0x29, 0x20, 0x7b,
 0x0a, 0x20, 0x20, 0x20, 0x20, 0x20, 0x20, 0x72,
 0x65, 0x74, 0x75, 0x72, 0x6e, 0x20, 0x64, 0x65,
 0x63, 0x6f, 0x64, 0x65, 0x55, 0x52, 0x49, 0x43,
 0x6f, 0x6d, 0x70, 0x6f, 0x6e, 0x65, 0x6e, 0x74,
 0x28, 0x73, 0x74, 0x72, 0x2e, 0x72, 0x65, 0x70,
 0x6c, 0x61, 0x63, 0x65, 0x28, 0x2f, 0x5c, 0x2b,
 0x2f, 0x67, 0x2c, 0x20, 0x27, 0x20, 0x27, 0x29,
 0x29, 0x3b, 0x0a, 0x20, 0x20, 0x20, 0x20, 0x7d,
 0x0a, 0x20, 0x20, 0x7d, 0x0a, 0x20, 0x20, 0x61,
 0x70, 0x70, 0x65, 0x6e, 0x64, 0x28, 0x6e, 0x61,
 0x6d, 0x65, 0x2c, 0x20, 0x76, 0x61, 0x6c, 0x75,
 0x65, 0x29, 0x20, 0x7b, 0x0a, 0x20, 0x20, 0x20,
 0x20, 0x74, 0x68, 0x69, 0x73, 0x2e, 0x23, 0x65,
 0x6e, 0x74, 0x72, 0x69, 0x65, 0x73, 0x2e, 0x70,
 0x75, 0x73, 0x68, 0x28, 0x5b, 0x6e, 0x61, 0x6d,
 0x65, 0x2c, 0x20, 0x76, 0x61, 0x6c, 0x75, 0x65,
 0x5d, 0x29, 0x3b, 0x0a, 0x20, 0x20, 0x7d, 0x0a,
 0x20, 0x20, 0x64, 0x65, 0x6c, 0x65, 0x74, 0x65,
 0x28, 0x6e, 0x61, 0x6d, 0x65, 0x2c, 0x20, 0x76,
 0x61, 0x6c, 0x75, 0x65, 0x29, 0x20, 0x7b, 0x0a,
 0x20, 0x20, 0x20, 0x20, 0x74, 0x68, 0x69, 0x73,
 0x2e, 0x23, 0x65, 0x6e, 0x74, 0x72, 0x69, 0x65,
 0x73, 0x20, 0x3d, 0x20, 0x74, 0x68, 0x69, 0x73,
 0x2e, 0x23, 0x65, 0x6e, 0x74, 0x72, 0x69, 0x65,
 0x73, 0x2e, 0x66, 0x69, 0x6c, 0x74, 0x65, 0x72,
 0x28, 0x76, 0x61, 0x6c, 0x75, 0x65, 0x20, 0x3d,
 0x3d, 0x3d, 0x20, 0x75, 0x6e, 0x64, 0x65, 0x66,
 0x69, 0x6e, 0x65, 0x64, 0x20, 0x3f, 0x20, 0x28,
 0x5b, 0x6b, 0x5d, 0x29, 0x20, 0x3d, 0x3e, 0x20,
 0x21, 0x28, 0x6b, 0x20, 0x3d, 0x3d, 0x20, 0x6e,
 0x61, 0x6d, 0x65, 0x29, 0x20, 0x3a, 0x20, 0x28,
 0x5b, 0x6b, 0x2c, 0x20, 0x76, 0x5d, 0x29, 0x20,
 0x3d, 0x3e, 0x20, 0x21, 0x28, 0x6b, 0x20, 0x3d,
 0x3d, 0x20, 0x6e, 0x61, 0x6d, 0x65, 0x20, 0x26,
 0x26, 0x20, 0x76, 0x20, 0x3d, 0x3d, 0x20, 0x76,
 0x61, 0x6c, 0x75, 0x65, 0x29, 0x29, 0x3b, 0x0a,
 0x20, 0x20, 0x7d, 0x0a, 0x20, 0x20, 0x67, 0x65,
 0x74, 0x28, 0x6e, 0x61, 0x6d, 0x65, 0x29, 0x20,
 0x7b, 0x0a, 0x20, 0x20, 0x20, 0x20, 0x72, 0x65,
 0x74, 0x75, 0x72, 0x6e, 0x20, 0x74, 0x68, 0x69,
 0x73, 0x2e, 0x23, 0x65, 0x6e, 0x74, 0x72, 0x69,
 0x65, 0x73, 0x2e, 0x66, 0x69, 0x6e, 0x64, 0x28,
 0x28, 0x5b, 0x6b, 0x65, 0x79, 0x5d, 0x29, 0x20,
 0x3d, 0x3e, 0x20, 0x6b, 0x65, 0x79, 0x20, 0x3d,
 0x3d, 0x20, 0x6e, 0x61, 0x6d, 0x65, 0x29, 0x3f,
 0x2e, 0x5b, 0x31, 0x5d, 0x3b, 0x0a, 0x20, 0x20,
 0x7d, 0x0a, 0x20, 0x20, 0x67, 0x65, 0x74, 0x41,
 0x6c, 0x6c, 0x28, 0x6e, 0x61, 0x6d, 0x65, 0x29,
 0x20, 0x7b, 0x0a, 0x20, 0x20, 0x20, 0x20, 0x72,
 0x65, 0x74, 0x75, 0x72, 0x6e, 0x20, 0x74, 0x68,
 0x69, 0x73, 0x2e, 0x23, 0x65, 0x6e, 0x74, 0x72,
 0x69, 0x65, 0x73, 0x2e, 0x66, 0x69, 0x6c, 0x74,
 0x65, 0x72, 0x28, 0x28, 0x5b, 0x6b, 0x65, 0x79,
 0x5d, 0x29, 0x20, 0x3d, 0x3e, 0x20, 0x6b, 0x65,
 0x79, 0x20, 0x3d, 0x3d, 0x20, 0x6e, 0x61, 0x6d,
 0x65, 0x29, 0x2e, 0x6d, 0x61, 0x70, 0x28, 0x28,
 0x5b, 0x6b, 0x65, 0x79, 0x2c, 0x20, 0x76, 0x61,
 0x6c, 0x75, 0x65, 0x5d, 0x29, 0x20, 0x3d, 0x3e,
 0x20, 0x76, 0x61, 0x6c, 0x75, 0x65, 0x29, 0x3b,
 0x0a, 0x20, 0x20, 0x7d, 0x0a, 0x20, 0x20, 0x68,
 0x61, 0x73, 0x28, 0x6e, 0x61, 0x6d, 0x65, 0x2c,
 0x20, 0x76, 0x61, 0x6c, 0x75, 0x65, 0x29, 0x20,
 0x7b, 0x0a, 0x20, 0x20, 0x20, 0x20, 0x72, 0x65,
 0x74, 0x75, 0x72, 0x6e, 0x20, 0x74, 0x68, 0x69,
 0x73, 0x2e, 0x23, 0x65, 0x6e, 0x74, 0x72, 0x69,
 0x65, 0x73, 0x2e, 0x73, 0x6f, 0x6d, 0x65, 0x28,
 0x76, 0x61, 0x6c, 0x75, 0x65, 0x20, 0x3d, 0x3d,
 0x3d, 0x20, 0x75, 0x6e, 0x64, 0x65, 0x66, 0x69,
 0x6e, 0x65, 0x64, 0x20, 0x3f, 0x20, 0x28, 0x5b,
 0x6b, 0x5d, 0x29, 0x20, 0x3d, 0x3e, 0x20, 0x21,
 0x28, 0x6b, 0x20, 0x3d, 0x3d, 0x20, 0x6e, 0x61,
 0x6d, 0x65, 0x29, 0x20, 0x3a, 0x20, 0x28, 0x5b,
 0x6b, 0x2c, 0x20, 0x76, 0x5d, 0x29, 0x20, 0x3d,
 0x3e, 0x20, 0x21, 0x28, 0x6b, 0x20, 0x3d, 0x3d,
 0x20, 0x6e, 0x61, 0x6d, 0x65, 0x20, 0x26, 0x26,
 0x20, 0x76, 0x20, 0x3d, 0x3d, 0x20, 0x76, 0x61,
 0x6c, 0x75, 0x65, 0x29, 0x29, 0x3b, 0x0a, 0x20,
 0x20, 0x7d, 0x0a, 0x20, 0x20, 0x73, 0x65, 0x74,
 0x28, 0x6e, 0x61, 0x6d, 0x65, 0x2c, 0x20, 0x76,
 0x61, 0x6c, 0x75, 0x65, 0x29, 0x20, 0x7b, 0x0a,
 0x20, 0x20, 0x20, 0x20, 0x63, 0x6f, 0x6e, 0x73,
 0x74, 0x20, 0x69, 0x6e, 0x64, 0x65, 0x78, 0x20,
 0x3d, 0x20, 0x74, 0x68, 0x69, 0x73, 0x2e, 0x23,
 0x65, 0x6e, 0x74, 0x72, 0x69, 0x65, 0x73, 0x2e,
 0x66, 0x69, 0x6e, 0x64, 0x49, 0x6e, 0x64, 0x65,
 0x78, 0x28, 0x28, 0x5b, 0x6b, 0x65, 0x79, 0x5d,
 0x29, 0x20, 0x3d, 0x3e, 0x20, 0x6b, 0x65, 0x79,
 0x20, 0x3d, 0x3d, 0x20, 0x6e, 0x61, 0x6d, 0x65,
 0x29, 0x3b, 0x0a, 0x20, 0x20, 0x20, 0x20, 0x74,
 0x68, 0x69, 0x73, 0x2e, 0x64, 0x65, 0x6c, 0x65,
 0x74, 0x65, 0x28, 0x6e, 0x61, 0x6d, 0x65, 0x29,
 0x3b, 0x0a, 0x20, 0x20, 0x20, 0x20, 0x74, 0x68,
 0x69, 0x73, 0x2e, 0x23, 0x65, 0x6e, 0x74, 0x72,
 0x69, 0x65, 0x73, 0x2e, 0x73, 0x70, 0x6c, 0x69,
 0x63, 0x65, 0x28, 0x69, 0x6e, 0x64, 0x65, 0x78,
 0x2c, 0x20, 0x30, 0x2c, 0x20, 0x5b, 0x6e, 0x61,
 0x6d, 0x65, 0x2c, 0x20, 0x76, 0x61, 0x6c, 0x75,
 0x65, 0x5d, 0x29, 0x3b, 0x0a, 0x20, 0x20, 0x7d,
 0x0a, 0x20, 0x20, 0x66, 0x6f, 0x72, 0x45, 0x61,
 0x63, 0x68, 0x28, 0x63, 0x61, 0x6c, 0x6c, 0x62,
 0x61, 0x63, 0x6b, 0x2c, 0x20, 0x74, 0x68, 0x69,
 0x73, 0x41, 0x72, 0x67, 0x29, 0x20, 0x7b, 0x0a,
 0x20, 0x20, 0x20, 0x20, 0x66, 0x6f, 0x72, 0x28,
 0x63, 0x6f, 0x6e, 0x73, 0x74, 0x20, 0x5b, 0x6b,
 0x65, 0x79, 0x2c, 0x20, 0x76, 0x61, 0x6c, 0x75,
 0x65, 0x5d, 0x20, 0x6f, 0x66, 0x20, 0x74, 0x68,
 0x69, 0x73, 0x2e, 0x23, 0x65, 0x6e, 0x74, 0x72,
 0x69, 0x65, 0x73, 0x29, 0x20, 0x63, 0x61, 0x6c,
 0x6c, 0x62, 0x61, 0x63, 0x6b, 0x2e, 0x63, 0x61,
 0x6c, 0x6c, 0x28, 0x74, 0x68, 0x69, 0x73, 0x41,
 0x72, 0x67, 0x2c, 0x20, 0x76, 0x61, 0x6c, 0x75,
 0x65, 0x2c, 0x20, 0x6b, 0x65, 0x79, 0x2c, 0x20,
 0x74, 0x68, 0x69, 0x73, 0x29, 0x3b, 0x0a, 0x20,
 0x20, 0x7d, 0x0a, 0x20, 0x20, 0x74, 0x6f, 0x53,
 0x74, 0x72, 0x69, 0x6e, 0x67, 0x28, 0x29, 0x20,
 0x7b, 0x0a, 0x20, 0x20, 0x20, 0x20, 0x63, 0x6f,
 0x6e, 0x73, 0x74, 0x20, 0x71, 0x20, 0x3d, 0x20,
 0x5b, 0x5d, 0x3b, 0x0a, 0x20, 0x20, 0x20, 0x20,
 0x66, 0x6f, 0x72, 0x28, 0x63, 0x6f, 0x6e, 0x73,
 0x74, 0x20, 0x5b, 0x6b, 0x2c, 0x20, 0x76, 0x5d,
 0x20, 0x6f, 0x66, 0x20, 0x74, 0x68, 0x69, 0x73,
 0x2e, 0x23, 0x65, 0x6e, 0x74, 0x72, 0x69, 0x65,
 0x73, 0x29, 0x20, 0x71, 0x2e, 0x70, 0x75, 0x73,
 0x68, 0x28, 0x65, 0x6e, 0x63, 0x6f, 0x64, 0x65,
 0x28, 0x6b, 0x29, 0x20, 0x2b, 0x20, 0x27, 0x3d,
 0x27, 0x20, 0x2b, 0x20, 0x65, 0x6e, 0x63, 0x6f,
 0x64, 0x65, 0x28, 0x76, 0x29, 0x29, 0x3b, 0x0a,
 0x20, 0x20, 0x20, 0x20, 0x72, 0x65, 0x74, 0x75,
 0x72, 0x6e, 0x20, 0x71, 0x2e, 0x6a, 0x6f, 0x69,
 0x6e, 0x28, 0x27, 0x26, 0x27, 0x29, 0x3b, 0x0a,
 0x0a, 0x20, 0x20, 0x20, 0x20, 0x66, 0x75, 0x6e,
 0x63, 0x74, 0x69, 0x6f, 0x6e, 0x20, 0x65, 0x6e,
 0x63, 0x6f, 0x64, 0x65, 0x28, 0x73, 0x74, 0x72,
 0x29, 0x20, 0x7b, 0x0a, 0x20, 0x20, 0x20, 0x20,
 0x20, 0x20, 0x72, 0x65, 0x74, 0x75, 0x72, 0x6e,
 0x20, 0x65, 0x6e, 0x63, 0x6f, 0x64, 0x65, 0x55,
 0x52, 0x49, 0x43, 0x6f, 0x6d, 0x70, 0x6f, 0x6e,
 0x65, 0x6e, 0x74, 0x28, 0x73, 0x74, 0x72, 0x29,
 0x2e, 0x72, 0x65, 0x70, 0x6c, 0x61, 0x63, 0x65,
 0x28, 0x2f, 0x5b, 0x21, 0x27, 0x5c, 0x28, 0x5c,
 0x29, 0x7e, 0x5d, 0x7c, 0x25, 0x32, 0x30, 0x7c,
 0x25, 0x30, 0x30, 0x2f, 0x67, 0x2c, 0x20, 0x6d,
 0x61, 0x74, 0x63, 0x68, 0x20, 0x3d, 0x3e, 0x20,
 0x72, 0x65, 0x70, 0x6c, 0x61, 0x63, 0x65, 0x5b,
 0x6d, 0x61, 0x74, 0x63, 0x68, 0x5d, 0x29, 0x3b,
 0x0a, 0x20, 0x20, 0x20, 0x20, 0x7d, 0x0a, 0x20,
 0x20, 0x7d, 0x0a, 0x20, 0x20, 0x2a, 0x65, 0x6e,
 0x74, 0x72, 0x69, 0x65, 0x73, 0x28, 0x29, 0x20,
 0x7b, 0x0a, 0x20, 0x20, 0x20, 0x20, 0x79, 0x69,
 0x65, 0x6c, 0x64, 0x2a, 0x20, 0x74, 0x68, 0x69,
 0x73, 0x2e, 0x23, 0x65, 0x6e, 0x74, 0x72, 0x69,
 0x65, 0x73, 0x3b, 0x0a, 0x20, 0x20, 0x7d, 0x0a,
 0x20, 0x20, 0x2a, 0x6b, 0x65, 0x79, 0x73, 0x28,
 0x29, 0x20, 0x7b, 0x0a, 0x20, 0x20, 0x20, 0x20,
 0x79, 0x69, 0x65, 0x6c, 0x64, 0x2a, 0x20, 0x74,
 0x68, 0x69, 0x73, 0x2e, 0x23, 0x65, 0x6e, 0x74,
 0x72, 0x69, 0x65, 0x73, 0x2e, 0x6d, 0x61, 0x70,
 0x28, 0x28, 0x5b, 0x6b, 0x5d, 0x29, 0x20, 0x3d,
 0x3e, 0x20, 0x6b, 0x29, 0x3b, 0x0a, 0x20, 0x20,
 0x7d, 0x0a, 0x20, 0x20, 0x2a, 0x76, 0x61, 0x6c,
 0x75, 0x65, 0x73, 0x28, 0x29, 0x20, 0x7b, 0x0a,
 0x20, 0x20, 0x20, 0x20, 0x79, 0x69, 0x65, 0x6c,
 0x64, 0x2a, 0x20, 0x74, 0x68, 0x69, 0x73, 0x2e,
 0x23, 0x65, 0x6e, 0x74, 0x72, 0x69, 0x65, 0x73,
 0x2e, 0x6d, 0x61, 0x70, 0x28, 0x28, 0x5b, 0x2c,
 0x20, 0x76, 0x5d, 0x29, 0x20, 0x3d, 0x3e, 0x20,
 0x76, 0x29, 0x3b, 0x0a, 0x20, 0x20, 0x7d, 0x0a,
 0x20, 0x20, 0x73, 0x6f, 0x72, 0x74, 0x28, 0x29,
 0x20, 0x7b, 0x0a, 0x20, 0x20, 0x20, 0x20, 0x74,
 0x68, 0x69, 0x73, 0x2e, 0x23, 0x65, 0x6e, 0x74,
 0x72, 0x69, 0x65, 0x73, 0x2e, 0x73, 0x6f, 0x72,
 0x74, 0x28, 0x28, 0x61, 0x2c, 0x20, 0x62, 0x29,
 0x20, 0x3d, 0x3e, 0x20, 0x61, 0x5b, 0x30, 0x5d,
 0x20, 0x3e, 0x20, 0x62, 0x5b, 0x30, 0x5d, 0x29,
 0x3b, 0x0a, 0x20, 0x20, 0x7d, 0x0a, 0x20, 0x20,
 0x67, 0x65, 0x74, 0x20, 0x73, 0x69, 0x7a, 0x65,
 0x28, 0x29, 0x20, 0x7b, 0x0a, 0x20, 0x20, 0x20,
 0x20, 0x72, 0x65, 0x74, 0x75, 0x72, 0x6e, 0x20,
 0x74, 0x68, 0x69, 0x73, 0x2e, 0x23, 0x65, 0x6e,
 0x74, 0x72, 0x69, 0x65, 0x73, 0x2e, 0x6c, 0x65,
 0x6e, 0x67, 0x74, 0x68, 0x3b, 0x0a, 0x20, 0x20,
 0x7d, 0x0a, 0x7d, 0x0c, 0x42, 0x0b, 0x01, 0x00,
 0x02, 0x01, 0x02, 0x04, 0x00, 0x01, 0x00, 0x13,
 0x03, 0x6e, 0x00, 0x01, 0x00, 0x82, 0x01, 0x00,
 0x01, 0x00, 0x10, 0x00, 0x01, 0x00, 0xd8, 0x03,
 0x01, 0x18, 0x08, 0xc9, 0xc5, 0xdd, 0x43, 0x41,
 0x02, 0x01, 0x00, 0x00, 0xd1, 0xd2, 0x26, 0x02,
 0x00, 0x24, 0x01, 0x00, 0x29, 0xca, 0x03, 0x1d,
 0x03, 0x04, 0x0d, 0x04, 0x2a, 0x1c, 0x40, 0x61,
 0x70, 0x70, 0x65, 0x6e, 0x64, 0x28, 0x6e, 0x61,
 0x6d, 0x65, 0x2c, 0x20, 0x76, 0x61, 0x6c, 0x75,
 0x65, 0x29, 0x20, 0x7b, 0x0a, 0x20, 0x20, 0x20,
 0x20, 0x74, 0x68, 0x69, 0x73, 0x2e, 0x23, 0x65,
 0x6e, 0x74, 0x72, 0x69, 0x65, 0x73, 0x2e, 0x70,
 0x75, 0x73, 0x68, 0x28, 0x5b, 0x6e, 0x61, 0x6d,
 0x65, 0x2c, 0x20, 0x76, 0x61, 0x6c, 0x75, 0x65,
 0x5d, 0x29, 0x3b, 0x0a, 0x20, 0x20, 0x7d, 0x0c,
 0x42, 0x0b, 0x01, 0x00, 0x02, 0x01, 0x02, 0x05,
 0x02, 0x01, 0x02, 0x21, 0x03, 0x6e, 0x00, 0x01,
 0x40, 0x00, 0x82, 0x01, 0x00, 0x01, 0x40, 0x01,
 0x10, 0x00, 0x01, 0x00, 0xd8, 0x03, 0x01, 0x18,
 0x0c, 0x40, 0x0b, 0x01, 0x00, 0x01, 0x01, 0x01,
 0x05, 0x00, 0x01, 0x00, 0x0c, 0x02, 0x00, 0x00,
 0x01, 0x00, 0xe8, 0x03, 0x00, 0x00, 0x00, 0x6e,
 0x00, 0x01, 0xd1, 0x7d, 0x80, 0x00, 0x0e, 0xc9,
 0x83, 0xc5, 0xdd, 0xab, 0x95, 0x28, 0xca, 0x03,
 0x21, 0x40, 0x02, 0x2a, 0x20, 0x15, 0x28, 0x5b,
 0x6b, 0x5d, 0x29, 0x20, 0x3d, 0x3e, 0x20, 0x21,
 0x28, 0x6b, 0x20, 0x3d, 0x3d, 0x20, 0x6e, 0x61,
 0x6d, 0x65, 0x29, 0x0c, 0x40, 0x0b, 0x01, 0x00,
 0x01, 0x02, 0x01, 0x05, 0x00, 0x02, 0x00, 0x17,
 0x03, 0x00, 0x00, 0x01, 0x00, 0xe8, 0x03, 0x00,
 0x00, 0x00, 0xe4, 0x03, 0x00, 0x01, 0x00, 0x6e,
 0x00, 0x01, 0x82, 0x01, 0x01, 0x01, 0xd1, 0x7d,
 0x80, 0x00, 0x0e, 0xc9, 0x80, 0x00, 0x0e, 0xca,
 0x83, 0xc5, 0xdd, 0xab, 0x11, 0xea, 0x05, 0x0e,
 0xc6, 0xde, 0xab, 0x95, 0x28, 0xca, 0x03, 0x21,
 0x58, 0x04, 0x3e, 0x26, 0x25, 0x1a, 0x26, 0x28,
 0x5b, 0x6b, 0x2c, 0x20, 0x76, 0x5d, 0x29, 0x20,
 0x3d, 0x3e, 0x20, 0x21, 0x28, 0x6b, 0x20, 0x3d,
 0x3d, 0x20, 0x6e, 0x61, 0x6d, 0x65, 0x20, 0x26,
 0x26, 0x20, 0x76, 0x20, 0x3d, 0x3d, 0x20, 0x76,
 0x61, 0x6c, 0x75, 0x65, 0x29, 0x08, 0xc9, 0xc5,
 0xc5, 0xdd, 0x43, 0x41, 0x03, 0x01, 0x00, 0x00,
 0xd2, 0x38, 0x46, 0x00, 0x00, 0x00, 0xad, 0xea,
 0x05, 0xbf, 0x00, 0xec, 0x03, 0xbf, 0x01, 0x24,
 0x01, 0x00, 0x15, 0xdd, 0x44, 0x29, 0xca, 0x03,
 0x20, 0x03, 0x06, 0x0d, 0x04, 0x2f, 0x4a, 0x07,
 0x14, 0x99, 0x01, 0x64, 0x65, 0x6c, 0x65, 0x74,
 0x65, 0x28, 0x6e, 0x61, 0x6d, 0x65, 0x2c, 0x20,
 0x76, 0x61, 0x6c, 0x75, 0x65, 0x29, 0x20, 0x7b,
 0x0a, 0x20, 0x20, 0x20, 0x20, 0x74, 0x68, 0x69,
 0x73, 0x2e, 0x23, 0x65, 0x6e, 0x74, 0x72, 0x69,
 0x65, 0x73, 0x20, 0x3d, 0x20, 0x74, 0x68, 0x69,
 0x73, 0x2e, 0x23, 0x65, 0x6e, 0x74, 0x72, 0x69,
 0x65, 0x73, 0x2e, 0x66, 0x69, 0x6c, 0x74, 0x65,
 0x72, 0x28, 0x76, 0x61, 0x6c, 0x75, 0x65, 0x20,
 0x3d, 0x3d, 0x3d, 0x20, 0x75, 0x6e, 0x64, 0x65,
 0x66, 0x69, 0x6e, 0x65, 0x64, 0x20, 0x3f, 0x20,
 0x28, 0x5b, 0x6b, 0x5d, 0x29, 0x20, 0x3d, 0x3e,
 0x20, 0x21, 0x28, 0x6b, 0x20, 0x3d, 0x3d, 0x20,
 0x6e, 0x61, 0x6d, 0x65, 0x29, 0x20, 0x3a, 0x20,
 0x28, 0x5b, 0x6b, 0x2c, 0x20, 0x76, 0x5d, 0x29,
 0x20, 0x3d, 0x3e, 0x20, 0x21, 0x28, 0x6b, 0x20,
 0x3d, 0x3d, 0x20, 0x6e, 0x61, 0x6d, 0x65, 0x20,
 0x26, 0x26, 0x20, 0x76, 0x20, 0x3d, 0x3d, 0x20,
 0x76, 0x61, 0x6c, 0x75, 0x65, 0x29, 0x29, 0x3b,
 0x0a, 0x20, 0x20, 0x7d, 0x0c, 0x42, 0x0b, 0x01,
 0x00, 0x01, 0x01, 0x01, 0x03, 0x01, 0x01, 0x01,
 0x19, 0x02, 0x6e, 0x00, 0x01, 0x40, 0x00, 0x10,
 0x00, 0x01, 0x00, 0xd8, 0x03, 0x01, 0x18, 0x0c,
 0x40, 0x0b, 0x01, 0x00, 0x01, 0x01, 0x01, 0x05,
 0x00, 0x01, 0x00, 0x0b, 0x02, 0x00, 0x00, 0x01,
 0x00, 0x88, 0x04, 0x00, 0x00, 0x00, 0x6e, 0x00,
 0x01, 0xd1, 0x7d, 0x80, 0x00, 0x0e, 0xc9, 0x83,
 0xc5, 0xdd, 0xab, 0x28, 0xca, 0x03, 0x24, 0x1a,
 0x02, 0x2a, 0x2e, 0x16, 0x28, 0x5b, 0x6b, 0x65,
 0x79, 0x5d, 0x29, 0x20, 0x3d, 0x3e, 0x20, 0x6b,
 0x65, 0x79, 0x20, 0x3d, 0x3d, 0x20, 0x6e, 0x61,
 0x6d, 0x65, 0x08, 0xc9, 0xc5, 0xdd, 0x43, 0x41,
 0x05, 0x01, 0x00, 0x00, 0xbf, 0x00, 0x24, 0x01,
 0x00, 0x11, 0xaf, 0xea, 0x04, 0x0e, 0x06, 0x28,
 0xb5, 0x46, 0x28, 0xca, 0x03, 0x23, 0x03, 0x02,
 0x35, 0x2e, 0x4b, 0x67, 0x65, 0x74, 0x28, 0x6e,
 0x61, 0x6d, 0x65, 0x29, 0x20, 0x7b, 0x0a, 0x20,
 0x20, 0x20, 0x20, 0x72, 0x65, 0x74, 0x75, 0x72,
 0x6e, 0x20, 0x74, 0x68, 0x69, 0x73, 0x2e, 0x23,
 0x65, 0x6e, 0x74, 0x72, 0x69, 0x65, 0x73, 0x2e,
 0x66, 0x69, 0x6e, 0x64, 0x28, 0x28, 0x5b, 0x6b,
 0x65, 0x79, 0x5d, 0x29, 0x20, 0x3d, 0x3e, 0x20,
 0x6b, 0x65, 0x79, 0x20, 0x3d, 0x3d, 0x20, 0x6e,
 0x61, 0x6d, 0x65, 0x29, 0x3f, 0x2e, 0x5b, 0x31,
 0x5d, 0x3b, 0x0a, 0x20, 0x20, 0x7d, 0x0c, 0x42,
 0x0b, 0x01, 0x00, 0x01, 0x01, 0x01, 0x03, 0x01,
 0x01, 0x02, 0x19, 0x02, 0x6e, 0x00, 0x01, 0x40,
 0x00, 0x10, 0x00, 0x01, 0x00, 0xd8, 0x03, 0x01,
 0x18, 0x0c, 0x40, 0x0b, 0x01, 0x00, 0x01, 0x01,
 0x01, 0x05, 0x00, 0x01, 0x00, 0x0b, 0x02, 0x00,
 0x00, 0x01, 0x00, 0x88, 0x04, 0x00, 0x00, 0x00,
 0x6e, 0x00, 0x01, 0xd1, 0x7d, 0x80, 0x00, 0x0e,
 0xc9, 0x83, 0xc5, 0xdd, 0xab, 0x28, 0xca, 0x03,
 0x27, 0x1a, 0x02, 0x2a, 0x32, 0x16, 0x28, 0x5b,
 0x6b, 0x65, 0x79, 0x5d, 0x29, 0x20, 0x3d, 0x3e,
 0x20, 0x6b, 0x65, 0x79, 0x20, 0x3d, 0x3d, 0x20,
 0x6e, 0x61, 0x6d, 0x65, 0x0c, 0x40, 0x0b, 0x01,
 0x00, 0x01, 0x02, 0x01, 0x05, 0x00, 0x00, 0x00,
 0x0d, 0x03, 0x00, 0x00, 0x01, 0x00, 0x88, 0x04,
 0x00, 0x00, 0x00, 0x82, 0x01, 0x00, 0x01, 0x00,
 0xd1, 0x7d, 0x80, 0x00, 0x0e, 0xc9, 0x80, 0x00,
 0x0e, 0xca, 0x83, 0xc6, 0x28, 0xca, 0x03, 0x27,
 0x39, 0x00, 0x17, 0x28, 0x5b, 0x6b, 0x65, 0x79,
 0x2c, 0x20, 0x76, 0x61, 0x6c, 0x75, 0x65, 0x5d,
 0x29, 0x20, 0x3d, 0x3e, 0x20, 0x76, 0x61, 0x6c,
 0x75, 0x65, 0x08, 0xc9, 0xc5, 0xdd, 0x43, 0x41,
 0x03, 0x01, 0x00, 0x00, 0xbf, 0x00, 0x24, 0x01,
 0x00, 0x41, 0x06, 0x01, 0x00, 0x00, 0xbf, 0x01,
 0x25, 0x01, 0x00, 0xca, 0x03, 0x26, 0x03, 0x04,
 0x35, 0x2e, 0x34, 0x3e, 0x68, 0x67, 0x65, 0x74,
 0x41, 0x6c, 0x6c, 0x28, 0x6e, 0x61, 0x6d, 0x65,
 0x29, 0x20, 0x7b, 0x0a, 0x20, 0x20, 0x20, 0x20,
 0x72, 0x65, 0x74, 0x75, 0x72, 0x6e, 0x20, 0x74,
 0x68, 0x69, 0x73, 0x2e, 0x23, 0x65, 0x6e, 0x74,
 0x72, 0x69, 0x65, 0x73, 0x2e, 0x66, 0x69, 0x6c,
 0x74, 0x65, 0x72, 0x28, 0x28, 0x5b, 0x6b, 0x65,
 0x79, 0x5d, 0x29, 0x20, 0x3d, 0x3e, 0x20, 0x6b,
 0x65, 0x79, 0x20, 0x3d, 0x3d, 0x20, 0x6e, 0x61,
 0x6d, 0x65, 0x29, 0x2e, 0x6d, 0x61, 0x70, 0x28,
 0x28, 0x5b, 0x6b, 0x65, 0x79, 0x2c, 0x20, 0x76,
 0x61, 0x6c, 0x75, 0x65, 0x5d, 0x29, 0x20, 0x3d,
 0x3e, 0x20, 0x76, 0x61, 0x6c, 0x75, 0x65, 0x29,
 0x3b, 0x0a, 0x20, 0x20, 0x7d, 0x0c, 0x42, 0x0b,
 0x01, 0x00, 0x02, 0x01, 0x02, 0x04, 0x02, 0x01,
 0x02, 0x1c, 0x03, 0x6e, 0x00, 0x01, 0x40, 0x00,
 0x82, 0x01, 0x00, 0x01, 0x40, 0x01, 0x10, 0x00,
 0x01, 0x00, 0xd8, 0x03, 0x01, 0x18, 0x0c, 0x40,
 0x0b, 0x01, 0x00, 0x01, 0x01, 0x01, 0x05, 0x00,
 0x01, 0x00, 0x0c, 0x02, 0x00, 0x00, 0x01, 0x00,
 0xe8, 0x03, 0x00, 0x00, 0x00, 0x6e, 0x00, 0x01,
 0xd1, 0x7d, 0x80, 0x00, 0x0e, 0xc9, 0x83, 0xc5,
 0xdd, 0xab, 0x95, 0x28, 0xca, 0x03, 0x2a, 0x35,
 0x02, 0x2a, 0x20, 0x15, 0x28, 0x5b, 0x6b, 0x5d,
 0x29, 0x20, 0x3d, 0x3e, 0x20, 0x21, 0x28, 0x6b,
 0x20, 0x3d, 0x3d, 0x20, 0x6e, 0x61, 0x6d, 0x65,
 0x29, 0x0c, 0x40, 0x0b, 0x01, 0x00, 0x01, 0x02,
 0x01, 0x05, 0x00, 0x02, 0x00, 0x17, 0x03, 0x00,
 0x00, 0x01, 0x00, 0xe8, 0x03, 0x00, 0x00, 0x00,
 0xe4, 0x03, 0x00, 0x01, 0x00, 0x6e, 0x00, 0x01,
 0x82, 0x01, 0x01, 0x01, 0xd1, 0x7d, 0x80, 0x00,
 0x0e, 0xc9, 0x80, 0x00, 0x0e, 0xca, 0x83, 0xc5,
 0xdd, 0xab, 0x11, 0xea, 0x05, 0x0e, 0xc6, 0xde,
 0xab, 0x95, 0x28, 0xca, 0x03, 0x2a, 0x4d, 0x04,
 0x3e, 0x26, 0x25, 0x1a, 0x26, 0x28, 0x5b, 0x6b,
 0x2c, 0x20, 0x76, 0x5d, 0x29, 0x20, 0x3d, 0x3e,
 0x20, 0x21, 0x28, 0x6b, 0x20, 0x3d, 0x3d, 0x20,
 0x6e, 0x61, 0x6d, 0x65, 0x20, 0x26, 0x26, 0x20,
 0x76, 0x20, 0x3d, 0x3d, 0x20, 0x76, 0x61, 0x6c,
 0x75, 0x65, 0x29, 0x08, 0xc9, 0xc5, 0xdd, 0x43,
 0x41, 0x07, 0x01, 0x00, 0x00, 0xd2, 0x38, 0x46,
 0x00, 0x00, 0x00, 0xad, 0xea, 0x05, 0xbf, 0x00,
 0xec, 0x03, 0xbf, 0x01, 0x25, 0x01, 0x00, 0xca,
 0x03, 0x29, 0x03, 0x04, 0x35, 0x38, 0x07, 0x14,
 0x8b, 0x01, 0x68, 0x61, 0x73, 0x28, 0x6e, 0x61,
 0x6d, 0x65, 0x2c, 0x20, 0x76, 0x61, 0x6c, 0x75,
 0x65, 0x29, 0x20, 0x7b, 0x0a, 0x20, 0x20, 0x20,
 0x20, 0x72, 0x65, 0x74, 0x75, 0x72, 0x6e, 0x20,
 0x74, 0x68, 0x69, 0x73, 0x2e, 0x23, 0x65, 0x6e,
 0x74, 0x72, 0x69, 0x65, 0x73, 0x2e, 0x73, 0x6f,
 0x6d, 0x65, 0x28, 0x76, 0x61, 0x6c, 0x75, 0x65,
 0x20, 0x3d, 0x3d, 0x3d, 0x20, 0x75, 0x6e, 0x64,
 0x65, 0x66, 0x69, 0x6e, 0x65, 0x64, 0x20, 0x3f,
 0x20, 0x28, 0x5b, 0x6b, 0x5d, 0x29, 0x20, 0x3d,
 0x3e, 0x20, 0x21, 0x28, 0x6b, 0x20, 0x3d, 0x3d,
 0x20, 0x6e, 0x61, 0x6d, 0x65, 0x29, 0x20, 0x3a,
 0x20, 0x28, 0x5b, 0x6b, 0x2c, 0x20, 0x76, 0x5d,
 0x29, 0x20, 0x3d, 0x3e, 0x20, 0x21, 0x28, 0x6b,
 0x20, 0x3d, 0x3d, 0x20, 0x6e, 0x61, 0x6d, 0x65,
 0x20, 0x26, 0x26, 0x20, 0x76, 0x20, 0x3d, 0x3d,
 0x20, 0x76, 0x61, 0x6c, 0x75, 0x65, 0x29, 0x29,
 0x3b, 0x0a, 0x20, 0x20, 0x7d, 0x0c, 0x42, 0x0b,
 0x01, 0x00, 0x02, 0x02, 0x02, 0x06, 0x01, 0x01,
 0x01, 0x33, 0x04, 0x6e, 0x00, 0x01, 0x40, 0x00,
 0x82, 0x01, 0x00, 0x01, 0x00, 0xb0, 0x01, 0x01,
 0x00, 0x30, 0x10, 0x00, 0x01, 0x00, 0xd8, 0x03,
 0x01, 0x18, 0x0c, 0x40, 0x0b, 0x01, 0x00, 0x01,
 0x01, 0x01, 0x05, 0x00, 0x01, 0x00, 0x0b, 0x02,
 0x00, 0x00, 0x01, 0x00, 0x88, 0x04, 0x00, 0x00,
 0x00, 0x6e, 0x00, 0x01, 0xd1, 0x7d, 0x80, 0x00,
 0x0e, 0xc9, 0x83, 0xc5, 0xdd, 0xab, 0x28, 0xca,
 0x03, 0x2d, 0x21, 0x02, 0x2a, 0x38, 0x16, 0x28,
 0x5b, 0x6b, 0x65, 0x79, 0x5d, 0x29, 0x20, 0x3d,
 0x3e, 0x20, 0x6b, 0x65, 0x79, 0x20, 0x3d, 0x3d,
 0x20, 0x6e, 0x61, 0x6d, 0x65, 0x08, 0xca, 0x60,
 0x00, 0x00, 0xc6, 0xdd, 0x43, 0x41, 0x08, 0x01,
 0x00, 0x00, 0xbf, 0x00, 0x24, 0x01, 0x00, 0xc9,
 0xc6, 0x41, 0x09, 0x00, 0x00, 0x00, 0xd1, 0x24,
 0x01, 0x00, 0x0e, 0xc6, 0xdd, 0x43, 0x41, 0x09,
 0x01, 0x00, 0x00, 0x61, 0x00, 0x00, 0xb4, 0xd1,
 0xd2, 0x26, 0x02, 0x00, 0x24, 0x03, 0x00, 0x29,
 0xca, 0x03, 0x2c, 0x03, 0x0a, 0x44, 0x3c, 0x21,
 0x37, 0x20, 0x18, 0x1c, 0x17, 0x2a, 0x2a, 0xa3,
 0x01, 0x73, 0x65, 0x74, 0x28, 0x6e, 0x61, 0x6d,
 0x65, 0x2c, 0x20, 0x76, 0x61, 0x6c, 0x75, 0x65,
 0x29, 0x20, 0x7b, 0x0a, 0x20, 0x20, 0x20, 0x20,
 0x63, 0x6f, 0x6e, 0x73, 0x74, 0x20, 0x69, 0x6e,
 0x64, 0x65, 0x78, 0x20, 0x3d, 0x20, 0x74, 0x68,
 0x69, 0x73, 0x2e, 0x23, 0x65, 0x6e, 0x74, 0x72,
 0x69, 0x65, 0x73, 0x2e, 0x66, 0x69, 0x6e, 0x64,
 0x49, 0x6e, 0x64, 0x65, 0x78, 0x28, 0x28, 0x5b,
 0x6b, 0x65, 0x79, 0x5d, 0x29, 0x20, 0x3d, 0x3e,
 0x20, 0x6b, 0x65, 0x79, 0x20, 0x3d, 0x3d, 0x20,
 0x6e, 0x61, 0x6d, 0x65, 0x29, 0x3b, 0x0a, 0x20,
 0x20, 0x20, 0x20, 0x74, 0x68, 0x69, 0x73, 0x2e,
 0x64, 0x65, 0x6c, 0x65, 0x74, 0x65, 0x28, 0x6e,
 0x61, 0x6d, 0x65, 0x29, 0x3b, 0x0a, 0x20, 0x20,
 0x20, 0x20, 0x74, 0x68, 0x69, 0x73, 0x2e, 0x23,
 0x65, 0x6e, 0x74, 0x72, 0x69, 0x65, 0x73, 0x2e,
 0x73, 0x70, 0x6c, 0x69, 0x63, 0x65, 0x28, 0x69,
 0x6e, 0x64, 0x65, 0x78, 0x2c, 0x20, 0x30, 0x2c,
 0x20, 0x5b, 0x6e, 0x61, 0x6d, 0x65, 0x2c, 0x20,
 0x76, 0x61, 0x6c, 0x75, 0x65, 0x5d, 0x29, 0x3b,
 0x0a, 0x20, 0x20, 0x7d, 0x0c, 0x42, 0x0b, 0x01,
 0x00, 0x02, 0x03, 0x02, 0x09, 0x00, 0x01, 0x00,
 0x31, 0x05, 0x94, 0x04, 0x00, 0x01, 0x00, 0x96,
 0x04, 0x00, 0x01, 0x00, 0x88, 0x04, 0x02, 0x00,
 0x30, 0x82, 0x01, 0x02, 0x01, 0x30, 0x10, 0x00,
 0x01, 0x00, 0xd8, 0x03, 0x01, 0x18, 0x08, 0xcb,
 0x60, 0x01, 0x00, 0x60, 0x00, 0x00, 0xc7, 0xdd,
 0x43, 0x7d, 0xec, 0x1d, 0x7d, 0x80, 0x00, 0x0e,
 0xc9, 0x80, 0x00, 0x0e, 0xca, 0x83, 0xd1, 0x41,
 0x0c, 0x01, 0x00, 0x00, 0xd2, 0x61, 0x01, 0x00,
 0x61, 0x00, 0x00, 0xc7, 0x24, 0x04, 0x00, 0x0e,
 0x80, 0x00, 0xea, 0xe1, 0x0e, 0x83, 0x29, 0xca,
 0x03, 0x31, 0x03, 0x04, 0x7b, 0x56, 0x20, 0x1c,
 0x77, 0x66, 0x6f, 0x72, 0x45, 0x61, 0x63, 0x68,
 0x28, 0x63, 0x61, 0x6c, 0x6c, 0x62, 0x61, 0x63,
 0x6b, 0x2c, 0x20, 0x74, 0x68, 0x69, 0x73, 0x41,
 0x72, 0x67, 0x29, 0x20, 0x7b, 0x0a, 0x20, 0x20,
 0x20, 0x20, 0x66, 0x6f, 0x72, 0x28, 0x63, 0x6f,
 0x6e, 0x73, 0x74, 0x20, 0x5b, 0x6b, 0x65, 0x79,
 0x2c, 0x20, 0x76, 0x61, 0x6c, 0x75, 0x65, 0x5d,
 0x20, 0x6f, 0x66, 0x20, 0x74, 0x68, 0x69, 0x73,
 0x2e, 0x23, 0x65, 0x6e, 0x74, 0x72, 0x69, 0x65,
 0x73, 0x29, 0x20, 0x63, 0x61, 0x6c, 0x6c, 0x62,
 0x61, 0x63, 0x6b, 0x2e, 0x63, 0x61, 0x6c, 0x6c,
 0x28, 0x74, 0x68, 0x69, 0x73, 0x41, 0x72, 0x67,
 0x2c, 0x20, 0x76, 0x61, 0x6c, 0x75, 0x65, 0x2c,
 0x20, 0x6b, 0x65, 0x79, 0x2c, 0x20, 0x74, 0x68,
 0x69, 0x73, 0x29, 0x3b, 0x0a, 0x20, 0x20, 0x7d,
 0x0c, 0x42, 0x0b, 0x01, 0x00, 0x00, 0x05, 0x00,
 0x08, 0x00, 0x01, 0x01, 0x57, 0x05, 0xde, 0x03,
 0x01, 0x00, 0x30, 0xe8, 0x03, 0x02, 0x01, 0x30,
 0xe4, 0x03, 0x02, 0x02, 0x30, 0x9a, 0x04, 0x00,
 0x00, 0x00, 0x10, 0x00, 0x01, 0x00, 0xd8, 0x03,
 0x01, 0x18, 0x0c, 0x43, 0x0a, 0x01, 0x9a, 0x04,
 0x01, 0x00, 0x01, 0x04, 0x00, 0x00, 0x03, 0x16,
 0x01, 0xec, 0x03, 0x00, 0x01, 0x00, 0x07, 0x22,
 0x5b, 0x21, 0x27, 0x5c, 0x28, 0x5c, 0x29, 0x7e,
 0x5d, 0x7c, 0x25, 0x32, 0x30, 0x7c, 0x25, 0x30,
 0x30, 0x07, 0x8e, 0x01, 0x01, 0x00, 0x01, 0x00,
 0x3f, 0x00, 0x00, 0x00, 0x09, 0x06, 0x00, 0x00,
 0x00, 0x05, 0x08, 0xf5, 0xff, 0xff, 0xff, 0x0c,
 0x00, 0x0a, 0x24, 0x00, 0x00, 0x00, 0x0a, 0x14,
 0x00, 0x00, 0x00, 0x16, 0x03, 0x00, 0x21, 0x00,
 0x21, 0x00, 0x27, 0x00, 0x29, 0x00, 0x7e, 0x00,
 0x7e, 0x00, 0x08, 0x06, 0x00, 0x00, 0x00, 0x01,
 0x25, 0x01, 0x32, 0x01, 0x30, 0x08, 0x06, 0x00,
 0x00, 0x00, 0x01, 0x25, 0x01, 0x30, 0x01, 0x30,
 0x0d, 0x00, 0x0b, 0x0c, 0x42, 0x0a, 0x01, 0x00,
 0x01, 0x00, 0x01, 0x02, 0x00, 0x00, 0x00, 0x08,
 0x01, 0x9c, 0x04, 0x00, 0x01, 0x00, 0x38, 0xf8,
 0x00, 0x00, 0x00, 0xd1, 0x46, 0x28, 0xca, 0x03,
 0x3a, 0x44, 0x00, 0x17, 0x6d, 0x61, 0x74, 0x63,
 0x68, 0x20, 0x3d, 0x3e, 0x20, 0x72, 0x65, 0x70,
 0x6c, 0x61, 0x63, 0x65, 0x5b, 0x6d, 0x61, 0x74,
 0x63, 0x68, 0x5d, 0x38, 0x0f, 0x01, 0x00, 0x00,
 0xd1, 0xef, 0x41, 0xf8, 0x00, 0x00, 0x00, 0xbe,
 0x00, 0xbe, 0x01, 0x34, 0xbf, 0x02, 0x25, 0x02,
 0x00, 0xca, 0x03, 0x39, 0x05, 0x04, 0x1c, 0x38,
 0x25, 0x0a, 0x79, 0x66, 0x75, 0x6e, 0x63, 0x74,
 0x69, 0x6f, 0x6e, 0x20, 0x65, 0x6e, 0x63, 0x6f,
 0x64, 0x65, 0x28, 0x73, 0x74, 0x72, 0x29, 0x20,
 0x7b, 0x0a, 0x20, 0x20, 0x20, 0x20, 0x20, 0x20,
 0x72, 0x65, 0x74, 0x75, 0x72, 0x6e, 0x20, 0x65,
 0x6e, 0x63, 0x6f, 0x64, 0x65, 0x55, 0x52, 0x49,
 0x43, 0x6f, 0x6d, 0x70, 0x6f, 0x6e, 0x65, 0x6e,
 0x74, 0x28, 0x73, 0x74, 0x72, 0x29, 0x2e, 0x72,
 0x65, 0x70, 0x6c, 0x61, 0x63, 0x65, 0x28, 0x2f,
 0x5b, 0x21, 0x27, 0x5c, 0x28, 0x5c, 0x29, 0x7e,
 0x5d, 0x7c, 0x25, 0x32, 0x30, 0x7c, 0x25, 0x30,
 0x30, 0x2f, 0x67, 0x2c, 0x20, 0x6d, 0x61, 0x74,
 0x63, 0x68, 0x20, 0x3d, 0x3e, 0x20, 0x72, 0x65,
 0x70, 0x6c, 0x61, 0x63, 0x65, 0x5b, 0x6d, 0x61,
 0x74, 0x63, 0x68, 0x5d, 0x29, 0x3b, 0x0a, 0x20,
 0x20, 0x20, 0x20, 0x7d, 0x08, 0xc2, 0x04, 0xbf,
 0x00, 0xcc, 0x60, 0x00, 0x00, 0x26, 0x00, 0x00,
 0xc9, 0x60, 0x02, 0x00, 0x60, 0x01, 0x00, 0xc1,
 0x04, 0xdd, 0x43, 0x7d, 0xec, 0x28, 0x7d, 0x80,
 0x00, 0x0e, 0xca, 0x80, 0x00, 0x0e, 0xcb, 0x83,
 0x61, 0x00, 0x00, 0x41, 0x02, 0x01, 0x00, 0x00,
 0xc8, 0x61, 0x01, 0x00, 0xef, 0x04, 0xff, 0x00,
 0x00, 0x00, 0x9c, 0xc8, 0x61, 0x02, 0x00, 0xef,
 0x9c, 0x24, 0x01, 0x00, 0x0e, 0x80, 0x00, 0xea,
 0xd6, 0x0e, 0x83, 0x61, 0x00, 0x00, 0x41, 0x5c,
 0x00, 0x00, 0x00, 0x04, 0xfd, 0x00, 0x00, 0x00,
 0x25, 0x01, 0x00, 0xca, 0x03, 0x34, 0x03, 0x0e,
 0xb8, 0x4a, 0x2a, 0x0e, 0x07, 0x0e, 0x16, 0x0a,
 0x20, 0x0c, 0x07, 0x0e, 0x76, 0x73, 0x85, 0x02,
 0x74, 0x6f, 0x53, 0x74, 0x72, 0x69, 0x6e, 0x67,
 0x28, 0x29, 0x20, 0x7b, 0x0a, 0x20, 0x20, 0x20,
 0x20, 0x63, 0x6f, 0x6e, 0x73, 0x74, 0x20, 0x71,
 0x20, 0x3d, 0x20, 0x5b, 0x5d, 0x3b, 0x0a, 0x20,
 0x20, 0x20, 0x20, 0x66, 0x6f, 0x72, 0x28, 0x63,
 0x6f, 0x6e, 0x73, 0x74, 0x20, 0x5b, 0x6b, 0x2c,
 0x20, 0x76, 0x5d, 0x20, 0x6f, 0x66, 0x20, 0x74,
 0x68, 0x69, 0x73, 0x2e, 0x23, 0x65, 0x6e, 0x74,
 0x72, 0x69, 0x65, 0x73, 0x29, 0x20, 0x71, 0x2e,
 0x70, 0x75, 0x73, 0x68, 0x28, 0x65, 0x6e, 0x63,
 0x6f, 0x64, 0x65, 0x28, 0x6b, 0x29, 0x20, 0x2b,
 0x20, 0x27, 0x3d, 0x27, 0x20, 0x2b, 0x20, 0x65,
 0x6e, 0x63, 0x6f, 0x64, 0x65, 0x28, 0x76, 0x29,
 0x29, 0x3b, 0x0a, 0x20, 0x20, 0x20, 0x20, 0x72,
 0x65, 0x74, 0x75, 0x72, 0x6e, 0x20, 0x71, 0x2e,
 0x6a, 0x6f, 0x69, 0x6e, 0x28, 0x27, 0x26, 0x27,
 0x29, 0x3b, 0x0a, 0x0a, 0x20, 0x20, 0x20, 0x20,
 0x66, 0x75, 0x6e, 0x63, 0x74, 0x69, 0x6f, 0x6e,
 0x20, 0x65, 0x6e, 0x63, 0x6f, 0x64, 0x65, 0x28,
 0x73, 0x74, 0x72, 0x29, 0x20, 0x7b, 0x0a, 0x20,
 0x20, 0x20, 0x20, 0x20, 0x20, 0x72, 0x65, 0x74,
 0x75, 0x72, 0x6e, 0x20, 0x65, 0x6e, 0x63, 0x6f,
 0x64, 0x65, 0x55, 0x52, 0x49, 0x43, 0x6f, 0x6d,
 0x70, 0x6f, 0x6e, 0x65, 0x6e, 0x74, 0x28, 0x73,
 0x74, 0x72, 0x29, 0x2e, 0x72, 0x65, 0x70, 0x6c,
 0x61, 0x63, 0x65, 0x28, 0x2f, 0x5b, 0x21, 0x27,
 0x5c, 0x28, 0x5c, 0x29, 0x7e, 0x5d, 0x7c, 0x25,
 0x32, 0x30, 0x7c, 0x25, 0x30, 0x30, 0x2f, 0x67,
 0x2c, 0x20, 0x6d, 0x61, 0x74, 0x63, 0x68, 0x20,
 0x3d, 0x3e, 0x20, 0x72, 0x65, 0x70, 0x6c, 0x61,
 0x63, 0x65, 0x5b, 0x6d, 0x61, 0x74, 0x63, 0x68,
 0x5d, 0x29, 0x3b, 0x0a, 0x20, 0x20, 0x20, 0x20,
 0x7d, 0x0a, 0x20, 0x20, 0x7d, 0x0c, 0x52, 0x0b,
 0x01, 0x00, 0x00, 0x01, 0x00, 0x06, 0x00, 0x01,
 0x00, 0x55, 0x01, 0x10, 0x00, 0x01, 0x00, 0xd8,
 0x03, 0x01, 0x18, 0x08, 0xc9, 0x86, 0xc5, 0xdd,
 0x43, 0x7d, 0x0e, 0x06, 0x06, 0x84, 0x81, 0x41,
 0x6a, 0x00, 0x00, 0x00, 0xeb, 0x38, 0x88, 0x11,
 0xeb, 0x04, 0x0e, 0xec, 0xf1, 0xb6, 0xad, 0xeb,
 0x16, 0x85, 0x00, 0xeb, 0x0e, 0x81, 0x41, 0x6a,
 0x00, 0x00, 0x00, 0xea, 0xea, 0x40, 0x41, 0x00,
 0x00, 0x00, 0x0f, 0x0f, 0x0f, 0x2f, 0x85, 0x01,
 0xeb, 0x0b, 0x81, 0x41, 0x6a, 0x00, 0x00, 0x00,
 0xea, 0xd5, 0xec, 0x0a, 0x85, 0x02, 0x0e, 0x31,
 0x00, 0x00, 0x00, 0x00, 0x04, 0x40, 0x41, 0x00,
 0x00, 0x00, 0x0f, 0x0f, 0x0f, 0x0e, 0x06, 0x2f,
 0xca, 0x03, 0x3d, 0x04, 0x02, 0x12, 0x02, 0x2a,
 0x2a, 0x65, 0x6e, 0x74, 0x72, 0x69, 0x65, 0x73,
 0x28, 0x29, 0x20, 0x7b, 0x0a, 0x20, 0x20, 0x20,
 0x20, 0x79, 0x69, 0x65, 0x6c, 0x64, 0x2a, 0x20,
 0x74, 0x68, 0x69, 0x73, 0x2e, 0x23, 0x65, 0x6e,
 0x74, 0x72, 0x69, 0x65, 0x73, 0x3b, 0x0a, 0x20,
 0x20, 0x7d, 0x0c, 0x52, 0x0b, 0x01, 0x00, 0x00,
 0x01, 0x00, 0x06, 0x00, 0x01, 0x01, 0x5f, 0x01,
 0x10, 0x00, 0x01, 0x00, 0xd8, 0x03, 0x01, 0x18,
 0x0c, 0x40, 0x0b, 0x01, 0x00, 0x01, 0x01, 0x01,
 0x05, 0x00, 0x00, 0x00, 0x09, 0x02, 0x00, 0x00,
 0x01, 0x00, 0xe8, 0x03, 0x00, 0x00, 0x00, 0xd1,
 0x7d, 0x80, 0x00, 0x0e, 0xc9, 0x83, 0xc5, 0x28,
 0xca, 0x03, 0x41, 0x1a, 0x00, 0x0a, 0x28, 0x5b,
 0x6b, 0x5d, 0x29, 0x20, 0x3d, 0x3e, 0x20, 0x6b,
 0x08, 0xc9, 0x86, 0xc5, 0xdd, 0x43, 0x41, 0x06,
 0x01, 0x00, 0x00, 0xbf, 0x00, 0x24, 0x01, 0x00,
 0x7d, 0x0e, 0x06, 0x06, 0x84, 0x81, 0x41, 0x6a,
 0x00, 0x00, 0x00, 0xeb, 0x38, 0x88, 0x11, 0xeb,
 0x04, 0x0e, 0xec, 0xf1, 0xb6, 0xad, 0xeb, 0x16,
 0x85, 0x00, 0xeb, 0x0e, 0x81, 0x41, 0x6a, 0x00,
 0x00, 0x00, 0xea, 0xea, 0x40, 0x41, 0x00, 0x00,
 0x00, 0x0f, 0x0f, 0x0f, 0x2f, 0x85, 0x01, 0xeb,
 0x0b, 0x81, 0x41, 0x6a, 0x00, 0x00, 0x00, 0xea,
 0xd5, 0xec, 0x0a, 0x85, 0x02, 0x0e, 0x31, 0x00,
 0x00, 0x00, 0x00, 0x04, 0x40, 0x41, 0x00, 0x00,
 0x00, 0x0f, 0x0f, 0x0f, 0x0e, 0x06, 0x2f, 0xca,
 0x03, 0x40, 0x04, 0x04, 0x12, 0x02, 0x2a, 0x2a,
 0x37, 0x2a, 0x6b, 0x65, 0x79, 0x73, 0x28, 0x29,
 0x20, 0x7b, 0x0a, 0x20, 0x20, 0x20, 0x20, 0x79,
 0x69, 0x65, 0x6c, 0x64, 0x2a, 0x20, 0x74, 0x68,
 0x69, 0x73, 0x2e, 0x23, 0x65, 0x6e, 0x74, 0x72,
 0x69, 0x65, 0x73, 0x2e, 0x6d, 0x61, 0x70, 0x28,
 0x28, 0x5b, 0x6b, 0x5d, 0x29, 0x20, 0x3d, 0x3e,
 0x20, 0x6b, 0x29, 0x3b, 0x0a, 0x20, 0x20, 0x7d,
 0x0c, 0x52, 0x0b, 0x01, 0x00, 0x00, 0x01, 0x00,
 0x06, 0x00, 0x01, 0x01, 0x5f, 0x01, 0x10, 0x00,
 0x01, 0x00, 0xd8, 0x03, 0x01, 0x18, 0x0c, 0x40,
 0x0b, 0x01, 0x00, 0x01, 0x01, 0x01, 0x05, 0x00,
 0x00, 0x00, 0x0d, 0x02, 0x00, 0x00, 0x01, 0x00,
 0xe4, 0x03, 0x00, 0x00, 0x00, 0xd1, 0x7d, 0x80,
 0x00, 0x0e, 0x0e, 0x80, 0x00, 0x0e, 0xc9, 0x83,
 0xc5, 0x28, 0xca, 0x03, 0x44, 0x1a, 0x00, 0x0c,
 0x28, 0x5b, 0x2c, 0x20, 0x76, 0x5d, 0x29, 0x20,
 0x3d, 0x3e, 0x20, 0x76, 0x08, 0xc9, 0x86, 0xc5,
 0xdd, 0x43, 0x41, 0x06, 0x01, 0x00, 0x00, 0xbf,
 0x00, 0x24, 0x01, 0x00, 0x7d, 0x0e, 0x06, 0x06,
 0x84, 0x81, 0x41, 0x6a, 0x00, 0x00, 0x00, 0xeb,
 0x38, 0x88, 0x11, 0xeb, 0x04, 0x0e, 0xec, 0xf1,
 0xb6, 0xad, 0xeb, 0x16, 0x85, 0x00, 0xeb, 0x0e,
 0x81, 0x41, 0x6a, 0x00, 0x00, 0x00, 0xea, 0xea,
 0x40, 0x41, 0x00, 0x00, 0x00, 0x0f, 0x0f, 0x0f,
 0x2f, 0x85, 0x01, 0xeb, 0x0b, 0x81, 0x41, 0x6a,
 0x00, 0x00, 0x00, 0xea, 0xd5, 0xec, 0x0a, 0x85,
 0x02, 0x0e, 0x31, 0x00, 0x00, 0x00, 0x00, 0x04,
 0x40, 0x41, 0x00, 0x00, 0x00, 0x0f, 0x0f, 0x0f,
 0x0e, 0x06, 0x2f, 0xca, 0x03, 0x43, 0x04, 0x04,
 0x12, 0x02, 0x2a, 0x2a, 0x3b, 0x2a, 0x76, 0x61,
 0x6c, 0x75, 0x65, 0x73, 0x28, 0x29, 0x20, 0x7b,
 0x0a, 0x20, 0x20, 0x20, 0x20, 0x79, 0x69, 0x65,
 0x6c, 0x64, 0x2a, 0x20, 0x74, 0x68, 0x69, 0x73,
 0x2e, 0x23, 0x65, 0x6e, 0x74, 0x72, 0x69, 0x65,
 0x73, 0x2e, 0x6d, 0x61, 0x70, 0x28, 0x28, 0x5b,
 0x2c, 0x20, 0x76, 0x5d, 0x29, 0x20, 0x3d, 0x3e,
 0x20, 0x76, 0x29, 0x3b, 0x0a, 0x20, 0x20, 0x7d,
 0x0c, 0x42, 0x0b, 0x01, 0x00, 0x00, 0x01, 0x00,
 0x03, 0x00, 0x01, 0x01, 0x10, 0x01, 0x10, 0x00,
 0x01, 0x00, 0xd8, 0x03, 0x01, 0x18, 0x0c, 0x42,
 0x0b, 0x01, 0x00, 0x02, 0x00, 0x02, 0x03, 0x00,
 0x00, 0x00, 0x08, 0x02, 0xa0, 0x04, 0x00, 0x01,
 0x00, 0xa2, 0x04, 0x00, 0x01, 0x00, 0xd1, 0xb4,
 0x46, 0xd2, 0xb4, 0x46, 0xa7, 0x28, 0xca, 0x03,
 0x47, 0x13, 0x02, 0x11, 0x2c, 0x15, 0x28, 0x61,
 0x2c, 0x20, 0x62, 0x29, 0x20, 0x3d, 0x3e, 0x20,
 0x61, 0x5b, 0x30, 0x5d, 0x20, 0x3e, 0x20, 0x62,
 0x5b, 0x30, 0x5d, 0x08, 0xc9, 0xc5, 0xdd, 0x43,
 0x41, 0x12, 0x01, 0x00, 0x00, 0xbf, 0x00, 0x24,
 0x01, 0x00, 0x29, 0xca, 0x03, 0x46, 0x03, 0x04,
 0x0d, 0x04, 0x2a, 0x1c, 0x3b, 0x73, 0x6f, 0x72,
 0x74, 0x28, 0x29, 0x20, 0x7b, 0x0a, 0x20, 0x20,
 0x20, 0x20, 0x74, 0x68, 0x69, 0x73, 0x2e, 0x23,
 0x65, 0x6e, 0x74, 0x72, 0x69, 0x65, 0x73, 0x2e,
 0x73, 0x6f, 0x72, 0x74, 0x28, 0x28, 0x61, 0x2c,
 0x20, 0x62, 0x29, 0x20, 0x3d, 0x3e, 0x20, 0x61,
 0x5b, 0x30, 0x5d, 0x20, 0x3e, 0x20, 0x62, 0x5b,
 0x30, 0x5d, 0x29, 0x3b, 0x0a, 0x20, 0x20, 0x7d,
 0x0c, 0x42, 0x0b, 0x01, 0x00, 0x00, 0x01, 0x00,
 0x02, 0x00, 0x01, 0x00, 0x07, 0x01, 0x10, 0x00,
 0x01, 0x00, 0xd8, 0x03, 0x01, 0x18, 0x08, 0xc9,
 0xc5, 0xdd, 0x43, 0xe9, 0x28, 0xca, 0x03, 0x49,
 0x07, 0x00, 0x31, 0x67, 0x65, 0x74, 0x20, 0x73,
 0x69, 0x7a, 0x65, 0x28, 0x29, 0x20, 0x7b, 0x0a,
 0x20, 0x20, 0x20, 0x20, 0x72, 0x65, 0x74, 0x75,
 0x72, 0x6e, 0x20, 0x74, 0x68, 0x69, 0x73, 0x2e,
 0x23, 0x65, 0x6e, 0x74, 0x72, 0x69, 0x65, 0x73,
 0x2e, 0x6c, 0x65, 0x6e, 0x67, 0x74, 0x68, 0x3b,
 0x0a, 0x20, 0x20, 0x7d, 0x0c, 0x48, 0x09, 0x01,
 0x00, 0x00, 0x02, 0x00, 0x03, 0x00, 0x01, 0x00,
 0x10, 0x02, 0x10, 0x00, 0x01, 0x00, 0xe8, 0x01,
 0x00, 0x01, 0x00, 0xd8, 0x03, 0x01, 0xb8, 0x01,
 0x0c, 0x04, 0xca, 0x08, 0xc9, 0xec, 0x01, 0xc5,
 0x64, 0x00, 0x00, 0x26, 0x00, 0x00, 0x45, 0x29,
 0xca, 0x03, 0x00, 0x00, 0x00, 0x00, 0x0c, 0x42,
 0x0b, 0x01, 0x00, 0x02, 0x02, 0x02, 0x07, 0x00,
 0x04, 0x03, 0x6f, 0x04, 0xa6, 0x04, 0x00, 0x01,
 0x00, 0xa8, 0x04, 0x00, 0x01, 0x00, 0xaa, 0x04,
 0x01, 0x00, 0x30, 0x10, 0x00, 0x01, 0x00, 0xee,
 0x01, 0x05, 0x18, 0xd2, 0x03, 0x03, 0x18, 0xd4,
 0x03, 0x01, 0x1a, 0xb8, 0x01, 0x00, 0x1a, 0x0c,
 0x42, 0x0b, 0x01, 0x00, 0x02, 0x0e, 0x02, 0x08,
 0x00, 0x00, 0x06, 0x95, 0x03, 0x10, 0xec, 0x03,
 0x00, 0x01, 0x00, 0xac, 0x04, 0x00, 0x01, 0x00,
 0xae, 0x04, 0x01, 0x00, 0x30, 0xb0, 0x04, 0x01,
 0x01, 0x30, 0xb2, 0x04, 0x03, 0x02, 0x30, 0xb4,
 0x04, 0x03, 0x03, 0x30, 0xb6, 0x04, 0x03, 0x04,
 0x30, 0xb8, 0x04, 0x03, 0x05, 0x30, 0xba, 0x04,
 0x03, 0x06, 0x30, 0xbc, 0x04, 0x03, 0x07, 0x30,
 0xbe, 0x04, 0x03, 0x08, 0x30, 0xc0, 0x04, 0x03,
 0x09, 0x30, 0xc2, 0x04, 0x04, 0x02, 0x30, 0xbc,
 0x04, 0x04, 0x0b, 0x30, 0xbe, 0x04, 0x04, 0x0c,
 0x30, 0xc0, 0x04, 0x04, 0x0d, 0x30, 0x07, 0x96,
 0x01, 0x5e, 0x28, 0x5b, 0x5e, 0x3a, 0x5d, 0x2b,
 0x3a, 0x29, 0x5c, 0x2f, 0x5c, 0x2f, 0x28, 0x5b,
 0x5e, 0x3a, 0x40, 0x5d, 0x2b, 0x28, 0x7c, 0x3a,
 0x5b, 0x5e, 0x40, 0x5d, 0x2a, 0x29, 0x40, 0x7c,
 0x29, 0x28, 0x5b, 0x5e, 0x3a, 0x2f, 0x5d, 0x2b,
 0x29, 0x28, 0x3a, 0x5b, 0x5e, 0x2f, 0x3a, 0x5d,
 0x2a, 0x7c, 0x29, 0x28, 0x5b, 0x5e, 0x5c, 0x3f,
 0x23, 0x5d, 0x2a, 0x29, 0x28, 0x5c, 0x3f, 0x5b,
 0x5e, 0x23, 0x5d, 0x2a, 0x7c, 0x29, 0x28, 0x23,
 0x2e, 0x2a, 0x7c, 0x29, 0x07, 0xd2, 0x05, 0x00,
 0x00, 0x09, 0x00, 0x61, 0x01, 0x00, 0x00, 0x09,
 0x06, 0x00, 0x00, 0x00, 0x05, 0x08, 0xf5, 0xff,
 0xff, 0xff, 0x0c, 0x00, 0x06, 0x0c, 0x01, 0x1d,
 0x0c, 0x00, 0x00, 0x00, 0x01, 0x00, 0x00, 0x00,
 0xff, 0xff, 0xff, 0x7f, 0x01, 0x00, 0x00, 0x00,
 0x16, 0x02, 0x00, 0x00, 0x00, 0x39, 0x00, 0x3b,
 0x00, 0xff, 0xff, 0x0b, 0x01, 0x3a, 0x0d, 0x01,
 0x01, 0x2f, 0x01, 0x2f, 0x0c, 0x02, 0x0a, 0x55,
 0x00, 0x00, 0x00, 0x1d, 0x10, 0x00, 0x00, 0x00,
 0x01, 0x00, 0x00, 0x00, 0xff, 0xff, 0xff, 0x7f,
 0x01, 0x00, 0x00, 0x00, 0x16, 0x03, 0x00, 0x00,
 0x00, 0x39, 0x00, 0x3b, 0x00, 0x3f, 0x00, 0x41,
 0x00, 0xff, 0xff, 0x0b, 0x0c, 0x03, 0x0a, 0x05,
 0x00, 0x00, 0x00, 0x08, 0x1f, 0x00, 0x00, 0x00,
 0x01, 0x3a, 0x1d, 0x0c, 0x00, 0x00, 0x00, 0x00,
 0x00, 0x00, 0x00, 0xff, 0xff, 0xff, 0x7f, 0x01,
 0x00, 0x00, 0x00, 0x16, 0x02, 0x00, 0x00, 0x00,
 0x3f, 0x00, 0x41, 0x00, 0xff, 0xff, 0x0b, 0x0d,
 0x03, 0x01, 0x40, 0x08, 0x00, 0x00, 0x00, 0x00,
 0x0d, 0x02, 0x0c, 0x04, 0x1d, 0x10, 0x00, 0x00,
 0x00, 0x01, 0x00, 0x00, 0x00, 0xff, 0xff, 0xff,
 0x7f, 0x01, 0x00, 0x00, 0x00, 0x16, 0x03, 0x00,
 0x00, 0x00, 0x2e, 0x00, 0x30, 0x00, 0x39, 0x00,
 0x3b, 0x00, 0xff, 0xff, 0x0b, 0x0d, 0x04, 0x0c,
 0x05, 0x0a, 0x28, 0x00, 0x00, 0x00, 0x01, 0x3a,
 0x1d, 0x10, 0x00, 0x00, 0x00, 0x00, 0x00, 0x00,
 0x00, 0xff, 0xff, 0xff, 0x7f, 0x01, 0x00, 0x00,
 0x00, 0x16, 0x03, 0x00, 0x00, 0x00, 0x2e, 0x00,
 0x30, 0x00, 0x39, 0x00, 0x3b, 0x00, 0xff, 0xff,
 0x0b, 0x08, 0x00, 0x00, 0x00, 0x00, 0x0d, 0x05,
 0x0c, 0x06, 0x1d, 0x10, 0x00, 0x00, 0x00, 0x00,
 0x00, 0x00, 0x00, 0xff, 0xff, 0xff, 0x7f, 0x01,
 0x00, 0x00, 0x00, 0x16, 0x03, 0x00, 0x00, 0x00,
 0x22, 0x00, 0x24, 0x00, 0x3e, 0x00, 0x40, 0x00,
 0xff, 0xff, 0x0b, 0x0d, 0x06, 0x0c, 0x07, 0x0a,
 0x24, 0x00, 0x00, 0x00, 0x01, 0x3f, 0x1d, 0x0c,
 0x00, 0x00, 0x00, 0x00, 0x00, 0x00, 0x00, 0xff,
 0xff, 0xff, 0x7f, 0x01, 0x00, 0x00, 0x00, 0x16,
 0x02, 0x00, 0x00, 0x00, 0x22, 0x00, 0x24, 0x00,
 0xff, 0xff, 0x0b, 0x08, 0x00, 0x00, 0x00, 0x00,
 0x0d, 0x07, 0x0c, 0x08, 0x0a, 0x1a, 0x00, 0x00,
 0x00, 0x01, 0x23, 0x1d, 0x02, 0x00, 0x00, 0x00,
 0x00, 0x00, 0x00, 0x00, 0xff, 0xff, 0xff, 0x7f,
 0x01, 0x00, 0x00, 0x00, 0x04, 0x0b, 0x08, 0x00,
 0x00, 0x00, 0x00, 0x0d, 0x08, 0x0d, 0x00, 0x0b,
 0x07, 0x06, 0x3a, 0x2e, 0x2a, 0x07, 0x5a, 0x01,
 0x00, 0x01, 0x00, 0x25, 0x00, 0x00, 0x00, 0x09,
 0x06, 0x00, 0x00, 0x00, 0x05, 0x08, 0xf5, 0xff,
 0xff, 0xff, 0x0c, 0x00, 0x01, 0x3a, 0x1d, 0x02,
 0x00, 0x00, 0x00, 0x00, 0x00, 0x00, 0x00, 0xff,
 0xff, 0xff, 0x7f, 0x01, 0x00, 0x00, 0x00, 0x04,
 0x0b, 0x0d, 0x00, 0x0b, 0x07, 0x34, 0x5e, 0x28,
 0x5b, 0x5e, 0x5c, 0x3f, 0x23, 0x5d, 0x2a, 0x29,
 0x28, 0x5c, 0x3f, 0x5b, 0x5e, 0x23, 0x5d, 0x2a,
 0x7c, 0x29, 0x28, 0x23, 0x2e, 0x2a, 0x7c, 0x29,
 0x07, 0x9c, 0x02, 0x00, 0x00, 0x04, 0x00, 0x86,
 0x00, 0x00, 0x00, 0x09, 0x06, 0x00, 0x00, 0x00,
 0x05, 0x08, 0xf5, 0xff, 0xff, 0xff, 0x0c, 0x00,
 0x06, 0x0c, 0x01, 0x1d, 0x10, 0x00, 0x00, 0x00,
 0x00, 0x00, 0x00, 0x00, 0xff, 0xff, 0xff, 0x7f,
 0x01, 0x00, 0x00, 0x00, 0x16, 0x03, 0x00, 0x00,
 0x00, 0x22, 0x00, 0x24, 0x00, 0x3e, 0x00, 0x40,
 0x00, 0xff, 0xff, 0x0b, 0x0d, 0x01, 0x0c, 0x02,
 0x0a, 0x24, 0x00, 0x00, 0x00, 0x01, 0x3f, 0x1d,
 0x0c, 0x00, 0x00, 0x00, 0x00, 0x00, 0x00, 0x00,
 0xff, 0xff, 0xff, 0x7f, 0x01, 0x00, 0x00, 0x00,
 0x16, 0x02, 0x00, 0x00, 0x00, 0x22, 0x00, 0x24,
 0x00, 0xff, 0xff, 0x0b, 0x08, 0x00, 0x00, 0x00,
 0x00, 0x0d, 0x02, 0x0c, 0x03, 0x0a, 0x1a, 0x00,
 0x00, 0x00, 0x01, 0x23, 0x1d, 0x02, 0x00, 0x00,
 0x00, 0x00, 0x00, 0x00, 0x00, 0xff, 0xff, 0xff,
 0x7f, 0x01, 0x00, 0x00, 0x00, 0x04, 0x0b, 0x08,
 0x00, 0x00, 0x00, 0x00, 0x0d, 0x03, 0x0d, 0x00,
 0x0b, 0x60, 0x01, 0x00, 0x60, 0x00, 0x00, 0xbe,
 0x00, 0xbe, 0x01, 0x34, 0xc9, 0xd1, 0x41, 0x0e,
 0x01, 0x00, 0x00, 0x61, 0x00, 0x00, 0x24, 0x01,
 0x00, 0xca, 0x61, 0x01, 0x00, 0x68, 0xe9, 0x00,
 0x00, 0x00, 0x60, 0x09, 0x00, 0x60, 0x08, 0x00,
 0x60, 0x07, 0x00, 0x60, 0x06, 0x00, 0x60, 0x05,
 0x00, 0x60, 0x04, 0x00, 0x60, 0x03, 0x00, 0x60,
 0x02, 0x00, 0x06, 0x11, 0xf2, 0xeb, 0x2f, 0x7d,
 0x80, 0x00, 0x0e, 0x0e, 0x80, 0x00, 0x0e, 0xcb,
 0x80, 0x00, 0x0e, 0xcc, 0x80, 0x00, 0x0e, 0xc2,
 0x04, 0x80, 0x00, 0x0e, 0xc2, 0x05, 0x80, 0x00,
 0x0e, 0xc2, 0x06, 0x80, 0x00, 0x0e, 0xc2, 0x07,
 0x80, 0x00, 0x0e, 0xc2, 0x08, 0x80, 0x00, 0x0e,
 0xc2, 0x09, 0x83, 0xec, 0x07, 0x0e, 0x61, 0x01,
 0x00, 0xec, 0xcd, 0x38, 0x96, 0x00, 0x00, 0x00,
 0x41, 0x22, 0x01, 0x00, 0x00, 0xd2, 0x0b, 0x61,
 0x02, 0x00, 0x4b, 0x19, 0x01, 0x00, 0x00, 0x61,
 0x03, 0x00, 0xea, 0x14, 0x61, 0x03, 0x00, 0x41,
 0xf8, 0x00, 0x00, 0x00, 0xbe, 0x02, 0xbe, 0x03,
 0x34, 0xc0, 0x24, 0x02, 0x00, 0xec, 0x02, 0xc0,
 0x4b, 0x23, 0x01, 0x00, 0x00, 0x61, 0x04, 0x00,
 0xea, 0x0f, 0x61, 0x04, 0x00, 0x41, 0xfc, 0x00,
 0x00, 0x00, 0xb5, 0x24, 0x01, 0x00, 0xec, 0x02,
 0xc0, 0x4b, 0x24, 0x01, 0x00, 0x00, 0x61, 0x05,
 0x00, 0x4b, 0x1c, 0x01, 0x00, 0x00, 0x61, 0x06,
 0x00, 0xea, 0x10, 0x61, 0x06, 0x00, 0x41, 0xfc,
 0x00, 0x00, 0x00, 0xb5, 0x24, 0x01, 0x00, 0x8c,
 0xec, 0x02, 0xc0, 0x4b, 0x1d, 0x01, 0x00, 0x00,
 0x61, 0x07, 0x00, 0x4b, 0x1e, 0x01, 0x00, 0x00,
 0x24, 0x02, 0x00, 0x0e, 0xd2, 0x61, 0x08, 0x00,
 0x42, 0x1f, 0x01, 0x00, 0x00, 0xd2, 0x61, 0x09,
 0x00, 0xea, 0x06, 0x61, 0x09, 0x00, 0xec, 0x02,
 0xc0, 0x42, 0x20, 0x01, 0x00, 0x00, 0x29, 0x60,
 0x0d, 0x00, 0x60, 0x0c, 0x00, 0x60, 0x0b, 0x00,
 0x60, 0x0a, 0x00, 0xd1, 0x41, 0x0e, 0x01, 0x00,
 0x00, 0xbe, 0x04, 0xbe, 0x05, 0x34, 0x24, 0x01,
 0x00, 0xc2, 0x0a, 0x06, 0x11, 0xf2, 0xeb, 0x18,
 0x7d, 0x80, 0x00, 0x0e, 0x0e, 0x80, 0x00, 0x0e,
 0xc2, 0x0b, 0x80, 0x00, 0x0e, 0xc2, 0x0c, 0x80,
 0x00, 0x0e, 0xc2, 0x0d, 0x83, 0xec, 0x07, 0x0e,
 0x61, 0x0a, 0x00, 0xec, 0xe4, 0x38, 0x96, 0x00,
 0x00, 0x00, 0x41, 0x22, 0x01, 0x00, 0x00, 0xd2,
 0x0b, 0xc0, 0x4b, 0x19, 0x01, 0x00, 0x00, 0xc0,
 0x4b, 0x23, 0x01, 0x00, 0x00, 0xc0, 0x4b, 0x24,
 0x01, 0x00, 0x00, 0xc0, 0x4b, 0x1c, 0x01, 0x00,
 0x00, 0xc0, 0x4b, 0x1d, 0x01, 0x00, 0x00, 0x61,
 0x0b, 0x00, 0x4b, 0x1e, 0x01, 0x00, 0x00, 0x24,
 0x02, 0x00, 0x0e, 0xd2, 0x61, 0x0c, 0x00, 0x42,
 0x1f, 0x01, 0x00, 0x00, 0xd2, 0x61, 0x0d, 0x00,
 0xea, 0x06, 0x61, 0x0d, 0x00, 0xec, 0x02, 0xc0,
 0x42, 0x20, 0x01, 0x00, 0x00, 0x29, 0xca, 0x03,
 0x5d, 0x19, 0x20, 0x5e, 0x04, 0x00, 0x60, 0x0a,
 0x23, 0x34, 0x1c, 0x77, 0x14, 0x99, 0x00, 0xa9,
 0x05, 0x00, 0x19, 0x08, 0x29, 0x30, 0x00, 0xb8,
 0x1e, 0xe1, 0x1d, 0x34, 0x1c, 0x00, 0x2c, 0x12,
 0x1b, 0x30, 0x00, 0xac, 0x07, 0x28, 0x73, 0x74,
 0x72, 0x2c, 0x20, 0x6f, 0x62, 0x6a, 0x29, 0x20,
 0x3d, 0x3e, 0x20, 0x7b, 0x0a, 0x20, 0x20, 0x20,
 0x20, 0x20, 0x20, 0x63, 0x6f, 0x6e, 0x73, 0x74,
 0x20, 0x72, 0x65, 0x20, 0x3d, 0x20, 0x2f, 0x5e,
 0x28, 0x5b, 0x5e, 0x3a, 0x5d, 0x2b, 0x3a, 0x29,
 0x5c, 0x2f, 0x5c, 0x2f, 0x28, 0x5b, 0x5e, 0x3a,
 0x40, 0x5d, 0x2b, 0x28, 0x7c, 0x3a, 0x5b, 0x5e,
 0x40, 0x5d, 0x2a, 0x29, 0x40, 0x7c, 0x29, 0x28,
 0x5b, 0x5e, 0x3a, 0x2f, 0x5d, 0x2b, 0x29, 0x28,
 0x3a, 0x5b, 0x5e, 0x2f, 0x3a, 0x5d, 0x2a, 0x7c,
 0x29, 0x28, 0x5b, 0x5e, 0x5c, 0x3f, 0x23, 0x5d,
 0x2a, 0x29, 0x28, 0x5c, 0x3f, 0x5b, 0x5e, 0x23,
 0x5d, 0x2a, 0x7c, 0x29, 0x28, 0x23, 0x2e, 0x2a,
 0x7c, 0x29, 0x2f, 0x3b, 0x0a, 0x20, 0x20, 0x20,
 0x20, 0x20, 0x20, 0x63, 0x6f, 0x6e, 0x73, 0x74,
 0x20, 0x6d, 0x20, 0x3d, 0x20, 0x73, 0x74, 0x72,
 0x2e, 0x6d, 0x61, 0x74, 0x63, 0x68, 0x28, 0x72,
 0x65, 0x29, 0x3b, 0x0a, 0x0a, 0x20, 0x20, 0x20,
 0x20, 0x20, 0x20, 0x69, 0x66, 0x28, 0x6d, 0x29,
 0x20, 0x7b, 0x0a, 0x20, 0x20, 0x20, 0x20, 0x20,
 0x20, 0x20, 0x20, 0x63, 0x6f, 0x6e, 0x73, 0x74,
 0x20, 0x5b, 0x2c, 0x20, 0x70, 0x72, 0x6f, 0x74,
 0x6f, 0x63, 0x6f, 0x6c, 0x2c, 0x20, 0x75, 0x73,
 0x65, 0x72, 0x2c, 0x20, 0x70, 0x61, 0x73, 0x73,
 0x2c, 0x20, 0x68, 0x6f, 0x73, 0x74, 0x6e, 0x61,
 0x6d, 0x65, 0x2c, 0x20, 0x70, 0x6f, 0x72, 0x74,
 0x2c, 0x20, 0x70, 0x61, 0x74, 0x68, 0x6e, 0x61,
 0x6d, 0x65, 0x2c, 0x20, 0x73, 0x65, 0x61, 0x72,
 0x63, 0x68, 0x2c, 0x20, 0x68, 0x61, 0x73, 0x68,
 0x5d, 0x20, 0x3d, 0x20, 0x6d, 0x3b, 0x0a, 0x0a,
 0x20, 0x20, 0x20, 0x20, 0x20, 0x20, 0x20, 0x20,
 0x4f, 0x62, 0x6a, 0x65, 0x63, 0x74, 0x2e, 0x61,
 0x73, 0x73, 0x69, 0x67, 0x6e, 0x28, 0x6f, 0x62,
 0x6a, 0x2c, 0x20, 0x7b, 0x0a, 0x20, 0x20, 0x20,
 0x20, 0x20, 0x20, 0x20, 0x20, 0x20, 0x20, 0x70,
 0x72, 0x6f, 0x74, 0x6f, 0x63, 0x6f, 0x6c, 0x2c,
 0x0a, 0x20, 0x20, 0x20, 0x20, 0x20, 0x20, 0x20,
 0x20, 0x20, 0x20, 0x75, 0x73, 0x65, 0x72, 0x6e,
 0x61, 0x6d, 0x65, 0x3a, 0x20, 0x75, 0x73, 0x65,
 0x72, 0x20, 0x3f, 0x20, 0x75, 0x73, 0x65, 0x72,
 0x2e, 0x72, 0x65, 0x70, 0x6c, 0x61, 0x63, 0x65,
 0x28, 0x2f, 0x3a, 0x2e, 0x2a, 0x2f, 0x67, 0x2c,
 0x20, 0x27, 0x27, 0x29, 0x20, 0x3a, 0x20, 0x27,
 0x27, 0x2c, 0x0a, 0x20, 0x20, 0x20, 0x20, 0x20,
 0x20, 0x20, 0x20, 0x20, 0x20, 0x70, 0x61, 0x73,
 0x73, 0x77, 0x6f, 0x72, 0x64, 0x3a, 0x20, 0x70,
 0x61, 0x73, 0x73, 0x20, 0x3f, 0x20, 0x70, 0x61,
 0x73, 0x73, 0x2e, 0x73, 0x6c, 0x69, 0x63, 0x65,
 0x28, 0x31, 0x29, 0x20, 0x3a, 0x20, 0x27, 0x27,
 0x2c, 0x0a, 0x20, 0x20, 0x20, 0x20, 0x20, 0x20,
 0x20, 0x20, 0x20, 0x20, 0x68, 0x6f, 0x73, 0x74,
 0x6e, 0x61, 0x6d, 0x65, 0x2c, 0x0a, 0x20, 0x20,
 0x20, 0x20, 0x20, 0x20, 0x20, 0x20, 0x20, 0x20,
 0x70, 0x6f, 0x72, 0x74, 0x3a, 0x20, 0x70, 0x6f,
 0x72, 0x74, 0x20, 0x3f, 0x20, 0x2b, 0x70, 0x6f,
 0x72, 0x74, 0x2e, 0x73, 0x6c, 0x69, 0x63, 0x65,
 0x28, 0x31, 0x29, 0x20, 0x3a, 0x20, 0x27, 0x27,
 0x2c, 0x0a, 0x20, 0x20, 0x20, 0x20, 0x20, 0x20,
 0x20, 0x20, 0x20, 0x20, 0x70, 0x61, 0x74, 0x68,
 0x6e, 0x61, 0x6d, 0x65, 0x2c, 0x0a, 0x20, 0x20,
 0x20, 0x20, 0x20, 0x20, 0x20, 0x20, 0x7d, 0x29,
 0x3b, 0x0a, 0x0a, 0x20, 0x20, 0x20, 0x20, 0x20,
 0x20, 0x20, 0x20, 0x6f, 0x62, 0x6a, 0x2e, 0x73,
 0x65, 0x61, 0x72, 0x63, 0x68, 0x20, 0x3d, 0x20,
 0x73, 0x65, 0x61, 0x72, 0x63, 0x68, 0x3b, 0x0a,
 0x20, 0x20, 0x20, 0x20, 0x20, 0x20, 0x20, 0x20,
 0x6f, 0x62, 0x6a, 0x2e, 0x68, 0x61, 0x73, 0x68,
 0x20, 0x3d, 0x20, 0x68, 0x61, 0x73, 0x68, 0x20,
 0x3f, 0x20, 0x68, 0x61, 0x73, 0x68, 0x20, 0x3a,
 0x20, 0x27, 0x27, 0x3b, 0x0a, 0x20, 0x20, 0x20,
 0x20, 0x20, 0x20, 0x7d, 0x20, 0x65, 0x6c, 0x73,
 0x65, 0x20, 0x7b, 0x0a, 0x20, 0x20, 0x20, 0x20,
 0x20, 0x20, 0x20, 0x20, 0x63, 0x6f, 0x6e, 0x73,
 0x74, 0x20, 0x6d, 0x32, 0x20, 0x3d, 0x20, 0x73,
 0x74, 0x72, 0x2e, 0x6d, 0x61, 0x74, 0x63, 0x68,
 0x28, 0x2f, 0x5e, 0x28, 0x5b, 0x5e, 0x5c, 0x3f,
 0x23, 0x5d, 0x2a, 0x29, 0x28, 0x5c, 0x3f, 0x5b,
 0x5e, 0x23, 0x5d, 0x2a, 0x7c, 0x29, 0x28, 0x23,
 0x2e, 0x2a, 0x7c, 0x29, 0x2f, 0x29, 0x3b, 0x0a,
 0x20, 0x20, 0x20, 0x20, 0x20, 0x20, 0x20, 0x20,
 0x63, 0x6f, 0x6e, 0x73, 0x74, 0x20, 0x5b, 0x2c,
 0x20, 0x70, 0x61, 0x74, 0x68, 0x6e, 0x61, 0x6d,
 0x65, 0x2c, 0x20, 0x73, 0x65, 0x61, 0x72, 0x63,
 0x68, 0x2c, 0x20, 0x68, 0x61, 0x73, 0x68, 0x5d,
 0x20, 0x3d, 0x20, 0x6d, 0x32, 0x3b, 0x0a, 0x0a,
 0x20, 0x20, 0x20, 0x20, 0x20, 0x20, 0x20, 0x20,
 0x4f, 0x62, 0x6a, 0x65, 0x63, 0x74, 0x2e, 0x61,
 0x73, 0x73, 0x69, 0x67, 0x6e, 0x28, 0x6f, 0x62,
 0x6a, 0x2c, 0x20, 0x7b, 0x0a, 0x20, 0x20, 0x20,
 0x20, 0x20, 0x20, 0x20, 0x20, 0x20, 0x20, 0x70,
 0x72, 0x6f, 0x74, 0x6f, 0x63, 0x6f, 0x6c, 0x3a,
 0x20, 0x27, 0x27, 0x2c, 0x0a, 0x20, 0x20, 0x20,
 0x20, 0x20, 0x20, 0x20, 0x20, 0x20, 0x20, 0x75,
 0x73, 0x65, 0x72, 0x6e, 0x61, 0x6d, 0x65, 0x3a,
 0x20, 0x27, 0x27, 0x2c, 0x0a, 0x20, 0x20, 0x20,
 0x20, 0x20, 0x20, 0x20, 0x20, 0x20, 0x20, 0x70,
 0x61, 0x73, 0x73, 0x77, 0x6f, 0x72, 0x64, 0x3a,
 0x20, 0x27, 0x27, 0x2c, 0x0a, 0x20, 0x20, 0x20,
 0x20, 0x20, 0x20, 0x20, 0x20, 0x20, 0x20, 0x68,
 0x6f, 0x73, 0x74, 0x6e, 0x61, 0x6d, 0x65, 0x3a,
 0x20, 0x27, 0x27, 0x2c, 0x0a, 0x20, 0x20, 0x20,
 0x20, 0x20, 0x20, 0x20, 0x20, 0x20, 0x20, 0x70,
 0x6f, 0x72, 0x74, 0x3a, 0x20, 0x27, 0x27, 0x2c,
 0x0a, 0x20, 0x20, 0x20, 0x20, 0x20, 0x20, 0x20,
 0x20, 0x20, 0x20, 0x70, 0x61, 0x74, 0x68, 0x6e,
 0x61, 0x6d, 0x65, 0x2c, 0x0a, 0x20, 0x20, 0x20,
 0x20, 0x20, 0x20, 0x20, 0x20, 0x7d, 0x29, 0x3b,
 0x0a, 0x0a, 0x20, 0x20, 0x20, 0x20, 0x20, 0x20,
 0x20, 0x20, 0x6f, 0x62, 0x6a, 0x2e, 0x73, 0x65,
 0x61, 0x72, 0x63, 0x68, 0x20, 0x3d, 0x20, 0x73,
 0x65, 0x61, 0x72, 0x63, 0x68, 0x3b, 0x0a, 0x20,
 0x20, 0x20, 0x20, 0x20, 0x20, 0x20, 0x20, 0x6f,
 0x62, 0x6a, 0x2e, 0x68, 0x61, 0x73, 0x68, 0x20,
 0x3d, 0x20, 0x68, 0x61, 0x73, 0x68, 0x20, 0x3f,
 0x20, 0x68, 0x61, 0x73, 0x68, 0x20, 0x3a, 0x20,
 0x27, 0x27, 0x3b, 0x0a, 0x20, 0x20, 0x20, 0x20,
 0x20, 0x20, 0x7d, 0x0a, 0x20, 0x20, 0x20, 0x20,
 0x7d, 0x07, 0x0e, 0x5b, 0x5e, 0x5c, 0x2f, 0x5d,
 0x2a, 0x24, 0x07, 0x6c, 0x01, 0x00, 0x01, 0x00,
 0x2e, 0x00, 0x00, 0x00, 0x09, 0x06, 0x00, 0x00,
 0x00, 0x05, 0x08, 0xf5, 0xff, 0xff, 0xff, 0x0c,
 0x00, 0x1d, 0x0c, 0x00, 0x00, 0x00, 0x00, 0x00,
 0x00, 0x00, 0xff, 0xff, 0xff, 0x7f, 0x01, 0x00,
 0x00, 0x00, 0x16, 0x02, 0x00, 0x00, 0x00, 0x2e,
 0x00, 0x30, 0x00, 0xff, 0xff, 0x0b, 0x07, 0x0d,
 0x00, 0x0b, 0x08, 0xca, 0x2b, 0x64, 0x00, 0x00,
 0x11, 0xea, 0x06, 0xc6, 0x1b, 0x24, 0x00, 0x00,
 0x0e, 0x60, 0x00, 0x00, 0xbf, 0x00, 0x4c, 0x15,
 0x01, 0x00, 0x00, 0xc9, 0xd2, 0xea, 0x18, 0xd2,
 0x96, 0x04, 0x49, 0x00, 0x00, 0x00, 0xab, 0xea,
 0x0e, 0x64, 0x01, 0x00, 0x41, 0x25, 0x01, 0x00,
 0x00, 0xd2, 0x24, 0x01, 0x00, 0xd6, 0xd2, 0xea,
 0x32, 0xd1, 0x96, 0x04, 0x49, 0x00, 0x00, 0x00,
 0xab, 0xea, 0x28, 0xd2, 0x64, 0x02, 0x00, 0x64,
 0x03, 0x00, 0xd2, 0x40, 0x1e, 0x01, 0x00, 0x00,
 0x41, 0xf8, 0x00, 0x00, 0x00, 0xbe, 0x01, 0xbe,
 0x02, 0x34, 0xc0, 0x24, 0x02, 0x00, 0xd1, 0xf0,
 0xef, 0x42, 0x1e, 0x01, 0x00, 0x00, 0xd2, 0xc0,
 0x9c, 0xd5, 0x61, 0x00, 0x00, 0xd1, 0xc6, 0xf0,
 0x29, 0xca, 0x03, 0x5c, 0x03, 0x1a, 0x00, 0x1e,
 0x4c, 0x2c, 0x2f, 0x14, 0x2a, 0x22, 0x32, 0x2b,
 0x30, 0x2d, 0x16, 0x34, 0x11, 0x0a, 0x39, 0x1c,
 0x58, 0x59, 0x07, 0x1a, 0x14, 0x1d, 0x11, 0x18,
 0xb1, 0x18, 0x63, 0x6c, 0x61, 0x73, 0x73, 0x20,
 0x55, 0x52, 0x4c, 0x20, 0x7b, 0x0a, 0x20, 0x20,
 0x23, 0x68, 0x61, 0x73, 0x68, 0x3b, 0x0a, 0x0a,
 0x20, 0x20, 0x63, 0x6f, 0x6e, 0x73, 0x74, 0x72,
 0x75, 0x63, 0x74, 0x6f, 0x72, 0x28, 0x75, 0x72,
 0x6c, 0x2c, 0x20, 0x62, 0x61, 0x73, 0x65, 0x29,
 0x20, 0x7b, 0x0a, 0x20, 0x20, 0x20, 0x20, 0x63,
 0x6f, 0x6e, 0x73, 0x74, 0x20, 0x70, 0x61, 0x72,
 0x73, 0x65, 0x53, 0x74, 0x72, 0x69, 0x6e, 0x67,
 0x20, 0x3d, 0x20, 0x28, 0x73, 0x74, 0x72, 0x2c,
 0x20, 0x6f, 0x62, 0x6a, 0x29, 0x20, 0x3d, 0x3e,
 0x20, 0x7b, 0x0a, 0x20, 0x20, 0x20, 0x20, 0x20,
 0x20, 0x63, 0x6f, 0x6e, 0x73, 0x74, 0x20, 0x72,
 0x65, 0x20, 0x3d, 0x20, 0x2f, 0x5e, 0x28, 0x5b,
 0x5e, 0x3a, 0x5d, 0x2b, 0x3a, 0x29, 0x5c, 0x2f,
 0x5c, 0x2f, 0x28, 0x5b, 0x5e, 0x3a, 0x40, 0x5d,
 0x2b, 0x28, 0x7c, 0x3a, 0x5b, 0x5e, 0x40, 0x5d,
 0x2a, 0x29, 0x40, 0x7c, 0x29, 0x28, 0x5b, 0x5e,
 0x3a, 0x2f, 0x5d, 0x2b, 0x29, 0x28, 0x3a, 0x5b,
 0x5e, 0x2f, 0x3a, 0x5d, 0x2a, 0x7c, 0x29, 0x28,
 0x5b, 0x5e, 0x5c, 0x3f, 0x23, 0x5d, 0x2a, 0x29,
 0x28, 0x5c, 0x3f, 0x5b, 0x5e, 0x23, 0x5d, 0x2a,
 0x7c, 0x29, 0x28, 0x23, 0x2e, 0x2a, 0x7c, 0x29,
 0x2f, 0x3b, 0x0a, 0x20, 0x20, 0x20, 0x20, 0x20,
 0x20, 0x63, 0x6f, 0x6e, 0x73, 0x74, 0x20, 0x6d,
 0x20, 0x3d, 0x20, 0x73, 0x74, 0x72, 0x2e, 0x6d,
 0x61, 0x74, 0x63, 0x68, 0x28, 0x72, 0x65, 0x29,
 0x3b, 0x0a, 0x0a, 0x20, 0x20, 0x20, 0x20, 0x20,
 0x20, 0x69, 0x66, 0x28, 0x6d, 0x29, 0x20, 0x7b,
 0x0a, 0x20, 0x20, 0x20, 0x20, 0x20, 0x20, 0x20,
 0x20, 0x63, 0x6f, 0x6e, 0x73, 0x74, 0x20, 0x5b,
 0x2c, 0x20, 0x70, 0x72, 0x6f, 0x74, 0x6f, 0x63,
 0x6f, 0x6c, 0x2c, 0x20, 0x75, 0x73, 0x65, 0x72,
 0x2c, 0x20, 0x70, 0x61, 0x73, 0x73, 0x2c, 0x20,
 0x68, 0x6f, 0x73, 0x74, 0x6e, 0x61, 0x6d, 0x65,
 0x2c, 0x20, 0x70, 0x6f, 0x72, 0x74, 0x2c, 0x20,
 0x70, 0x61, 0x74, 0x68, 0x6e, 0x61, 0x6d, 0x65,
 0x2c, 0x20, 0x73, 0x65, 0x61, 0x72, 0x63, 0x68,
 0x2c, 0x20, 0x68, 0x61, 0x73, 0x68, 0x5d, 0x20,
 0x3d, 0x20, 0x6d, 0x3b, 0x0a, 0x0a, 0x20, 0x20,
 0x20, 0x20, 0x20, 0x20, 0x20, 0x20, 0x4f, 0x62,
 0x6a, 0x65, 0x63, 0x74, 0x2e, 0x61, 0x73, 0x73,
 0x69, 0x67, 0x6e, 0x28, 0x6f, 0x62, 0x6a, 0x2c,
 0x20, 0x7b, 0x0a, 0x20, 0x20, 0x20, 0x20, 0x20,
 0x20, 0x20, 0x20, 0x20, 0x20, 0x70, 0x72, 0x6f,
 0x74, 0x6f, 0x63, 0x6f, 0x6c, 0x2c, 0x0a, 0x20,
 0x20, 0x20, 0x20, 0x20, 0x20, 0x20, 0x20, 0x20,
 0x20, 0x75, 0x73, 0x65, 0x72, 0x6e, 0x61, 0x6d,
 0x65, 0x3a, 0x20, 0x75, 0x73, 0x65, 0x72, 0x20,
 0x3f, 0x20, 0x75, 0x73, 0x65, 0x72, 0x2e, 0x72,
 0x65, 0x70, 0x6c, 0x61, 0x63, 0x65, 0x28, 0x2f,
 0x3a, 0x2e, 0x2a, 0x2f, 0x67, 0x2c, 0x20, 0x27,
 0x27, 0x29, 0x20, 0x3a, 0x20, 0x27, 0x27, 0x2c,
 0x0a, 0x20, 0x20, 0x20, 0x20, 0x20, 0x20, 0x20,
 0x20, 0x20, 0x20, 0x70, 0x61, 0x73, 0x73, 0x77,
 0x6f, 0x72, 0x64, 0x3a, 0x20, 0x70, 0x61, 0x73,
 0x73, 0x20, 0x3f, 0x20, 0x70, 0x61, 0x73, 0x73,
 0x2e, 0x73, 0x6c, 0x69, 0x63, 0x65, 0x28, 0x31,
 0x29, 0x20, 0x3a, 0x20, 0x27, 0x27, 0x2c, 0x0a,
 0x20, 0x20, 0x20, 0x20, 0x20, 0x20, 0x20, 0x20,
 0x20, 0x20, 0x68, 0x6f, 0x73, 0x74, 0x6e, 0x61,
 0x6d, 0x65, 0x2c, 0x0a, 0x20, 0x20, 0x20, 0x20,
 0x20, 0x20, 0x20, 0x20, 0x20, 0x20, 0x70, 0x6f,
 0x72, 0x74, 0x3a, 0x20, 0x70, 0x6f, 0x72, 0x74,
 0x20, 0x3f, 0x20, 0x2b, 0x70, 0x6f, 0x72, 0x74,
 0x2e, 0x73, 0x6c, 0x69, 0x63, 0x65, 0x28, 0x31,
 0x29, 0x20, 0x3a, 0x20, 0x27, 0x27, 0x2c, 0x0a,
 0x20, 0x20, 0x20, 0x20, 0x20, 0x20, 0x20, 0x20,
 0x20, 0x20, 0x70, 0x61, 0x74, 0x68, 0x6e, 0x61,
 0x6d, 0x65, 0x2c, 0x0a, 0x20, 0x20, 0x20, 0x20,
 0x20, 0x20, 0x20, 0x20, 0x7d, 0x29, 0x3b, 0x0a,
 0x0a, 0x20, 0x20, 0x20, 0x20, 0x20, 0x20, 0x20,
 0x20, 0x6f, 0x62, 0x6a, 0x2e, 0x73, 0x65, 0x61,
 0x72, 0x63, 0x68, 0x20, 0x3d, 0x20, 0x73, 0x65,
 0x61, 0x72, 0x63, 0x68, 0x3b, 0x0a, 0x20, 0x20,
 0x20, 0x20, 0x20, 0x20, 0x20, 0x20, 0x6f, 0x62,
 0x6a, 0x2e, 0x68, 0x61, 0x73, 0x68, 0x20, 0x3d,
 0x20, 0x68, 0x61, 0x73, 0x68, 0x20, 0x3f, 0x20,
 0x68, 0x61, 0x73, 0x68, 0x20, 0x3a, 0x20, 0x27,
 0x27, 0x3b, 0x0a, 0x20, 0x20, 0x20, 0x20, 0x20,
 0x20, 0x7d, 0x20, 0x65, 0x6c, 0x73, 0x65, 0x20,
 0x7b, 0x0a, 0x20, 0x20, 0x20, 0x20, 0x20, 0x20,
 0x20, 0x20, 0x63, 0x6f, 0x6e, 0x73, 0x74, 0x20,
 0x6d, 0x32, 0x20, 0x3d, 0x20, 0x73, 0x74, 0x72,
 0x2e, 0x6d, 0x61, 0x74, 0x63, 0x68, 0x28, 0x2f,
 0x5e, 0x28, 0x5b, 0x5e, 0x5c, 0x3f, 0x23, 0x5d,
 0x2a, 0x29, 0x28, 0x5c, 0x3f, 0x5b, 0x5e, 0x23,
 0x5d, 0x2a, 0x7c, 0x29, 0x28, 0x23, 0x2e, 0x2a,
 0x7c, 0x29, 0x2f, 0x29, 0x3b, 0x0a, 0x20, 0x20,
 0x20, 0x20, 0x20, 0x20, 0x20, 0x20, 0x63, 0x6f,
 0x6e, 0x73, 0x74, 0x20, 0x5b, 0x2c, 0x20, 0x70,
 0x61, 0x74, 0x68, 0x6e, 0x61, 0x6d, 0x65, 0x2c,
 0x20, 0x73, 0x65, 0x61, 0x72, 0x63, 0x68, 0x2c,
 0x20, 0x68, 0x61, 0x73, 0x68, 0x5d, 0x20, 0x3d,
 0x20, 0x6d, 0x32, 0x3b, 0x0a, 0x0a, 0x20, 0x20,
 0x20, 0x20, 0x20, 0x20, 0x20, 0x20, 0x4f, 0x62,
 0x6a, 0x65, 0x63, 0x74, 0x2e, 0x61, 0x73, 0x73,
 0x69, 0x67, 0x6e, 0x28, 0x6f, 0x62, 0x6a, 0x2c,
 0x20, 0x7b, 0x0a, 0x20, 0x20, 0x20, 0x20, 0x20,
 0x20, 0x20, 0x20, 0x20, 0x20, 0x70, 0x72, 0x6f,
 0x74, 0x6f, 0x63, 0x6f, 0x6c, 0x3a, 0x20, 0x27,
 0x27, 0x2c, 0x0a, 0x20, 0x20, 0x20, 0x20, 0x20,
 0x20, 0x20, 0x20, 0x20, 0x20, 0x75, 0x73, 0x65,
 0x72, 0x6e, 0x61, 0x6d, 0x65, 0x3a, 0x20, 0x27,
 0x27, 0x2c, 0x0a, 0x20, 0x20, 0x20, 0x20, 0x20,
 0x20, 0x20, 0x20, 0x20, 0x20, 0x70, 0x61, 0x73,
 0x73, 0x77, 0x6f, 0x72, 0x64, 0x3a, 0x20, 0x27,
 0x27, 0x2c, 0x0a, 0x20, 0x20, 0x20, 0x20, 0x20,
 0x20, 0x20, 0x20, 0x20, 0x20, 0x68, 0x6f, 0x73,
 0x74, 0x6e, 0x61, 0x6d, 0x65, 0x3a, 0x20, 0x27,
 0x27, 0x2c, 0x0a, 0x20, 0x20, 0x20, 0x20, 0x20,
 0x20, 0x20, 0x20, 0x20, 0x20, 0x70, 0x6f, 0x72,
 0x74, 0x3a, 0x20, 0x27, 0x27, 0x2c, 0x0a, 0x20,
 0x20, 0x20, 0x20, 0x20, 0x20, 0x20, 0x20, 0x20,
 0x20, 0x70, 0x61, 0x74, 0x68, 0x6e, 0x61, 0x6d,
 0x65, 0x2c, 0x0a, 0x20, 0x20, 0x20, 0x20, 0x20,
 0x20, 0x20, 0x20, 0x7d, 0x29, 0x3b, 0x0a, 0x0a,
 0x20, 0x20, 0x20, 0x20, 0x20, 0x20, 0x20, 0x20,
 0x6f, 0x62, 0x6a, 0x2e, 0x73, 0x65, 0x61, 0x72,
 0x63, 0x68, 0x20, 0x3d, 0x20, 0x73, 0x65, 0x61,
 0x72, 0x63, 0x68, 0x3b, 0x0a, 0x20, 0x20, 0x20,
 0x20, 0x20, 0x20, 0x20, 0x20, 0x6f, 0x62, 0x6a,
 0x2e, 0x68, 0x61, 0x73, 0x68, 0x20, 0x3d, 0x20,
 0x68, 0x61, 0x73, 0x68, 0x20, 0x3f, 0x20, 0x68,
 0x61, 0x73, 0x68, 0x20, 0x3a, 0x20, 0x27, 0x27,
 0x3b, 0x0a, 0x20, 0x20, 0x20, 0x20, 0x20, 0x20,
 0x7d, 0x0a, 0x20, 0x20, 0x20, 0x20, 0x7d, 0x3b,
 0x0a, 0x0a, 0x20, 0x20, 0x20, 0x20, 0x69, 0x66,
 0x28, 0x62, 0x61, 0x73, 0x65, 0x29, 0x20, 0x7b,
 0x0a, 0x20, 0x20, 0x20, 0x20, 0x20, 0x20, 0x69,
 0x66, 0x28, 0x74, 0x79, 0x70, 0x65, 0x6f, 0x66,
 0x20, 0x62, 0x61, 0x73, 0x65, 0x20, 0x3d, 0x3d,
 0x20, 0x27, 0x73, 0x74, 0x72, 0x69, 0x6e, 0x67,
 0x27, 0x29, 0x20, 0x62, 0x61, 0x73, 0x65, 0x20,
 0x3d, 0x20, 0x55, 0x52, 0x4c, 0x2e, 0x70, 0x61,
 0x72, 0x73, 0x65, 0x28, 0x62, 0x61, 0x73, 0x65,
 0x29, 0x3b, 0x0a, 0x20, 0x20, 0x20, 0x20, 0x7d,
 0x0a, 0x0a, 0x20, 0x20, 0x20, 0x20, 0x69, 0x66,
 0x28, 0x62, 0x61, 0x73, 0x65, 0x20, 0x26, 0x26,
 0x20, 0x74, 0x79, 0x70, 0x65, 0x6f, 0x66, 0x20,
 0x75, 0x72, 0x6c, 0x20, 0x3d, 0x3d, 0x20, 0x27,
 0x73, 0x74, 0x72, 0x69, 0x6e, 0x67, 0x27, 0x29,
 0x20, 0x7b, 0x0a, 0x20, 0x20, 0x20, 0x20, 0x20,
 0x20, 0x62, 0x61, 0x73, 0x65, 0x2e, 0x70, 0x61,
 0x74, 0x68, 0x6e, 0x61, 0x6d, 0x65, 0x20, 0x3d,
 0x20, 0x6e, 0x6f, 0x72, 0x6d, 0x61, 0x6c, 0x69,
 0x7a, 0x65, 0x28, 0x6a, 0x6f, 0x69, 0x6e, 0x28,
 0x62, 0x61, 0x73, 0x65, 0x2e, 0x70, 0x61, 0x74,
 0x68, 0x6e, 0x61, 0x6d, 0x65, 0x2e, 0x72, 0x65,
 0x70, 0x6c, 0x61, 0x63, 0x65, 0x28, 0x2f, 0x5b,
 0x5e, 0x5c, 0x2f, 0x5d, 0x2a, 0x24, 0x2f, 0x67,
 0x2c, 0x20, 0x27, 0x27, 0x29, 0x2c, 0x20, 0x75,
 0x72, 0x6c, 0x29, 0x29, 0x3b, 0x0a, 0x20, 0x20,
 0x20, 0x20, 0x20, 0x20, 0x75, 0x72, 0x6c, 0x20,
 0x3d, 0x20, 0x62, 0x61, 0x73, 0x65, 0x20, 0x2b,
 0x20, 0x27, 0x27, 0x3b, 0x0a, 0x20, 0x20, 0x20,
 0x20, 0x7d, 0x0a, 0x0a, 0x20, 0x20, 0x20, 0x20,
 0x70, 0x61, 0x72, 0x73, 0x65, 0x53, 0x74, 0x72,
 0x69, 0x6e, 0x67, 0x28, 0x75, 0x72, 0x6c, 0x2c,
 0x20, 0x74, 0x68, 0x69, 0x73, 0x29, 0x3b, 0x0a,
 0x20, 0x20, 0x7d, 0x0a, 0x0a, 0x20, 0x20, 0x67,
 0x65, 0x74, 0x20, 0x68, 0x6f, 0x73, 0x74, 0x28,
 0x29, 0x20, 0x7b, 0x0a, 0x20, 0x20, 0x20, 0x20,
 0x72, 0x65, 0x74, 0x75, 0x72, 0x6e, 0x20, 0x74,
 0x68, 0x69, 0x73, 0x2e, 0x68, 0x6f, 0x73, 0x74,
 0x6e, 0x61, 0x6d, 0x65, 0x20, 0x2b, 0x20, 0x28,
 0x74, 0x68, 0x69, 0x73, 0x2e, 0x70, 0x6f, 0x72,
 0x74, 0x20, 0x3d, 0x3d, 0x20, 0x27, 0x27, 0x20,
 0x3f, 0x20, 0x27, 0x27, 0x20, 0x3a, 0x20, 0x27,
 0x3a, 0x27, 0x20, 0x2b, 0x20, 0x74, 0x68, 0x69,
 0x73, 0x2e, 0x70, 0x6f, 0x72, 0x74, 0x29, 0x3b,
 0x0a, 0x20, 0x20, 0x7d, 0x0a, 0x20, 0x20, 0x73,
 0x65, 0x74, 0x20, 0x68, 0x6f, 0x73, 0x74, 0x28,
 0x76, 0x61, 0x6c, 0x75, 0x65, 0x29, 0x20, 0x7b,
 0x0a, 0x20, 0x20, 0x20, 0x20, 0x63, 0x6f, 0x6e,
 0x73, 0x74, 0x20, 0x69, 0x64, 0x78, 0x20, 0x3d,
 0x20, 0x76, 0x61, 0x6c, 0x75, 0x65, 0x2e, 0x69,
 0x6e, 0x64, 0x65, 0x78, 0x4f, 0x66, 0x28, 0x27,
 0x3a, 0x27, 0x29, 0x3b, 0x0a, 0x0a, 0x20, 0x20,
 0x20, 0x20, 0x69, 0x66, 0x28, 0x69, 0x64, 0x78,
 0x20, 0x21, 0x3d, 0x3d, 0x20, 0x2d, 0x31, 0x29,
 0x20, 0x7b, 0x0a, 0x20, 0x20, 0x20, 0x20, 0x20,
 0x20, 0x74, 0x68, 0x69, 0x73, 0x2e, 0x68, 0x6f,
 0x73, 0x74, 0x6e, 0x61, 0x6d, 0x65, 0x20, 0x3d,
 0x20, 0x76, 0x61, 0x6c, 0x75, 0x65, 0x2e, 0x73,
 0x6c, 0x69, 0x63, 0x65, 0x28, 0x30, 0x2c, 0x20,
 0x69, 0x64, 0x78, 0x29, 0x3b, 0x0a, 0x20, 0x20,
 0x20, 0x20, 0x20, 0x20, 0x74, 0x68, 0x69, 0x73,
 0x2e, 0x70, 0x6f, 0x72, 0x74, 0x20, 0x3d, 0x20,
 0x2b, 0x76, 0x61, 0x6c, 0x75, 0x65, 0x2e, 0x73,
 0x6c, 0x69, 0x63, 0x65, 0x28, 0x69, 0x64, 0x78,
 0x20, 0x2b, 0x20, 0x31, 0x29, 0x3b, 0x0a, 0x20,
 0x20, 0x20, 0x20, 0x7d, 0x20, 0x65, 0x6c, 0x73,
 0x65, 0x20, 0x7b, 0x0a, 0x20, 0x20, 0x20, 0x20,
 0x20, 0x20, 0x74, 0x68, 0x69, 0x73, 0x2e, 0x68,
 0x6f, 0x73, 0x74, 0x6e, 0x61, 0x6d, 0x65, 0x20,
 0x3d, 0x20, 0x76, 0x61, 0x6c, 0x75, 0x65, 0x3b,
 0x0a, 0x20, 0x20, 0x20, 0x20, 0x20, 0x20, 0x74,
 0x68, 0x69, 0x73, 0x2e, 0x70, 0x6f, 0x72, 0x74,
 0x20, 0x3d, 0x20, 0x27, 0x27, 0x3b, 0x0a, 0x20,
 0x20, 0x20, 0x20, 0x7d, 0x0a, 0x20, 0x20, 0x7d,
 0x0a, 0x0a, 0x20, 0x20, 0x67, 0x65, 0x74, 0x20,
 0x61, 0x75, 0x74, 0x68, 0x28, 0x29, 0x20, 0x7b,
 0x0a, 0x20, 0x20, 0x20, 0x20, 0x72, 0x65, 0x74,
 0x75, 0x72, 0x6e, 0x20, 0x74, 0x68, 0x69, 0x73,
 0x2e, 0x75, 0x73, 0x65, 0x72, 0x6e, 0x61, 0x6d,
 0x65, 0x20, 0x2b, 0x20, 0x28, 0x74, 0x68, 0x69,
 0x73, 0x2e, 0x70, 0x61, 0x73, 0x73, 0x77, 0x6f,
 0x72, 0x64, 0x20, 0x3d, 0x3d, 0x20, 0x27, 0x27,
 0x20, 0x3f, 0x20, 0x27, 0x27, 0x20, 0x3a, 0x20,
 0x27, 0x3a, 0x27, 0x20, 0x2b, 0x20, 0x74, 0x68,
 0x69, 0x73, 0x2e, 0x70, 0x61, 0x73, 0x73, 0x77,
 0x6f, 0x72, 0x64, 0x29, 0x3b, 0x0a, 0x20, 0x20,
 0x7d, 0x0a, 0x20, 0x20, 0x67, 0x65, 0x74, 0x20,
 0x6f, 0x72, 0x69, 0x67, 0x69, 0x6e, 0x28, 0x29,
 0x20, 0x7b, 0x0a, 0x20, 0x20, 0x20, 0x20, 0x72,
 0x65, 0x74, 0x75, 0x72, 0x6e, 0x20, 0x28, 0x74,
 0x68, 0x69, 0x73, 0x2e, 0x70, 0x72, 0x6f, 0x74,
 0x6f, 0x63, 0x6f, 0x6c, 0x20, 0x3f, 0x20, 0x74,
 0x68, 0x69, 0x73, 0x2e, 0x70, 0x72, 0x6f, 0x74,
 0x6f, 0x63, 0x6f, 0x6c, 0x20, 0x2b, 0x20, 0x27,
 0x2f, 0x2f, 0x27, 0x20, 0x3a, 0x20, 0x27, 0x27,
 0x29, 0x20, 0x2b, 0x20, 0x74, 0x68, 0x69, 0x73,
 0x2e, 0x68, 0x6f, 0x73, 0x74, 0x3b, 0x0a, 0x20,
 0x20, 0x7d, 0x0a, 0x20, 0x20, 0x67, 0x65, 0x74,
 0x20, 0x70, 0x61, 0x74, 0x68, 0x28, 0x29, 0x20,
 0x7b, 0x0a, 0x20, 0x20, 0x20, 0x20, 0x72, 0x65,
 0x74, 0x75, 0x72, 0x6e, 0x20, 0x74, 0x68, 0x69,
 0x73, 0x2e, 0x70, 0x61, 0x74, 0x68, 0x6e, 0x61,
 0x6d, 0x65, 0x20, 0x2b, 0x20, 0x28, 0x74, 0x68,
 0x69, 0x73, 0x2e, 0x73, 0x65, 0x61, 0x72, 0x63,
 0x68, 0x20, 0x3f, 0x20, 0x74, 0x68, 0x69, 0x73,
 0x2e, 0x73, 0x65, 0x61, 0x72, 0x63, 0x68, 0x20,
 0x3a, 0x20, 0x27, 0x27, 0x29, 0x3b, 0x0a, 0x20,
 0x20, 0x7d, 0x0a, 0x20, 0x20, 0x67, 0x65, 0x74,
 0x20, 0x73, 0x65, 0x61, 0x72, 0x63, 0x68, 0x28,
 0x29, 0x20, 0x7b, 0x0a, 0x20, 0x20, 0x20, 0x20,
 0x63, 0x6f, 0x6e, 0x73, 0x74, 0x20, 0x73, 0x20,
 0x3d, 0x20, 0x74, 0x68, 0x69, 0x73, 0x2e, 0x73,
 0x65, 0x61, 0x72, 0x63, 0x68, 0x50, 0x61, 0x72,
 0x61, 0x6d, 0x73, 0x20, 0x3f, 0x20, 0x74, 0x68,
 0x69, 0x73, 0x2e, 0x73, 0x65, 0x61, 0x72, 0x63,
 0x68, 0x50, 0x61, 0x72, 0x61, 0x6d, 0x73, 0x20,
 0x2b, 0x20, 0x27, 0x27, 0x20, 0x3a, 0x20, 0x27,
 0x27, 0x3b, 0x0a, 0x20, 0x20, 0x20, 0x20, 0x72,
 0x65, 0x74, 0x75, 0x72, 0x6e, 0x20, 0x73, 0x20,
 0x3d, 0x3d, 0x20, 0x27, 0x27, 0x20, 0x3f, 0x20,
 0x27, 0x27, 0x20, 0x3a, 0x20, 0x27, 0x3f, 0x27,
 0x20, 0x2b, 0x20, 0x73, 0x3b, 0x0a, 0x20, 0x20,
 0x7d, 0x0a, 0x20, 0x20, 0x73, 0x65, 0x74, 0x20,
 0x73, 0x65, 0x61, 0x72, 0x63, 0x68, 0x28, 0x76,
 0x61, 0x6c, 0x75, 0x65, 0x29, 0x20, 0x7b, 0x0a,
 0x20, 0x20, 0x20, 0x20, 0x4f, 0x62, 0x6a, 0x65,
 0x63, 0x74, 0x2e, 0x64, 0x65, 0x66, 0x69, 0x6e,
 0x65, 0x50, 0x72, 0x6f, 0x70, 0x65, 0x72, 0x74,
 0x79, 0x28, 0x74, 0x68, 0x69, 0x73, 0x2c, 0x20,
 0x27, 0x73, 0x65, 0x61, 0x72, 0x63, 0x68, 0x50,
 0x61, 0x72, 0x61, 0x6d, 0x73, 0x27, 0x2c, 0x20,
 0x7b, 0x20, 0x76, 0x61, 0x6c, 0x75, 0x65, 0x3a,
 0x20, 0x6e, 0x65, 0x77, 0x20, 0x55, 0x52, 0x4c,
 0x53, 0x65, 0x61, 0x72, 0x63, 0x68, 0x50, 0x61,
 0x72, 0x61, 0x6d, 0x73, 0x28, 0x76, 0x61, 0x6c,
 0x75, 0x65, 0x29, 0x2c, 0x20, 0x65, 0x6e, 0x75,
 0x6d, 0x65, 0x72, 0x61, 0x62, 0x6c, 0x65, 0x3a,
 0x20, 0x66, 0x61, 0x6c, 0x73, 0x65, 0x2c, 0x20,
 0x77, 0x72, 0x69, 0x74, 0x61, 0x62, 0x6c, 0x65,
 0x3a, 0x20, 0x74, 0x72, 0x75, 0x65, 0x20, 0x7d,
 0x29, 0x3b, 0x0a, 0x20, 0x20, 0x7d, 0x0a, 0x20,
 0x20, 0x67, 0x65, 0x74, 0x20, 0x68, 0x72, 0x65,
 0x66, 0x28, 0x29, 0x20, 0x7b, 0x0a, 0x20, 0x20,
 0x20, 0x20, 0x72, 0x65, 0x74, 0x75, 0x72, 0x6e,
 0x20, 0x28, 0x74, 0x68, 0x69, 0x73, 0x2e, 0x70,
 0x72, 0x6f, 0x74, 0x6f, 0x63, 0x6f, 0x6c, 0x20,
 0x3f, 0x20, 0x74, 0x68, 0x69, 0x73, 0x2e, 0x70,
 0x72, 0x6f, 0x74, 0x6f, 0x63, 0x6f, 0x6c, 0x20,
 0x2b, 0x20, 0x27, 0x2f, 0x2f, 0x27, 0x20, 0x3a,
 0x20, 0x27, 0x27, 0x29, 0x20, 0x2b, 0x20, 0x28,
 0x74, 0x68, 0x69, 0x73, 0x2e, 0x61, 0x75, 0x74,
 0x68, 0x20, 0x3f, 0x20, 0x74, 0x68, 0x69, 0x73,
 0x2e, 0x61, 0x75, 0x74, 0x68, 0x20, 0x2b, 0x20,
 0x27, 0x40, 0x27, 0x20, 0x3a, 0x20, 0x27, 0x27,
 0x29, 0x20, 0x2b, 0x20, 0x74, 0x68, 0x69, 0x73,
 0x2e, 0x68, 0x6f, 0x73, 0x74, 0x20, 0x2b, 0x20,
 0x74, 0x68, 0x69, 0x73, 0x2e, 0x70, 0x61, 0x74,
 0x68, 0x20, 0x2b, 0x20, 0x28, 0x74, 0x68, 0x69,
 0x73, 0x2e, 0x68, 0x61, 0x73, 0x68, 0x20, 0x3f,
 0x20, 0x74, 0x68, 0x69, 0x73, 0x2e, 0x68, 0x61,
 0x73, 0x68, 0x20, 0x3a, 0x20, 0x27, 0x27, 0x29,
 0x3b, 0x0a, 0x20, 0x20, 0x7d, 0x0a, 0x20, 0x20,
 0x73, 0x65, 0x74, 0x20, 0x68, 0x72, 0x65, 0x66,
 0x28, 0x76, 0x61, 0x6c, 0x75, 0x65, 0x29, 0x20,
 0x7b, 0x0a, 0x20, 0x20, 0x20, 0x20, 0x63, 0x6f,
 0x6e, 0x73, 0x74, 0x20, 0x75, 0x72, 0x6c, 0x20,
 0x3d, 0x20, 0x6e, 0x65, 0x77, 0x20, 0x55, 0x52,
 0x4c, 0x28, 0x28, 0x76, 0x61, 0x6c, 0x75, 0x65,
 0x20, 0x3f, 0x3f, 0x20, 0x27, 0x27, 0x29, 0x20,
 0x2b, 0x20, 0x27, 0x27, 0x2c, 0x20, 0x74, 0x68,
 0x69, 0x73, 0x2e, 0x6f, 0x72, 0x69, 0x67, 0x69,
 0x6e, 0x29, 0x3b, 0x0a, 0x20, 0x20, 0x20, 0x20,
 0x74, 0x68, 0x69, 0x73, 0x2e, 0x70, 0x72, 0x6f,
 0x74, 0x6f, 0x63, 0x6f, 0x6c, 0x20, 0x3d, 0x20,
 0x75, 0x72, 0x6c, 0x2e, 0x70, 0x72, 0x6f, 0x74,
 0x6f, 0x63, 0x6f, 0x6c, 0x3b, 0x0a, 0x20, 0x20,
 0x20, 0x20, 0x74, 0x68, 0x69, 0x73, 0x2e, 0x75,
 0x73, 0x65, 0x72, 0x6e, 0x61, 0x6d, 0x65, 0x20,
 0x3d, 0x20, 0x75, 0x72, 0x6c, 0x2e, 0x75, 0x73,
 0x65, 0x72, 0x6e, 0x61, 0x6d, 0x65, 0x3b, 0x0a,
 0x20, 0x20, 0x20, 0x20, 0x74, 0x68, 0x69, 0x73,
 0x2e, 0x70, 0x61, 0x73, 0x73, 0x77, 0x6f, 0x72,
 0x64, 0x20, 0x3d, 0x20, 0x75, 0x72, 0x6c, 0x2e,
 0x70, 0x61, 0x73, 0x73, 0x77, 0x6f, 0x72, 0x64,
 0x3b, 0x0a, 0x20, 0x20, 0x20, 0x20, 0x74, 0x68,
 0x69, 0x73, 0x2e, 0x68, 0x6f, 0x73, 0x74, 0x6e,
 0x61, 0x6d, 0x65, 0x20, 0x3d, 0x20, 0x75, 0x72,
 0x6c, 0x2e, 0x68, 0x6f, 0x73, 0x74, 0x6e, 0x61,
 0x6d, 0x65, 0x3b, 0x0a, 0x20, 0x20, 0x20, 0x20,
 0x74, 0x68, 0x69, 0x73, 0x2e, 0x70, 0x6f, 0x72,
 0x74, 0x20, 0x3d, 0x20, 0x75, 0x72, 0x6c, 0x2e,
 0x70, 0x6f, 0x72, 0x74, 0x3b, 0x0a, 0x20, 0x20,
 0x20, 0x20, 0x74, 0x68, 0x69, 0x73, 0x2e, 0x70,
 0x61, 0x74, 0x68, 0x6e, 0x61, 0x6d, 0x65, 0x20,
 0x3d, 0x20, 0x75, 0x72, 0x6c, 0x2e, 0x70, 0x61,
 0x74, 0x68, 0x6e, 0x61, 0x6d, 0x65, 0x3b, 0x0a,
 0x20, 0x20, 0x20, 0x20, 0x74, 0x68, 0x69, 0x73,
 0x2e, 0x73, 0x65, 0x61, 0x72, 0x63, 0x68, 0x20,
 0x3d, 0x20, 0x75, 0x72, 0x6c, 0x2e, 0x73, 0x65,
 0x61, 0x72, 0x63, 0x68, 0x3b, 0x0a, 0x20, 0x20,
 0x20, 0x20, 0x74, 0x68, 0x69, 0x73, 0x2e, 0x68,
 0x61, 0x73, 0x68, 0x20, 0x3d, 0x20, 0x75, 0x72,
 0x6c, 0x2e, 0x68, 0x61, 0x73, 0x68, 0x3b, 0x0a,
 0x20, 0x20, 0x7d, 0x0a, 0x20, 0x20, 0x67, 0x65,
 0x74, 0x20, 0x68, 0x61, 0x73, 0x68, 0x28, 0x29,
 0x20, 0x7b, 0x0a, 0x20, 0x20, 0x20, 0x20, 0x72,
 0x65, 0x74, 0x75, 0x72, 0x6e, 0x20, 0x74, 0x68,
 0x69, 0x73, 0x2e, 0x23, 0x68, 0x61, 0x73, 0x68,
 0x3b, 0x0a, 0x20, 0x20, 0x7d, 0x0a, 0x20, 0x20,
 0x73, 0x65, 0x74, 0x20, 0x68, 0x61, 0x73, 0x68,
 0x28, 0x76, 0x61, 0x6c, 0x75, 0x65, 0x29, 0x20,
 0x7b, 0x0a, 0x20, 0x20, 0x20, 0x20, 0x74, 0x68,
 0x69, 0x73, 0x2e, 0x23, 0x68, 0x61, 0x73, 0x68,
 0x20, 0x3d, 0x20, 0x76, 0x61, 0x6c, 0x75, 0x65,
 0x20, 0x3d, 0x3d, 0x20, 0x27, 0x27, 0x20, 0x3f,
 0x20, 0x27, 0x27, 0x20, 0x3a, 0x20, 0x76, 0x61,
 0x6c, 0x75, 0x65, 0x2e, 0x73, 0x74, 0x61, 0x72,
 0x74, 0x73, 0x57, 0x69, 0x74, 0x68, 0x28, 0x27,
 0x23, 0x27, 0x29, 0x20, 0x3f, 0x20, 0x76, 0x61,
 0x6c, 0x75, 0x65, 0x20, 0x3a, 0x20, 0x27, 0x23,
 0x27, 0x20, 0x2b, 0x20, 0x76, 0x61, 0x6c, 0x75,
 0x65, 0x3b, 0x0a, 0x20, 0x20, 0x7d, 0x0a, 0x20,
 0x20, 0x74, 0x6f, 0x53, 0x74, 0x72, 0x69, 0x6e,
 0x67, 0x28, 0x29, 0x20, 0x7b, 0x0a, 0x20, 0x20,
 0x20, 0x20, 0x72, 0x65, 0x74, 0x75, 0x72, 0x6e,
 0x20, 0x74, 0x68, 0x69, 0x73, 0x2e, 0x68, 0x72,
 0x65, 0x66, 0x3b, 0x0a, 0x20, 0x20, 0x7d, 0x0a,
 0x20, 0x20, 0x73, 0x74, 0x61, 0x74, 0x69, 0x63,
 0x20, 0x63, 0x61, 0x6e, 0x50, 0x61, 0x72, 0x73,
 0x65, 0x28, 0x75, 0x72, 0x6c, 0x2c, 0x20, 0x62,
 0x61, 0x73, 0x65, 0x29, 0x20, 0x7b, 0x0a, 0x20,
 0x20, 0x20, 0x20, 0x69, 0x66, 0x28, 0x74, 0x79,
 0x70, 0x65, 0x6f, 0x66, 0x20, 0x75, 0x72, 0x6c,
 0x20, 0x21, 0x3d, 0x3d, 0x20, 0x27, 0x73, 0x74,
 0x72, 0x69, 0x6e, 0x67, 0x27, 0x29, 0x20, 0x72,
 0x65, 0x74, 0x75, 0x72, 0x6e, 0x20, 0x66, 0x61,
 0x6c, 0x73, 0x65, 0x3b, 0x0a, 0x20, 0x20, 0x20,
 0x20, 0x74, 0x72, 0x79, 0x20, 0x7b, 0x0a, 0x20,
 0x20, 0x20, 0x20, 0x20, 0x20, 0x6e, 0x65, 0x77,
 0x20, 0x55, 0x52, 0x4c, 0x28, 0x75, 0x72, 0x6c,
 0x2c, 0x20, 0x62, 0x61, 0x73, 0x65, 0x29, 0x3b,
 0x0a, 0x20, 0x20, 0x20, 0x20, 0x20, 0x20, 0x72,
 0x65, 0x74, 0x75, 0x72, 0x6e, 0x20, 0x74, 0x72,
 0x75, 0x65, 0x3b, 0x0a, 0x20, 0x20, 0x20, 0x20,
 0x7d, 0x20, 0x63, 0x61, 0x74, 0x63, 0x68, 0x20,
 0x7b, 0x0a, 0x20, 0x20, 0x20, 0x20, 0x20, 0x20,
 0x72, 0x65, 0x74, 0x75, 0x72, 0x6e, 0x20, 0x66,
 0x61, 0x6c, 0x73, 0x65, 0x3b, 0x0a, 0x20, 0x20,
 0x20, 0x20, 0x7d, 0x0a, 0x20, 0x20, 0x7d, 0x0a,
 0x20, 0x20, 0x73, 0x74, 0x61, 0x74, 0x69, 0x63,
 0x20, 0x70, 0x61, 0x72, 0x73, 0x65, 0x28, 0x75,
 0x72, 0x6c, 0x2c, 0x20, 0x62, 0x61, 0x73, 0x65,
 0x29, 0x20, 0x7b, 0x0a, 0x20, 0x20, 0x20, 0x20,
 0x74, 0x72, 0x79, 0x20, 0x7b, 0x0a, 0x20, 0x20,
 0x20, 0x20, 0x20, 0x20, 0x72, 0x65, 0x74, 0x75,
 0x72, 0x6e, 0x20, 0x6e, 0x65, 0x77, 0x20, 0x55,
 0x52, 0x4c, 0x28, 0x75, 0x72, 0x6c, 0x2c, 0x20,
 0x62, 0x61, 0x73, 0x65, 0x29, 0x3b, 0x0a, 0x20,
 0x20, 0x20, 0x20, 0x7d, 0x20, 0x63, 0x61, 0x74,
 0x63, 0x68, 0x20, 0x7b, 0x0a, 0x20, 0x20, 0x20,
 0x20, 0x20, 0x20, 0x72, 0x65, 0x74, 0x75, 0x72,
 0x6e, 0x20, 0x6e, 0x75, 0x6c, 0x6c, 0x3b, 0x0a,
 0x20, 0x20, 0x20, 0x20, 0x7d, 0x0a, 0x20, 0x20,
 0x7d, 0x0a, 0x7d, 0x0c, 0x42, 0x0b, 0x01, 0x00,
 0x00, 0x01, 0x00, 0x03, 0x00, 0x00, 0x00, 0x23,
 0x01, 0x10, 0x00, 0x01, 0x00, 0x08, 0xc9, 0xc5,
 0x40, 0x1c, 0x01, 0x00, 0x00, 0xc5, 0x40, 0x1d,
 0x01, 0x00, 0x00, 0xc0, 0xab, 0xea, 0x04, 0xc0,
 0xec, 0x0d, 0x04, 0x26, 0x01, 0x00, 0x00, 0xc5,
 0x40, 0x1d, 0x01, 0x00, 0x00, 0x9c, 0x9c, 0x28,
 0xca, 0x03, 0x8d, 0x01, 0x07, 0x06, 0x2b, 0x2a,
 0x20, 0x1c, 0x3e, 0x20, 0x55, 0x67, 0x65, 0x74,
 0x20, 0x68, 0x6f, 0x73, 0x74, 0x28, 0x29, 0x20,
 0x7b, 0x0a, 0x20, 0x20, 0x20, 0x20, 0x72, 0x65,
 0x74, 0x75, 0x72, 0x6e, 0x20, 0x74, 0x68, 0x69,
 0x73, 0x2e, 0x68, 0x6f, 0x73, 0x74, 0x6e, 0x61,
 0x6d, 0x65, 0x20, 0x2b, 0x20, 0x28, 0x74, 0x68,
 0x69, 0x73, 0x2e, 0x70, 0x6f, 0x72, 0x74, 0x20,
 0x3d, 0x3d, 0x20, 0x27, 0x27, 0x20, 0x3f, 0x20,
 0x27, 0x27, 0x20, 0x3a, 0x20, 0x27, 0x3a, 0x27,
 0x20, 0x2b, 0x20, 0x74, 0x68, 0x69, 0x73, 0x2e,
 0x70, 0x6f, 0x72, 0x74, 0x29, 0x3b, 0x0a, 0x20,
 0x20, 0x7d, 0x0c, 0x42, 0x0b, 0x01, 0x00, 0x01,
 0x02, 0x01, 0x05, 0x00, 0x00, 0x00, 0x53, 0x03,
 0x82, 0x01, 0x00, 0x01, 0x00, 0xce, 0x04, 0x01,
 0x00, 0x30, 0x10, 0x00, 0x01, 0x00, 0x08, 0xca,
 0x60, 0x00, 0x00, 0xd1, 0x41, 0xfe, 0x00, 0x00,
 0x00, 0x04, 0x26, 0x01, 0x00, 0x00, 0x24, 0x01,
 0x00, 0xc9, 0x61, 0x00, 0x00, 0xb3, 0xae, 0xea,
 0x2a, 0xc6, 0xd1, 0x41, 0xfc, 0x00, 0x00, 0x00,
 0xb4, 0x61, 0x00, 0x00, 0x24, 0x02, 0x00, 0x42,
 0x1c, 0x01, 0x00, 0x00, 0xc6, 0xd1, 0x41, 0xfc,
 0x00, 0x00, 0x00, 0x61, 0x00, 0x00, 0xb5, 0x9c,
 0x24, 0x01, 0x00, 0x8c, 0x42, 0x1d, 0x01, 0x00,
 0x00, 0x29, 0xc6, 0xd1, 0x42, 0x1c, 0x01, 0x00,
 0x00, 0xc6, 0xc0, 0x42, 0x1d, 0x01, 0x00, 0x00,
 0x29, 0xca, 0x03, 0x90, 0x01, 0x07, 0x12, 0x3a,
 0x20, 0x40, 0x0d, 0x17, 0x11, 0x25, 0x2c, 0x3f,
 0x2b, 0x25, 0x32, 0x11, 0x0c, 0x40, 0x3d, 0x26,
 0x00, 0xe9, 0x01, 0x73, 0x65, 0x74, 0x20, 0x68,
 0x6f, 0x73, 0x74, 0x28, 0x76, 0x61, 0x6c, 0x75,
 0x65, 0x29, 0x20, 0x7b, 0x0a, 0x20, 0x20, 0x20,
 0x20, 0x63, 0x6f, 0x6e, 0x73, 0x74, 0x20, 0x69,
 0x64, 0x78, 0x20, 0x3d, 0x20, 0x76, 0x61, 0x6c,
 0x75, 0x65, 0x2e, 0x69, 0x6e, 0x64, 0x65, 0x78,
 0x4f, 0x66, 0x28, 0x27, 0x3a, 0x27, 0x29, 0x3b,
 0x0a, 0x0a, 0x20, 0x20, 0x20, 0x20, 0x69, 0x66,
 0x28, 0x69, 0x64, 0x78, 0x20, 0x21, 0x3d, 0x3d,
 0x20, 0x2d, 0x31, 0x29, 0x20, 0x7b, 0x0a, 0x20,
 0x20, 0x20, 0x20, 0x20, 0x20, 0x74, 0x68, 0x69,
 0x73, 0x2e, 0x68, 0x6f, 0x73, 0x74, 0x6e, 0x61,
 0x6d, 0x65, 0x20, 0x3d, 0x20, 0x76, 0x61, 0x6c,
 0x75, 0x65, 0x2e, 0x73, 0x6c, 0x69, 0x63, 0x65,
 0x28, 0x30, 0x2c, 0x20, 0x69, 0x64, 0x78, 0x29,
 0x3b, 0x0a, 0x20, 0x20, 0x20, 0x20, 0x20, 0x20,
 0x74, 0x68, 0x69, 0x73, 0x2e, 0x70, 0x6f, 0x72,
 0x74, 0x20, 0x3d, 0x20, 0x2b, 0x76, 0x61, 0x6c,
 0x75, 0x65, 0x2e, 0x73, 0x6c, 0x69, 0x63, 0x65,
 0x28, 0x69, 0x64, 0x78, 0x20, 0x2b, 0x20, 0x31,
 0x29, 0x3b, 0x0a, 0x20, 0x20, 0x20, 0x20, 0x7d,
 0x20, 0x65, 0x6c, 0x73, 0x65, 0x20, 0x7b, 0x0a,
 0x20, 0x20, 0x20, 0x20, 0x20, 0x20, 0x74, 0x68,
 0x69, 0x73, 0x2e, 0x68, 0x6f, 0x73, 0x74, 0x6e,
 0x61, 0x6d, 0x65, 0x20, 0x3d, 0x20, 0x76, 0x61,
 0x6c, 0x75, 0x65, 0x3b, 0x0a, 0x20, 0x20, 0x20,
 0x20, 0x20, 0x20, 0x74, 0x68, 0x69, 0x73, 0x2e,
 0x70, 0x6f, 0x72, 0x74, 0x20, 0x3d, 0x20, 0x27,
 0x27, 0x3b, 0x0a, 0x20, 0x20, 0x20, 0x20, 0x7d,
 0x0a, 0x20, 0x20, 0x7d, 0x0c, 0x42, 0x0b, 0x01,
 0x00, 0x00, 0x01, 0x00, 0x03, 0x00, 0x00, 0x00,
 0x23, 0x01, 0x10, 0x00, 0x01, 0x00, 0x08, 0xc9,
 0xc5, 0x40, 0x23, 0x01, 0x00, 0x00, 0xc5, 0x40,
 0x24, 0x01, 0x00, 0x00, 0xc0, 0xab, 0xea, 0x04,
 0xc0, 0xec, 0x0d, 0x04, 0x26, 0x01, 0x00, 0x00,
 0xc5, 0x40, 0x24, 0x01, 0x00, 0x00, 0x9c, 0x9c,
 0x28, 0xca, 0x03, 0x9c, 0x01, 0x07, 0x06, 0x2b,
 0x2a, 0x20, 0x24, 0x3e, 0x20, 0x5d, 0x67, 0x65,
 0x74, 0x20, 0x61, 0x75, 0x74, 0x68, 0x28, 0x29,
 0x20, 0x7b, 0x0a, 0x20, 0x20, 0x20, 0x20, 0x72,
 0x65, 0x74, 0x75, 0x72, 0x6e, 0x20, 0x74, 0x68,
 0x69, 0x73, 0x2e, 0x75, 0x73, 0x65, 0x72, 0x6e,
 0x61, 0x6d, 0x65, 0x20, 0x2b, 0x20, 0x28, 0x74,
 0x68, 0x69, 0x73, 0x2e, 0x70, 0x61, 0x73, 0x73,
 0x77, 0x6f, 0x72, 0x64, 0x20, 0x3d, 0x3d, 0x20,
 0x27, 0x27, 0x20, 0x3f, 0x20, 0x27, 0x27, 0x20,
 0x3a, 0x20, 0x27, 0x3a, 0x27, 0x20, 0x2b, 0x20,
 0x74, 0x68, 0x69, 0x73, 0x2e, 0x70, 0x61, 0x73,
 0x73, 0x77, 0x6f, 0x72, 0x64, 0x29, 0x3b, 0x0a,
 0x20, 0x20, 0x7d, 0x0c, 0x42, 0x0b, 0x01, 0x00,
 0x00, 0x01, 0x00, 0x02, 0x00, 0x00, 0x00, 0x21,
 0x01, 0x10, 0x00, 0x01, 0x00, 0x08, 0xc9, 0xc5,
 0x40, 0x19, 0x01, 0x00, 0x00, 0xea, 0x0f, 0xc5,
 0x40, 0x19, 0x01, 0x00, 0x00, 0x04, 0x28, 0x01,
 0x00, 0x00, 0x9c, 0xec, 0x02, 0xc0, 0xc5, 0x40,
 0x29, 0x01, 0x00, 0x00, 0x9c, 0x28, 0xca, 0x03,
 0x9f, 0x01, 0x07, 0x04, 0x53, 0x4c, 0x2f, 0x1a,
 0x56, 0x67, 0x65, 0x74, 0x20, 0x6f, 0x72, 0x69,
 0x67, 0x69, 0x6e, 0x28, 0x29, 0x20, 0x7b, 0x0a,
 0x20, 0x20, 0x20, 0x20, 0x72, 0x65, 0x74, 0x75,
 0x72, 0x6e, 0x20, 0x28, 0x74, 0x68, 0x69, 0x73,
 0x2e, 0x70, 0x72, 0x6f, 0x74, 0x6f, 0x63, 0x6f,
 0x6c, 0x20, 0x3f, 0x20, 0x74, 0x68, 0x69, 0x73,
 0x2e, 0x70, 0x72, 0x6f, 0x74, 0x6f, 0x63, 0x6f,
 0x6c, 0x20, 0x2b, 0x20, 0x27, 0x2f, 0x2f, 0x27,
 0x20, 0x3a, 0x20, 0x27, 0x27, 0x29, 0x20, 0x2b,
 0x20, 0x74, 0x68, 0x69, 0x73, 0x2e, 0x68, 0x6f,
 0x73, 0x74, 0x3b, 0x0a, 0x20, 0x20, 0x7d, 0x0c,
 0x42, 0x0b, 0x01, 0x00, 0x00, 0x01, 0x00, 0x02,
 0x00, 0x00, 0x00, 0x1b, 0x01, 0x10, 0x00, 0x01,
 0x00, 0x08, 0xc9, 0xc5, 0x40, 0x1e, 0x01, 0x00,
 0x00, 0xc5, 0x40, 0x1f, 0x01, 0x00, 0x00, 0xea,
 0x09, 0xc5, 0x40, 0x1f, 0x01, 0x00, 0x00, 0xec,
 0x02, 0xc0, 0x9c, 0x28, 0xca, 0x03, 0xa2, 0x01,
 0x07, 0x02, 0x2b, 0x2a, 0x4d, 0x67, 0x65, 0x74,
 0x20, 0x70, 0x61, 0x74, 0x68, 0x28, 0x29, 0x20,
 0x7b, 0x0a, 0x20, 0x20, 0x20, 0x20, 0x72, 0x65,
 0x74, 0x75, 0x72, 0x6e, 0x20, 0x74, 0x68, 0x69,
 0x73, 0x2e, 0x70, 0x61, 0x74, 0x68, 0x6e, 0x61,
 0x6d, 0x65, 0x20, 0x2b, 0x20, 0x28, 0x74, 0x68,
 0x69, 0x73, 0x2e, 0x73, 0x65, 0x61, 0x72, 0x63,
 0x68, 0x20, 0x3f, 0x20, 0x74, 0x68, 0x69, 0x73,
 0x2e, 0x73, 0x65, 0x61, 0x72, 0x63, 0x68, 0x20,
 0x3a, 0x20, 0x27, 0x27, 0x29, 0x3b, 0x0a, 0x20,
 0x20, 0x7d, 0x0c, 0x42, 0x0b, 0x01, 0x00, 0x00,
 0x02, 0x00, 0x02, 0x00, 0x00, 0x00, 0x2c, 0x02,
 0xd4, 0x04, 0x01, 0x00, 0x30, 0x10, 0x00, 0x01,
 0x00, 0x08, 0xca, 0x60, 0x00, 0x00, 0xc6, 0x40,
 0x2b, 0x01, 0x00, 0x00, 0xea, 0x0b, 0xc6, 0x40,
 0x2b, 0x01, 0x00, 0x00, 0xc0, 0x9c, 0xec, 0x02,
 0xc0, 0xc9, 0x61, 0x00, 0x00, 0xc0, 0xab, 0xea,
 0x03, 0xc0, 0x28, 0x04, 0xfb, 0x00, 0x00, 0x00,
 0x61, 0x00, 0x00, 0x9c, 0x28, 0xca, 0x03, 0xa5,
 0x01, 0x07, 0x06, 0x62, 0x60, 0x30, 0x4b, 0x39,
 0x20, 0x74, 0x67, 0x65, 0x74, 0x20, 0x73, 0x65,
 0x61, 0x72, 0x63, 0x68, 0x28, 0x29, 0x20, 0x7b,
 0x0a, 0x20, 0x20, 0x20, 0x20, 0x63, 0x6f, 0x6e,
 0x73, 0x74, 0x20, 0x73, 0x20, 0x3d, 0x20, 0x74,
 0x68, 0x69, 0x73, 0x2e, 0x73, 0x65, 0x61, 0x72,
 0x63, 0x68, 0x50, 0x61, 0x72, 0x61, 0x6d, 0x73,
 0x20, 0x3f, 0x20, 0x74, 0x68, 0x69, 0x73, 0x2e,
 0x73, 0x65, 0x61, 0x72, 0x63, 0x68, 0x50, 0x61,
 0x72, 0x61, 0x6d, 0x73, 0x20, 0x2b, 0x20, 0x27,
 0x27, 0x20, 0x3a, 0x20, 0x27, 0x27, 0x3b, 0x0a,
 0x20, 0x20, 0x20, 0x20, 0x72, 0x65, 0x74, 0x75,
 0x72, 0x6e, 0x20, 0x73, 0x20, 0x3d, 0x3d, 0x20,
 0x27, 0x27, 0x20, 0x3f, 0x20, 0x27, 0x27, 0x20,
 0x3a, 0x20, 0x27, 0x3f, 0x27, 0x20, 0x2b, 0x20,
 0x73, 0x3b, 0x0a, 0x20, 0x20, 0x7d, 0x0c, 0x42,
 0x0b, 0x01, 0x00, 0x01, 0x01, 0x01, 0x08, 0x00,
 0x01, 0x00, 0x30, 0x02, 0x82, 0x01, 0x00, 0x01,
 0x00, 0x10, 0x00, 0x01, 0x00, 0xd0, 0x03, 0x03,
 0x12, 0x08, 0xc9, 0x38, 0x96, 0x00, 0x00, 0x00,
 0x41, 0x66, 0x00, 0x00, 0x00, 0xc5, 0x04, 0x2b,
 0x01, 0x00, 0x00, 0x0b, 0x64, 0x00, 0x00, 0x11,
 0xd1, 0x21, 0x01, 0x00, 0x4b, 0x41, 0x00, 0x00,
 0x00, 0x09, 0x4b, 0x40, 0x00, 0x00, 0x00, 0x0a,
 0x4b, 0x3f, 0x00, 0x00, 0x00, 0x24, 0x03, 0x00,
 0x29, 0xca, 0x03, 0xa9, 0x01, 0x07, 0x06, 0x0d,
 0x03, 0x34, 0x2c, 0x25, 0x46, 0x92, 0x01, 0x73,
 0x65, 0x74, 0x20, 0x73, 0x65, 0x61, 0x72, 0x63,
 0x68, 0x28, 0x76, 0x61, 0x6c, 0x75, 0x65, 0x29,
 0x20, 0x7b, 0x0a, 0x20, 0x20, 0x20, 0x20, 0x4f,
 0x62, 0x6a, 0x65, 0x63, 0x74, 0x2e, 0x64, 0x65,
 0x66, 0x69, 0x6e, 0x65, 0x50, 0x72, 0x6f, 0x70,
 0x65, 0x72, 0x74, 0x79, 0x28, 0x74, 0x68, 0x69,
 0x73, 0x2c, 0x20, 0x27, 0x73, 0x65, 0x61, 0x72,
 0x63, 0x68, 0x50, 0x61, 0x72, 0x61, 0x6d, 0x73,
 0x27, 0x2c, 0x20, 0x7b, 0x20, 0x76, 0x61, 0x6c,
 0x75, 0x65, 0x3a, 0x20, 0x6e, 0x65, 0x77, 0x20,
 0x55, 0x52, 0x4c, 0x53, 0x65, 0x61, 0x72, 0x63,
 0x68, 0x50, 0x61, 0x72, 0x61, 0x6d, 0x73, 0x28,
 0x76, 0x61, 0x6c, 0x75, 0x65, 0x29, 0x2c, 0x20,
 0x65, 0x6e, 0x75, 0x6d, 0x65, 0x72, 0x61, 0x62,
 0x6c, 0x65, 0x3a, 0x20, 0x66, 0x61, 0x6c, 0x73,
 0x65, 0x2c, 0x20, 0x77, 0x72, 0x69, 0x74, 0x61,
 0x62, 0x6c, 0x65, 0x3a, 0x20, 0x74, 0x72, 0x75,
 0x65, 0x20, 0x7d, 0x29, 0x3b, 0x0a, 0x20, 0x20,
 0x7d, 0x0c, 0x42, 0x0b, 0x01, 0x00, 0x00, 0x01,
 0x00, 0x03, 0x00, 0x00, 0x00, 0x52, 0x01, 0x10,
 0x00, 0x01, 0x00, 0x08, 0xc9, 0xc5, 0x40, 0x19,
 0x01, 0x00, 0x00, 0xea, 0x0f, 0xc5, 0x40, 0x19,
 0x01, 0x00, 0x00, 0x04, 0x28, 0x01, 0x00, 0x00,
 0x9c, 0xec, 0x02, 0xc0, 0xc5, 0x40, 0x2c, 0x01,
 0x00, 0x00, 0xea, 0x0f, 0xc5, 0x40, 0x2c, 0x01,
 0x00, 0x00, 0x04, 0x2d, 0x01, 0x00, 0x00, 0x9c,
 0xec, 0x02, 0xc0, 0x9c, 0xc5, 0x40, 0x29, 0x01,
 0x00, 0x00, 0x9c, 0xc5, 0x40, 0xe6, 0x00, 0x00,
 0x00, 0x9c, 0xc5, 0x40, 0x20, 0x01, 0x00, 0x00,
 0xea, 0x09, 0xc5, 0x40, 0x20, 0x01, 0x00, 0x00,
 0xec, 0x02, 0xc0, 0x9c, 0x28, 0xca, 0x03, 0xac,
 0x01, 0x07, 0x0c, 0x53, 0x4c, 0x2f, 0x1a, 0x48,
 0x32, 0x34, 0x18, 0x25, 0x18, 0x25, 0x18, 0xa4,
 0x01, 0x67, 0x65, 0x74, 0x20, 0x68, 0x72, 0x65,
 0x66, 0x28, 0x29, 0x20, 0x7b, 0x0a, 0x20, 0x20,
 0x20, 0x20, 0x72, 0x65, 0x74, 0x75, 0x72, 0x6e,
 0x20, 0x28, 0x74, 0x68, 0x69, 0x73, 0x2e, 0x70,
 0x72, 0x6f, 0x74, 0x6f, 0x63, 0x6f, 0x6c, 0x20,
 0x3f, 0x20, 0x74, 0x68, 0x69, 0x73, 0x2e, 0x70,
 0x72, 0x6f, 0x74, 0x6f, 0x63, 0x6f, 0x6c, 0x20,
 0x2b, 0x20, 0x27, 0x2f, 0x2f, 0x27, 0x20, 0x3a,
 0x20, 0x27, 0x27, 0x29, 0x20, 0x2b, 0x20, 0x28,
 0x74, 0x68, 0x69, 0x73, 0x2e, 0x61, 0x75, 0x74,
 0x68, 0x20, 0x3f, 0x20, 0x74, 0x68, 0x69, 0x73,
 0x2e, 0x61, 0x75, 0x74, 0x68, 0x20, 0x2b, 0x20,
 0x27, 0x40, 0x27, 0x20, 0x3a, 0x20, 0x27, 0x27,
 0x29, 0x20, 0x2b, 0x20, 0x74, 0x68, 0x69, 0x73,
 0x2e, 0x68, 0x6f, 0x73, 0x74, 0x20, 0x2b, 0x20,
 0x74, 0x68, 0x69, 0x73, 0x2e, 0x70, 0x61, 0x74,
 0x68, 0x20, 0x2b, 0x20, 0x28, 0x74, 0x68, 0x69,
 0x73, 0x2e, 0x68, 0x61, 0x73, 0x68, 0x20, 0x3f,
 0x20, 0x74, 0x68, 0x69, 0x73, 0x2e, 0x68, 0x61,
 0x73, 0x68, 0x20, 0x3a, 0x20, 0x27, 0x27, 0x29,
 0x3b, 0x0a, 0x20, 0x20, 0x7d, 0x0c, 0x42, 0x0b,
 0x01, 0x00, 0x01, 0x02, 0x01, 0x04, 0x00, 0x01,
 0x00, 0x8d, 0x01, 0x03, 0x82, 0x01, 0x00, 0x01,
 0x00, 0xa6, 0x04, 0x01, 0x00, 0x30, 0x10, 0x00,
 0x01, 0x00, 0xd2, 0x03, 0x03, 0x18, 0x08, 0xca,
 0x60, 0x00, 0x00, 0x64, 0x00, 0x00, 0x11, 0xd1,
 0x11, 0xaf, 0xea, 0x03, 0x0e, 0xc0, 0xc0, 0x9c,
 0xc6, 0x40, 0x2e, 0x01, 0x00, 0x00, 0x21, 0x02,
 0x00, 0xc9, 0xc6, 0x61, 0x00, 0x00, 0x40, 0x19,
 0x01, 0x00, 0x00, 0x42, 0x19, 0x01, 0x00, 0x00,
 0xc6, 0x61, 0x00, 0x00, 0x40, 0x23, 0x01, 0x00,
 0x00, 0x42, 0x23, 0x01, 0x00, 0x00, 0xc6, 0x61,
 0x00, 0x00, 0x40, 0x24, 0x01, 0x00, 0x00, 0x42,
 0x24, 0x01, 0x00, 0x00, 0xc6, 0x61, 0x00, 0x00,
 0x40, 0x1c, 0x01, 0x00, 0x00, 0x42, 0x1c, 0x01,
 0x00, 0x00, 0xc6, 0x61, 0x00, 0x00, 0x40, 0x1d,
 0x01, 0x00, 0x00, 0x42, 0x1d, 0x01, 0x00, 0x00,
 0xc6, 0x61, 0x00, 0x00, 0x40, 0x1e, 0x01, 0x00,
 0x00, 0x42, 0x1e, 0x01, 0x00, 0x00, 0xc6, 0x61,
 0x00, 0x00, 0x40, 0x1f, 0x01, 0x00, 0x00, 0x42,
 0x1f, 0x01, 0x00, 0x00, 0xc6, 0x61, 0x00, 0x00,
 0x40, 0x20, 0x01, 0x00, 0x00, 0x42, 0x20, 0x01,
 0x00, 0x00, 0x29, 0xca, 0x03, 0xaf, 0x01, 0x07,
 0x14, 0x1c, 0x1c, 0x39, 0x28, 0x3f, 0x47, 0x49,
 0x00, 0x49, 0x00, 0x49, 0x00, 0x49, 0x00, 0x49,
 0x00, 0x49, 0x00, 0x49, 0x00, 0xcb, 0x02, 0x73,
 0x65, 0x74, 0x20, 0x68, 0x72, 0x65, 0x66, 0x28,
 0x76, 0x61, 0x6c, 0x75, 0x65, 0x29, 0x20, 0x7b,
 0x0a, 0x20, 0x20, 0x20, 0x20, 0x63, 0x6f, 0x6e,
 0x73, 0x74, 0x20, 0x75, 0x72, 0x6c, 0x20, 0x3d,
 0x20, 0x6e, 0x65, 0x77, 0x20, 0x55, 0x52, 0x4c,
 0x28, 0x28, 0x76, 0x61, 0x6c, 0x75, 0x65, 0x20,
 0x3f, 0x3f, 0x20, 0x27, 0x27, 0x29, 0x20, 0x2b,
 0x20, 0x27, 0x27, 0x2c, 0x20, 0x74, 0x68, 0x69,
 0x73, 0x2e, 0x6f, 0x72, 0x69, 0x67, 0x69, 0x6e,
 0x29, 0x3b, 0x0a, 0x20, 0x20, 0x20, 0x20, 0x74,
 0x68, 0x69, 0x73, 0x2e, 0x70, 0x72, 0x6f, 0x74,
 0x6f, 0x63, 0x6f, 0x6c, 0x20, 0x3d, 0x20, 0x75,
 0x72, 0x6c, 0x2e, 0x70, 0x72, 0x6f, 0x74, 0x6f,
 0x63, 0x6f, 0x6c, 0x3b, 0x0a, 0x20, 0x20, 0x20,
 0x20, 0x74, 0x68, 0x69, 0x73, 0x2e, 0x75, 0x73,
 0x65, 0x72, 0x6e, 0x61, 0x6d, 0x65, 0x20, 0x3d,
 0x20, 0x75, 0x72, 0x6c, 0x2e, 0x75, 0x73, 0x65,
 0x72, 0x6e, 0x61, 0x6d, 0x65, 0x3b, 0x0a, 0x20,
 0x20, 0x20, 0x20, 0x74, 0x68, 0x69, 0x73, 0x2e,
 0x70, 0x61, 0x73, 0x73, 0x77, 0x6f, 0x72, 0x64,
 0x20, 0x3d, 0x20, 0x75, 0x72, 0x6c, 0x2e, 0x70,
 0x61, 0x73, 0x73, 0x77, 0x6f, 0x72, 0x64, 0x3b,
 0x0a, 0x20, 0x20, 0x20, 0x20, 0x74, 0x68, 0x69,
 0x73, 0x2e, 0x68, 0x6f, 0x73, 0x74, 0x6e, 0x61,
 0x6d, 0x65, 0x20, 0x3d, 0x20, 0x75, 0x72, 0x6c,
 0x2e, 0x68, 0x6f, 0x73, 0x74, 0x6e, 0x61, 0x6d,
 0x65, 0x3b, 0x0a, 0x20, 0x20, 0x20, 0x20, 0x74,
 0x68, 0x69, 0x73, 0x2e, 0x70, 0x6f, 0x72, 0x74,
 0x20, 0x3d, 0x20, 0x75, 0x72, 0x6c, 0x2e, 0x70,
 0x6f, 0x72, 0x74, 0x3b, 0x0a, 0x20, 0x20, 0x20,
 0x20, 0x74, 0x68, 0x69, 0x73, 0x2e, 0x70, 0x61,
 0x74, 0x68, 0x6e, 0x61, 0x6d, 0x65, 0x20, 0x3d,
 0x20, 0x75, 0x72, 0x6c, 0x2e, 0x70, 0x61, 0x74,
 0x68, 0x6e, 0x61, 0x6d, 0x65, 0x3b, 0x0a, 0x20,
 0x20, 0x20, 0x20, 0x74, 0x68, 0x69, 0x73, 0x2e,
 0x73, 0x65, 0x61, 0x72, 0x63, 0x68, 0x20, 0x3d,
 0x20, 0x75, 0x72, 0x6c, 0x2e, 0x73, 0x65, 0x61,
 0x72, 0x63, 0x68, 0x3b, 0x0a, 0x20, 0x20, 0x20,
 0x20, 0x74, 0x68, 0x69, 0x73, 0x2e, 0x68, 0x61,
 0x73, 0x68, 0x20, 0x3d, 0x20, 0x75, 0x72, 0x6c,
 0x2e, 0x68, 0x61, 0x73, 0x68, 0x3b, 0x0a, 0x20,
 0x20, 0x7d, 0x0c, 0x42, 0x0b, 0x01, 0x00, 0x00,
 0x01, 0x00, 0x02, 0x00, 0x01, 0x00, 0x06, 0x01,
 0x10, 0x00, 0x01, 0x00, 0xda, 0x03, 0x04, 0x18,
 0x08, 0xc9, 0xc5, 0xdd, 0x43, 0x28, 0xca, 0x03,
 0xba, 0x01, 0x07, 0x00, 0x27, 0x67, 0x65, 0x74,
 0x20, 0x68, 0x61, 0x73, 0x68, 0x28, 0x29, 0x20,
 0x7b, 0x0a, 0x20, 0x20, 0x20, 0x20, 0x72, 0x65,
 0x74, 0x75, 0x72, 0x6e, 0x20, 0x74, 0x68, 0x69,
 0x73, 0x2e, 0x23, 0x68, 0x61, 0x73, 0x68, 0x3b,
 0x0a, 0x20, 0x20, 0x7d, 0x0c, 0x42, 0x0b, 0x01,
 0x00, 0x01, 0x01, 0x01, 0x04, 0x00, 0x01, 0x00,
 0x29, 0x02, 0x82, 0x01, 0x00, 0x01, 0x00, 0x10,
 0x00, 0x01, 0x00, 0xda, 0x03, 0x04, 0x18, 0x08,
 0xc9, 0xc5, 0xd1, 0xc0, 0xab, 0xea, 0x04, 0xc0,
 0xec, 0x1b, 0xd1, 0x41, 0x2f, 0x01, 0x00, 0x00,
 0x04, 0x30, 0x01, 0x00, 0x00, 0x24, 0x01, 0x00,
 0xea, 0x04, 0xd1, 0xec, 0x08, 0x04, 0x30, 0x01,
 0x00, 0x00, 0xd1, 0x9c, 0x15, 0xdd, 0x44, 0x29,
 0xca, 0x03, 0xbd, 0x01, 0x07, 0x08, 0x0d, 0x03,
 0x0c, 0x2c, 0x43, 0x20, 0x5c, 0x40, 0x66, 0x73,
 0x65, 0x74, 0x20, 0x68, 0x61, 0x73, 0x68, 0x28,
 0x76, 0x61, 0x6c, 0x75, 0x65, 0x29, 0x20, 0x7b,
 0x0a, 0x20, 0x20, 0x20, 0x20, 0x74, 0x68, 0x69,
 0x73, 0x2e, 0x23, 0x68, 0x61, 0x73, 0x68, 0x20,
 0x3d, 0x20, 0x76, 0x61, 0x6c, 0x75, 0x65, 0x20,
 0x3d, 0x3d, 0x20, 0x27, 0x27, 0x20, 0x3f, 0x20,
 0x27, 0x27, 0x20, 0x3a, 0x20, 0x76, 0x61, 0x6c,
 0x75, 0x65, 0x2e, 0x73, 0x74, 0x61, 0x72, 0x74,
 0x73, 0x57, 0x69, 0x74, 0x68, 0x28, 0x27, 0x23,
 0x27, 0x29, 0x20, 0x3f, 0x20, 0x76, 0x61, 0x6c,
 0x75, 0x65, 0x20, 0x3a, 0x20, 0x27, 0x23, 0x27,
 0x20, 0x2b, 0x20, 0x76, 0x61, 0x6c, 0x75, 0x65,
 0x3b, 0x0a, 0x20, 0x20, 0x7d, 0x0c, 0x42, 0x0b,
 0x01, 0x00, 0x00, 0x01, 0x00, 0x01, 0x00, 0x00,
 0x00, 0x09, 0x01, 0x10, 0x00, 0x01, 0x00, 0x08,
 0xc9, 0xc5, 0x40, 0x31, 0x01, 0x00, 0x00, 0x28,
 0xca, 0x03, 0xc0, 0x01, 0x03, 0x00, 0x26, 0x74,
 0x6f, 0x53, 0x74, 0x72, 0x69, 0x6e, 0x67, 0x28,
 0x29, 0x20, 0x7b, 0x0a, 0x20, 0x20, 0x20, 0x20,
 0x72, 0x65, 0x74, 0x75, 0x72, 0x6e, 0x20, 0x74,
 0x68, 0x69, 0x73, 0x2e, 0x68, 0x72, 0x65, 0x66,
 0x3b, 0x0a, 0x20, 0x20, 0x7d, 0x0c, 0x42, 0x0b,
 0x01, 0x00, 0x02, 0x00, 0x02, 0x05, 0x00, 0x01,
 0x00, 0x28, 0x02, 0xa6, 0x04, 0x00, 0x01, 0x00,
 0xa8, 0x04, 0x00, 0x01, 0x00, 0xd2, 0x03, 0x03,
 0x18, 0xd1, 0x96, 0x04, 0x49, 0x00, 0x00, 0x00,
 0xae, 0xea, 0x03, 0x09, 0x28, 0x6b, 0x11, 0x00,
 0x00, 0x00, 0x64, 0x00, 0x00, 0x11, 0xd1, 0xd2,
 0x21, 0x02, 0x00, 0x0e, 0x0a, 0x6e, 0x28, 0x0e,
 0x6b, 0x07, 0x00, 0x00, 0x00, 0x09, 0x6e, 0x28,
 0x30, 0xca, 0x03, 0xc3, 0x01, 0x0a, 0x04, 0x08,
 0x1a, 0x54, 0x17, 0xa6, 0x01, 0x63, 0x61, 0x6e,
 0x50, 0x61, 0x72, 0x73, 0x65, 0x28, 0x75, 0x72,
 0x6c, 0x2c, 0x20, 0x62, 0x61, 0x73, 0x65, 0x29,
 0x20, 0x7b, 0x0a, 0x20, 0x20, 0x20, 0x20, 0x69,
 0x66, 0x28, 0x74, 0x79, 0x70, 0x65, 0x6f, 0x66,
 0x20, 0x75, 0x72, 0x6c, 0x20, 0x21, 0x3d, 0x3d,
 0x20, 0x27, 0x73, 0x74, 0x72, 0x69, 0x6e, 0x67,
 0x27, 0x29, 0x20, 0x72, 0x65, 0x74, 0x75, 0x72,
 0x6e, 0x20, 0x66, 0x61, 0x6c, 0x73, 0x65, 0x3b,
 0x0a, 0x20, 0x20, 0x20, 0x20, 0x74, 0x72, 0x79,
 0x20, 0x7b, 0x0a, 0x20, 0x20, 0x20, 0x20, 0x20,
 0x20, 0x6e, 0x65, 0x77, 0x20, 0x55, 0x52, 0x4c,
 0x28, 0x75, 0x72, 0x6c, 0x2c, 0x20, 0x62, 0x61,
 0x73, 0x65, 0x29, 0x3b, 0x0a, 0x20, 0x20, 0x20,
 0x20, 0x20, 0x20, 0x72, 0x65, 0x74, 0x75, 0x72,
 0x6e, 0x20, 0x74, 0x72, 0x75, 0x65, 0x3b, 0x0a,
 0x20, 0x20, 0x20, 0x20, 0x7d, 0x20, 0x63, 0x61,
 0x74, 0x63, 0x68, 0x20, 0x7b, 0x0a, 0x20, 0x20,
 0x20, 0x20, 0x20, 0x20, 0x72, 0x65, 0x74, 0x75,
 0x72, 0x6e, 0x20, 0x66, 0x61, 0x6c, 0x73, 0x65,
 0x3b, 0x0a, 0x20, 0x20, 0x20, 0x20, 0x7d, 0x0a,
 0x20, 0x20, 0x7d, 0x0c, 0x42, 0x0b, 0x01, 0x00,
 0x02, 0x00, 0x02, 0x05, 0x00, 0x01, 0x00, 0x1a,
 0x02, 0xa6, 0x04, 0x00, 0x01, 0x00, 0xa8, 0x04,
 0x00, 0x01, 0x00, 0xd2, 0x03, 0x03, 0x18, 0x6b,
 0x0f, 0x00, 0x00, 0x00, 0x64, 0x00, 0x00, 0x11,
 0xd1, 0xd2, 0x21, 0x02, 0x00, 0x6e, 0x28, 0x0e,
 0x6b, 0x07, 0x00, 0x00, 0x00, 0x07, 0x6e, 0x28,
 0x30, 0xca, 0x03, 0xcc, 0x01, 0x0a, 0x02, 0x1d,
 0x10, 0x68, 0x70, 0x61, 0x72, 0x73, 0x65, 0x28,
 0x75, 0x72, 0x6c, 0x2c, 0x20, 0x62, 0x61, 0x73,
 0x65, 0x29, 0x20, 0x7b, 0x0a, 0x20, 0x20, 0x20,
 0x20, 0x74, 0x72, 0x79, 0x20, 0x7b, 0x0a, 0x20,
 0x20, 0x20, 0x20, 0x20, 0x20, 0x72, 0x65, 0x74,
 0x75, 0x72, 0x6e, 0x20, 0x6e, 0x65, 0x77, 0x20,
 0x55, 0x52, 0x4c, 0x28, 0x75, 0x72, 0x6c, 0x2c,
 0x20, 0x62, 0x61, 0x73, 0x65, 0x29, 0x3b, 0x0a,
 0x20, 0x20, 0x20, 0x20, 0x7d, 0x20, 0x63, 0x61,
 0x74, 0x63, 0x68, 0x20, 0x7b, 0x0a, 0x20, 0x20,
 0x20, 0x20, 0x20, 0x20, 0x72, 0x65, 0x74, 0x75,
 0x72, 0x6e, 0x20, 0x6e, 0x75, 0x6c, 0x6c, 0x3b,
 0x0a, 0x20, 0x20, 0x20, 0x20, 0x7d, 0x0a, 0x20,
 0x20, 0x7d, 0x0c, 0x48, 0x09, 0x01, 0x00, 0x00,
 0x02, 0x00, 0x03, 0x00, 0x01, 0x00, 0x0e, 0x02,
 0x10, 0x00, 0x01, 0x00, 0xe8, 0x01, 0x00, 0x01,
 0x00, 0xda, 0x03, 0x04, 0xb8, 0x01, 0x0c, 0x04,
 0xca, 0x08, 0xc9, 0xec, 0x01, 0xc5, 0x64, 0x00,
 0x00, 0x06, 0x45, 0x29, 0xca, 0x03, 0x00, 0x00,
 0x00, 0x00, 0x0c, 0x43, 0x0a, 0x01, 0xdc, 0x03,
 0x02, 0x03, 0x02, 0x07, 0x00, 0x00, 0x00, 0x80,
 0x01, 0x05, 0xac, 0x04, 0x00, 0x01, 0x00, 0xe4,
 0x04, 0x00, 0x01, 0x00, 0xe6, 0x04, 0x02, 0x00,
 0x30, 0xe8, 0x04, 0x04, 0x01, 0x30, 0xea, 0x04,
 0x05, 0x01, 0x03, 0x60, 0x00, 0x00, 0xd2, 0x7c,
 0xec, 0x75, 0xc9, 0x6b, 0x4d, 0x00, 0x00, 0x00,
 0x60, 0x01, 0x00, 0x38, 0x96, 0x00, 0x00, 0x00,
 0x41, 0x67, 0x00, 0x00, 0x00, 0xd1, 0x61, 0x00,
 0x00, 0x24, 0x02, 0x00, 0x11, 0xaf, 0xea, 0x03,
 0x0e, 0x0b, 0xca, 0x38, 0x96, 0x00, 0x00, 0x00,
 0x41, 0x22, 0x01, 0x00, 0x00, 0x61, 0x01, 0x00,
 0xd2, 0x61, 0x00, 0x00, 0x46, 0x24, 0x02, 0x00,
 0x0e, 0x38, 0x96, 0x00, 0x00, 0x00, 0x41, 0x66,
 0x00, 0x00, 0x00, 0xd1, 0x61, 0x00, 0x00, 0x61,
 0x01, 0x00, 0x24, 0x03, 0x00, 0x0e, 0x0e, 0xec,
 0x26, 0xcb, 0x6b, 0x22, 0x00, 0x00, 0x00, 0x38,
 0x36, 0x01, 0x00, 0x00, 0x41, 0x37, 0x01, 0x00,
 0x00, 0x04, 0xee, 0x00, 0x00, 0x00, 0x0b, 0x61,
 0x00, 0x00, 0x4b, 0x33, 0x01, 0x00, 0x00, 0x24,
 0x02, 0x00, 0x0e, 0xc7, 0x30, 0x30, 0x7f, 0xea,
 0x8a, 0x0e, 0x29, 0xca, 0x03, 0xe5, 0x01, 0x01,
 0x10, 0x87, 0x66, 0x49, 0x59, 0x34, 0x1c, 0x3f,
 0x1b, 0x34, 0x2c, 0x68, 0x2b, 0x34, 0x10, 0x5d,
 0x03, 0xdb, 0x02, 0x66, 0x75, 0x6e, 0x63, 0x74,
 0x69, 0x6f, 0x6e, 0x20, 0x70, 0x72, 0x6f, 0x70,
 0x65, 0x72, 0x74, 0x79, 0x44, 0x65, 0x73, 0x63,
 0x72, 0x69, 0x70, 0x74, 0x6f, 0x72, 0x73, 0x28,
 0x6f, 0x62, 0x6a, 0x2c, 0x20, 0x70, 0x72, 0x6f,
 0x70, 0x65, 0x72, 0x74, 0x69, 0x65, 0x73, 0x29,
 0x20, 0x7b, 0x0a, 0x20, 0x20, 0x66, 0x6f, 0x72,
 0x28, 0x63, 0x6f, 0x6e, 0x73, 0x74, 0x20, 0x70,
 0x72, 0x6f, 0x70, 0x20, 0x69, 0x6e, 0x20, 0x70,
 0x72, 0x6f, 0x70, 0x65, 0x72, 0x74, 0x69, 0x65,
 0x73, 0x29, 0x20, 0x7b, 0x0a, 0x20, 0x20, 0x20,
 0x20, 0x74, 0x72, 0x79, 0x20, 0x7b, 0x0a, 0x20,
 0x20, 0x20, 0x20, 0x20, 0x20, 0x63, 0x6f, 0x6e,
 0x73, 0x74, 0x20, 0x64, 0x65, 0x73, 0x63, 0x20,
 0x3d, 0x20, 0x4f, 0x62, 0x6a, 0x65, 0x63, 0x74,
 0x2e, 0x67, 0x65, 0x74, 0x4f, 0x77, 0x6e, 0x50,
 0x72, 0x6f, 0x70, 0x65, 0x72, 0x74, 0x79, 0x44,
 0x65, 0x73, 0x63, 0x72, 0x69, 0x70, 0x74, 0x6f,
 0x72, 0x28, 0x6f, 0x62, 0x6a, 0x2c, 0x20, 0x70,
 0x72, 0x6f, 0x70, 0x29, 0x20, 0x3f, 0x3f, 0x20,
 0x7b, 0x7d, 0x3b, 0x0a, 0x20, 0x20, 0x20, 0x20,
 0x20, 0x20, 0x4f, 0x62, 0x6a, 0x65, 0x63, 0x74,
 0x2e, 0x61, 0x73, 0x73, 0x69, 0x67, 0x6e, 0x28,
 0x64, 0x65, 0x73, 0x63, 0x2c, 0x20, 0x70, 0x72,
 0x6f, 0x70, 0x65, 0x72, 0x74, 0x69, 0x65, 0x73,
 0x5b, 0x70, 0x72, 0x6f, 0x70, 0x5d, 0x29, 0x3b,
 0x0a, 0x20, 0x20, 0x20, 0x20, 0x20, 0x20, 0x4f,
 0x62, 0x6a, 0x65, 0x63, 0x74, 0x2e, 0x64, 0x65,
 0x66, 0x69, 0x6e, 0x65, 0x50, 0x72, 0x6f, 0x70,
 0x65, 0x72, 0x74, 0x79, 0x28, 0x6f, 0x62, 0x6a,
 0x2c, 0x20, 0x70, 0x72, 0x6f, 0x70, 0x2c, 0x20,
 0x64, 0x65, 0x73, 0x63, 0x29, 0x3b, 0x0a, 0x20,
 0x20, 0x20, 0x20, 0x7d, 0x20, 0x63, 0x61, 0x74,
 0x63, 0x68, 0x28, 0x65, 0x29, 0x20, 0x7b, 0x0a,
 0x20, 0x20, 0x20, 0x20, 0x20, 0x20, 0x63, 0x6f,
 0x6e, 0x73, 0x6f, 0x6c, 0x65, 0x2e, 0x6c, 0x6f,
 0x67, 0x28, 0x27, 0x70, 0x72, 0x6f, 0x70, 0x65,
 0x72, 0x74, 0x79, 0x44, 0x65, 0x73, 0x63, 0x72,
 0x69, 0x70, 0x74, 0x6f, 0x72, 0x73, 0x27, 0x2c,
 0x20, 0x7b, 0x20, 0x70, 0x72, 0x6f, 0x70, 0x20,
 0x7d, 0x29, 0x3b, 0x0a, 0x20, 0x20, 0x20, 0x20,
 0x20, 0x20, 0x74, 0x68, 0x72, 0x6f, 0x77, 0x20,
 0x65, 0x3b, 0x0a, 0x20, 0x20, 0x20, 0x20, 0x7d,
 0x0a, 0x20, 0x20, 0x7d, 0x0a, 0x7d, 0x08, 0xea,
 0x07, 0xbf, 0x1f, 0x5e, 0x05, 0x00, 0x29, 0x60,
 0x00, 0x00, 0x06, 0x60, 0x02, 0x00, 0x60, 0x01,
 0x00, 0xbe, 0x00, 0x55, 0xe8, 0x00, 0x00, 0x00,
 0x00, 0x05, 0xec, 0x00, 0x00, 0x00, 0xca, 0xbf,
 0x01, 0x53, 0x00, 0x01, 0x00, 0x00, 0x00, 0xbf,
 0x02, 0x53, 0x09, 0x00, 0x00, 0x00, 0x00, 0xbf,
 0x03, 0x53, 0x42, 0x00, 0x00, 0x00, 0x00, 0xbf,
 0x04, 0x53, 0x38, 0x01, 0x00, 0x00, 0x00, 0xbf,
 0x05, 0x53, 0x64, 0x00, 0x00, 0x00, 0x00, 0xbf,
 0x06, 0x53, 0x43, 0x00, 0x00, 0x00, 0x00, 0xbf,
 0x07, 0x53, 0x39, 0x01, 0x00, 0x00, 0x00, 0xbf,
 0x08, 0x53, 0x38, 0x00, 0x00, 0x00, 0x00, 0xbf,
 0x09, 0x53, 0x3a, 0x01, 0x00, 0x00, 0x00, 0xbf,
 0x0a, 0x53, 0x30, 0x00, 0x00, 0x00, 0x00, 0xbf,
 0x0b, 0x53, 0x6c, 0x00, 0x00, 0x00, 0x00, 0xbf,
 0x0c, 0x53, 0x12, 0x01, 0x00, 0x00, 0x00, 0xbf,
 0x0d, 0x53, 0x31, 0x00, 0x00, 0x00, 0x01, 0xbf,
 0x0e, 0x4f, 0xcb, 0x0e, 0xcd, 0x67, 0x02, 0x00,
 0x67, 0x01, 0x00, 0xe4, 0x38, 0x96, 0x00, 0x00,
 0x00, 0x41, 0x66, 0x00, 0x00, 0x00, 0x64, 0x03,
 0x00, 0x40, 0x3c, 0x00, 0x00, 0x00, 0x38, 0x9c,
 0x00, 0x00, 0x00, 0x40, 0x3b, 0x01, 0x00, 0x00,
 0x0b, 0x04, 0xe8, 0x00, 0x00, 0x00, 0x4b, 0x41,
 0x00, 0x00, 0x00, 0x09, 0x4b, 0x40, 0x00, 0x00,
 0x00, 0x24, 0x03, 0x00, 0x0e, 0x5d, 0x05, 0x00,
 0x64, 0x03, 0x00, 0x40, 0x3c, 0x00, 0x00, 0x00,
 0x0b, 0x0b, 0x0a, 0x4b, 0x40, 0x00, 0x00, 0x00,
 0x4b, 0x31, 0x00, 0x00, 0x00, 0xf0, 0x0e, 0x60,
 0x03, 0x00, 0x06, 0x60, 0x05, 0x00, 0x60, 0x04,
 0x00, 0xbe, 0x0f, 0x55, 0xe9, 0x00, 0x00, 0x00,
 0x00, 0x05, 0xed, 0x00, 0x00, 0x00, 0xc2, 0x04,
 0xbf, 0x10, 0x53, 0x29, 0x01, 0x00, 0x00, 0x01,
 0xbf, 0x11, 0x53, 0x29, 0x01, 0x00, 0x00, 0x02,
 0xbf, 0x12, 0x53, 0x2c, 0x01, 0x00, 0x00, 0x01,
 0xbf, 0x13, 0x53, 0x2e, 0x01, 0x00, 0x00, 0x01,
 0xbf, 0x14, 0x53, 0xe6, 0x00, 0x00, 0x00, 0x01,
 0xbf, 0x15, 0x53, 0x1f, 0x01, 0x00, 0x00, 0x01,
 0xbf, 0x16, 0x53, 0x1f, 0x01, 0x00, 0x00, 0x02,
 0xbf, 0x17, 0x53, 0x31, 0x01, 0x00, 0x00, 0x01,
 0xbf, 0x18, 0x53, 0x31, 0x01, 0x00, 0x00, 0x02,
 0xbf, 0x19, 0x53, 0x20, 0x01, 0x00, 0x00, 0x01,
 0xbf, 0x1a, 0x53, 0x20, 0x01, 0x00, 0x00, 0x02,
 0xbf, 0x1b, 0x53, 0x38, 0x00, 0x00, 0x00, 0x00,
 0x1b, 0xbf, 0x1c, 0x53, 0x3c, 0x01, 0x00, 0x00,
 0x00, 0xbf, 0x1d, 0x53, 0x25, 0x01, 0x00, 0x00,
 0x00, 0x1b, 0xbf, 0x1e, 0x4f, 0xc2, 0x05, 0x0e,
 0xd0, 0x67, 0x05, 0x00, 0x67, 0x04, 0x00, 0x67,
 0x03, 0x00, 0x5e, 0x04, 0x00, 0x5d, 0x05, 0x00,
 0x64, 0x04, 0x00, 0x40, 0x3c, 0x00, 0x00, 0x00,
 0x0b, 0x38, 0x9c, 0x00, 0x00, 0x00, 0x40, 0x3b,
 0x01, 0x00, 0x00, 0x0b, 0x04, 0xe9, 0x00, 0x00,
 0x00, 0x4b, 0x41, 0x00, 0x00, 0x00, 0x50, 0x0e,
 0x0b, 0x07, 0x4b, 0x41, 0x00, 0x00, 0x00, 0x0a,
 0x4b, 0x40, 0x00, 0x00, 0x00, 0x0a, 0x4b, 0x3f,
 0x00, 0x00, 0x00, 0x4b, 0x19, 0x01, 0x00, 0x00,
 0x0b, 0x07, 0x4b, 0x41, 0x00, 0x00, 0x00, 0x0a,
 0x4b, 0x40, 0x00, 0x00, 0x00, 0x0a, 0x4b, 0x3f,
 0x00, 0x00, 0x00, 0x4b, 0x1c, 0x01, 0x00, 0x00,
 0x0b, 0x07, 0x4b, 0x41, 0x00, 0x00, 0x00, 0x0a,
 0x4b, 0x40, 0x00, 0x00, 0x00, 0x0a, 0x4b, 0x3f,
 0x00, 0x00, 0x00, 0x4b, 0x1d, 0x01, 0x00, 0x00,
 0x0b, 0x07, 0x4b, 0x41, 0x00, 0x00, 0x00, 0x0a,
 0x4b, 0x40, 0x00, 0x00, 0x00, 0x0a, 0x4b, 0x3f,
 0x00, 0x00, 0x00, 0x4b, 0x1e, 0x01, 0x00, 0x00,
 0x0b, 0x0a, 0x4b, 0x40, 0x00, 0x00, 0x00, 0x4b,
 0x1f, 0x01, 0x00, 0x00, 0x0b, 0x07, 0x4b, 0x41,
 0x00, 0x00, 0x00, 0x09, 0x4b, 0x40, 0x00, 0x00,
 0x00, 0x0a, 0x4b, 0x3f, 0x00, 0x00, 0x00, 0x4b,
 0x2b, 0x01, 0x00, 0x00, 0xf0, 0x0e, 0x5d, 0x05,
 0x00, 0x64, 0x04, 0x00, 0x40, 0x3c, 0x00, 0x00,
 0x00, 0x0b, 0x0b, 0x0a, 0x4b, 0x40, 0x00, 0x00,
 0x00, 0x4b, 0x20, 0x01, 0x00, 0x00, 0xf0, 0x0e,
 0x06, 0x2f, 0xca, 0x03, 0x01, 0x01, 0x1d, 0x00,
 0x96, 0x01, 0x9a, 0x01, 0x00, 0x34, 0x2c, 0x00,
 0x27, 0x0a, 0x2b, 0x11, 0x28, 0x00, 0xb5, 0x01,
 0x84, 0x02, 0x27, 0x11, 0x28, 0x00, 0xa6, 0x01,
 0x14, 0x27, 0x11, 0x28, 0x00,
};

